execution_outil_id,execution_id,outil_id,usure_debut,usure_fin,duree_utilisation
1,1,87,26,26,20
2,2,56,25,26,39
3,3,20,142,143,14
4,4,26,114,114,4
5,5,51,570,571,24
6,6,95,46,48,16
7,7,103,391,399,65
8,8,52,740,740,11
9,9,101,1686,1686,21
10,10,52,740,741,14
11,11,81,36,37,23
12,12,78,29,31,24
13,13,137,33,34,33
14,14,64,33,35,16
15,15,145,147,148,9
16,16,99,20,21,33
17,17,126,86,86,13
18,18,136,114,117,32
19,19,100,3,3,6
20,20,136,117,117,8
21,21,21,14,15,22
22,22,99,21,21,17
23,23,111,80,81,9
24,24,6,28,32,54
25,25,89,5,11,48
26,26,149,7,9,25
27,27,78,31,32,19
28,28,112,49,52,22
29,29,92,71,71,19
30,30,82,77,77,10
31,31,98,79,81,18
32,32,26,114,117,30
33,33,117,38,38,19
34,34,46,1529,1534,63
35,35,135,129,130,19
36,36,106,672,672,4
37,37,61,5,12,49
38,38,16,20,21,29
39,39,60,25,29,36
40,40,33,55,55,9
41,41,145,148,148,3
42,42,99,21,24,26
43,43,126,86,87,20
44,44,117,38,39,34
45,45,100,3,3,11
46,46,52,741,741,7
47,47,40,30,31,23
48,48,65,54,55,36
49,49,46,1534,1535,16
50,50,120,44,45,16
51,51,123,56,56,5
52,52,31,43,44,13
53,53,105,466,471,47
54,54,91,20,23,56
55,55,67,37,37,5
56,56,42,136,136,11
57,57,83,135,136,25
58,58,118,51,52,11
59,59,133,58,59,14
60,60,125,85,88,52
61,61,79,9,14,53
62,62,124,43,44,28
63,63,149,9,10,11
64,64,133,59,62,22
65,65,97,26,28,21
66,66,84,84,86,23
67,67,64,35,36,18
68,68,18,43,43,7
69,69,67,37,38,23
70,70,32,68,72,43
71,71,105,471,471,8
72,72,96,57,61,34
73,73,11,68,68,9
74,74,95,48,48,4
75,75,59,9,10,25
76,76,84,86,87,36
77,77,108,2196,2197,27
78,78,103,399,399,15
79,79,56,26,28,18
80,80,51,571,572,17
81,81,75,26,26,7
82,82,49,724,724,10
83,83,84,87,88,12
84,84,62,52,54,20
85,85,123,56,56,20
86,86,116,84,85,17
87,87,131,27,29,15
88,88,98,81,84,26
89,89,60,29,30,26
90,90,74,84,88,44
91,91,54,193,194,17
92,92,54,194,194,19
93,93,148,56,63,61
94,94,78,32,35,50
95,95,2,17,18,16
96,96,26,117,117,5
97,97,59,10,10,17
98,98,62,54,61,60
99,99,94,141,141,15
100,100,52,741,750,63
101,101,136,117,119,18
102,102,8,35,35,9
103,103,135,130,132,17
104,104,24,117,117,15
105,105,138,66,67,20
106,106,66,142,143,14
107,107,51,572,572,10
108,108,30,67,68,10
109,109,144,98,101,24
110,110,33,55,55,14
111,111,22,51,54,21
112,112,97,28,28,4
113,113,24,117,118,23
114,114,17,89,90,15
115,115,107,1143,1143,7
116,116,54,194,195,32
117,117,42,136,138,22
118,118,100,3,6,27
119,119,20,143,144,9
120,120,53,497,499,20
121,121,132,132,136,52
122,122,76,50,50,8
123,123,73,74,75,9
124,124,49,724,726,57
125,125,145,148,151,21
126,126,68,138,138,11
127,127,14,58,61,30
128,128,88,125,128,28
129,129,11,68,69,18
130,130,81,37,38,16
131,131,144,101,101,17
132,132,23,80,82,22
133,133,147,68,69,11
134,134,80,44,44,20
135,135,5,50,50,12
136,136,102,1016,1018,16
137,137,113,45,46,8
138,138,73,75,76,15
139,139,14,61,62,23
140,140,67,38,39,20
141,141,59,10,11,13
142,142,81,38,39,21
143,143,136,119,120,23
144,144,132,136,137,13
145,145,85,14,20,45
146,146,124,44,47,25
147,147,36,129,131,15
148,148,78,35,35,7
149,149,24,118,120,21
150,150,89,11,13,19
151,151,67,39,39,8
152,152,17,90,91,30
153,153,4,27,30,22
154,154,38,0,5,40
155,155,146,38,41,26
156,156,16,21,22,16
157,157,40,31,32,11
158,158,58,17,23,47
159,159,137,34,34,19
160,160,111,81,81,20
161,161,125,88,91,57
162,162,10,77,77,6
163,163,127,3,5,21
164,164,86,34,37,44
165,165,149,10,12,24
166,166,143,53,57,48
167,167,68,138,138,7
168,168,34,67,68,16
169,169,64,36,38,21
170,170,132,137,143,49
171,171,115,50,52,22
172,172,36,131,131,4
173,173,44,108,109,13
174,174,45,51,54,28
175,175,24,120,122,28
176,176,30,68,71,58
177,177,83,136,139,50
178,178,111,81,81,9
179,179,43,121,121,8
180,180,146,41,46,55
181,181,102,1018,1022,47
182,182,131,29,30,18
183,183,92,71,72,18
184,184,50,128,129,16
185,185,59,11,13,20
186,186,130,31,34,26
187,187,99,24,29,43
188,188,64,38,39,12
189,189,48,1134,1135,16
190,190,78,35,36,11
191,191,127,5,6,19
192,192,127,6,6,6
193,193,3,22,22,10
194,194,18,43,44,12
195,195,47,253,257,34
196,196,106,672,675,55
197,197,99,29,30,22
198,198,99,30,32,20
199,199,52,750,751,15
200,200,40,32,33,22
201,201,65,55,58,40
202,202,46,1535,1536,13
203,203,55,841,842,12
204,204,123,56,56,10
205,205,108,2197,2197,4
206,206,82,77,79,22
207,207,126,87,88,21
208,208,56,28,29,12
209,209,118,52,57,36
210,210,69,37,37,6
211,211,73,76,77,16
212,212,104,408,412,38
213,213,60,30,33,60
214,214,85,20,20,13
215,215,147,69,69,7
216,216,97,28,30,51
217,217,13,73,78,41
218,218,81,39,40,31
219,219,65,58,59,30
220,220,130,34,35,13
221,221,23,82,82,6
222,222,77,40,42,57
223,223,14,62,63,16
224,224,52,751,751,16
225,225,72,51,52,23
226,226,125,91,95,29
227,227,126,88,91,29
228,228,18,44,45,11
229,229,130,35,35,1
230,230,133,62,66,30
231,231,98,84,85,26
232,232,3,22,22,9
233,233,44,109,110,14
234,234,75,26,27,13
235,235,101,1686,1687,14
236,236,8,35,36,26
237,237,9,13,16,58
238,238,36,131,131,7
239,239,41,10,11,15
240,240,71,8,9,15
241,241,64,39,42,31
242,242,87,26,29,39
243,243,107,1143,1144,18
244,244,47,257,259,22
245,245,88,128,129,13
246,246,108,2197,2202,52
247,247,31,44,44,10
248,248,43,121,123,29
249,249,16,22,23,9
250,250,135,132,135,25
251,251,77,42,48,43
252,252,70,40,41,35
253,253,150,103,106,42
254,254,23,82,83,10
255,255,88,129,129,7
256,256,108,2202,2208,64
257,257,31,44,45,15
258,258,43,123,126,28
259,259,16,23,23,4
260,260,26,117,117,17
261,261,147,69,70,24
262,262,21,15,22,57
263,263,94,141,141,9
264,264,52,751,758,58
265,265,136,120,121,9
266,266,66,143,143,2
267,267,30,71,75,33
268,268,21,22,25,27
269,269,109,1069,1070,14
270,270,120,45,46,8
271,271,114,137,138,22
272,272,81,40,41,11
273,273,23,83,84,12
274,274,121,0,0,21
275,275,48,1135,1141,56
276,276,95,48,56,64
277,277,129,49,50,20
278,278,146,46,46,8
279,279,119,53,54,13
280,280,61,12,13,11
281,281,121,0,1,13
282,282,132,143,144,13
283,283,126,91,92,25
284,284,133,66,66,13
285,285,26,117,118,10
286,286,147,70,71,25
287,287,62,61,65,55
288,288,94,141,142,15
289,289,52,758,761,54
290,290,136,121,121,8
291,291,48,1141,1141,14
292,292,18,45,46,34
293,293,18,46,46,23
294,294,101,1687,1688,19
295,295,100,6,7,14
296,296,125,95,95,8
297,297,121,1,2,11
298,298,132,144,144,8
299,299,126,92,95,25
300,300,133,66,66,11
301,301,39,46,47,23
302,302,114,138,138,26
303,303,38,5,11,46
304,304,15,12,12,10
305,305,17,91,91,10
306,306,64,42,44,41
307,307,119,54,54,15
308,308,132,144,144,6
309,309,136,121,122,10
310,310,21,25,25,20
311,311,99,32,34,22
312,312,14,63,63,6
313,313,59,13,14,16
314,314,92,72,79,55
315,315,77,48,53,54
316,316,53,499,499,2
317,317,60,33,35,18
318,318,12,37,38,28
319,319,43,126,128,28
320,320,32,72,72,2
321,321,99,34,36,16
322,322,83,139,140,38
323,323,71,9,10,27
324,324,75,27,27,10
325,325,100,7,14,63
326,326,45,54,56,27
327,327,15,12,12,8
328,328,65,59,60,19
329,329,74,88,90,19
330,330,140,40,41,21
331,331,8,36,37,19
332,332,66,143,143,10
333,333,113,46,50,39
334,334,21,25,25,24
335,335,140,41,43,21
336,336,117,39,40,21
337,337,114,138,138,19
338,338,81,41,41,2
339,339,89,13,13,19
340,340,146,46,46,17
341,341,26,118,118,15
342,342,129,50,50,2
343,343,39,47,53,53
344,344,72,52,54,16
345,345,26,118,119,13
346,346,149,12,13,21
347,347,117,40,40,12
348,348,60,35,35,11
349,349,12,38,39,32
350,350,43,128,129,32
351,351,32,72,72,5
352,352,115,52,54,19
353,353,42,138,139,29
354,354,109,1070,1072,19
355,355,2,18,18,9
356,356,81,41,42,10
357,357,118,57,59,33
358,358,85,20,20,14
359,359,26,119,120,12
360,360,149,13,14,21
361,361,122,148,149,10
362,362,52,761,761,12
363,363,40,33,34,28
364,364,65,60,63,34
365,365,46,1536,1537,13
366,366,55,842,843,22
367,367,6,32,32,8
368,368,19,48,49,12
369,369,76,50,51,20
370,370,71,10,10,5
371,371,78,36,37,11
372,372,39,53,57,51
373,373,1,28,28,11
374,374,76,51,51,14
375,375,31,45,46,31
376,376,77,53,54,39
377,377,123,56,60,56
378,378,128,18,18,14
379,379,95,56,57,13
380,380,72,54,56,18
381,381,46,1537,1538,25
382,382,13,78,79,47
383,383,136,122,122,22
384,384,116,85,85,18
385,385,44,110,111,15
386,386,2,18,22,43
387,387,129,50,52,32
388,388,21,25,25,16
389,389,120,46,47,14
390,390,92,79,84,36
391,391,84,88,89,17
392,392,44,111,111,12
393,393,67,39,41,18
394,394,98,85,85,7
395,395,131,30,30,10
396,396,47,259,264,40
397,397,26,120,121,14
398,398,18,46,47,21
399,399,131,30,32,19
400,400,48,1141,1141,10
401,401,112,52,55,53
402,402,38,11,13,39
403,403,133,66,66,8
404,404,82,79,80,17
405,405,134,81,83,23
406,406,83,140,144,38
407,407,22,54,57,53
408,408,127,6,7,13
409,409,102,1022,1022,7
410,410,43,129,130,23
411,411,39,57,57,5
412,412,61,13,19,52
413,413,94,142,143,15
414,414,33,55,55,11
415,415,132,144,148,35
416,416,23,84,87,40
417,417,114,138,138,5
418,418,23,87,88,17
419,419,121,2,4,24
420,420,48,1141,1146,68
421,421,95,57,62,57
422,422,129,52,53,19
423,423,146,46,47,16
424,424,119,54,55,10
425,425,76,51,51,4
426,426,143,57,59,19
427,427,119,55,55,9
428,428,121,4,9,36
429,429,97,30,30,1
430,430,146,47,47,2
431,431,24,122,123,19
432,432,50,129,131,28
433,433,85,20,22,28
434,434,123,60,60,14
435,435,21,25,27,22
436,436,37,41,41,13
437,437,81,42,43,12
438,438,14,63,64,16
439,439,67,41,41,8
440,440,85,22,22,4
441,441,97,30,30,14
442,442,32,72,72,15
443,443,145,151,152,8
444,444,14,64,65,11
445,445,13,79,80,27
446,446,144,101,102,16
447,447,49,726,726,13
448,448,117,40,40,14
449,449,91,23,26,29
450,450,77,54,58,33
451,451,71,10,12,20
452,452,51,572,572,16
453,453,30,75,76,15
454,454,144,102,102,25
455,455,33,55,57,23
456,456,22,57,58,20
457,457,125,95,96,15
458,458,142,8,9,24
459,459,33,57,59,30
460,460,42,139,140,21
461,461,89,13,14,13
462,462,146,47,47,11
463,463,48,1146,1146,18
464,464,138,67,67,5
465,465,24,123,125,21
466,466,17,91,93,21
467,467,107,1144,1144,10
468,468,54,195,200,45
469,469,92,84,85,19
470,470,100,14,17,29
471,471,69,37,38,13
472,472,104,412,415,36
473,473,127,7,7,8
474,474,74,90,90,5
475,475,69,38,38,6
476,476,104,415,420,45
477,477,127,7,8,18
478,478,74,90,91,13
479,479,132,148,148,2
480,480,52,761,761,25
481,481,21,27,29,25
482,482,44,111,111,10
483,483,67,41,42,13
484,484,98,85,86,11
485,485,46,1538,1539,13
486,486,12,39,41,38
487,487,35,27,28,21
488,488,81,43,43,7
489,489,130,35,42,66
490,490,37,41,42,28
491,491,58,23,23,1
492,492,97,30,31,17
493,493,25,143,146,32
494,494,26,121,123,17
495,495,73,77,78,19
496,496,49,726,729,57
497,497,90,0,1,27
498,498,137,34,35,24
499,499,99,36,37,25
500,500,55,843,845,56
501,501,6,32,38,52
502,502,24,125,125,5
503,503,124,47,47,9
504,504,82,80,85,55
505,505,59,14,15,20
506,506,23,88,90,20
507,507,115,54,54,7
508,508,94,143,144,44
509,509,133,66,69,40
510,510,94,144,145,14
511,511,13,80,82,18
512,512,37,42,42,17
513,513,47,264,264,5
514,514,71,12,15,24
515,515,14,65,70,46
516,516,57,27,27,24
517,517,78,37,39,37
518,518,64,44,44,7
519,519,83,144,144,7
520,520,89,14,14,13
521,521,43,130,133,26
522,522,57,27,31,45
523,523,32,72,72,5
524,524,40,34,36,21
525,525,26,123,124,23
526,526,142,9,9,21
527,527,63,115,116,13
528,528,53,499,499,18
529,529,130,42,43,12
530,530,75,27,28,17
531,531,148,63,65,19
532,532,150,106,107,16
533,533,18,47,49,17
534,534,27,65,65,3
535,535,107,1144,1144,10
536,536,90,1,5,38
537,537,134,83,85,21
538,538,111,81,81,12
539,539,64,44,50,58
540,540,67,42,49,55
541,541,149,14,17,31
542,542,78,39,40,15
543,543,112,55,58,23
544,544,92,85,87,25
545,545,89,14,14,1
546,546,146,47,55,57
547,547,102,1022,1024,42
548,548,131,32,35,28
549,549,92,87,88,14
550,550,50,131,131,7
551,551,113,50,50,7
552,552,10,77,77,7
553,553,116,85,87,17
554,554,65,63,69,54
555,555,139,9,9,4
556,556,110,78,79,9
557,557,101,1688,1690,33
558,558,68,138,143,57
559,559,79,14,15,16
560,560,31,46,46,2
561,561,105,471,474,46
562,562,91,26,28,54
563,563,67,49,49,11
564,564,88,129,129,13
565,565,90,5,7,33
566,566,22,58,59,23
567,567,138,67,67,4
568,568,14,70,70,7
569,569,73,78,78,16
570,570,131,35,36,22
571,571,110,79,81,23
572,572,71,15,15,10
573,573,76,51,54,41
574,574,94,145,145,7
575,575,110,81,81,22
576,576,110,81,83,20
577,577,134,85,85,13
578,578,147,71,73,16
579,579,139,9,13,32
580,580,94,145,147,21
581,581,113,50,51,21
582,582,29,76,76,10
583,583,84,89,90,13
584,584,9,16,16,21
585,585,26,124,128,34
586,586,37,42,44,26
587,587,75,28,31,30
588,588,43,133,134,12
589,589,21,29,29,7
590,590,92,88,88,13
591,591,97,31,31,10
592,592,20,144,145,9
593,593,53,499,499,8
594,594,132,148,153,51
595,595,76,54,54,12
596,596,52,761,762,12
597,597,134,85,88,32
598,598,101,1690,1693,26
599,599,27,65,68,29
600,600,32,72,73,17
601,601,49,729,729,5
602,602,117,40,41,10
603,603,91,28,32,36
604,604,77,58,62,34
605,605,71,15,16,15
606,606,14,70,71,12
607,607,104,420,423,29
608,608,130,43,50,60
609,609,142,9,10,24
610,610,3,22,22,11
611,611,31,46,46,3
612,612,105,474,476,47
613,613,119,55,58,65
614,614,67,49,49,4
615,615,110,83,85,15
616,616,101,1693,1695,34
617,617,68,143,148,62
618,618,79,15,15,14
619,619,105,476,476,9
620,620,116,87,90,26
621,621,108,2208,2210,16
622,622,138,67,68,19
623,623,66,143,146,33
624,624,84,90,91,15
625,625,59,15,15,2
626,626,81,43,44,19
627,627,136,122,123,19
628,628,109,1072,1072,6
629,629,129,53,54,14
630,630,17,93,96,43
631,631,74,91,91,6
632,632,83,144,145,8
633,633,125,96,99,23
634,634,26,128,131,33
635,635,33,59,59,7
636,636,30,76,77,15
637,637,8,37,38,10
638,638,2,22,23,16
639,639,109,1072,1072,11
640,640,19,49,52,46
641,641,62,65,65,11
642,642,24,125,125,11
643,643,128,18,19,32
644,644,144,102,104,28
645,645,13,82,82,9
646,646,67,49,49,21
647,647,130,50,51,9
648,648,133,69,71,31
649,649,98,86,88,25
650,650,3,22,23,11
651,651,115,54,55,15
652,652,42,140,142,20
653,653,109,1072,1074,21
654,654,2,23,24,11
655,655,120,47,47,6
656,656,89,14,14,8
657,657,150,107,108,39
658,658,139,13,15,38
659,659,56,29,30,27
660,660,99,37,38,10
661,661,33,59,60,7
662,662,127,8,8,14
663,663,91,32,34,19
664,664,133,71,71,14
665,665,36,131,134,30
666,666,53,499,503,28
667,667,64,50,53,53
668,668,96,61,62,39
669,669,73,78,78,8
670,670,3,23,23,6
671,671,148,65,67,21
672,672,101,1695,1696,17
673,673,103,399,399,16
674,674,85,22,26,33
675,675,92,88,89,15
676,676,31,46,46,9
677,677,107,1144,1149,46
678,678,148,67,70,52
679,679,78,40,42,27
680,680,7,48,48,9
681,681,43,134,134,8
682,682,65,69,70,16
683,683,7,48,50,46
684,684,144,104,104,15
685,685,141,29,29,1
686,686,54,200,204,33
687,687,12,41,41,10
688,688,5,50,50,9
689,689,38,13,14,20
690,690,20,145,146,30
691,691,81,44,50,46
692,692,13,82,83,30
693,693,23,90,93,41
694,694,32,73,73,7
695,695,88,129,129,11
696,696,117,41,43,28
697,697,22,59,62,23
698,698,138,68,69,13
699,699,22,62,63,16
700,700,132,153,154,29
701,701,95,62,62,20
702,702,85,26,27,17
703,703,10,77,78,12
704,704,14,71,71,7
705,705,73,78,78,14
706,706,131,36,38,31
707,707,110,85,87,24
708,708,44,111,111,19
709,709,21,29,30,40
710,710,67,49,51,38
711,711,8,38,40,52
712,712,111,81,81,2
713,713,57,31,32,16
714,714,100,17,24,61
715,715,54,204,204,11
716,716,141,29,30,12
717,717,24,125,126,14
718,718,128,19,22,23
719,719,144,104,107,26
720,720,13,83,83,9
721,721,67,51,51,9
722,722,14,71,71,6
723,723,104,423,425,29
724,724,130,51,56,49
725,725,142,10,11,25
726,726,136,123,124,21
727,727,64,53,54,10
728,728,71,16,18,29
729,729,25,146,147,16
730,730,83,145,145,15
731,731,125,99,100,25
732,732,26,131,132,39
733,733,33,60,61,16
734,734,30,77,78,14
735,735,123,60,61,16
736,736,43,134,136,34
737,737,122,149,150,14
738,738,36,134,135,15
739,739,89,14,15,26
740,740,99,38,38,14
741,741,137,35,36,22
742,742,23,93,94,11
743,743,26,132,133,21
744,744,149,17,17,18
745,745,117,43,44,14
746,746,36,135,135,5
747,747,4,30,30,25
748,748,39,57,57,20
749,749,104,425,427,24
750,750,147,73,75,18
751,751,148,70,77,58
752,752,4,30,30,15
753,753,49,729,729,7
754,754,108,2210,2210,9
755,755,91,34,35,28
756,756,77,62,66,35
757,757,71,18,20,18
758,758,144,107,109,18
759,759,23,94,94,15
760,760,147,75,77,19
761,761,80,44,45,17
762,762,143,59,59,8
763,763,23,94,99,44
764,764,73,78,78,13
765,765,83,145,145,18
766,766,109,1074,1075,16
767,767,24,126,126,18
768,768,30,78,81,35
769,769,82,85,88,56
770,770,18,49,49,15
771,771,66,146,146,8
772,772,113,51,54,32
773,773,21,30,31,25
774,774,109,1075,1075,17
775,775,117,44,44,10
776,776,114,138,140,28
777,777,81,50,50,2
778,778,95,62,62,16
779,779,76,54,56,20
780,780,118,59,64,41
781,781,145,152,154,21
782,782,46,1539,1540,9
783,783,13,83,88,38
784,784,113,54,54,12
785,785,44,111,112,14
786,786,75,31,33,22
787,787,101,1696,1698,24
788,788,8,40,42,23
789,789,9,16,19,61
790,790,27,68,68,18
791,791,127,8,9,22
792,792,86,37,41,37
793,793,149,17,19,24
794,794,108,2210,2214,56
795,795,68,148,148,13
796,796,134,88,88,3
797,797,124,47,49,19
798,798,14,71,75,37
799,799,143,59,66,60
800,800,26,133,135,17
801,801,116,90,91,13
802,802,119,58,58,24
803,803,148,77,80,28
804,804,40,36,36,1
805,805,64,54,59,39
806,806,55,845,846,14
807,807,58,23,32,63
808,808,32,73,73,26
809,809,47,264,264,9
810,810,82,88,91,29
811,811,122,150,154,30
812,812,108,2214,2217,26
813,813,86,41,41,9
814,814,109,1075,1079,30
815,815,136,124,126,45
816,816,64,59,60,9
817,817,6,38,39,14
818,818,32,73,73,17
819,819,20,146,148,27
820,820,106,675,676,49
821,821,97,31,33,60
822,822,20,148,148,9
823,823,134,88,89,16
824,824,74,91,95,42
825,825,28,19,25,66
826,826,137,36,37,29
827,827,137,37,38,15
828,828,132,154,155,12
829,829,147,77,77,3
830,830,97,33,37,61
831,831,13,88,93,46
832,832,81,50,52,38
833,833,147,77,79,37
834,834,130,56,57,13
835,835,116,91,91,9
836,836,119,58,62,37
837,837,148,80,82,26
838,838,135,135,135,13
839,839,77,66,71,42
840,840,70,41,42,31
841,841,150,108,110,42
842,842,23,99,100,18
843,843,93,38,39,14
844,844,29,76,78,42
845,845,142,11,12,24
846,846,31,46,55,65
847,847,96,62,62,6
848,848,8,42,44,22
849,849,144,109,111,17
850,850,148,82,84,26
851,851,101,1698,1700,17
852,852,103,399,400,23
853,853,85,27,30,30
854,854,92,89,90,17
855,855,144,111,113,15
856,856,23,100,102,23
857,857,147,79,80,7
858,858,80,45,46,18
859,859,72,56,56,10
860,860,38,14,18,55
861,861,92,90,91,12
862,862,86,41,41,19
863,863,87,29,33,63
864,864,21,31,32,13
865,865,17,96,98,14
866,866,64,60,65,39
867,867,119,62,63,15
868,868,132,155,155,13
869,869,114,140,141,15
870,870,3,23,27,56
871,871,97,37,38,16
872,872,46,1540,1540,3
873,873,113,54,55,18
874,874,97,38,40,24
875,875,123,61,62,10
876,876,144,113,113,6
877,877,62,65,66,17
878,878,54,204,204,18
879,879,54,204,206,15
880,880,138,69,72,30
881,881,25,147,148,25
882,882,134,89,89,3
883,883,74,95,99,48
884,884,20,148,155,65
885,885,137,38,41,28
886,886,137,41,42,14
887,887,132,155,155,5
888,888,143,66,66,8
889,889,11,69,71,36
890,890,117,44,45,31
891,891,22,63,63,9
892,892,142,12,12,7
893,893,61,19,21,21
894,894,55,846,852,49
895,895,6,39,41,51
896,896,109,1079,1080,24
897,897,130,57,58,18
898,898,91,35,36,12
899,899,3,27,31,35
900,900,64,65,66,12
901,901,32,73,73,3
902,902,64,66,68,40
903,903,55,852,853,16
904,904,58,32,37,51
905,905,32,73,73,13
906,906,19,52,53,17
907,907,76,56,59,26
908,908,71,20,20,7
909,909,7,50,50,15
910,910,40,36,40,32
911,911,120,47,56,65
912,912,136,126,132,47
913,913,6,41,42,12
914,914,86,41,42,7
915,915,102,1024,1026,28
916,916,63,116,117,13
917,917,22,63,63,12
918,918,127,9,9,4
919,919,135,135,136,15
920,920,6,42,47,41
921,921,70,42,48,43
922,922,95,62,67,40
923,923,23,102,104,22
924,924,54,206,208,15
925,925,5,50,52,37
926,926,106,676,678,19
927,927,30,81,84,45
928,928,42,142,147,44
929,929,112,58,59,24
930,930,73,78,80,21
931,931,58,37,38,26
932,932,102,1026,1030,32
933,933,27,68,69,27
934,934,27,69,69,3
935,935,8,44,44,1
936,936,135,136,138,22
937,937,24,126,129,21
938,938,138,72,73,26
939,939,66,146,147,10
940,940,147,80,80,7
941,941,18,49,57,63
942,942,108,2217,2217,6
943,943,95,67,67,6
944,944,103,400,402,60
945,945,52,762,762,10
946,946,149,19,21,20
947,947,110,87,87,7
948,948,81,52,53,28
949,949,43,136,136,11
950,950,3,31,31,6
951,951,39,57,57,11
952,952,64,68,68,20
953,953,132,155,161,51
954,954,115,55,55,16
955,955,36,135,135,4
956,956,88,129,129,11
957,957,82,91,92,53
958,958,59,15,17,20
959,959,23,104,104,15
960,960,43,136,138,16
961,961,65,70,71,18
962,962,7,50,51,41
963,963,144,113,113,21
964,964,44,112,112,11
965,965,21,32,37,51
966,966,95,67,72,38
967,967,126,95,97,46
968,968,73,80,80,2
969,969,80,46,46,9
970,970,1,28,29,15
971,971,87,33,38,49
972,972,121,9,9,18
973,973,46,1540,1541,13
974,974,33,61,62,18
975,975,62,66,68,46
976,976,23,104,108,33
977,977,50,131,132,10
978,978,83,145,146,13
979,979,99,38,41,27
980,980,10,78,80,18
981,981,33,62,64,19
982,982,147,80,80,14
983,983,67,51,51,17
984,984,67,51,58,49
985,985,92,91,92,17
986,986,13,93,94,11
987,987,44,112,112,7
988,988,127,9,10,14
989,989,74,99,101,29
990,990,56,30,32,23
991,991,8,44,46,25
992,992,91,36,39,23
993,993,74,101,102,11
994,994,148,84,91,52
995,995,4,30,30,7
996,996,19,53,54,15
997,997,76,59,61,22
998,998,71,20,20,8
999,999,113,55,56,13
1000,1000,97,40,41,32
1001,1001,19,54,54,4
1002,1002,46,1541,1542,12
1003,1003,26,135,136,15
1004,1004,123,62,63,8
1005,1005,18,57,57,6
1006,1006,24,129,131,29
1007,1007,120,56,57,21
1008,1008,1,29,30,13
1009,1009,25,148,149,10
1010,1010,74,102,104,60
1011,1011,139,15,16,42
1012,1012,89,15,15,2
1013,1013,98,88,88,6
1014,1014,113,56,59,28
1015,1015,146,55,57,19
1016,1016,77,71,73,38
1017,1017,133,71,72,26
1018,1018,5,52,53,10
1019,1019,109,1080,1080,2
1020,1020,25,149,153,39
1021,1021,65,71,71,18
1022,1022,21,37,40,23
1023,1023,149,21,22,13
1024,1024,33,64,65,9
1025,1025,118,64,64,11
1026,1026,58,38,38,11
1027,1027,107,1149,1152,46
1028,1028,92,92,93,11
1029,1029,137,42,42,12
1030,1030,65,71,72,8
1031,1031,119,63,66,37
1032,1032,26,136,138,21
1033,1033,98,88,92,55
1034,1034,123,63,67,28
1035,1035,18,57,58,25
1036,1036,131,38,40,18
1037,1037,48,1146,1148,18
1038,1038,112,59,64,54
1039,1039,38,18,22,41
1040,1040,133,72,72,8
1041,1041,130,58,58,8
1042,1042,133,72,73,30
1043,1043,98,92,93,26
1044,1044,3,31,31,2
1045,1045,49,729,729,4
1046,1046,23,108,110,22
1047,1047,50,132,138,64
1048,1048,111,81,86,48
1049,1049,124,49,50,15
1050,1050,40,40,42,16
1051,1051,44,112,115,39
1052,1052,17,98,98,14
1053,1053,31,55,58,25
1054,1054,18,58,59,18
1055,1055,97,41,43,18
1056,1056,43,138,142,36
1057,1057,29,78,80,29
1058,1058,130,58,63,36
1059,1059,91,39,42,26
1060,1060,33,65,65,6
1061,1061,77,73,75,16
1062,1062,19,54,56,43
1063,1063,76,61,64,23
1064,1064,9,19,19,17
1065,1065,42,147,147,5
1066,1066,83,146,149,27
1067,1067,118,64,65,14
1068,1068,62,68,69,12
1069,1069,78,42,42,25
1070,1070,50,138,139,12
1071,1071,109,1080,1080,10
1072,1072,129,54,56,20
1073,1073,17,98,103,42
1074,1074,74,104,105,12
1075,1075,90,7,8,17
1076,1076,144,113,113,12
1077,1077,84,91,97,59
1078,1078,27,69,69,15
1079,1079,121,9,9,5
1080,1080,145,154,154,11
1081,1081,105,476,476,9
1082,1082,86,42,43,14
1083,1083,126,97,98,18
1084,1084,68,148,150,48
1085,1085,115,55,56,34
1086,1086,10,80,81,9
1087,1087,104,427,428,16
1088,1088,78,42,42,12
1089,1089,125,100,101,21
1090,1090,86,43,46,26
1091,1091,6,47,47,8
1092,1092,52,762,762,14
1093,1093,81,53,55,20
1094,1094,78,42,45,23
1095,1095,137,42,46,44
1096,1096,64,68,69,14
1097,1097,80,46,47,20
1098,1098,59,17,18,19
1099,1099,52,762,763,27
1100,1100,112,64,66,26
1101,1101,35,28,28,4
1102,1102,13,94,94,12
1103,1103,129,56,57,14
1104,1104,31,58,60,28
1105,1105,12,41,43,35
1106,1106,13,94,95,26
1107,1107,144,113,114,21
1108,1108,93,39,40,11
1109,1109,138,73,73,1
1110,1110,126,98,100,20
1111,1111,122,154,154,17
1112,1112,6,47,48,9
1113,1113,100,24,25,26
1114,1114,95,72,75,24
1115,1115,73,80,80,19
1116,1116,145,154,155,10
1117,1117,100,25,25,16
1118,1118,55,853,856,48
1119,1119,6,48,51,44
1120,1120,109,1080,1082,22
1121,1121,130,63,63,10
1122,1122,52,763,765,17
1123,1123,150,110,114,50
1124,1124,52,765,768,29
1125,1125,107,1152,1156,43
1126,1126,127,10,11,17
1127,1127,119,66,66,20
1128,1128,78,45,49,54
1129,1129,145,155,156,19
1130,1130,2,24,25,13
1131,1131,52,768,769,16
1132,1132,40,42,43,17
1133,1133,128,22,26,31
1134,1134,140,43,43,13
1135,1135,55,856,857,20
1136,1136,123,67,67,9
1137,1137,78,49,50,16
1138,1138,85,30,30,25
1139,1139,86,46,47,31
1140,1140,132,161,161,10
1141,1141,146,57,58,11
1142,1142,18,59,61,30
1143,1143,28,25,29,48
1144,1144,87,38,39,14
1145,1145,146,58,59,17
1146,1146,55,857,857,10
1147,1147,48,1148,1149,22
1148,1148,108,2217,2219,15
1149,1149,42,147,148,13
1150,1150,63,117,118,13
1151,1151,123,67,70,27
1152,1152,56,32,36,40
1153,1153,80,47,48,23
1154,1154,86,47,47,10
1155,1155,10,81,81,8
1156,1156,10,81,86,50
1157,1157,57,32,34,22
1158,1158,128,26,26,14
1159,1159,140,43,43,16
1160,1160,61,21,26,45
1161,1161,16,23,24,32
1162,1162,18,61,62,26
1163,1163,33,65,66,14
1164,1164,73,80,81,9
1165,1165,17,103,107,39
1166,1166,60,35,39,54
1167,1167,85,30,30,8
1168,1168,44,115,115,1
1169,1169,64,69,70,23
1170,1170,59,18,18,20
1171,1171,145,156,157,16
1172,1172,121,9,12,26
1173,1173,148,91,94,27
1174,1174,60,39,40,19
1175,1175,93,40,42,35
1176,1176,124,50,52,25
1177,1177,138,73,73,8
1178,1178,82,92,93,9
1179,1179,90,8,11,62
1180,1180,72,56,58,25
1181,1181,65,72,73,12
1182,1182,44,115,117,16
1183,1183,123,70,71,44
1184,1184,95,75,78,38
1185,1185,42,148,155,57
1186,1186,111,86,87,14
1187,1187,130,63,63,9
1188,1188,133,73,74,34
1189,1189,98,93,95,26
1190,1190,3,31,31,5
1191,1191,130,63,65,19
1192,1192,29,80,82,60
1193,1193,14,75,79,39
1194,1194,117,45,46,13
1195,1195,41,11,13,24
1196,1196,143,66,67,8
1197,1197,17,107,108,13
1198,1198,143,67,69,43
1199,1199,39,57,58,30
1200,1200,124,52,53,13
1201,1201,66,147,147,5
1202,1202,116,91,93,35
1203,1203,60,40,41,13
1204,1204,77,75,81,60
1205,1205,59,18,19,35
1206,1206,47,264,268,33
1207,1207,11,71,72,17
1208,1208,84,97,98,19
1209,1209,77,81,81,28
1210,1210,93,42,44,25
1211,1211,26,138,139,22
1212,1212,48,1149,1151,34
1213,1213,90,11,14,22
1214,1214,95,78,79,15
1215,1215,103,402,405,55
1216,1216,52,769,771,16
1217,1217,101,1700,1700,23
1218,1218,123,71,72,10
1219,1219,43,142,146,41
1220,1220,122,154,157,25
1221,1221,5,53,55,21
1222,1222,101,1700,1702,15
1223,1223,116,93,95,34
1224,1224,67,58,58,11
1225,1225,80,48,49,15
1226,1226,1,30,30,12
1227,1227,87,39,42,52
1228,1228,107,1156,1159,26
1229,1229,18,62,63,8
1230,1230,82,93,94,21
1231,1231,128,26,28,26
1232,1232,51,572,576,55
1233,1233,143,69,71,21
1234,1234,142,12,12,10
1235,1235,126,100,101,41
1236,1236,94,147,147,15
1237,1237,67,58,58,4
1238,1238,114,141,143,21
1239,1239,35,28,30,19
1240,1240,49,729,730,29
1241,1241,112,66,70,32
1242,1242,35,30,31,10
1243,1243,143,71,71,10
1244,1244,11,72,75,35
1245,1245,96,62,67,35
1246,1246,22,63,64,9
1247,1247,83,149,150,16
1248,1248,54,208,209,9
1249,1249,102,1030,1031,21
1250,1250,25,153,153,21
1251,1251,47,268,268,7
1252,1252,132,161,162,54
1253,1253,58,38,42,52
1254,1254,137,46,52,58
1255,1255,46,1542,1542,5
1256,1256,131,40,41,20
1257,1257,140,43,44,20
1258,1258,143,71,72,21
1259,1259,23,110,112,45
1260,1260,73,81,81,16
1261,1261,130,65,66,16
1262,1262,109,1082,1083,14
1263,1263,9,19,20,16
1264,1264,121,12,14,35
1265,1265,94,147,150,24
1266,1266,67,58,59,29
1267,1267,111,87,90,38
1268,1268,28,29,29,5
1269,1269,142,12,12,4
1270,1270,48,1151,1155,37
1271,1271,94,150,151,17
1272,1272,88,129,129,11
1273,1273,65,73,75,18
1274,1274,119,66,68,44
1275,1275,26,139,140,29
1276,1276,31,60,61,56
1277,1277,123,72,73,17
1278,1278,86,47,47,14
1279,1279,118,65,68,52
1280,1280,59,19,22,41
1281,1281,117,46,47,17
1282,1282,134,89,89,9
1283,1283,124,53,53,18
1284,1284,14,79,81,28
1285,1285,143,72,75,62
1286,1286,26,140,140,19
1287,1287,147,80,80,1
1288,1288,18,63,69,56
1289,1289,108,2219,2219,10
1290,1290,93,44,44,2
1291,1291,50,139,142,41
1292,1292,142,12,13,32
1293,1293,31,61,63,58
1294,1294,96,67,67,9
1295,1295,8,46,47,18
1296,1296,5,55,56,19
1297,1297,101,1702,1704,20
1298,1298,116,95,98,29
1299,1299,67,59,59,12
1300,1300,41,13,14,15
1301,1301,90,14,17,33
1302,1302,73,81,83,29
1303,1303,149,22,22,16
1304,1304,39,58,58,22
1305,1305,102,1031,1033,31
1306,1306,23,112,117,48
1307,1307,114,143,143,9
1308,1308,137,52,53,17
1309,1309,128,28,32,31
1310,1310,58,42,48,56
1311,1311,6,51,54,59
1312,1312,24,131,132,12
1313,1313,58,48,49,8
1314,1314,97,43,44,21
1315,1315,25,153,155,33
1316,1316,26,140,141,15
1317,1317,46,1542,1542,11
1318,1318,57,34,37,28
1319,1319,18,69,70,21
1320,1320,101,1704,1705,22
1321,1321,100,25,25,7
1322,1322,37,44,44,10
1323,1323,91,42,45,24
1324,1324,114,143,146,41
1325,1325,90,17,18,14
1326,1326,7,51,51,13
1327,1327,26,141,150,62
1328,1328,14,81,81,12
1329,1329,36,135,137,19
1330,1330,68,150,153,38
1331,1331,150,114,115,33
1332,1332,139,16,18,18
1333,1333,63,118,118,5
1334,1334,118,68,73,52
1335,1335,95,79,82,41
1336,1336,117,47,47,12
1337,1337,46,1542,1543,10
1338,1338,12,43,45,34
1339,1339,35,31,32,12
1340,1340,81,55,55,12
1341,1341,130,66,69,64
1342,1342,37,44,45,20
1343,1343,45,56,56,12
1344,1344,46,1543,1543,14
1345,1345,36,137,139,38
1346,1346,117,47,48,25
1347,1347,125,101,102,16
1348,1348,97,44,50,50
1349,1349,116,98,101,39
1350,1350,105,476,478,27
1351,1351,72,58,59,15
1352,1352,144,114,115,21
1353,1353,139,18,18,5
1354,1354,110,87,87,5
1355,1355,101,1705,1708,26
1356,1356,68,153,161,66
1357,1357,79,15,16,10
1358,1358,116,101,101,15
1359,1359,131,41,41,14
1360,1360,98,95,97,27
1361,1361,60,41,43,29
1362,1362,74,105,109,40
1363,1363,54,209,211,20
1364,1364,46,1543,1544,12
1365,1365,58,49,51,22
1366,1366,80,49,51,25
1367,1367,87,42,42,5
1368,1368,141,30,31,18
1369,1369,110,87,87,3
1370,1370,65,75,76,13
1371,1371,74,109,110,25
1372,1372,118,73,74,20
1373,1373,8,47,48,12
1374,1374,65,76,77,17
1375,1375,4,30,36,47
1376,1376,144,115,115,29
1377,1377,114,146,148,22
1378,1378,25,155,156,14
1379,1379,9,20,22,39
1380,1380,25,156,162,58
1381,1381,101,1708,1711,23
1382,1382,3,31,32,16
1383,1383,45,56,58,21
1384,1384,40,43,43,5
1385,1385,58,51,55,39
1386,1386,137,53,53,13
1387,1387,111,90,92,27
1388,1388,125,102,107,54
1389,1389,10,86,86,11
1390,1390,68,161,161,10
1391,1391,131,41,43,24
1392,1392,88,129,131,25
1393,1393,119,68,71,26
1394,1394,45,58,58,16
1395,1395,107,1159,1161,20
1396,1396,95,82,83,16
1397,1397,78,50,51,18
1398,1398,129,57,58,11
1399,1399,72,59,61,14
1400,1400,99,41,42,15
1401,1401,113,59,60,13
1402,1402,94,151,153,22
1403,1403,38,22,23,21
1404,1404,87,42,42,9
1405,1405,7,51,52,11
1406,1406,26,150,156,57
1407,1407,14,81,81,16
1408,1408,7,52,52,6
1409,1409,26,156,161,65
1410,1410,14,81,81,8
1411,1411,21,40,40,15
1412,1412,92,93,95,18
1413,1413,97,50,50,8
1414,1414,78,51,51,8
1415,1415,97,50,53,34
1416,1416,19,56,58,27
1417,1417,25,162,163,28
1418,1418,83,150,151,24
1419,1419,26,161,168,54
1420,1420,24,132,132,6
1421,1421,86,47,47,9
1422,1422,93,44,46,32
1423,1423,41,14,17,54
1424,1424,84,98,99,22
1425,1425,27,69,69,11
1426,1426,84,99,101,18
1427,1427,54,211,212,20
1428,1428,128,32,33,16
1429,1429,26,168,170,23
1430,1430,48,1155,1160,38
1431,1431,90,18,20,17
1432,1432,28,29,29,5
1433,1433,121,14,16,18
1434,1434,132,162,163,14
1435,1435,126,101,102,29
1436,1436,133,74,75,20
1437,1437,61,26,26,7
1438,1438,121,16,16,14
1439,1439,132,163,164,8
1440,1440,126,102,102,22
1441,1441,133,75,75,15
1442,1442,148,94,94,7
1443,1443,3,32,34,47
1444,1444,30,84,92,60
1445,1445,90,20,22,25
1446,1446,150,115,115,12
1447,1447,25,163,163,6
1448,1448,74,110,116,62
1449,1449,78,51,54,50
1450,1450,115,56,56,12
1451,1451,14,81,82,13
1452,1452,76,64,66,21
1453,1453,21,40,45,58
1454,1454,132,164,171,50
1455,1455,53,503,504,10
1456,1456,132,171,171,6
1457,1457,52,771,772,23
1458,1458,21,45,46,18
1459,1459,44,117,119,21
1460,1460,75,33,34,24
1461,1461,101,1711,1712,18
1462,1462,8,48,50,27
1463,1463,139,18,24,56
1464,1464,36,139,140,19
1465,1465,11,75,75,7
1466,1466,109,1083,1083,16
1467,1467,71,20,22,18
1468,1468,49,730,732,16
1469,1469,23,117,119,17
1470,1470,50,142,149,68
1471,1471,111,92,97,43
1472,1472,124,53,54,9
1473,1473,90,22,23,8
1474,1474,81,55,56,21
1475,1475,136,132,133,18
1476,1476,73,83,83,5
1477,1477,37,45,46,17
1478,1478,38,23,28,55
1479,1479,28,29,31,26
1480,1480,49,732,732,9
1481,1481,80,51,52,25
1482,1482,94,153,155,22
1483,1483,109,1083,1089,59
1484,1484,29,82,82,16
1485,1485,136,133,138,39
1486,1486,91,45,46,16
1487,1487,147,80,80,3
1488,1488,18,70,76,63
1489,1489,108,2219,2220,11
1490,1490,39,58,58,12
1491,1491,130,69,75,47
1492,1492,116,101,103,30
1493,1493,56,36,38,22
1494,1494,96,67,68,14
1495,1495,75,34,34,21
1496,1496,101,1712,1715,29
1497,1497,125,107,108,23
1498,1498,28,31,31,12
1499,1499,58,55,56,15
1500,1500,3,34,36,20
1501,1501,33,66,73,52
1502,1502,41,17,17,11
1503,1503,123,73,74,11
1504,1504,43,146,148,34
1505,1505,9,22,23,12
1506,1506,130,75,76,17
1507,1507,29,82,85,50
1508,1508,123,74,78,34
1509,1509,117,48,48,15
1510,1510,41,17,19,20
1511,1511,61,26,26,4
1512,1512,121,16,17,16
1513,1513,132,171,172,13
1514,1514,73,83,85,19
1515,1515,133,75,76,12
1516,1516,23,119,119,7
1517,1517,81,56,57,21
1518,1518,78,54,56,32
1519,1519,137,53,56,42
1520,1520,64,70,70,9
1521,1521,73,85,85,3
1522,1522,96,68,69,34
1523,1523,75,34,37,46
1524,1524,131,43,47,42
1525,1525,150,115,117,15
1526,1526,6,54,54,12
1527,1527,6,54,55,34
1528,1528,14,82,83,15
1529,1529,14,83,84,18
1530,1530,35,32,32,5
1531,1531,50,149,151,42
1532,1532,1,30,31,21
1533,1533,5,56,57,13
1534,1534,49,732,733,13
1535,1535,12,45,46,11
1536,1536,102,1033,1036,29
1537,1537,11,75,77,52
1538,1538,114,148,150,24
1539,1539,23,119,120,9
1540,1540,114,150,157,54
1541,1541,55,857,859,19
1542,1542,32,73,74,13
1543,1543,126,102,102,4
1544,1544,43,148,149,16
1545,1545,57,37,38,35
1546,1546,116,103,104,16
1547,1547,150,117,119,17
1548,1548,100,25,29,39
1549,1549,11,77,79,19
1550,1550,123,78,78,13
1551,1551,89,15,15,3
1552,1552,146,59,61,55
1553,1553,102,1036,1041,48
1554,1554,131,47,47,18
1555,1555,92,95,96,9
1556,1556,112,70,71,9
1557,1557,40,43,43,11
1558,1558,58,56,57,38
1559,1559,137,56,57,14
1560,1560,111,97,98,17
1561,1561,125,108,111,62
1562,1562,10,86,86,4
1563,1563,26,170,170,10
1564,1564,147,80,80,19
1565,1565,44,119,121,53
1566,1566,36,140,140,11
1567,1567,52,772,777,54
1568,1568,136,138,138,12
1569,1569,78,56,57,14
1570,1570,67,59,60,27
1571,1571,32,74,79,47
1572,1572,105,478,478,7
1573,1573,135,138,142,46
1574,1574,11,79,79,13
1575,1575,108,2220,2220,5
1576,1576,124,54,57,22
1577,1577,112,71,73,28
1578,1578,71,22,23,12
1579,1579,103,405,410,51
1580,1580,140,44,45,13
1581,1581,54,212,213,15
1582,1582,17,108,110,52
1583,1583,145,157,158,11
1584,1584,2,25,25,8
1585,1585,148,94,95,10
1586,1586,18,76,81,54
1587,1587,30,92,94,65
1588,1588,34,68,69,32
1589,1589,150,119,119,3
1590,1590,93,46,46,11
1591,1591,59,22,23,15
1592,1592,93,46,46,19
1593,1593,22,64,66,17
1594,1594,10,86,86,8
1595,1595,39,58,59,15
1596,1596,102,1041,1044,34
1597,1597,23,120,125,41
1598,1598,114,157,157,1
1599,1599,31,63,64,14
1600,1600,91,46,47,17
1601,1601,114,157,162,45
1602,1602,35,32,32,18
1603,1603,51,576,577,11
1604,1604,30,94,96,17
1605,1605,144,115,116,14
1606,1606,33,73,75,14
1607,1607,22,66,66,8
1608,1608,44,121,122,18
1609,1609,89,15,18,29
1610,1610,24,132,135,31
1611,1611,45,58,63,56
1612,1612,83,151,153,53
1613,1613,92,96,97,12
1614,1614,106,678,679,11
1615,1615,84,101,104,22
1616,1616,97,53,54,33
1617,1617,59,23,26,29
1618,1618,119,71,73,18
1619,1619,58,57,57,4
1620,1620,97,54,56,18
1621,1621,25,163,164,32
1622,1622,26,170,171,18
1623,1623,16,24,24,11
1624,1624,106,679,679,18
1625,1625,88,131,133,35
1626,1626,9,23,25,19
1627,1627,128,33,35,21
1628,1628,138,73,74,25
1629,1629,66,147,148,26
1630,1630,84,104,105,12
1631,1631,54,213,213,6
1632,1632,122,157,161,39
1633,1633,114,162,167,40
1634,1634,68,161,163,51
1635,1635,49,733,734,22
1636,1636,40,43,44,17
1637,1637,44,122,125,40
1638,1638,82,94,97,21
1639,1639,31,64,67,26
1640,1640,126,102,104,20
1641,1641,143,75,76,20
1642,1642,11,79,81,43
1643,1643,96,69,73,33
1644,1644,22,66,66,11
1645,1645,142,13,13,7
1646,1646,144,116,116,10
1647,1647,148,95,98,25
1648,1648,101,1715,1716,15
1649,1649,103,410,412,27
1650,1650,85,30,31,25
1651,1651,92,97,98,13
1652,1652,108,2220,2221,13
1653,1653,118,74,75,22
1654,1654,119,73,79,61
1655,1655,30,96,98,29
1656,1656,2,25,25,8
1657,1657,33,75,75,6
1658,1658,127,11,12,13
1659,1659,91,47,48,12
1660,1660,131,47,48,15
1661,1661,64,70,75,38
1662,1662,38,28,32,47
1663,1663,149,22,22,6
1664,1664,44,125,125,1
1665,1665,64,75,76,14
1666,1666,59,26,27,10
1667,1667,146,61,62,17
1668,1668,51,577,580,31
1669,1669,106,679,679,16
1670,1670,97,56,56,17
1671,1671,104,428,430,25
1672,1672,121,17,18,32
1673,1673,100,29,30,11
1674,1674,12,46,46,5
1675,1675,102,1044,1045,30
1676,1676,53,504,511,59
1677,1677,114,167,167,19
1678,1678,84,105,107,18
1679,1679,54,213,216,24
1680,1680,128,35,38,24
1681,1681,26,171,172,15
1682,1682,48,1160,1163,32
1683,1683,90,23,25,19
1684,1684,71,23,24,11
1685,1685,103,412,416,53
1686,1686,126,104,104,13
1687,1687,100,30,31,23
1688,1688,55,859,861,41
1689,1689,6,55,58,50
1690,1690,109,1089,1090,16
1691,1691,130,76,76,9
1692,1692,103,416,416,8
1693,1693,116,104,108,43
1694,1694,29,85,86,17
1695,1695,39,59,61,23
1696,1696,117,48,48,7
1697,1697,50,151,152,11
1698,1698,78,57,60,38
1699,1699,36,140,141,11
1700,1700,147,80,80,9
1701,1701,129,58,59,14
1702,1702,141,31,32,17
1703,1703,126,104,105,18
1704,1704,57,38,39,17
1705,1705,134,89,89,3
1706,1706,124,57,59,22
1707,1707,14,84,85,35
1708,1708,143,76,80,67
1709,1709,46,1544,1546,17
1710,1710,147,80,80,5
1711,1711,119,79,81,23
1712,1712,112,73,75,21
1713,1713,55,861,863,19
1714,1714,81,57,58,13
1715,1715,114,167,167,6
1716,1716,136,138,146,62
1717,1717,34,69,72,23
1718,1718,135,142,143,12
1719,1719,108,2221,2223,22
1720,1720,61,26,27,18
1721,1721,96,73,75,23
1722,1722,119,81,82,16
1723,1723,83,153,153,13
1724,1724,97,56,57,12
1725,1725,30,98,100,40
1726,1726,36,141,143,44
1727,1727,112,75,81,65
1728,1728,96,75,75,9
1729,1729,110,87,87,12
1730,1730,81,58,63,38
1731,1731,43,149,150,15
1732,1732,3,36,36,16
1733,1733,44,125,126,10
1734,1734,138,74,77,21
1735,1735,38,32,32,19
1736,1736,131,48,48,10
1737,1737,137,57,58,13
1738,1738,145,158,159,9
1739,1739,69,38,39,9
1740,1740,104,430,432,38
1741,1741,127,12,13,17
1742,1742,79,16,17,10
1743,1743,44,126,127,18
1744,1744,21,46,49,44
1745,1745,4,36,38,28
1746,1746,8,50,52,51
1747,1747,111,98,100,14
1748,1748,78,60,61,12
1749,1749,39,61,62,52
1750,1750,1,31,32,8
1751,1751,94,155,155,5
1752,1752,74,116,120,58
1753,1753,53,511,512,20
1754,1754,9,25,28,34
1755,1755,6,58,60,21
1756,1756,44,127,127,3
1757,1757,11,81,82,33
1758,1758,46,1546,1554,54
1759,1759,1,32,39,53
1760,1760,85,31,32,12
1761,1761,68,163,163,6
1762,1762,106,679,679,16
1763,1763,120,57,61,53
1764,1764,49,734,735,25
1765,1765,64,76,76,11
1766,1766,102,1045,1046,16
1767,1767,51,580,581,15
1768,1768,137,58,58,16
1769,1769,70,48,49,26
1770,1770,137,58,62,48
1771,1771,27,69,70,17
1772,1772,17,110,111,10
1773,1773,136,146,148,42
1774,1774,110,87,88,31
1775,1775,96,75,77,16
1776,1776,5,57,58,16
1777,1777,27,70,72,30
1778,1778,100,31,31,10
1779,1779,14,85,85,13
1780,1780,104,432,435,29
1781,1781,130,76,82,49
1782,1782,142,13,14,17
1783,1783,148,98,99,12
1784,1784,53,512,512,3
1785,1785,85,32,32,19
1786,1786,12,46,47,10
1787,1787,147,80,83,23
1788,1788,70,49,52,32
1789,1789,72,61,62,19
1790,1790,76,66,67,17
1791,1791,89,18,20,31
1792,1792,65,77,77,13
1793,1793,97,57,57,14
1794,1794,24,135,138,28
1795,1795,17,111,112,15
1796,1796,107,1161,1163,17
1797,1797,54,216,220,39
1798,1798,92,98,98,26
1799,1799,100,31,31,18
1800,1800,117,48,50,18
1801,1801,38,32,38,54
1802,1802,36,143,151,58
1803,1803,28,31,31,15
1804,1804,137,62,63,16
1805,1805,127,13,15,19
1806,1806,137,63,67,35
1807,1807,27,72,73,18
1808,1808,112,81,82,9
1809,1809,101,1716,1721,46
1810,1810,125,111,112,39
1811,1811,28,31,33,20
1812,1812,146,62,65,24
1813,1813,105,478,481,36
1814,1814,28,33,37,44
1815,1815,87,42,42,9
1816,1816,140,45,45,9
1817,1817,149,22,22,15
1818,1818,117,50,52,19
1819,1819,112,82,83,15
1820,1820,101,1721,1724,56
1821,1821,125,112,114,41
1822,1822,28,37,38,18
1823,1823,105,481,481,3
1824,1824,86,47,48,20
1825,1825,126,105,106,19
1826,1826,7,52,56,45
1827,1827,115,56,61,47
1828,1828,31,67,67,8
1829,1829,78,61,64,29
1830,1830,38,38,39,14
1831,1831,20,155,157,18
1832,1832,81,63,67,46
1833,1833,13,95,98,28
1834,1834,23,125,129,49
1835,1835,32,79,79,6
1836,1836,113,60,62,15
1837,1837,13,98,101,38
1838,1838,89,20,22,62
1839,1839,9,28,29,28
1840,1840,49,735,735,13
1841,1841,67,60,61,17
1842,1842,67,61,68,56
1843,1843,92,98,99,10
1844,1844,13,101,101,13
1845,1845,101,1724,1724,10
1846,1846,39,62,63,22
1847,1847,108,2223,2226,46
1848,1848,82,97,98,15
1849,1849,70,52,53,10
1850,1850,35,32,35,28
1851,1851,131,48,54,51
1852,1852,17,112,114,38
1853,1853,111,100,104,39
1854,1854,147,83,83,18
1855,1855,18,81,81,10
1856,1856,69,39,42,34
1857,1857,106,679,685,49
1858,1858,99,42,43,24
1859,1859,99,43,44,22
1860,1860,106,685,685,7
1861,1861,84,107,109,22
1862,1862,97,57,58,26
1863,1863,86,48,51,29
1864,1864,13,101,101,16
1865,1865,84,109,110,8
1866,1866,9,29,31,29
1867,1867,26,172,173,30
1868,1868,37,46,49,34
1869,1869,75,37,38,20
1870,1870,43,150,150,17
1871,1871,42,155,155,5
1872,1872,83,153,156,37
1873,1873,118,75,76,18
1874,1874,78,64,65,13
1875,1875,125,114,114,22
1876,1876,31,67,68,29
1877,1877,6,60,60,7
1878,1878,68,163,163,10
1879,1879,37,49,50,28
1880,1880,88,133,135,19
1881,1881,119,82,82,16
1882,1882,45,63,63,10
1883,1883,34,72,72,6
1884,1884,85,32,36,34
1885,1885,11,82,83,56
1886,1886,68,163,170,60
1887,1887,101,1724,1724,14
1888,1888,62,69,70,19
1889,1889,78,65,68,31
1890,1890,50,152,153,10
1891,1891,35,35,35,18
1892,1892,30,100,105,37
1893,1893,82,98,104,61
1894,1894,119,82,82,6
1895,1895,40,44,44,14
1896,1896,107,1163,1168,50
1897,1897,17,114,115,20
1898,1898,31,68,71,30
1899,1899,4,38,39,14
1900,1900,135,143,143,15
1901,1901,104,435,437,50
1902,1902,32,79,82,30
1903,1903,129,59,63,29
1904,1904,150,119,120,17
1905,1905,123,78,78,5
1906,1906,43,150,153,35
1907,1907,122,161,162,16
1908,1908,30,105,105,7
1909,1909,125,114,116,58
1910,1910,78,68,68,15
1911,1911,49,735,737,28
1912,1912,138,77,77,14
1913,1913,132,172,172,1
1914,1914,138,77,78,27
1915,1915,143,80,80,5
1916,1916,147,83,84,33
1917,1917,71,24,26,23
1918,1918,86,51,52,11
1919,1919,10,86,86,7
1920,1920,10,86,92,53
1921,1921,57,39,42,31
1922,1922,128,38,38,11
1923,1923,143,80,80,11
1924,1924,23,129,131,40
1925,1925,73,85,86,19
1926,1926,83,156,156,14
1927,1927,109,1090,1092,18
1928,1928,32,82,83,17
1929,1929,2,25,27,37
1930,1930,118,76,76,13
1931,1931,96,77,78,11
1932,1932,75,38,41,28
1933,1933,101,1724,1727,29
1934,1934,125,116,118,18
1935,1935,28,38,39,14
1936,1936,42,155,156,8
1937,1937,83,156,156,25
1938,1938,118,76,77,20
1939,1939,35,35,35,5
1940,1940,11,83,84,28
1941,1941,22,66,68,48
1942,1942,126,106,106,13
1943,1943,37,50,51,15
1944,1944,91,48,49,21
1945,1945,91,49,52,47
1946,1946,35,35,35,11
1947,1947,71,26,28,19
1948,1948,17,115,117,20
1949,1949,20,157,159,60
1950,1950,51,581,581,6
1951,1951,76,67,68,8
1952,1952,48,1163,1163,21
1953,1953,73,86,88,22
1954,1954,18,81,82,14
1955,1955,104,437,437,11
1956,1956,95,83,84,20
1957,1957,130,82,84,54
1958,1958,147,84,84,7
1959,1959,104,437,439,56
1960,1960,97,58,59,19
1961,1961,44,127,128,16
1962,1962,56,38,43,42
1963,1963,129,63,65,26
1964,1964,21,49,49,10
1965,1965,67,68,68,8
1966,1966,53,512,513,9
1967,1967,132,172,174,43
1968,1968,76,68,68,13
1969,1969,39,63,64,13
1970,1970,130,84,89,46
1971,1971,85,36,37,24
1972,1972,56,43,45,18
1973,1973,113,62,62,11
1974,1974,13,101,106,37
1975,1975,89,22,26,58
1976,1976,49,737,738,27
1977,1977,49,738,738,10
1978,1978,46,1554,1555,11
1979,1979,11,84,86,31
1980,1980,35,35,36,17
1981,1981,81,67,67,16
1982,1982,145,159,164,57
1983,1983,37,51,52,26
1984,1984,124,59,59,11
1985,1985,82,104,106,53
1986,1986,59,27,29,22
1987,1987,23,131,132,11
1988,1988,143,80,82,16
1989,1989,11,86,88,44
1990,1990,96,78,83,41
1991,1991,22,68,69,19
1992,1992,142,14,14,13
1993,1993,144,116,116,5
1994,1994,88,135,138,42
1995,1995,70,53,55,54
1996,1996,62,70,70,7
1997,1997,43,153,153,3
1998,1998,65,77,79,19
1999,1999,7,56,60,41
2000,2000,144,116,119,22
2001,2001,36,151,152,9
2002,2002,10,92,100,61
2003,2003,35,36,37,12
2004,2004,7,60,61,36
2005,2005,57,42,48,63
2006,2006,134,89,91,19
2007,2007,56,45,45,6
2008,2008,105,481,485,40
2009,2009,117,52,53,13
2010,2010,89,26,31,38
2011,2011,95,84,84,3
2012,2012,52,777,777,6
2013,2013,72,62,63,22
2014,2014,3,36,38,29
2015,2015,126,106,107,31
2016,2016,18,82,82,11
2017,2017,52,777,777,13
2018,2018,150,120,123,40
2019,2019,40,44,47,28
2020,2020,107,1168,1171,45
2021,2021,127,15,15,9
2022,2022,122,162,163,10
2023,2023,116,108,109,18
2024,2024,102,1046,1046,8
2025,2025,62,70,71,10
2026,2026,138,78,79,27
2027,2027,45,63,63,14
2028,2028,148,99,100,44
2029,2029,9,31,32,34
2030,2030,137,67,68,18
2031,2031,118,77,78,16
2032,2032,122,163,164,13
2033,2033,148,100,102,17
2034,2034,3,38,44,55
2035,2035,30,105,110,62
2036,2036,90,25,27,27
2037,2037,150,123,123,4
2038,2038,62,71,71,5
2039,2039,127,15,16,24
2040,2040,130,89,89,11
2041,2041,18,82,83,16
2042,2042,97,59,64,56
2043,2043,116,109,110,48
2044,2044,105,485,486,25
2045,2045,72,63,64,24
2046,2046,144,119,120,20
2047,2047,139,24,24,1
2048,2048,108,2226,2227,17
2049,2049,124,59,61,20
2050,2050,112,83,84,17
2051,2051,30,110,111,8
2052,2052,1,39,39,16
2053,2053,87,42,46,52
2054,2054,104,439,439,14
2055,2055,127,16,16,7
2056,2056,66,148,149,12
2057,2057,75,41,44,24
2058,2058,83,156,156,11
2059,2059,139,24,27,23
2060,2060,18,83,85,32
2061,2061,18,85,86,22
2062,2062,101,1727,1729,23
2063,2063,100,31,33,15
2064,2064,26,173,175,18
2065,2065,34,72,73,11
2066,2066,4,39,39,8
2067,2067,145,164,164,18
2068,2068,15,12,13,28
2069,2069,27,73,74,11
2070,2070,73,88,88,5
2071,2071,96,83,84,25
2072,2072,75,44,47,54
2073,2073,131,54,56,50
2074,2074,150,123,124,13
2075,2075,6,60,62,19
2076,2076,32,83,84,23
2077,2077,20,159,163,29
2078,2078,106,685,688,47
2079,2079,97,64,69,60
2080,2080,46,1555,1556,16
2081,2081,36,152,152,10
2082,2082,4,39,42,36
2083,2083,121,18,20,19
2084,2084,104,439,441,22
2085,2085,22,69,69,13
2086,2086,132,174,176,23
2087,2087,95,84,85,26
2088,2088,85,37,38,12
2089,2089,10,100,102,15
2090,2090,84,110,111,12
2091,2091,9,32,33,31
2092,2092,26,175,179,35
2093,2093,37,52,54,23
2094,2094,49,738,740,22
2095,2095,43,153,153,5
2096,2096,143,82,82,7
2097,2097,26,179,180,55
2098,2098,98,97,98,12
2099,2099,58,57,57,2
2100,2100,97,69,70,17
2101,2101,25,164,169,37
2102,2102,26,180,181,13
2103,2103,148,102,102,15
2104,2104,9,33,36,31
2105,2105,25,169,173,61
2106,2106,18,86,88,21
2107,2107,138,79,80,12
2108,2108,45,63,64,21
2109,2109,44,128,129,12
2110,2110,64,76,77,18
2111,2111,59,29,29,11
2112,2112,18,88,89,15
2113,2113,67,68,69,25
2114,2114,32,84,89,51
2115,2115,105,486,487,13
2116,2116,96,84,87,36
2117,2117,11,88,89,9
2118,2118,59,29,29,7
2119,2119,95,85,85,16
2120,2120,136,148,149,25
2121,2121,26,181,181,9
2122,2122,92,99,101,40
2123,2123,147,84,85,14
2124,2124,90,27,28,10
2125,2125,144,120,122,19
2126,2126,84,111,116,53
2127,2127,27,74,74,10
2128,2128,121,20,21,9
2129,2129,145,164,165,18
2130,2130,100,33,34,18
2131,2131,55,863,868,48
2132,2132,6,62,64,41
2133,2133,109,1092,1093,16
2134,2134,130,89,89,8
2135,2135,100,34,34,10
2136,2136,114,167,169,38
2137,2137,104,441,447,49
2138,2138,22,69,70,13
2139,2139,14,85,86,14
2140,2140,144,122,124,25
2141,2141,21,49,56,55
2142,2142,67,69,71,53
2143,2143,53,513,514,9
2144,2144,115,61,62,13
2145,2145,42,156,159,29
2146,2146,109,1093,1093,9
2147,2147,2,27,28,11
2148,2148,45,64,65,10
2149,2149,148,102,104,47
2150,2150,9,36,40,32
2151,2151,96,87,89,24
2152,2152,118,78,78,11
2153,2153,122,164,164,18
2154,2154,28,39,40,16
2155,2155,115,62,64,52
2156,2156,144,124,128,27
2157,2157,40,47,48,14
2158,2158,28,40,40,11
2159,2159,63,118,120,24
2160,2160,68,170,173,34
2161,2161,1,39,40,12
2162,2162,95,85,87,17
2163,2163,59,29,31,17
2164,2164,84,116,120,48
2165,2165,108,2227,2228,21
2166,2166,103,416,416,15
2167,2167,56,45,45,14
2168,2168,114,169,169,7
2169,2169,111,104,104,1
2170,2170,64,77,83,55
2171,2171,67,71,75,53
2172,2172,149,22,23,19
2173,2173,78,68,70,20
2174,2174,112,84,85,28
2175,2175,92,101,103,26
2176,2176,47,268,269,18
2177,2177,82,106,107,22
2178,2178,122,164,165,25
2179,2179,108,2228,2229,20
2180,2180,144,128,129,14
2181,2181,62,71,72,16
2182,2182,54,220,221,17
2183,2183,41,19,20,15
2184,2184,5,58,58,10
2185,2185,64,83,86,31
2186,2186,24,138,141,37
2187,2187,107,1171,1173,26
2188,2188,47,269,270,17
2189,2189,12,47,49,20
2190,2190,3,44,45,17
2191,2191,74,120,121,22
2192,2192,12,49,50,18
2193,2193,36,152,152,5
2194,2194,75,47,47,1
2195,2195,124,61,61,5
2196,2196,140,45,45,3
2197,2197,25,173,174,15
2198,2198,58,57,60,54
2199,2199,140,45,46,17
2200,2200,76,68,68,4
2201,2201,143,82,84,19
2202,2202,20,163,163,17
2203,2203,121,21,25,33
2204,2204,97,70,71,13
2205,2205,17,117,117,20
2206,2206,88,138,143,62
2207,2207,148,104,105,23
2208,2208,30,111,111,4
2209,2209,125,118,126,57
2210,2210,36,152,153,13
2211,2211,49,740,742,32
2212,2212,138,80,80,6
2213,2213,141,32,32,3
2214,2214,54,221,223,26
2215,2215,12,50,51,14
2216,2216,5,58,60,15
2217,2217,7,61,62,12
2218,2218,129,65,66,47
2219,2219,59,31,34,23
2220,2220,24,141,144,32
2221,2221,80,52,52,8
2222,2222,147,85,85,10
2223,2223,18,89,95,61
2224,2224,108,2229,2229,4
2225,2225,130,89,89,4
2226,2226,133,76,80,40
2227,2227,98,98,99,27
2228,2228,3,45,46,15
2229,2229,114,169,169,10
2230,2230,23,132,133,14
2231,2231,92,103,103,17
2232,2232,73,88,89,13
2233,2233,49,742,750,59
2234,2234,145,165,167,30
2235,2235,135,143,144,17
2236,2236,73,89,91,17
2237,2237,104,447,451,31
2238,2238,83,156,160,44
2239,2239,25,174,174,8
2240,2240,131,56,57,16
2241,2241,64,86,87,45
2242,2242,33,75,80,56
2243,2243,149,23,23,7
2244,2244,89,31,31,10
2245,2245,146,65,72,60
2246,2246,102,1046,1049,37
2247,2247,131,57,58,27
2248,2248,92,103,104,12
2249,2249,50,153,154,14
2250,2250,44,129,129,10
2251,2251,64,87,87,19
2252,2252,110,88,90,20
2253,2253,89,31,31,2
2254,2254,43,153,154,16
2255,2255,133,80,85,42
2256,2256,140,46,46,14
2257,2257,39,64,64,14
2258,2258,64,87,89,24
2259,2259,132,176,178,54
2260,2260,115,64,64,16
2261,2261,36,153,154,16
2262,2262,94,155,155,3
2263,2263,144,129,130,16
2264,2264,149,23,25,20
2265,2265,122,165,166,25
2266,2266,130,89,93,45
2267,2267,65,79,82,49
2268,2268,133,85,85,24
2269,2269,78,70,71,10
2270,2270,24,144,146,15
2271,2271,89,31,32,16
2272,2272,143,84,84,12
2273,2273,26,181,183,49
2274,2274,98,99,99,11
2275,2275,119,82,83,15
2276,2276,147,85,92,55
2277,2277,108,2229,2229,16
2278,2278,66,149,149,4
2279,2279,89,32,32,6
2280,2280,23,133,134,27
2281,2281,138,80,83,31
2282,2282,141,32,33,32
2283,2283,3,46,47,9
2284,2284,89,32,33,14
2285,2285,146,72,74,66
2286,2286,102,1049,1052,36
2287,2287,131,58,60,24
2288,2288,92,104,104,9
2289,2289,50,154,154,15
2290,2290,27,74,74,5
2291,2291,107,1173,1174,10
2292,2292,90,28,31,29
2293,2293,134,91,93,16
2294,2294,44,129,130,14
2295,2295,2,28,32,38
2296,2296,129,66,69,25
2297,2297,21,56,57,18
2298,2298,134,93,94,13
2299,2299,124,61,63,16
2300,2300,14,86,88,30
2301,2301,143,84,91,59
2302,2302,26,183,185,18
2303,2303,97,71,73,24
2304,2304,104,451,455,34
2305,2305,121,25,28,27
2306,2306,100,34,34,5
2307,2307,141,33,33,2
2308,2308,54,223,225,27
2309,2309,12,51,51,18
2310,2310,5,60,60,9
2311,2311,84,120,120,3
2312,2312,9,40,42,20
2313,2313,26,185,188,29
2314,2314,101,1729,1731,23
2315,2315,75,47,50,25
2316,2316,43,154,155,14
2317,2317,92,104,105,14
2318,2318,123,78,79,21
2319,2319,101,1731,1732,14
2320,2320,129,69,70,12
2321,2321,7,62,63,15
2322,2322,21,57,57,7
2323,2323,33,80,80,14
2324,2324,127,16,16,14
2325,2325,91,52,52,16
2326,2326,73,91,91,6
2327,2327,138,83,86,32
2328,2328,75,50,52,47
2329,2329,131,60,63,42
2330,2330,150,124,125,14
2331,2331,136,149,149,11
2332,2332,13,106,106,8
2333,2333,57,48,48,7
2334,2334,65,82,82,8
2335,2335,111,104,105,16
2336,2336,2,32,34,25
2337,2337,94,155,158,25
2338,2338,113,62,63,24
2339,2339,29,86,87,16
2340,2340,74,121,121,7
2341,2341,148,105,110,53
2342,2342,4,42,42,16
2343,2343,124,63,64,14
2344,2344,149,25,28,50
2345,2345,41,20,20,1
2346,2346,9,42,42,7
2347,2347,148,110,111,16
2348,2348,36,154,154,11
2349,2349,75,52,53,11
2350,2350,124,64,65,14
2351,2351,140,46,46,7
2352,2352,25,174,174,8
2353,2353,58,60,65,49
2354,2354,140,46,46,19
2355,2355,114,169,169,9
2356,2356,89,33,35,22
2357,2357,53,514,515,26
2358,2358,124,65,67,19
2359,2359,105,487,488,11
2360,2360,31,71,72,30
2361,2361,37,54,60,66
2362,2362,69,42,43,14
2363,2363,112,85,85,9
2364,2364,127,16,16,16
2365,2365,116,110,112,18
2366,2366,3,47,48,11
2367,2367,67,75,76,9
2368,2368,105,488,488,13
2369,2369,85,38,39,14
2370,2370,94,158,159,8
2371,2371,74,121,126,55
2372,2372,53,515,517,31
2373,2373,103,416,418,39
2374,2374,77,81,81,10
2375,2375,137,68,70,19
2376,2376,105,488,490,34
2377,2377,58,65,70,52
2378,2378,6,64,67,48
2379,2379,24,146,146,8
2380,2380,44,130,130,2
2381,2381,67,76,77,11
2382,2382,98,99,99,11
2383,2383,44,130,130,3
2384,2384,67,77,78,9
2385,2385,98,99,99,5
2386,2386,146,74,75,10
2387,2387,145,167,168,14
2388,2388,22,70,72,21
2389,2389,108,2229,2229,7
2390,2390,147,92,92,7
2391,2391,129,70,71,13
2392,2392,34,73,73,17
2393,2393,126,107,107,20
2394,2394,57,48,49,14
2395,2395,44,130,130,1
2396,2396,64,89,90,17
2397,2397,59,34,34,14
2398,2398,115,64,64,6
2399,2399,90,31,34,38
2400,2400,133,85,91,45
2401,2401,94,159,159,14
2402,2402,141,33,36,23
2403,2403,37,60,60,4
2404,2404,113,63,64,13
2405,2405,6,67,70,39
2406,2406,106,688,692,49
2407,2407,67,78,80,33
2408,2408,61,27,28,20
2409,2409,86,52,53,19
2410,2410,48,1163,1164,24
2411,2411,41,20,24,47
2412,2412,84,120,121,21
2413,2413,27,74,74,11
2414,2414,85,39,39,6
2415,2415,51,581,582,33
2416,2416,97,73,75,34
2417,2417,150,125,125,14
2418,2418,84,121,121,10
2419,2419,9,42,43,21
2420,2420,26,188,192,29
2421,2421,37,60,63,25
2422,2422,75,53,56,26
2423,2423,92,105,106,11
2424,2424,119,83,83,2
2425,2425,36,154,155,47
2426,2426,143,91,92,30
2427,2427,139,27,27,11
2428,2428,61,28,28,11
2429,2429,25,174,175,27
2430,2430,41,24,27,44
2431,2431,108,2229,2230,36
2432,2432,129,71,74,53
2433,2433,119,83,84,26
2434,2434,68,173,173,11
2435,2435,36,155,159,44
2436,2436,143,92,94,25
2437,2437,98,99,100,18
2438,2438,50,154,154,13
2439,2439,76,68,73,46
2440,2440,131,63,64,48
2441,2441,43,155,158,35
2442,2442,90,34,35,12
2443,2443,18,95,95,6
2444,2444,82,107,108,17
2445,2445,128,38,41,28
2446,2446,51,582,584,55
2447,2447,143,94,95,24
2448,2448,131,64,65,16
2449,2449,64,90,92,37
2450,2450,38,39,40,51
2451,2451,149,28,28,12
2452,2452,138,86,87,14
2453,2453,84,121,122,13
2454,2454,133,91,93,23
2455,2455,24,146,147,24
2456,2456,96,89,92,24
2457,2457,16,24,24,7
2458,2458,138,87,89,19
2459,2459,66,149,151,24
2460,2460,84,122,122,9
2461,2461,35,37,37,7
2462,2462,11,89,92,34
2463,2463,22,72,78,47
2464,2464,126,107,108,14
2465,2465,121,28,28,14
2466,2466,100,34,35,24
2467,2467,109,1093,1095,24
2468,2468,18,95,95,7
2469,2469,46,1556,1558,22
2470,2470,128,41,43,23
2471,2471,51,584,586,54
2472,2472,125,126,127,14
2473,2473,133,93,96,25
2474,2474,97,75,78,22
2475,2475,84,122,124,25
2476,2476,94,159,160,13
2477,2477,137,70,70,10
2478,2478,70,55,56,22
2479,2479,137,70,76,43
2480,2480,27,74,75,13
2481,2481,7,63,63,10
2482,2482,40,48,51,34
2483,2483,120,61,68,56
2484,2484,136,149,156,51
2485,2485,76,73,73,3
2486,2486,91,52,53,12
2487,2487,86,53,54,38
2488,2488,90,35,39,35
2489,2489,108,2230,2234,59
2490,2490,68,173,173,6
2491,2491,71,28,29,17
2492,2492,103,418,423,56
2493,2493,5,60,60,2
2494,2494,145,168,169,12
2495,2495,121,28,29,27
2496,2496,148,111,113,24
2497,2497,60,43,44,19
2498,2498,93,46,50,31
2499,2499,124,67,69,25
2500,2500,138,89,89,7
2501,2501,134,94,94,15
2502,2502,124,69,69,13
2503,2503,14,88,89,27
2504,2504,143,95,104,66
2505,2505,26,192,192,9
2506,2506,121,29,29,10
2507,2507,32,89,91,29
2508,2508,20,163,164,25
2509,2509,106,692,695,39
2510,2510,97,78,86,58
2511,2511,46,1558,1559,18
2512,2512,89,35,36,23
2513,2513,146,75,76,15
2514,2514,26,192,193,13
2515,2515,18,95,95,4
2516,2516,24,147,151,36
2517,2517,120,68,70,25
2518,2518,91,53,54,13
2519,2519,89,36,37,13
2520,2520,48,1164,1171,53
2521,2521,33,80,82,23
2522,2522,111,105,105,15
2523,2523,25,175,175,15
2524,2524,98,100,101,35
2525,2525,23,134,136,15
2526,2526,49,750,750,13
2527,2527,71,29,30,14
2528,2528,7,63,65,24
2529,2529,102,1052,1054,30
2530,2530,28,40,43,24
2531,2531,54,225,229,38
2532,2532,33,82,82,3
2533,2533,137,76,78,16
2534,2534,99,44,46,22
2535,2535,146,76,82,51
2536,2536,6,70,75,52
2537,2537,24,151,151,3
2538,2538,7,65,66,16
2539,2539,129,74,77,59
2540,2540,59,34,36,28
2541,2541,24,151,155,36
2542,2542,80,52,53,19
2543,2543,72,64,65,10
2544,2544,38,40,41,50
2545,2545,92,106,107,16
2546,2546,86,54,56,26
2547,2547,19,58,61,60
2548,2548,21,57,58,15
2549,2549,53,517,519,19
2550,2550,50,154,156,52
2551,2551,91,54,54,10
2552,2552,100,35,35,7
2553,2553,9,43,44,11
2554,2554,91,54,55,14
2555,2555,3,48,54,46
2556,2556,64,92,92,9
2557,2557,43,158,159,10
2558,2558,65,82,84,14
2559,2559,7,66,69,47
2560,2560,144,130,131,16
2561,2561,130,93,93,8
2562,2562,101,1732,1734,59
2563,2563,14,89,91,34
2564,2564,117,53,55,22
2565,2565,41,27,27,20
2566,2566,7,69,69,5
2567,2567,41,27,27,24
2568,2568,40,51,52,13
2569,2569,59,36,37,14
2570,2570,94,160,161,21
2571,2571,98,101,101,7
2572,2572,66,151,153,22
2573,2573,75,56,58,22
2574,2574,83,160,160,5
2575,2575,113,64,65,13
2576,2576,10,102,103,12
2577,2577,116,112,112,14
2578,2578,128,43,44,49
2579,2579,139,27,27,2
2580,2580,18,95,96,8
2581,2581,143,104,108,46
2582,2582,116,112,115,45
2583,2583,105,490,493,25
2584,2584,72,65,67,15
2585,2585,144,131,133,19
2586,2586,139,27,27,1
2587,2587,95,87,87,1
2588,2588,11,92,93,13
2589,2589,106,695,697,51
2590,2590,135,144,145,18
2591,2591,45,65,66,16
2592,2592,144,133,133,11
2593,2593,36,159,162,37
2594,2594,117,55,57,23
2595,2595,86,56,56,4
2596,2596,118,78,80,48
2597,2597,59,37,41,30
2598,2598,68,173,175,15
2599,2599,135,145,147,20
2600,2600,150,125,125,9
2601,2601,61,28,29,14
2602,2602,96,92,94,29
2603,2603,114,169,169,23
2604,2604,85,39,40,16
2605,2605,102,1054,1056,18
2606,2606,20,164,166,51
2607,2607,51,586,587,11
2608,2608,7,69,69,7
2609,2609,40,52,56,35
2610,2610,120,70,75,62
2611,2611,136,156,159,51
2612,2612,6,75,75,4
2613,2613,52,777,778,18
2614,2614,127,16,17,47
2615,2615,40,56,58,32
2616,2616,107,1174,1175,47
2617,2617,15,13,16,22
2618,2618,135,147,147,12
2619,2619,77,81,86,43
2620,2620,70,56,61,42
2621,2621,150,125,128,44
2622,2622,23,136,136,18
2623,2623,26,193,194,18
2624,2624,92,107,111,42
2625,2625,147,92,93,16
2626,2626,54,229,229,5
2627,2627,122,166,172,48
2628,2628,114,169,174,45
2629,2629,68,175,178,53
2630,2630,49,750,751,23
2631,2631,76,73,74,8
2632,2632,143,108,110,19
2633,2633,116,115,115,7
2634,2634,121,29,33,35
2635,2635,97,86,87,12
2636,2636,5,60,60,5
2637,2637,29,87,87,4
2638,2638,104,455,455,7
2639,2639,42,159,159,11
2640,2640,110,90,92,60
2641,2641,81,67,68,24
2642,2642,72,67,68,11
2643,2643,114,174,174,9
2644,2644,23,136,137,31
2645,2645,86,56,58,30
2646,2646,70,61,62,9
2647,2647,82,108,108,4
2648,2648,135,147,148,16
2649,2649,8,52,54,32
2650,2650,117,57,58,15
2651,2651,46,1559,1561,63
2652,2652,102,1056,1056,14
2653,2653,75,58,59,18
2654,2654,16,24,25,32
2655,2655,150,128,130,54
2656,2656,11,93,93,18
2657,2657,123,79,80,19
2658,2658,70,62,62,9
2659,2659,113,65,66,40
2660,2660,6,75,75,17
2661,2661,138,89,89,15
2662,2662,147,93,94,16
2663,2663,46,1561,1562,25
2664,2664,53,519,526,57
2665,2665,70,62,62,4
2666,2666,2,34,34,7
2667,2667,75,59,60,24
2668,2668,101,1734,1738,36
2669,2669,125,127,129,17
2670,2670,28,43,43,12
2671,2671,97,87,89,24
2672,2672,104,455,455,28
2673,2673,121,33,35,29
2674,2674,100,35,35,5
2675,2675,61,29,31,19
2676,2676,25,175,178,22
2677,2677,41,27,29,36
2678,2678,108,2234,2238,35
2679,2679,129,77,82,46
2680,2680,119,84,86,29
2681,2681,143,110,111,14
2682,2682,23,137,140,32
2683,2683,73,91,92,12
2684,2684,83,160,161,12
2685,2685,109,1095,1095,8
2686,2686,36,162,162,8
2687,2687,4,42,46,35
2688,2688,39,64,65,17
2689,2689,6,75,75,20
2690,2690,122,172,172,13
2691,2691,116,115,116,21
2692,2692,102,1056,1057,11
2693,2693,62,72,72,11
2694,2694,138,89,92,25
2695,2695,17,117,119,18
2696,2696,64,92,98,49
2697,2697,119,86,87,11
2698,2698,132,178,178,11
2699,2699,143,111,111,8
2700,2700,11,93,97,40
2701,2701,96,94,95,29
2702,2702,22,78,78,11
2703,2703,142,14,15,15
2704,2704,72,68,68,11
2705,2705,70,62,64,36
2706,2706,5,60,62,17
2707,2707,3,54,55,9
2708,2708,12,51,52,13
2709,2709,3,55,55,6
2710,2710,74,126,129,31
2711,2711,63,120,121,9
2712,2712,36,162,163,13
2713,2713,107,1175,1177,18
2714,2714,26,194,195,23
2715,2715,40,58,63,42
2716,2716,47,270,270,12
2717,2717,133,96,97,17
2718,2718,36,163,165,36
2719,2719,53,526,529,28
2720,2720,114,174,175,45
2721,2721,96,95,99,32
2722,2722,138,92,92,9
2723,2723,12,52,53,10
2724,2724,126,108,109,32
2725,2725,53,529,535,58
2726,2726,114,175,177,19
2727,2727,120,75,75,9
2728,2728,92,111,113,39
2729,2729,84,124,125,13
2730,2730,95,87,88,9
2731,2731,11,97,98,11
2732,2732,106,697,699,54
2733,2733,135,148,149,19
2734,2734,51,587,588,16
2735,2735,129,82,88,47
2736,2736,59,41,42,28
2737,2737,15,16,18,40
2738,2738,80,53,53,8
2739,2739,58,70,70,1
2740,2740,97,89,90,13
2741,2741,25,178,179,39
2742,2742,26,195,195,14
2743,2743,40,63,63,2
2744,2744,76,74,75,27
2745,2745,140,46,46,7
2746,2746,76,75,75,11
2747,2747,26,195,199,52
2748,2748,98,101,101,8
2749,2749,140,46,46,11
2750,2750,37,63,64,14
2751,2751,97,90,91,20
2752,2752,95,88,92,44
2753,2753,121,35,36,17
2754,2754,31,72,73,11
2755,2755,67,80,86,54
2756,2756,92,113,114,21
2757,2757,13,106,107,13
2758,2758,19,61,62,16
2759,2759,41,29,33,50
2760,2760,9,44,45,13
2761,2761,115,64,64,6
2762,2762,85,40,41,31
2763,2763,98,101,105,40
2764,2764,13,107,107,10
2765,2765,102,1057,1059,22
2766,2766,106,699,702,24
2767,2767,135,149,150,15
2768,2768,138,92,92,12
2769,2769,66,153,154,34
2770,2770,84,125,125,8
2771,2771,6,75,76,22
2772,2772,32,91,94,29
2773,2773,20,166,167,23
2774,2774,106,702,707,42
2775,2775,97,91,94,53
2776,2776,46,1562,1563,18
2777,2777,145,169,169,5
2778,2778,16,25,26,11
2779,2779,108,2238,2240,24
2780,2780,109,1095,1095,7
2781,2781,96,99,100,12
2782,2782,61,31,31,4
2783,2783,143,111,112,13
2784,2784,20,167,168,17
2785,2785,121,36,38,26
2786,2786,97,94,94,9
2787,2787,109,1095,1096,12
2788,2788,25,179,180,42
2789,2789,65,84,85,19
2790,2790,86,58,60,21
2791,2791,6,76,76,16
2792,2792,33,82,82,10
2793,2793,112,85,85,13
2794,2794,71,30,30,22
2795,2795,63,121,122,10
2796,2796,18,96,97,13
2797,2797,82,108,108,12
2798,2798,128,44,45,29
2799,2799,51,588,589,46
2800,2800,143,112,112,19
2801,2801,97,94,94,9
2802,2802,43,159,164,47
2803,2803,29,87,89,22
2804,2804,130,93,96,38
2805,2805,91,55,58,37
2806,2806,33,82,83,17
2807,2807,73,92,92,13
2808,2808,83,161,164,34
2809,2809,57,49,50,11
2810,2810,89,37,39,15
2811,2811,120,75,75,7
2812,2812,26,199,199,13
2813,2813,97,94,96,21
2814,2814,104,455,457,34
2815,2815,121,38,40,34
2816,2816,100,35,35,7
2817,2817,49,751,751,7
2818,2818,34,73,73,12
2819,2819,50,156,162,59
2820,2820,111,105,109,49
2821,2821,124,69,69,13
2822,2822,26,199,199,6
2823,2823,111,109,112,43
2824,2824,108,2240,2241,10
2825,2825,18,97,99,22
2826,2826,36,165,166,12
2827,2827,51,589,589,19
2828,2828,17,119,119,4
2829,2829,1,40,41,23
2830,2830,110,92,96,57
2831,2831,7,69,71,25
2832,2832,132,178,178,12
2833,2833,97,96,97,39
2834,2834,53,535,537,21
2835,2835,71,30,31,16
2836,2836,103,423,425,55
2837,2837,131,65,65,3
2838,2838,46,1563,1564,20
2839,2839,18,99,102,35
2840,2840,114,177,178,22
2841,2841,101,1738,1740,21
2842,2842,100,35,35,9
2843,2843,32,94,94,8
2844,2844,64,98,102,36
2845,2845,7,71,71,3
2846,2846,58,70,74,55
2847,2847,32,94,95,14
2848,2848,35,37,38,16
2849,2849,147,94,98,47
2850,2850,108,2241,2243,22
2851,2851,66,154,154,13
2852,2852,109,1096,1097,9
2853,2853,25,180,185,48
2854,2854,65,85,85,20
2855,2855,86,60,61,17
2856,2856,149,28,28,6
2857,2857,33,83,84,12
2858,2858,49,751,751,5
2859,2859,117,58,59,15
2860,2860,91,58,61,26
2861,2861,77,86,88,34
2862,2862,71,31,31,15
2863,2863,135,150,150,12
2864,2864,77,88,95,54
2865,2865,70,64,67,39
2866,2866,150,130,133,51
2867,2867,23,140,141,14
2868,2868,148,113,114,17
2869,2869,14,91,93,23
2870,2870,136,159,159,7
2871,2871,18,102,102,16
2872,2872,47,270,274,44
2873,2873,106,707,709,57
2874,2874,124,69,72,27
2875,2875,99,46,47,18
2876,2876,26,199,199,5
2877,2877,111,112,119,49
2878,2878,108,2243,2245,16
2879,2879,18,102,103,18
2880,2880,36,166,168,18
2881,2881,102,1059,1061,20
2882,2882,129,88,88,5
2883,2883,2,34,35,21
2884,2884,99,47,48,19
2885,2885,113,66,66,7
2886,2886,94,161,162,21
2887,2887,38,41,45,33
2888,2888,87,46,47,14
2889,2889,131,65,66,12
2890,2890,78,71,74,38
2891,2891,13,107,111,36
2892,2892,121,40,41,54
2893,2893,83,164,165,16
2894,2894,14,93,94,12
2895,2895,104,457,459,25
2896,2896,130,96,97,49
2897,2897,142,15,16,22
2898,2898,3,55,56,14
2899,2899,45,66,66,4
2900,2900,146,82,84,15
2901,2901,16,26,28,42
2902,2902,147,98,102,48
2903,2903,123,80,81,22
2904,2904,69,43,44,14
2905,2905,71,31,31,14
2906,2906,89,39,40,17
2907,2907,102,1061,1062,27
2908,2908,119,87,88,24
2909,2909,54,229,233,44
2910,2910,33,84,84,7
2911,2911,20,168,168,3
2912,2912,82,108,110,54
2913,2913,59,42,44,19
2914,2914,23,141,142,15
2915,2915,134,94,94,13
2916,2916,89,40,40,18
2917,2917,53,537,539,22
2918,2918,104,459,459,15
2919,2919,113,66,66,7
2920,2920,10,103,103,13
2921,2921,116,116,116,12
2922,2922,65,85,87,50
2923,2923,139,27,27,10
2924,2924,107,1177,1178,13
2925,2925,95,92,94,16
2926,2926,85,41,42,16
2927,2927,18,103,104,13
2928,2928,47,274,277,44
2929,2929,106,709,712,52
2930,2930,99,48,50,22
2931,2931,99,50,51,24
2932,2932,126,109,109,13
2933,2933,82,110,110,14
2934,2934,128,45,47,21
2935,2935,51,589,592,51
2936,2936,143,112,112,15
2937,2937,108,2245,2246,18
2938,2938,122,172,173,19
2939,2939,119,88,94,62
2940,2940,30,111,114,34
2941,2941,2,35,36,11
2942,2942,72,68,68,2
2943,2943,70,67,68,33
2944,2944,5,62,64,22
2945,2945,3,56,58,15
2946,2946,17,119,119,7
2947,2947,33,84,86,26
2948,2948,59,44,44,20
2949,2949,27,75,77,41
2950,2950,129,88,89,38
2951,2951,51,592,592,10
2952,2952,117,59,61,26
2953,2953,1,41,42,9
2954,2954,43,164,165,29
2955,2955,58,74,78,30
2956,2956,50,162,162,14
2957,2957,58,78,79,10
2958,2958,127,17,18,11
2959,2959,54,233,233,5
2960,2960,144,133,133,21
2961,2961,17,119,120,21
2962,2962,55,868,869,11
2963,2963,80,53,54,14
2964,2964,133,97,97,8
2965,2965,21,58,62,31
2966,2966,64,102,105,27
2967,2967,132,178,181,43
2968,2968,146,84,84,7
2969,2969,51,592,592,7
2970,2970,30,114,115,20
2971,2971,144,133,135,18
2972,2972,33,86,86,11
2973,2973,22,78,79,10
2974,2974,28,43,43,11
2975,2975,16,28,29,48
2976,2976,144,135,137,21
2977,2977,40,63,65,20
2978,2978,124,72,73,13
2979,2979,82,110,116,55
2980,2980,59,44,46,24
2981,2981,23,142,143,16
2982,2982,81,68,69,19
2983,2983,14,94,97,21
2984,2984,67,86,86,18
2985,2985,61,31,32,11
2986,2986,121,41,41,18
2987,2987,132,181,183,15
2988,2988,126,109,112,30
2989,2989,133,97,97,9
2990,2990,17,120,120,9
2991,2991,25,185,186,25
2992,2992,110,96,102,56
2993,2993,7,71,72,16
2994,2994,135,150,152,20
2995,2995,77,95,102,50
2996,2996,70,68,72,44
2997,2997,150,133,136,45
2998,2998,23,143,143,17
2999,2999,116,116,116,6
3000,3000,74,129,129,5
3001,3001,149,28,29,27
3002,3002,122,173,174,30
3003,3003,130,97,100,37
3004,3004,65,87,93,52
3005,3005,133,97,99,20
3006,3006,38,45,46,20
3007,3007,20,168,169,29
3008,3008,81,69,71,50
3009,3009,13,111,113,26
3010,3010,23,143,146,46
3011,3011,32,95,97,17
3012,3012,22,79,81,15
3013,3013,132,183,184,25
3014,3014,95,94,95,20
3015,3015,85,42,43,13
3016,3016,10,103,103,6
3017,3017,58,79,80,8
3018,3018,21,62,66,38
3019,3019,64,105,108,23
3020,3020,132,184,187,40
3021,3021,146,84,85,11
3022,3022,78,74,75,14
3023,3023,97,97,102,42
3024,3024,19,62,64,20
3025,3025,25,186,190,31
3026,3026,83,165,169,30
3027,3027,26,199,205,49
3028,3028,34,73,74,8
3029,3029,144,137,138,21
3030,3030,23,146,147,16
3031,3031,147,102,102,6
3032,3032,80,54,56,20
3033,3033,137,78,79,13
3034,3034,100,35,36,34
3035,3035,141,36,36,1
3036,3036,75,60,60,6
3037,3037,31,73,77,36
3038,3038,37,64,68,68
3039,3039,73,92,92,4
3040,3040,132,187,188,9
3041,3041,85,43,45,45
3042,3042,130,100,103,24
3043,3043,36,168,169,18
3044,3044,1,42,42,11
3045,3045,71,31,32,21
3046,3046,58,80,83,25
3047,3047,50,162,163,14
3048,3048,62,72,74,19
3049,3049,78,75,77,20
3050,3050,11,98,98,4
3051,3051,113,66,68,17
3052,3052,122,174,178,33
3053,3053,28,43,44,12
3054,3054,84,125,125,14
3055,3055,54,233,234,22
3056,3056,128,47,48,14
3057,3057,26,205,207,20
3058,3058,48,1171,1174,33
3059,3059,90,39,39,23
3060,3060,135,152,153,13
3061,3061,125,129,131,23
3062,3062,86,61,62,30
3063,3063,6,76,76,10
3064,3064,96,100,100,2
3065,3065,34,74,75,16
3066,3066,104,459,464,46
3067,3067,46,1564,1565,24
3068,3068,91,61,62,17
3069,3069,125,131,131,11
3070,3070,101,1740,1743,51
3071,3071,125,131,136,39
3072,3072,28,44,44,17
3073,3073,130,103,103,1
3074,3074,133,99,100,28
3075,3075,98,105,109,33
3076,3076,3,58,59,8
3077,3077,17,120,120,4
3078,3078,33,86,87,27
3079,3079,57,50,52,17
3080,3080,27,77,80,30
3081,3081,66,154,158,45
3082,3082,51,592,593,22
3083,3083,117,61,63,16
3084,3084,73,92,94,19
3085,3085,3,59,67,55
3086,3086,145,169,169,20
3087,3087,47,277,277,8
3088,3088,148,114,115,11
3089,3089,110,102,102,8
3090,3090,83,169,169,15
3091,3091,122,178,181,28
3092,3092,120,75,77,23
3093,3093,112,85,85,8
3094,3094,41,33,34,17
3095,3095,59,46,46,23
3096,3096,91,62,64,27
3097,3097,107,1178,1180,41
3098,3098,117,63,64,17
3099,3099,109,1097,1097,1
3100,3100,111,119,119,8
3101,3101,63,122,123,15
3102,3102,96,100,100,7
3103,3103,82,116,116,20
3104,3104,145,169,173,38
3105,3105,125,136,138,20
3106,3106,28,44,44,5
3107,3107,18,104,106,16
3108,3108,82,116,116,12
3109,3109,128,48,50,22
3110,3110,51,593,596,46
3111,3111,143,112,114,21
3112,3112,42,159,159,1
3113,3113,110,102,111,63
3114,3114,81,71,73,16
3115,3115,72,68,68,14
3116,3116,110,111,111,14
3117,3117,49,751,753,37
3118,3118,68,178,183,67
3119,3119,79,17,17,6
3120,3120,65,93,94,19
3121,3121,74,129,130,26
3122,3122,140,46,46,21
3123,3123,33,87,88,19
3124,3124,52,778,778,8
3125,3125,150,136,141,41
3126,3126,40,65,69,33
3127,3127,107,1180,1183,47
3128,3128,127,18,19,13
3129,3129,129,89,89,3
3130,3130,2,36,37,11
3131,3131,99,51,53,28
3132,3132,113,68,69,15
3133,3133,94,162,165,27
3134,3134,38,46,48,23
3135,3135,32,97,97,15
3136,3136,122,181,181,3
3137,3137,28,44,47,45
3138,3138,8,54,58,38
3139,3139,91,64,69,60
3140,3140,24,155,155,6
3141,3141,24,155,157,22
3142,3142,128,50,52,31
3143,3143,73,94,96,27
3144,3144,13,113,115,17
3145,3145,67,86,86,21
3146,3146,91,69,69,9
3147,3147,3,67,69,33
3148,3148,64,108,108,6
3149,3149,73,96,96,12
3150,3150,49,753,760,53
3151,3151,145,173,174,20
3152,3152,147,102,103,12
3153,3153,129,89,90,14
3154,3154,87,47,48,20
3155,3155,126,112,113,22
3156,3156,57,52,52,16
3157,3157,39,65,65,17
3158,3158,5,64,64,10
3159,3159,80,56,62,57
3160,3160,13,115,116,20
3161,3161,2,37,38,15
3162,3162,105,493,495,19
3163,3163,149,29,36,51
3164,3164,131,66,67,33
3165,3165,98,109,112,54
3166,3166,87,48,48,21
3167,3167,70,72,72,13
3168,3168,35,38,41,27
3169,3169,37,68,71,54
3170,3170,17,120,122,39
3171,3171,142,16,17,36
3172,3172,147,103,104,13
3173,3173,17,122,122,10
3174,3174,25,190,191,26
3175,3175,110,111,113,51
3176,3176,7,72,72,14
3177,3177,82,116,116,3
3178,3178,101,1743,1746,25
3179,3179,68,183,185,54
3180,3180,79,17,17,5
3181,3181,83,169,169,5
3182,3182,19,64,66,32
3183,3183,26,207,210,32
3184,3184,33,88,89,17
3185,3185,50,163,163,11
3186,3186,67,86,86,18
3187,3187,105,495,495,14
3188,3188,85,45,45,14
3189,3189,69,44,44,6
3190,3190,57,52,55,26
3191,3191,86,62,63,13
3192,3192,150,141,141,18
3193,3193,67,86,86,3
3194,3194,11,98,98,7
3195,3195,109,1097,1097,20
3196,3196,71,32,33,14
3197,3197,75,60,61,15
3198,3198,94,165,167,16
3199,3199,100,36,36,15
3200,3200,62,74,76,27
3201,3201,123,81,81,13
3202,3202,108,2246,2247,17
3203,3203,79,17,18,14
3204,3204,112,85,87,19
3205,3205,135,153,154,25
3206,3206,77,102,108,48
3207,3207,70,72,74,32
3208,3208,150,141,146,45
3209,3209,23,147,147,11
3210,3210,23,147,147,16
3211,3211,121,41,42,16
3212,3212,48,1174,1180,65
3213,3213,95,95,99,58
3214,3214,129,90,91,27
3215,3215,146,85,85,16
3216,3216,127,19,19,9
3217,3217,59,46,47,14
3218,3218,81,73,74,15
3219,3219,136,159,161,28
3220,3220,87,48,48,7
3221,3221,58,83,84,40
3222,3222,137,79,80,21
3223,3223,111,119,119,21
3224,3224,125,138,144,52
3225,3225,10,103,104,9
3226,3226,87,48,48,7
3227,3227,138,92,94,20
3228,3228,108,2247,2248,13
3229,3229,65,94,98,36
3230,3230,149,36,37,17
3231,3231,143,114,115,20
3232,3232,23,147,151,43
3233,3233,73,96,96,12
3234,3234,83,169,170,13
3235,3235,109,1097,1097,11
3236,3236,109,1097,1097,6
3237,3237,25,191,192,48
3238,3238,65,98,99,15
3239,3239,86,63,65,20
3240,3240,149,37,38,15
3241,3241,102,1062,1063,18
3242,3242,113,69,71,17
3243,3243,122,181,183,33
3244,3244,28,47,47,8
3245,3245,33,89,90,18
3246,3246,105,495,497,32
3247,3247,28,47,51,47
3248,3248,87,48,48,4
3249,3249,39,65,65,12
3250,3250,102,1063,1067,38
3251,3251,23,151,157,48
3252,3252,114,178,178,1
3253,3253,105,497,498,11
3254,3254,31,77,80,30
3255,3255,37,71,76,59
3256,3256,73,96,97,14
3257,3257,38,48,49,15
3258,3258,20,169,169,26
3259,3259,81,74,76,49
3260,3260,13,116,118,32
3261,3261,23,157,163,50
3262,3262,32,97,97,19
3263,3263,121,42,43,12
3264,3264,100,36,37,17
3265,3265,109,1097,1097,22
3266,3266,102,1067,1067,13
3267,3267,99,53,54,22
3268,3268,35,41,45,58
3269,3269,58,84,85,13
3270,3270,58,85,85,7
3271,3271,97,102,105,32
3272,3272,92,114,117,51
3273,3273,150,146,146,8
3274,3274,77,108,109,13
3275,3275,148,115,116,56
3276,3276,135,154,159,47
3277,3277,14,97,97,26
3278,3278,102,1067,1069,25
3279,3279,66,158,158,11
3280,3280,113,71,75,37
3281,3281,21,66,68,18
3282,3282,109,1097,1097,19
3283,3283,117,64,65,13
3284,3284,114,178,180,27
3285,3285,81,76,77,9
3286,3286,38,49,51,21
3287,3287,20,169,171,19
3288,3288,81,77,80,46
3289,3289,13,118,119,31
3290,3290,23,163,167,42
3291,3291,32,97,97,10
3292,3292,132,188,188,9
3293,3293,97,105,109,42
3294,3294,53,539,541,26
3295,3295,39,65,65,8
3296,3296,130,103,107,38
3297,3297,116,116,117,24
3298,3298,56,45,46,15
3299,3299,66,158,158,7
3300,3300,113,75,77,29
3301,3301,21,68,69,28
3302,3302,109,1097,1098,23
3303,3303,117,65,65,11
3304,3304,114,180,183,25
3305,3305,81,80,80,2
3306,3306,33,90,90,6
3307,3307,147,104,111,57
3308,3308,103,425,426,14
3309,3309,78,77,79,21
3310,3310,35,45,46,14
3311,3311,44,130,130,10
3312,3312,89,40,42,35
3313,3313,24,157,160,32
3314,3314,30,115,120,58
3315,3315,83,170,173,53
3316,3316,147,111,112,9
3317,3317,58,85,85,17
3318,3318,23,167,167,2
3319,3319,2,38,42,56
3320,3320,136,161,161,5
3321,3321,17,122,122,1
3322,3322,25,192,193,16
3323,3323,110,113,116,55
3324,3324,7,72,74,22
3325,3325,20,171,171,13
3326,3326,44,130,135,40
3327,3327,131,67,67,5
3328,3328,57,55,56,19
3329,3329,100,37,39,51
3330,3330,54,234,234,9
3331,3331,126,113,114,9
3332,3332,108,2248,2248,10
3333,3333,82,116,116,17
3334,3334,126,114,116,22
3335,3335,56,46,47,18
3336,3336,106,712,715,36
3337,3337,69,44,45,14
3338,3338,99,54,56,16
3339,3339,83,173,178,35
3340,3340,71,33,35,18
3341,3341,45,66,66,8
3342,3342,148,116,119,35
3343,3343,9,45,48,28
3344,3344,137,80,82,26
3345,3345,118,80,82,21
3346,3346,122,183,183,8
3347,3347,105,498,498,2
3348,3348,86,65,67,14
3349,3349,116,117,118,17
3350,3350,30,120,125,44
3351,3351,115,64,66,47
3352,3352,31,80,80,14
3353,3353,104,464,465,18
3354,3354,109,1098,1098,7
3355,3355,129,91,93,23
3356,3356,17,122,125,42
3357,3357,74,130,130,7
3358,3358,39,65,67,23
3359,3359,40,69,70,27
3360,3360,23,167,171,37
3361,3361,114,183,184,11
3362,3362,7,74,74,14
3363,3363,26,210,218,59
3364,3364,14,97,97,8
3365,3365,34,75,76,14
3366,3366,149,38,42,39
3367,3367,19,66,66,7
3368,3368,52,778,778,11
3369,3369,40,70,72,27
3370,3370,65,99,100,40
3371,3371,46,1565,1566,18
3372,3372,55,869,870,16
3373,3373,123,81,83,15
3374,3374,6,76,77,16
3375,3375,32,97,100,27
3376,3376,20,171,173,22
3377,3377,106,715,719,47
3378,3378,97,109,111,54
3379,3379,46,1566,1568,21
3380,3380,71,35,35,7
3381,3381,139,27,32,37
3382,3382,53,541,543,61
3383,3383,61,32,33,12
3384,3384,59,47,47,16
3385,3385,76,75,76,18
3386,3386,99,56,59,50
3387,3387,64,108,108,12
3388,3388,48,1180,1181,11
3389,3389,5,64,65,11
3390,3390,117,65,67,18
3391,3391,119,94,94,8
3392,3392,108,2248,2248,6
3393,3393,124,73,75,21
3394,3394,112,87,89,19
3395,3395,68,185,186,9
3396,3396,148,119,121,51
3397,3397,4,46,47,13
3398,3398,28,51,51,3
3399,3399,136,161,166,61
3400,3400,34,76,76,19
3401,3401,131,67,68,11
3402,3402,78,79,83,37
3403,3403,60,44,46,26
3404,3404,70,74,80,57
3405,3405,83,178,179,11
3406,3406,103,426,426,14
3407,3407,138,94,94,10
3408,3408,63,123,125,56
3409,3409,69,45,45,5
3410,3410,24,160,162,21
3411,3411,84,125,129,31
3412,3412,144,138,142,29
3413,3413,13,119,120,15
3414,3414,67,86,86,18
3415,3415,89,42,43,18
3416,3416,48,1181,1187,58
3417,3417,33,90,90,13
3418,3418,59,47,47,12
3419,3419,130,107,108,21
3420,3420,99,59,66,52
3421,3421,64,108,108,13
3422,3422,48,1187,1187,18
3423,3423,130,108,108,13
3424,3424,16,29,30,27
3425,3425,86,67,68,38
3426,3426,133,100,102,20
3427,3427,141,36,40,45
3428,3428,97,111,115,33
3429,3429,24,162,163,11
3430,3430,9,48,49,20
3431,3431,121,43,47,37
3432,3432,94,167,168,27
3433,3433,67,86,87,27
3434,3434,22,81,84,36
3435,3435,28,51,51,8
3436,3436,145,174,174,6
3437,3437,99,66,70,32
3438,3438,75,61,61,13
3439,3439,143,115,117,34
3440,3440,100,39,39,10
3441,3441,45,66,66,8
3442,3442,46,1568,1568,12
3443,3443,36,169,173,30
3444,3444,117,67,69,22
3445,3445,131,68,69,14
3446,3446,137,82,83,29
3447,3447,92,117,118,12
3448,3448,103,426,426,9
3449,3449,49,760,761,16
3450,3450,23,171,172,16
3451,3451,50,163,168,64
3452,3452,111,119,121,44
3453,3453,124,75,76,12
3454,3454,15,18,18,1
3455,3455,145,174,176,39
3456,3456,46,1568,1573,52
3457,3457,1,42,48,47
3458,3458,85,45,46,18
3459,3459,112,89,89,17
3460,3460,82,116,116,13
3461,3461,134,94,95,27
3462,3462,83,179,185,44
3463,3463,22,84,89,43
3464,3464,127,19,20,16
3465,3465,104,465,465,16
3466,3466,143,117,120,28
3467,3467,8,58,59,45
3468,3468,134,95,96,21
3469,3469,144,142,143,19
3470,3470,31,80,82,32
3471,3471,104,465,465,11
3472,3472,43,165,165,11
3473,3473,65,100,103,26
3474,3474,7,74,75,49
3475,3475,144,143,144,23
3476,3476,100,39,39,12
3477,3477,116,118,119,12
3478,3478,46,1573,1576,22
3479,3479,38,51,54,24
3480,3480,47,277,277,3
3481,3481,17,125,125,7
3482,3482,33,90,91,29
3483,3483,57,56,56,19
3484,3484,27,80,81,30
3485,3485,129,93,94,44
3486,3486,51,596,597,21
3487,3487,117,69,70,13
3488,3488,142,17,17,6
3489,3489,126,116,117,39
3490,3490,94,168,169,19
3491,3491,88,143,144,14
3492,3492,113,77,77,6
3493,3493,13,120,123,32
3494,3494,89,43,46,56
3495,3495,9,49,51,35
3496,3496,49,761,761,9
3497,3497,89,46,46,11
3498,3498,53,543,545,59
3499,3499,102,1069,1072,46
3500,3500,131,69,70,19
3501,3501,92,118,118,7
3502,3502,50,168,168,16
3503,3503,17,125,125,7
3504,3504,88,144,150,65
3505,3505,148,121,123,18
3506,3506,33,91,92,13
3507,3507,127,20,21,18
3508,3508,91,69,72,22
3509,3509,36,173,175,15
3510,3510,4,47,47,29
3511,3511,39,67,70,22
3512,3512,104,465,466,17
3513,3513,78,83,83,7
3514,3514,39,70,71,53
3515,3515,1,48,48,8
3516,3516,32,100,100,8
3517,3517,113,77,80,24
3518,3518,24,163,166,44
3519,3519,31,82,83,21
3520,3520,16,30,31,20
3521,3521,99,70,70,11
3522,3522,137,83,85,39
3523,3523,87,48,49,28
3524,3524,110,116,119,23
3525,3525,74,130,130,19
3526,3526,93,50,52,21
3527,3527,59,47,47,23
3528,3528,93,52,53,21
3529,3529,26,218,219,16
3530,3530,10,104,105,12
3531,3531,129,94,94,10
3532,3532,2,42,43,20
3533,3533,99,70,73,25
3534,3534,113,80,81,15
3535,3535,94,169,171,27
3536,3536,19,66,67,32
3537,3537,87,49,49,9
3538,3538,72,68,69,18
3539,3539,38,54,59,57
3540,3540,92,118,118,6
3541,3541,86,68,69,26
3542,3542,87,49,53,56
3543,3543,21,69,69,17
3544,3544,95,99,100,15
3545,3545,130,108,115,52
3546,3546,147,112,114,15
3547,3547,104,466,468,57
3548,3548,97,115,115,12
3549,3549,103,426,427,11
3550,3550,138,94,94,14
3551,3551,63,125,133,64
3552,3552,69,45,45,7
3553,3553,40,72,72,10
3554,3554,76,76,79,25
3555,3555,140,46,46,11
3556,3556,92,118,119,16
3557,3557,80,62,64,36
3558,3558,10,105,107,22
3559,3559,33,92,92,3
3560,3560,3,69,70,19
3561,3561,121,47,49,29
3562,3562,148,123,123,24
3563,3563,60,46,47,15
3564,3564,93,53,55,35
3565,3565,26,219,220,19
3566,3566,138,94,96,18
3567,3567,39,71,72,15
3568,3568,5,65,65,5
3569,3569,80,64,71,53
3570,3570,13,123,124,29
3571,3571,10,107,108,12
3572,3572,130,115,115,14
3573,3573,98,112,114,33
3574,3574,30,125,126,24
3575,3575,22,89,92,27
3576,3576,42,159,160,13
3577,3577,52,778,779,12
3578,3578,40,72,75,26
3579,3579,65,103,106,29
3580,3580,46,1576,1577,15
3581,3581,55,870,870,15
3582,3582,123,83,84,10
3583,3583,77,109,109,11
3584,3584,24,166,168,21
3585,3585,2,43,44,45
3586,3586,139,32,34,17
3587,3587,48,1187,1188,15
3588,3588,133,102,103,15
3589,3589,97,115,117,27
3590,3590,84,129,131,18
3591,3591,94,171,172,20
3592,3592,44,135,136,10
3593,3593,55,870,872,39
3594,3594,95,100,104,32
3595,3595,8,59,62,48
3596,3596,111,121,121,10
3597,3597,51,597,598,9
3598,3598,30,126,127,9
3599,3599,144,144,145,15
3600,3600,33,92,93,11
3601,3601,44,136,136,11
3602,3602,72,69,69,4
3603,3603,70,80,83,29
3604,3604,5,65,66,18
3605,3605,3,70,71,13
3606,3606,146,85,86,15
3607,3607,84,131,135,33
3608,3608,30,127,133,44
3609,3609,87,53,54,12
3610,3610,74,130,130,7
3611,3611,51,598,601,27
3612,3612,48,1188,1188,5
3613,3613,66,158,159,12
3614,3614,113,81,84,32
3615,3615,21,69,70,24
3616,3616,109,1098,1098,11
3617,3617,117,70,71,14
3618,3618,114,184,186,25
3619,3619,81,80,80,2
3620,3620,65,106,109,21
3621,3621,74,130,133,31
3622,3622,137,85,86,22
3623,3623,8,62,62,13
3624,3624,72,69,70,17
3625,3625,74,133,135,19
3626,3626,22,92,93,23
3627,3627,11,98,99,23
3628,3628,60,47,47,8
3629,3629,34,76,76,5
3630,3630,149,42,47,49
3631,3631,19,67,67,7
3632,3632,64,108,110,21
3633,3633,85,46,50,44
3634,3634,130,115,117,23
3635,3635,104,468,468,12
3636,3636,55,872,873,10
3637,3637,51,601,604,24
3638,3638,106,719,721,18
3639,3639,42,160,160,3
3640,3640,127,21,22,21
3641,3641,91,72,72,9
3642,3642,91,72,72,14
3643,3643,3,71,74,45
3644,3644,64,110,111,15
3645,3645,46,1577,1577,11
3646,3646,68,186,187,12
3647,3647,80,71,71,21
3648,3648,72,70,71,10
3649,3649,74,135,137,19
3650,3650,22,93,95,21
3651,3651,11,99,101,18
3652,3652,60,47,47,4
3653,3653,44,136,137,8
3654,3654,2,44,47,35
3655,3655,65,109,110,29
3656,3656,21,70,72,22
3657,3657,49,761,761,12
3658,3658,117,71,71,7
3659,3659,91,72,76,38
3660,3660,77,109,112,40
3661,3661,71,35,36,12
3662,3662,114,186,186,2
3663,3663,123,84,90,54
3664,3664,71,36,40,42
3665,3665,71,40,41,18
3666,3666,105,498,499,13
3667,3667,31,83,87,30
3668,3668,37,76,83,62
3669,3669,73,97,98,14
3670,3670,123,90,90,9
3671,3671,43,165,166,28
3672,3672,122,183,184,13
3673,3673,137,86,86,14
3674,3674,70,83,84,28
3675,3675,137,86,89,48
3676,3676,27,81,81,17
3677,3677,48,1188,1189,11
3678,3678,113,84,86,48
3679,3679,63,133,134,20
3680,3680,125,144,144,9
3681,3681,107,1183,1188,36
3682,3682,40,75,81,56
3683,3683,78,83,86,27
3684,3684,113,86,86,6
3685,3685,8,62,63,19
3686,3686,2,47,47,17
3687,3687,34,76,77,16
3688,3688,19,67,69,57
3689,3689,62,76,77,19
3690,3690,44,137,137,6
3691,3691,64,111,114,21
3692,3692,59,47,47,9
3693,3693,141,40,40,1
3694,3694,127,22,24,19
3695,3695,32,100,103,48
3696,3696,81,80,80,6
3697,3697,5,66,66,8
3698,3698,117,71,71,6
3699,3699,119,94,94,3
3700,3700,25,193,193,7
3701,3701,74,137,143,58
3702,3702,139,34,36,46
3703,3703,89,46,46,6
3704,3704,95,104,105,18
3705,3705,72,71,71,12
3706,3706,46,1577,1578,29
3707,3707,129,94,99,48
3708,3708,136,166,167,17
3709,3709,116,119,119,17
3710,3710,98,114,114,10
3711,3711,27,81,86,42
3712,3712,91,76,79,24
3713,3713,49,761,761,17
3714,3714,41,34,34,2
3715,3715,89,46,46,19
3716,3716,102,1072,1075,29
3717,3717,119,94,95,15
3718,3718,54,234,239,46
3719,3719,33,93,93,8
3720,3720,89,46,48,20
3721,3721,32,103,107,56
3722,3722,56,47,48,15
3723,3723,22,95,97,55
3724,3724,24,168,169,17
3725,3725,140,46,46,7
3726,3726,127,24,26,21
3727,3727,105,499,499,17
3728,3728,100,39,41,26
3729,3729,3,74,75,19
3730,3730,46,1578,1579,14
3731,3731,26,220,221,15
3732,3732,138,96,97,18
3733,3733,42,160,161,12
3734,3734,83,185,187,31
3735,3735,118,82,83,12
3736,3736,147,114,114,10
3737,3737,97,117,120,53
3738,3738,13,124,129,46
3739,3739,81,80,84,43
3740,3740,147,114,115,32
3741,3741,130,117,118,9
3742,3742,130,118,118,6
3743,3743,133,103,106,38
3744,3744,98,114,115,28
3745,3745,3,75,75,3
3746,3746,81,84,84,1
3747,3747,118,83,85,36
3748,3748,85,50,50,9
3749,3749,118,85,86,14
3750,3750,113,86,87,41
3751,3751,40,81,83,30
3752,3752,85,50,57,51
3753,3753,127,26,29,21
3754,3754,34,77,77,8
3755,3755,101,1746,1747,30
3756,3756,68,187,194,55
3757,3757,79,18,20,18
3758,3758,73,98,99,11
3759,3759,58,85,86,17
3760,3760,122,184,187,43
3761,3761,27,86,87,19
3762,3762,27,87,88,9
3763,3763,137,89,91,14
3764,3764,70,84,85,20
3765,3765,137,91,93,43
3766,3766,27,88,88,12
3767,3767,123,90,91,21
3768,3768,94,172,173,22
3769,3769,125,144,144,18
3770,3770,95,105,105,10
3771,3771,11,101,101,16
3772,3772,106,721,728,53
3773,3773,135,159,159,7
3774,3774,78,86,86,4
3775,3775,39,72,74,50
3776,3776,1,48,49,15
3777,3777,43,166,168,15
3778,3778,95,105,106,15
3779,3779,96,100,101,27
3780,3780,87,54,56,32
3781,3781,78,86,87,13
3782,3782,116,119,119,3
3783,3783,99,73,74,18
3784,3784,10,108,109,11
3785,3785,45,66,66,13
3786,3786,147,115,116,10
3787,3787,83,187,188,10
3788,3788,97,120,120,16
3789,3789,30,133,138,45
3790,3790,36,175,177,53
3791,3791,112,89,95,61
3792,3792,96,101,102,9
3793,3793,35,46,46,5
3794,3794,50,168,169,33
3795,3795,1,49,52,32
3796,3796,5,66,68,17
3797,3797,49,761,761,13
3798,3798,135,159,159,23
3799,3799,77,112,113,53
3800,3800,70,85,88,37
3801,3801,150,146,148,38
3802,3802,23,172,172,14
3803,3803,77,113,113,6
3804,3804,109,1098,1104,44
3805,3805,76,79,79,27
3806,3806,9,51,52,19
3807,3807,12,53,53,5
3808,3808,118,86,93,59
3809,3809,31,87,88,29
3810,3810,40,83,83,7
3811,3811,96,102,103,44
3812,3812,55,873,873,4
3813,3813,140,46,46,6
3814,3814,84,135,136,34
3815,3815,91,79,80,15
3816,3816,122,187,187,9
3817,3817,116,119,120,13
3818,3818,102,1075,1075,3
3819,3819,62,77,79,19
3820,3820,138,97,98,16
3821,3821,85,57,57,6
3822,3822,132,188,189,26
3823,3823,53,545,547,17
3824,3824,115,66,67,13
3825,3825,85,57,58,24
3826,3826,98,115,117,35
3827,3827,13,129,131,15
3828,3828,102,1075,1077,16
3829,3829,106,728,729,30
3830,3830,135,159,160,10
3831,3831,22,97,97,6
3832,3832,132,189,192,30
3833,3833,95,106,107,19
3834,3834,85,58,59,12
3835,3835,10,109,109,3
3836,3836,132,192,192,6
3837,3837,97,120,122,32
3838,3838,53,547,547,25
3839,3839,18,106,107,18
3840,3840,47,277,278,39
3841,3841,106,729,732,52
3842,3842,99,74,77,22
3843,3843,99,77,78,17
3844,3844,122,187,187,14
3845,3845,98,117,118,13
3846,3846,102,1077,1078,7
3847,3847,62,79,79,14
3848,3848,138,98,100,26
3849,3849,68,194,195,14
3850,3850,14,97,100,29
3851,3851,88,150,152,18
3852,3852,119,95,96,16
3853,3853,143,120,120,6
3854,3854,145,176,177,12
3855,3855,88,152,153,28
3856,3856,148,123,124,34
3857,3857,60,47,49,22
3858,3858,93,55,57,32
3859,3859,124,76,76,23
3860,3860,138,100,102,19
3861,3861,18,107,107,1
3862,3862,9,52,53,22
3863,3863,26,221,224,28
3864,3864,37,83,87,34
3865,3865,75,61,62,25
3866,3866,43,168,168,17
3867,3867,133,106,108,21
3868,3868,128,52,53,21
3869,3869,75,62,62,23
3870,3870,94,173,175,23
3871,3871,35,46,46,5
3872,3872,147,116,116,17
3873,3873,27,88,91,43
3874,3874,117,71,71,9
3875,3875,13,131,132,8
3876,3876,18,107,108,18
3877,3877,47,278,283,44
3878,3878,106,732,737,51
3879,3879,124,76,79,23
3880,3880,99,78,79,20
3881,3881,12,53,53,5
3882,3882,118,93,96,62
3883,3883,31,88,91,25
3884,3884,40,83,83,8
3885,3885,96,103,104,50
3886,3886,55,873,873,8
3887,3887,144,145,145,8
3888,3888,62,79,82,25
3889,3889,54,239,239,16
3890,3890,83,188,188,11
3891,3891,122,187,188,17
3892,3892,120,77,79,20
3893,3893,112,95,96,11
3894,3894,49,761,762,11
3895,3895,80,71,71,19
3896,3896,94,175,177,21
3897,3897,109,1104,1107,51
3898,3898,29,89,89,21
3899,3899,136,167,171,33
3900,3900,111,121,123,21
3901,3901,82,116,116,14
3902,3902,134,96,99,26
3903,3903,83,188,192,40
3904,3904,22,97,99,51
3905,3905,127,29,29,15
3906,3906,100,41,42,15
3907,3907,116,120,122,22
3908,3908,48,1189,1191,20
3909,3909,38,59,61,20
3910,3910,47,283,283,5
3911,3911,60,49,51,17
3912,3912,12,53,55,28
3913,3913,43,168,170,33
3914,3914,95,107,108,13
3915,3915,110,119,119,5
3916,3916,101,1747,1750,32
3917,3917,68,195,197,56
3918,3918,79,20,20,5
3919,3919,122,188,190,23
3920,3920,65,110,111,32
3921,3921,83,192,193,26
3922,3922,144,145,147,16
3923,3923,102,1078,1078,7
3924,3924,17,125,127,25
3925,3925,20,173,177,49
3926,3926,51,604,605,10
3927,3927,114,186,186,6
3928,3928,123,91,93,52
3929,3929,71,41,46,46
3930,3930,71,46,47,18
3931,3931,124,79,79,14
3932,3932,25,193,196,48
3933,3933,65,111,112,16
3934,3934,86,69,69,19
3935,3935,149,47,47,11
3936,3936,33,93,94,15
3937,3937,12,55,55,12
3938,3938,118,96,99,52
3939,3939,31,91,92,24
3940,3940,40,83,83,5
3941,3941,101,1750,1752,49
3942,3942,55,873,873,3
3943,3943,113,87,87,9
3944,3944,5,68,70,23
3945,3945,9,53,53,3
3946,3946,73,99,99,1
3947,3947,96,104,105,27
3948,3948,75,62,64,49
3949,3949,131,70,74,49
3950,3950,150,148,148,7
3951,3951,40,83,83,21
3952,3952,15,18,20,53
3953,3953,72,71,77,52
3954,3954,82,116,117,12
3955,3955,57,56,58,22
3956,3956,31,92,99,51
3957,3957,54,239,240,15
3958,3958,126,117,118,16
3959,3959,135,160,161,12
3960,3960,104,468,469,44
3961,3961,50,169,170,21
3962,3962,129,99,102,35
3963,3963,98,118,118,5
3964,3964,58,86,86,12
3965,3965,97,122,126,36
3966,3966,35,46,48,18
3967,3967,56,48,49,29
3968,3968,83,193,194,11
3969,3969,150,148,148,8
3970,3970,100,42,43,34
3971,3971,11,101,101,13
3972,3972,123,93,94,8
3973,3973,120,79,79,10
3974,3974,22,99,102,57
3975,3975,10,109,110,26
3976,3976,4,47,49,15
3977,3977,95,108,109,11
3978,3978,103,427,435,57
3979,3979,52,779,782,21
3980,3980,101,1752,1753,15
3981,3981,62,82,82,8
3982,3982,78,87,90,22
3983,3983,50,170,171,11
3984,3984,76,79,80,15
3985,3985,89,48,50,28
3986,3986,65,112,112,14
3987,3987,59,47,47,5
3988,3988,132,192,193,25
3989,3989,95,109,110,25
3990,3990,85,59,60,19
3991,3991,10,110,111,14
3992,3992,26,224,226,18
3993,3993,149,47,49,26
3994,3994,117,71,72,13
3995,3995,109,1107,1107,7
3996,3996,111,123,123,9
3997,3997,19,69,70,11
3998,3998,106,737,737,4
3999,3999,61,33,39,51
4000,4000,16,31,34,23
4001,4001,60,51,52,33
4002,4002,33,94,94,11
4003,4003,36,177,179,16
4004,4004,89,50,51,27
4005,4005,99,79,80,16
4006,4006,99,80,81,22
4007,4007,23,172,172,14
4008,4008,50,171,172,12
4009,4009,3,75,76,17
4010,4010,74,143,143,23
4011,4011,63,134,135,15
4012,4012,36,179,179,10
4013,4013,39,74,75,16
4014,4014,99,81,82,30
4015,4015,138,102,105,30
4016,4016,69,45,49,39
4017,4017,36,179,180,19
4018,4018,9,53,55,16
4019,4019,121,49,50,37
4020,4020,94,177,179,24
4021,4021,67,87,88,31
4022,4022,22,102,105,38
4023,4023,28,51,51,8
4024,4024,65,112,112,8
4025,4025,119,96,98,46
4026,4026,26,226,229,27
4027,4027,38,61,65,54
4028,4028,123,94,97,22
4029,4029,18,108,109,10
4030,4030,3,76,78,18
4031,4031,128,53,56,33
4032,4032,51,605,612,54
4033,4033,143,120,121,21
4034,4034,35,48,51,23
4035,4035,30,138,143,38
4036,4036,82,117,119,64
4037,4037,119,98,99,10
4038,4038,134,99,100,8
4039,4039,124,79,82,22
4040,4040,14,100,104,34
4041,4041,143,121,128,68
4042,4042,21,72,73,21
4043,4043,28,51,52,18
4044,4044,99,82,82,23
4045,4045,35,51,58,58
4046,4046,58,86,86,18
4047,4047,41,34,34,7
4048,4048,90,39,40,42
4049,4049,73,99,102,29
4050,4050,149,49,50,10
4051,4051,135,161,163,21
4052,4052,77,113,117,42
4053,4053,70,88,92,41
4054,4054,150,148,152,43
4055,4055,23,172,173,14
4056,4056,100,43,43,13
4057,4057,114,186,187,40
4058,4058,104,469,473,50
4059,4059,22,105,106,8
4060,4060,5,70,71,12
4061,4061,27,91,95,31
4062,4062,100,43,44,14
4063,4063,13,132,132,5
4064,4064,149,50,50,6
4065,4065,66,159,163,50
4066,4066,28,52,55,51
4067,4067,12,55,56,25
4068,4068,50,172,172,6
4069,4069,130,118,120,18
4070,4070,67,88,93,49
4071,4071,125,144,144,10
4072,4072,105,499,500,17
4073,4073,129,102,102,10
4074,4074,51,612,612,5
4075,4075,30,143,143,10
4076,4076,144,147,148,22
4077,4077,33,94,95,17
4078,4078,22,106,106,11
4079,4079,72,77,77,7
4080,4080,70,92,96,39
4081,4081,5,71,72,15
4082,4082,3,78,79,9
4083,4083,97,126,126,13
4084,4084,104,473,476,22
4085,4085,121,50,52,38
4086,4086,100,44,44,9
4087,4087,50,172,172,13
4088,4088,76,80,84,45
4089,4089,131,74,77,57
4090,4090,43,170,172,36
4091,4091,90,40,42,20
4092,4092,14,104,105,18
4093,4093,104,476,478,25
4094,4094,130,120,125,49
4095,4095,142,17,18,16
4096,4096,3,79,79,22
4097,4097,85,60,61,12
4098,4098,51,612,614,25
4099,4099,97,126,127,26
4100,4100,150,152,152,5
4101,4101,96,105,105,1
4102,4102,34,77,77,6
4103,4103,145,177,178,38
4104,4104,46,1579,1582,29
4105,4105,91,80,81,9
4106,4106,18,109,110,13
4107,4107,82,119,119,15
4108,4108,128,56,57,31
4109,4109,51,614,619,50
4110,4110,143,128,130,17
4111,4111,54,240,241,9
4112,4112,148,124,126,57
4113,4113,78,90,91,48
4114,4114,110,119,120,10
4115,4115,94,179,179,13
4116,4116,74,143,143,5
4117,4117,149,50,53,26
4118,4118,122,190,191,23
4119,4119,130,125,131,44
4120,4120,65,112,115,50
4121,4121,133,108,110,21
4122,4122,95,110,111,11
4123,4123,128,57,59,52
4124,4124,34,77,78,52
4125,4125,124,82,84,28
4126,4126,129,102,103,13
4127,4127,80,71,73,24
4128,4128,107,1188,1190,20
4129,4129,78,91,98,48
4130,4130,60,52,55,29
4131,4131,121,52,59,54
4132,4132,83,194,195,12
4133,4133,58,86,86,16
4134,4134,34,78,81,23
4135,4135,98,118,123,45
4136,4136,85,61,61,7
4137,4137,17,127,127,10
4138,4138,64,114,119,43
4139,4139,119,99,99,3
4140,4140,132,193,193,8
4141,4141,64,119,120,8
4142,4142,71,47,48,33
4143,4143,25,196,196,19
4144,4144,26,229,229,12
4145,4145,92,119,122,39
4146,4146,147,116,116,4
4147,4147,147,116,117,13
4148,4148,97,127,133,56
4149,4149,13,132,135,40
4150,4150,81,84,88,42
4151,4151,147,117,119,33
4152,4152,130,131,132,11
4153,4153,17,127,127,5
4154,4154,33,95,96,28
4155,4155,57,58,59,16
4156,4156,27,95,99,37
4157,4157,129,103,104,36
4158,4158,51,619,619,11
4159,4159,117,72,74,19
4160,4160,44,137,137,11
4161,4161,21,73,74,22
4162,4162,74,143,145,32
4163,4163,56,49,52,25
4164,4164,8,63,67,35
4165,4165,150,152,153,24
4166,4166,45,66,66,8
4167,4167,148,126,127,35
4168,4168,9,55,57,31
4169,4169,137,93,93,16
4170,4170,118,99,99,18
4171,4171,122,191,192,9
4172,4172,52,782,784,16
4173,4173,40,83,86,29
4174,4174,49,762,763,29
4175,4175,46,1582,1583,18
4176,4176,80,73,74,23
4177,4177,123,97,97,5
4178,4178,136,171,171,11
4179,4179,21,74,76,20
4180,4180,99,82,84,23
4181,4181,89,51,52,10
4182,4182,43,172,174,18
4183,4183,57,59,62,41
4184,4184,140,46,46,6
4185,4185,6,77,77,11
4186,4186,93,57,58,17
4187,4187,20,177,179,20
4188,4188,64,120,121,40
4189,4189,97,133,135,59
4190,4190,46,1583,1585,16
4191,4191,58,86,86,11
4192,4192,97,135,137,40
4193,4193,35,58,58,18
4194,4194,56,52,54,39
4195,4195,83,195,196,12
4196,4196,18,110,112,17
4197,4197,47,283,284,39
4198,4198,106,737,744,48
4199,4199,99,84,88,31
4200,4200,99,88,91,26
4201,4201,58,86,87,13
4202,4202,127,29,29,13
4203,4203,54,241,241,5
4204,4204,49,763,764,13
4205,4205,23,173,173,14
4206,4206,50,172,177,60
4207,4207,111,123,127,51
4208,4208,124,84,86,21
4209,4209,90,42,43,15
4210,4210,144,148,148,11
4211,4211,84,136,138,51
4212,4212,27,99,101,17
4213,4213,121,59,60,12
4214,4214,145,178,178,10
4215,4215,95,111,111,3
4216,4216,128,59,63,62
4217,4217,84,138,145,56
4218,4218,124,86,87,38
4219,4219,129,104,105,15
4220,4220,54,241,243,20
4221,4221,87,56,57,14
4222,4222,141,40,41,15
4223,4223,110,120,120,13
4224,4224,39,75,76,15
4225,4225,102,1078,1079,29
4226,4226,23,173,174,48
4227,4227,114,187,187,5
4228,4228,130,132,133,20
4229,4229,98,123,128,37
4230,4230,30,143,146,25
4231,4231,22,106,109,26
4232,4232,42,161,161,5
4233,4233,103,435,436,11
4234,4234,138,105,106,19
4235,4235,38,65,65,25
4236,4236,135,163,164,31
4237,4237,17,127,127,15
4238,4238,95,111,112,7
4239,4239,103,436,441,62
4240,4240,52,784,785,13
4241,4241,101,1753,1755,19
4242,4242,18,112,113,10
4243,4243,24,169,169,29
4244,4244,120,79,81,19
4245,4245,64,121,121,11
4246,4246,16,34,34,10
4247,4247,112,96,99,32
4248,4248,53,547,548,18
4249,4249,139,36,37,38
4250,4250,112,99,99,5
4251,4251,22,109,109,10
4252,4252,132,193,195,18
4253,4253,95,112,113,22
4254,4254,85,61,62,10
4255,4255,10,111,111,8
4256,4256,113,87,87,13
4257,4257,56,54,57,22
4258,4258,28,55,56,12
4259,4259,137,93,93,6
4260,4260,70,96,97,29
4261,4261,137,93,98,37
4262,4262,40,86,87,16
4263,4263,138,106,107,24
4264,4264,66,163,164,35
4265,4265,84,145,145,15
4266,4266,114,187,187,5
4267,4267,123,97,103,45
4268,4268,71,48,50,49
4269,4269,128,63,63,16
4270,4270,130,133,133,2
4271,4271,133,110,113,32
4272,4272,102,1079,1081,26
4273,4273,3,79,80,13
4274,4274,45,66,66,6
4275,4275,148,127,131,35
4276,4276,9,57,61,35
4277,4277,137,98,99,23
4278,4278,118,99,100,19
4279,4279,122,192,193,14
4280,4280,6,77,78,9
4281,4281,32,107,109,29
4282,4282,20,179,182,28
4283,4283,106,744,746,46
4284,4284,97,137,144,59
4285,4285,46,1585,1587,22
4286,4286,100,44,46,22
4287,4287,114,187,188,39
4288,4288,104,478,483,47
4289,4289,22,109,109,15
4290,4290,47,284,284,9
4291,4291,132,195,197,42
4292,4292,58,87,90,42
4293,4293,137,99,106,60
4294,4294,46,1587,1587,8
4295,4295,131,77,77,17
4296,4296,143,130,131,30
4297,4297,6,78,80,18
4298,4298,32,109,110,23
4299,4299,20,182,183,16
4300,4300,106,746,749,47
4301,4301,97,144,146,49
4302,4302,46,1587,1588,22
4303,4303,44,137,137,9
4304,4304,127,29,29,21
4305,4305,74,145,146,21
4306,4306,56,57,60,22
4307,4307,8,67,68,35
4308,4308,150,153,154,26
4309,4309,109,1107,1107,7
4310,4310,129,105,106,22
4311,4311,17,127,130,40
4312,4312,74,146,146,6
4313,4313,132,197,197,3
4314,4314,118,100,102,44
4315,4315,85,62,64,21
4316,4316,123,103,103,17
4317,4317,94,179,179,15
4318,4318,125,144,146,24
4319,4319,115,67,68,11
4320,4320,85,64,65,34
4321,4321,98,128,130,36
4322,4322,13,135,136,13
4323,4323,102,1081,1081,12
4324,4324,106,749,750,35
4325,4325,135,164,164,16
4326,4326,51,619,621,17
4327,4327,30,146,146,21
4328,4328,144,148,149,17
4329,4329,33,96,98,19
4330,4330,22,109,111,16
4331,4331,124,87,87,12
4332,4332,82,119,122,54
4333,4333,59,47,47,17
4334,4334,23,174,174,16
4335,4335,95,113,115,19
4336,4336,90,43,44,19
4337,4337,46,1588,1589,18
4338,4338,13,136,138,42
4339,4339,136,171,172,17
4340,4340,116,122,123,17
4341,4341,82,122,122,2
4342,4342,135,164,166,24
4343,4343,8,68,72,37
4344,4344,117,74,74,12
4345,4345,99,91,99,64
4346,4346,135,166,166,9
4347,4347,43,174,175,13
4348,4348,74,146,149,54
4349,4349,72,77,78,12
4350,4350,139,37,38,32
4351,4351,95,115,115,22
4352,4352,14,105,106,14
4353,4353,73,102,104,22
4354,4354,131,77,77,24
4355,4355,110,120,121,19
4356,4356,142,18,18,4
4357,4357,126,118,124,47
4358,4358,94,179,180,20
4359,4359,88,153,153,8
4360,4360,19,70,71,12
4361,4361,1,52,52,13
4362,4362,35,58,59,25
4363,4363,100,46,46,3
4364,4364,40,87,87,15
4365,4365,58,90,92,43
4366,4366,137,106,107,23
4367,4367,111,127,129,19
4368,4368,125,146,152,57
4369,4369,10,111,112,9
4370,4370,35,59,59,8
4371,4371,11,101,106,39
4372,4372,22,111,113,52
4373,4373,126,124,126,14
4374,4374,43,175,175,6
4375,4375,59,47,47,25
4376,4376,40,87,89,45
4377,4377,85,65,65,8
4378,4378,17,130,131,21
4379,4379,59,47,49,26
4380,4380,125,152,152,5
4381,4381,7,75,75,9
4382,4382,129,106,108,49
4383,4383,59,49,52,33
4384,4384,24,169,174,44
4385,4385,80,74,75,17
4386,4386,131,77,79,19
4387,4387,78,98,104,46
4388,4388,60,55,57,35
4389,4389,121,60,63,57
4390,4390,83,196,196,15
4391,4391,21,76,77,19
4392,4392,16,34,35,15
4393,4393,136,172,173,17
4394,4394,145,178,178,12
4395,4395,47,284,285,26
4396,4396,96,105,106,14
4397,4397,8,72,72,12
4398,4398,51,621,621,10
4399,4399,10,112,113,29
4400,4400,71,50,54,41
4401,4401,71,54,54,12
4402,4402,12,56,56,13
4403,4403,39,76,77,15
4404,4404,64,121,123,22
4405,4405,132,197,201,55
4406,4406,115,68,70,23
4407,4407,36,180,181,8
4408,4408,71,54,55,12
4409,4409,76,84,86,40
4410,4410,94,180,181,15
4411,4411,110,121,122,19
4412,4412,110,122,122,20
4413,4413,134,100,101,17
4414,4414,106,750,750,5
4415,4415,77,117,124,51
4416,4416,49,764,767,25
4417,4417,64,123,124,10
4418,4418,102,1081,1082,10
4419,4419,54,243,244,11
4420,4420,18,113,114,13
4421,4421,24,174,176,32
4422,4422,120,81,82,25
4423,4423,64,124,125,15
4424,4424,58,92,92,10
4425,4425,102,1082,1086,30
4426,4426,33,98,104,58
4427,4427,41,34,35,11
4428,4428,39,77,78,16
4429,4429,99,99,100,29
4430,4430,71,55,56,26
4431,4431,69,49,50,32
4432,4432,36,181,182,18
4433,4433,7,75,75,9
4434,4434,129,108,113,51
4435,4435,59,52,54,27
4436,4436,24,176,178,39
4437,4437,80,75,76,16
4438,4438,30,146,146,11
4439,4439,33,104,105,26
4440,4440,57,62,64,23
4441,4441,27,101,104,40
4442,4442,129,113,115,45
4443,4443,51,621,623,19
4444,4444,117,74,76,22
4445,4445,99,100,100,18
4446,4446,83,196,198,44
4447,4447,71,56,57,18
4448,4448,96,106,106,8
4449,4449,38,65,65,8
4450,4450,145,178,180,35
4451,4451,46,1589,1590,27
4452,4452,91,81,81,10
4453,4453,105,500,501,9
4454,4454,31,99,101,37
4455,4455,130,133,135,57
4456,4456,73,104,105,9
4457,4457,28,56,57,15
4458,4458,99,100,100,13
4459,4459,35,59,63,56
4460,4460,58,92,93,13
4461,4461,135,166,166,20
4462,4462,5,72,74,16
4463,4463,61,39,41,18
4464,4464,96,106,108,21
4465,4465,114,188,189,13
4466,4466,145,180,181,13
4467,4467,121,63,65,20
4468,4468,148,131,132,27
4469,4469,60,57,59,20
4470,4470,82,122,125,42
4471,4471,124,87,89,24
4472,4472,138,107,107,9
4473,4473,84,145,145,1
4474,4474,9,61,62,29
4475,4475,26,229,229,27
4476,4476,37,87,90,33
4477,4477,75,64,67,22
4478,4478,43,175,176,14
4479,4479,92,122,123,9
4480,4480,95,115,116,28
4481,4481,10,113,115,18
4482,4482,33,105,105,5
4483,4483,8,72,72,4
4484,4484,124,89,89,18
4485,4485,14,106,108,26
4486,4486,143,131,132,64
4487,4487,26,229,229,9
4488,4488,85,65,65,14
4489,4489,60,59,63,35
4490,4490,87,57,59,57
4491,4491,89,52,58,53
4492,4492,113,87,89,26
4493,4493,115,70,71,28
4494,4494,100,46,47,12
4495,4495,111,129,133,36
4496,4496,95,116,118,19
4497,4497,69,50,51,21
4498,4498,48,1191,1193,17
4499,4499,51,623,623,12
4500,4500,13,138,140,24
4501,4501,112,99,102,32
4502,4502,55,873,875,20
4503,4503,53,548,548,8
4504,4504,127,29,29,10
4505,4505,52,785,785,10
4506,4506,90,44,47,24
4507,4507,102,1086,1087,28
4508,4508,73,105,108,25
4509,4509,80,76,77,14
4510,4510,1,52,53,12
4511,4511,2,47,51,44
4512,4512,72,78,78,16
4513,4513,71,57,58,18
4514,4514,73,108,114,57
4515,4515,82,125,126,11
4516,4516,70,97,97,1
4517,4517,113,89,92,50
4518,4518,6,80,81,25
4519,4519,138,107,107,9
4520,4520,132,201,202,12
4521,4521,85,65,67,46
4522,4522,130,135,135,27
4523,4523,58,93,93,6
4524,4524,65,115,115,3
4525,4525,25,196,197,17
4526,4526,92,123,128,68
4527,4527,144,149,150,15
4528,4528,53,548,549,9
4529,4529,84,145,145,6
4530,4530,13,140,141,13
4531,4531,42,161,163,27
4532,4532,49,767,771,52
4533,4533,68,197,199,27
4534,4534,105,501,501,4
4535,4535,128,63,65,55
4536,4536,84,145,148,53
4537,4537,124,89,91,29
4538,4538,129,115,116,19
4539,4539,11,106,108,19
4540,4540,21,77,77,9
4541,4541,97,146,148,22
4542,4542,32,110,111,24
4543,4543,72,78,79,14
4544,4544,115,71,71,6
4545,4545,85,67,69,27
4546,4546,98,130,131,39
4547,4547,13,141,143,16
4548,4548,42,163,165,20
4549,4549,106,750,751,33
4550,4550,135,166,166,16
4551,4551,22,113,113,11
4552,4552,44,137,138,31
4553,4553,150,154,156,29
4554,4554,85,69,69,6
4555,4555,10,115,115,4
4556,4556,14,108,109,12
4557,4557,73,114,115,24
4558,4558,13,143,144,23
4559,4559,110,122,125,23
4560,4560,97,148,148,9
4561,4561,24,178,179,28
4562,4562,17,131,131,21
4563,4563,107,1190,1190,18
4564,4564,54,244,245,42
4565,4565,92,128,130,27
4566,4566,21,77,78,22
4567,4567,45,66,66,9
4568,4568,146,86,87,16
4569,4569,16,35,38,45
4570,4570,147,119,123,53
4571,4571,123,103,104,10
4572,4572,69,51,52,16
4573,4573,93,58,59,19
4574,4574,95,118,119,22
4575,4575,96,108,111,28
4576,4576,112,102,104,27
4577,4577,78,104,104,15
4578,4578,106,751,752,7
4579,4579,84,148,148,19
4580,4580,97,148,151,23
4581,4581,59,54,56,28
4582,4582,13,144,145,23
4583,4583,108,2248,2250,17
4584,4584,118,102,105,25
4585,4585,111,133,134,56
4586,4586,30,146,150,30
4587,4587,2,51,51,10
4588,4588,44,138,138,16
4589,4589,21,78,79,41
4590,4590,95,119,122,29
4591,4591,8,72,73,50
4592,4592,111,134,135,13
4593,4593,80,77,77,10
4594,4594,105,501,501,9
4595,4595,87,59,61,41
4596,4596,131,79,79,26
4597,4597,113,92,93,20
4598,4598,84,148,150,31
4599,4599,29,89,91,32
4600,4600,93,59,61,54
4601,4601,122,193,194,16
4602,4602,39,78,78,6
4603,4603,5,74,74,5
4604,4604,80,77,82,47
4605,4605,13,145,148,24
4606,4606,10,115,115,10
4607,4607,94,181,182,13
4608,4608,74,149,150,50
4609,4609,53,549,550,32
4610,4610,103,441,442,36
4611,4611,77,124,125,22
4612,4612,138,107,107,12
4613,4613,126,126,127,28
4614,4614,122,194,194,17
4615,4615,143,132,133,21
4616,4616,23,174,175,39
4617,4617,73,115,117,20
4618,4618,83,198,199,12
4619,4619,109,1107,1107,9
4620,4620,111,135,135,4
4621,4621,64,125,128,48
4622,4622,67,93,97,51
4623,4623,149,53,56,23
4624,4624,78,104,105,19
4625,4625,112,104,105,25
4626,4626,92,130,133,25
4627,4627,32,111,111,14
4628,4628,2,51,55,38
4629,4629,128,65,66,16
4630,4630,145,181,181,5
4631,4631,16,38,39,13
4632,4632,108,2250,2252,26
4633,4633,94,182,184,18
4634,4634,96,111,111,11
4635,4635,136,173,174,20
4636,4636,13,148,148,8
4637,4637,75,67,67,7
4638,4638,65,115,115,10
4639,4639,84,150,152,20
4640,4640,54,245,249,31
4641,4641,96,111,111,12
4642,4642,26,229,230,15
4643,4643,48,1193,1196,31
4644,4644,90,47,48,22
4645,4645,49,771,771,12
4646,4646,80,82,85,26
4647,4647,94,184,186,23
4648,4648,109,1107,1114,54
4649,4649,29,91,91,12
4650,4650,124,91,93,40
4651,4651,91,81,82,10
4652,4652,93,61,62,15
4653,4653,59,56,57,23
4654,4654,93,62,65,26
4655,4655,22,113,115,23
4656,4656,10,115,116,13
4657,4657,5,74,74,2
4658,4658,102,1087,1088,14
4659,4659,104,483,484,14
4660,4660,39,78,80,16
4661,4661,118,105,106,14
4662,4662,119,99,106,60
4663,4663,30,150,152,33
4664,4664,67,97,98,15
4665,4665,130,135,135,14
4666,4666,29,91,96,50
4667,4667,14,109,111,30
4668,4668,117,76,78,18
4669,4669,41,35,36,18
4670,4670,147,123,123,2
4671,4671,97,151,160,63
4672,4672,120,82,83,39
4673,4673,81,88,91,39
4674,4674,147,123,126,38
4675,4675,130,135,136,8
4676,4676,134,101,101,4
4677,4677,124,93,94,14
4678,4678,14,111,113,30
4679,4679,143,133,139,58
4680,4680,26,230,231,18
4681,4681,127,29,30,14
4682,4682,92,133,134,19
4683,4683,97,160,162,17
4684,4684,44,138,138,13
4685,4685,2,55,57,34
4686,4686,129,116,117,22
4687,4687,21,79,81,22
4688,4688,8,73,74,18
4689,4689,41,36,38,15
4690,4690,34,81,82,22
4691,4691,19,71,75,51
4692,4692,62,82,82,10
4693,4693,25,197,198,9
4694,4694,74,150,158,60
4695,4695,35,63,64,48
4696,4696,89,58,58,8
4697,4697,130,136,136,1
4698,4698,105,501,502,30
4699,4699,54,249,252,22
4700,4700,3,80,80,11
4701,4701,91,82,83,11
4702,4702,3,80,82,45
4703,4703,64,128,128,5
4704,4704,53,550,550,11
4705,4705,122,194,197,25
4706,4706,124,94,97,25
4707,4707,81,91,93,31
4708,4708,31,101,101,5
4709,4709,95,122,123,10
4710,4710,59,57,59,20
4711,4711,84,152,155,46
4712,4712,108,2252,2253,18
4713,4713,103,442,443,10
4714,4714,56,60,60,9
4715,4715,51,623,623,16
4716,4716,137,107,108,16
4717,4717,35,64,65,11
4718,4718,11,108,113,45
4719,4719,68,199,202,23
4720,4720,3,82,82,3
4721,4721,53,550,550,6
4722,4722,85,69,72,28
4723,4723,12,56,56,9
4724,4724,147,126,127,33
4725,4725,70,97,102,37
4726,4726,72,79,80,18
4727,4727,108,2253,2253,9
4728,4728,82,126,128,24
4729,4729,126,127,129,24
4730,4730,56,60,61,18
4731,4731,106,752,756,42
4732,4732,69,52,52,11
4733,4733,137,108,109,11
4734,4734,100,47,50,41
4735,4735,141,41,41,7
4736,4736,45,66,66,8
4737,4737,46,1590,1592,17
4738,4738,36,182,185,31
4739,4739,117,78,80,26
4740,4740,9,62,62,13
4741,4741,118,106,107,26
4742,4742,41,38,40,59
4743,4743,126,129,137,55
4744,4744,64,128,128,18
4745,4745,7,75,77,22
4746,4746,129,117,121,55
4747,4747,59,59,63,32
4748,4748,24,179,182,41
4749,4749,80,85,87,15
4750,4750,91,83,84,12
4751,4751,3,82,86,42
4752,4752,64,128,129,16
4753,4753,98,131,131,5
4754,4754,113,93,95,31
4755,4755,146,87,89,22
4756,4756,77,125,129,34
4757,4757,51,623,624,17
4758,4758,5,74,75,11
4759,4759,49,771,772,11
4760,4760,23,175,176,18
4761,4761,50,177,185,55
4762,4762,111,135,140,52
4763,4763,35,65,65,13
4764,4764,147,127,127,4
4765,4765,97,162,166,54
4766,4766,13,148,151,47
4767,4767,81,93,96,38
4768,4768,147,127,131,36
4769,4769,130,136,136,5
4770,4770,14,113,113,15
4771,4771,73,117,119,20
4772,4772,131,79,81,28
4773,4773,110,125,126,25
4774,4774,91,84,85,17
4775,4775,19,75,76,13
4776,4776,60,63,64,15
4777,4777,24,182,182,6
4778,4778,25,198,202,35
4779,4779,71,58,60,45
4780,4780,71,60,60,12
4781,4781,117,80,81,19
4782,4782,136,174,174,4
4783,4783,21,81,83,15
4784,4784,99,100,100,17
4785,4785,77,129,129,12
4786,4786,24,182,184,24
4787,4787,2,57,61,37
4788,4788,139,38,40,23
4789,4789,48,1196,1197,10
4790,4790,95,123,124,7
4791,4791,72,80,81,15
4792,4792,46,1592,1594,27
4793,4793,13,151,156,39
4794,4794,136,174,176,24
4795,4795,116,123,124,27
4796,4796,96,111,111,12
4797,4797,55,875,877,22
4798,4798,112,105,105,20
4799,4799,12,56,58,25
4800,4800,53,550,550,9
4801,4801,85,72,73,23
4802,4802,12,58,59,20
4803,4803,147,131,134,27
4804,4804,70,102,105,36
4805,4805,99,100,102,21
4806,4806,103,443,444,8
4807,4807,138,107,108,17
4808,4808,63,135,143,59
4809,4809,49,772,773,13
4810,4810,5,75,76,10
4811,4811,117,81,82,11
4812,4812,119,106,106,5
4813,4813,95,124,124,6
4814,4814,11,113,114,14
4815,4815,106,756,760,47
4816,4816,135,166,166,11
4817,4817,115,71,71,2
4818,4818,94,186,188,47
4819,4819,145,181,185,40
4820,4820,94,188,190,17
4821,4821,13,156,157,13
4822,4822,114,189,189,9
4823,4823,130,136,138,17
4824,4824,98,131,136,39
4825,4825,30,152,152,20
4826,4826,22,115,119,30
4827,4827,42,165,165,1
4828,4828,18,114,114,13
4829,4829,131,81,82,21
4830,4830,48,1197,1199,16
4831,4831,112,105,106,49
4832,4832,38,65,68,37
4833,4833,133,113,115,15
4834,4834,64,129,130,11
4835,4835,71,60,61,34
4836,4836,25,202,202,22
4837,4837,43,176,177,16
4838,4838,65,115,117,24
4839,4839,7,77,79,37
4840,4840,144,150,152,19
4841,4841,28,57,58,21
4842,4842,16,39,41,46
4843,4843,144,152,154,27
4844,4844,40,89,89,13
4845,4845,122,197,197,3
4846,4846,38,68,70,22
4847,4847,36,185,187,46
4848,4848,31,101,104,48
4849,4849,53,550,551,23
4850,4850,40,89,91,19
4851,4851,40,91,94,35
4852,4852,13,157,158,25
4853,4853,127,30,30,20
4854,4854,95,124,125,10
4855,4855,143,139,140,10
4856,4856,11,114,115,43
4857,4857,96,111,115,30
4858,4858,22,119,121,18
4859,4859,142,18,18,14
4860,4860,133,115,116,14
4861,4861,97,166,168,26
4862,4862,84,155,158,26
4863,4863,94,190,190,17
4864,4864,36,187,187,11
4865,4865,4,49,52,34
4866,4866,39,80,80,21
4867,4867,104,484,486,16
4868,4868,135,166,167,14
4869,4869,64,130,131,12
4870,4870,61,41,42,11
4871,4871,96,115,117,20
4872,4872,114,189,190,24
4873,4873,86,69,70,14
4874,4874,93,65,68,29
4875,4875,41,40,44,52
4876,4876,84,158,159,19
4877,4877,27,104,105,12
4878,4878,7,79,80,15
4879,4879,41,44,47,33
4880,4880,108,2253,2254,14
4881,4881,59,63,64,9
4882,4882,132,202,204,24
4883,4883,58,93,93,5
4884,4884,102,1088,1091,21
4885,4885,33,105,107,46
4886,4886,41,47,48,15
4887,4887,50,185,185,8
4888,4888,122,197,198,25
4889,4889,124,97,97,21
4890,4890,81,96,97,22
4891,4891,31,104,105,16
4892,4892,130,138,139,8
4893,4893,16,41,43,22
4894,4894,86,70,75,44
4895,4895,133,116,117,22
4896,4896,141,41,44,50
4897,4897,97,168,171,37
4898,4898,24,184,184,15
4899,4899,76,86,87,11
4900,4900,38,70,71,46
4901,4901,80,87,90,53
4902,4902,28,58,58,10
4903,4903,106,760,761,12
4904,4904,138,108,109,25
4905,4905,97,171,173,28
4906,4906,59,64,65,19
4907,4907,13,158,159,17
4908,4908,113,95,96,17
4909,4909,13,159,160,30
4910,4910,89,58,61,63
4911,4911,9,62,67,36
4912,4912,49,773,773,7
4913,4913,135,167,168,18
4914,4914,16,43,43,14
4915,4915,61,42,42,19
4916,4916,96,117,119,24
4917,4917,114,190,190,19
4918,4918,45,66,66,12
4919,4919,146,89,90,14
4920,4920,111,140,144,40
4921,4921,22,121,127,55
4922,4922,123,104,106,20
4923,4923,69,52,52,10
4924,4924,33,107,107,8
4925,4925,127,30,32,25
4926,4926,91,85,85,18
4927,4927,124,97,97,12
4928,4928,149,56,63,52
4929,4929,41,48,48,2
4930,4930,140,46,47,13
4931,4931,37,90,90,8
4932,4932,97,173,174,16
4933,4933,98,136,140,45
4934,4934,121,65,65,10
4935,4935,141,44,44,3
4936,4936,127,32,35,26
4937,4937,110,126,129,45
4938,4938,81,97,98,11
4939,4939,53,551,551,10
4940,4940,85,73,73,26
4941,4941,12,59,59,16
4942,4942,147,134,136,25
4943,4943,70,105,109,32
4944,4944,72,81,83,25
4945,4945,34,82,82,9
4946,4946,107,1190,1193,36
4947,4947,11,115,116,44
4948,4948,68,202,208,66
4949,4949,101,1755,1755,9
4950,4950,131,82,84,19
4951,4951,123,106,109,22
4952,4952,101,1755,1755,6
4953,4953,129,121,122,12
4954,4954,7,80,80,5
4955,4955,21,83,83,11
4956,4956,46,1594,1595,14
4957,4957,74,158,162,45
4958,4958,20,183,185,66
4959,4959,137,109,111,18
4960,4960,137,111,113,19
4961,4961,132,204,205,16
4962,4962,88,153,153,1
4963,4963,90,48,51,37
4964,4964,22,127,130,22
4965,4965,138,109,109,3
4966,4966,89,61,61,8
4967,4967,43,177,179,23
4968,4968,57,64,66,34
4969,4969,140,47,49,15
4970,4970,145,185,185,8
4971,4971,16,43,43,8
4972,4972,108,2254,2255,20
4973,4973,94,190,191,11
4974,4974,96,119,119,10
4975,4975,124,97,98,13
4976,4976,102,1091,1095,53
4977,4977,59,65,65,17
4978,4978,23,176,176,8
4979,4979,60,64,65,8
4980,4980,113,96,102,44
4981,4981,63,143,144,26
4982,4982,39,80,80,14
4983,4983,99,102,104,25
4984,4984,71,61,62,22
4985,4985,69,52,53,39
4986,4986,36,187,190,24
4987,4987,49,773,774,12
4988,4988,49,774,775,10
4989,4989,126,137,137,4
4990,4990,5,76,76,13
4991,4991,105,502,502,1
4992,4992,31,105,107,27
4993,4993,37,90,95,58
4994,4994,73,119,119,12
4995,4995,32,111,111,1
4996,4996,64,131,134,41
4997,4997,32,111,112,15
4998,4998,58,93,102,63
4999,4999,32,112,114,16
5000,5000,110,129,130,9
5001,5001,107,1193,1195,43
5002,5002,40,94,97,55
5003,5003,78,105,106,32
5004,5004,73,119,120,12
5005,5005,148,132,132,8
5006,5006,3,86,92,43
5007,5007,30,152,154,68
5008,5008,90,51,54,32
5009,5009,150,156,157,9
5010,5010,144,154,156,21
5011,5011,23,176,177,24
5012,5012,147,136,138,19
5013,5013,80,90,90,16
5014,5014,17,131,132,11
5015,5015,33,107,111,32
5016,5016,11,116,119,24
5017,5017,27,105,106,36
5018,5018,129,122,126,35
5019,5019,51,624,625,22
5020,5020,117,82,83,19
5021,5021,98,140,140,9
5022,5022,27,106,107,30
5023,5023,42,165,168,26
5024,5024,49,775,775,12
5025,5025,100,50,51,17
5026,5026,111,144,145,30
5027,5027,95,125,126,31
5028,5028,69,53,56,29
5029,5029,48,1199,1202,24
5030,5030,137,113,114,15
5031,5031,70,109,110,21
5032,5032,137,114,118,45
5033,5033,27,107,108,21
5034,5034,92,134,135,10
5035,5035,12,59,60,19
5036,5036,109,1114,1118,39
5037,5037,70,110,115,39
5038,5038,38,71,72,10
5039,5039,52,785,785,12
5040,5040,150,157,162,41
5041,5041,40,97,100,36
5042,5042,107,1195,1201,44
5043,5043,127,35,36,22
5044,5044,25,202,202,10
5045,5045,134,101,104,30
5046,5046,111,145,145,21
5047,5047,106,761,761,11
5048,5048,108,2255,2260,54
5049,5049,49,775,776,15
5050,5050,64,134,135,15
5051,5051,102,1095,1095,12
5052,5052,54,252,252,5
5053,5053,144,156,156,17
5054,5054,23,177,177,13
5055,5055,147,138,138,6
5056,5056,80,90,91,12
5057,5057,100,51,53,21
5058,5058,114,190,194,36
5059,5059,104,486,488,52
5060,5060,22,130,130,2
5061,5061,28,58,59,17
5062,5062,63,144,144,26
5063,5063,68,208,209,25
5064,5064,1,53,53,8
5065,5065,131,84,84,9
5066,5066,78,106,109,38
5067,5067,71,62,62,26
5068,5068,121,65,71,57
5069,5069,83,199,199,12
5070,5070,40,100,100,7
5071,5071,59,65,66,13
5072,5072,123,109,110,13
5073,5073,129,126,126,12
5074,5074,131,84,84,8
5075,5075,83,199,201,27
5076,5076,118,107,107,14
5077,5077,132,205,205,19
5078,5078,85,73,74,36
5079,5079,130,139,140,30
5080,5080,36,190,190,5
5081,5081,95,126,126,4
5082,5082,128,66,68,65
5083,5083,84,159,161,51
5084,5084,124,98,101,28
5085,5085,129,126,126,7
5086,5086,80,91,94,22
5087,5087,59,66,66,6
5088,5088,65,117,118,17
5089,5089,136,176,176,22
5090,5090,48,1202,1203,16
5091,5091,25,202,204,20
5092,5092,136,176,181,39
5093,5093,45,66,68,18
5094,5094,49,776,776,10
5095,5095,19,76,76,14
5096,5096,41,48,53,48
5097,5097,9,67,68,12
5098,5098,97,174,174,15
5099,5099,24,184,186,27
5100,5100,17,132,134,23
5101,5101,38,72,73,11
5102,5102,54,252,253,33
5103,5103,92,135,136,24
5104,5104,100,53,56,25
5105,5105,45,68,68,6
5106,5106,146,90,90,13
5107,5107,16,43,45,38
5108,5108,147,138,144,43
5109,5109,123,110,110,19
5110,5110,69,56,57,19
5111,5111,52,785,786,12
5112,5112,150,162,164,49
5113,5113,40,100,102,37
5114,5114,107,1201,1203,51
5115,5115,127,36,38,16
5116,5116,20,185,185,11
5117,5117,77,129,133,33
5118,5118,131,84,85,17
5119,5119,49,776,776,5
5120,5120,117,83,83,8
5121,5121,91,85,86,29
5122,5122,77,133,136,35
5123,5123,71,62,63,25
5124,5124,46,1595,1596,12
5125,5125,18,114,116,29
5126,5126,18,116,116,15
5127,5127,101,1755,1755,15
5128,5128,100,56,56,5
5129,5129,89,61,63,16
5130,5130,23,177,179,29
5131,5131,138,109,111,20
5132,5132,24,186,187,38
5133,5133,150,164,165,15
5134,5134,7,80,80,10
5135,5135,40,102,105,42
5136,5136,120,83,91,63
5137,5137,136,181,188,54
5138,5138,6,81,81,11
5139,5139,143,140,141,12
5140,5140,11,119,123,38
5141,5141,96,119,122,32
5142,5142,22,130,131,11
5143,5143,142,18,18,10
5144,5144,58,102,103,10
5145,5145,146,90,92,21
5146,5146,98,140,144,36
5147,5147,85,74,74,11
5148,5148,69,57,57,7
5149,5149,57,66,67,18
5150,5150,86,75,76,18
5151,5151,150,165,165,10
5152,5152,15,20,21,16
5153,5153,140,49,49,8
5154,5154,37,95,96,15
5155,5155,97,174,174,20
5156,5156,41,53,58,43
5157,5157,121,71,72,21
5158,5158,52,786,786,6
5159,5159,81,98,101,29
5160,5160,78,109,109,19
5161,5161,137,118,122,35
5162,5162,64,135,136,7
5163,5163,6,81,83,21
5164,5164,32,114,114,28
5165,5165,20,185,188,27
5166,5166,106,761,764,45
5167,5167,97,174,179,57
5168,5168,46,1596,1598,19
5169,5169,148,132,133,14
5170,5170,3,92,94,49
5171,5171,30,154,161,67
5172,5172,90,54,56,31
5173,5173,150,165,166,13
5174,5174,123,110,111,10
5175,5175,43,179,181,30
5176,5176,122,198,199,23
5177,5177,106,764,764,7
5178,5178,61,42,45,44
5179,5179,16,45,46,22
5180,5180,60,65,66,36
5181,5181,33,111,113,21
5182,5182,28,59,59,17
5183,5183,63,144,144,20
5184,5184,68,209,212,33
5185,5185,1,53,54,11
5186,5186,25,204,204,5
5187,5187,15,21,26,60
5188,5188,139,40,43,41
5189,5189,89,63,63,12
5190,5190,114,194,195,10
5191,5191,59,66,68,23
5192,5192,52,786,787,26
5193,5193,112,106,107,31
5194,5194,130,140,141,12
5195,5195,59,68,68,9
5196,5196,81,101,103,21
5197,5197,136,188,191,28
5198,5198,144,156,157,10
5199,5199,138,111,112,18
5200,5200,101,1755,1755,11
5201,5201,74,162,163,20
5202,5202,85,74,78,37
5203,5203,92,136,138,14
5204,5204,73,120,121,7
5205,5205,127,38,39,15
5206,5206,127,39,39,9
5207,5207,112,107,107,4
5208,5208,71,63,63,13
5209,5209,103,444,446,58
5210,5210,5,76,76,3
5211,5211,26,231,231,10
5212,5212,106,764,766,19
5213,5213,117,83,83,15
5214,5214,36,190,190,5
5215,5215,4,52,56,33
5216,5216,39,80,81,12
5217,5217,104,488,492,28
5218,5218,65,118,118,7
5219,5219,83,201,205,38
5220,5220,118,107,107,20
5221,5221,49,776,776,4
5222,5222,80,94,95,22
5223,5223,43,181,181,22
5224,5224,109,1118,1120,58
5225,5225,29,96,96,11
5226,5226,136,191,193,32
5227,5227,91,86,86,18
5228,5228,58,103,103,5
5229,5229,146,92,95,25
5230,5230,98,144,145,43
5231,5231,52,787,788,14
5232,5232,39,81,81,11
5233,5233,5,76,76,11
5234,5234,80,95,97,60
5235,5235,13,160,164,29
5236,5236,10,116,117,11
5237,5237,67,98,100,19
5238,5238,108,2260,2260,19
5239,5239,89,63,63,7
5240,5240,123,111,112,10
5241,5241,40,105,106,37
5242,5242,120,91,95,57
5243,5243,136,193,196,54
5244,5244,6,83,83,5
5245,5245,85,78,79,12
5246,5246,132,205,206,20
5247,5247,18,116,119,24
5248,5248,89,63,63,20
5249,5249,32,114,118,48
5250,5250,56,61,62,18
5251,5251,22,131,134,62
5252,5252,24,187,188,10
5253,5253,140,49,49,16
5254,5254,76,87,94,53
5255,5255,134,104,106,48
5256,5256,122,199,200,11
5257,5257,35,65,66,23
5258,5258,109,1120,1120,11
5259,5259,59,68,68,8
5260,5260,61,45,47,27
5261,5261,99,104,111,50
5262,5262,64,136,137,16
5263,5263,48,1203,1203,17
5264,5264,61,47,48,11
5265,5265,25,204,204,21
5266,5266,41,58,62,37
5267,5267,108,2260,2261,31
5268,5268,129,126,132,50
5269,5269,119,106,109,26
5270,5270,85,79,79,7
5271,5271,51,625,627,28
5272,5272,97,179,180,29
5273,5273,150,166,166,8
5274,5274,74,163,163,8
5275,5275,148,133,138,54
5276,5276,4,56,56,15
5277,5277,78,109,110,12
5278,5278,125,152,153,13
5279,5279,86,76,78,31
5280,5280,6,83,85,16
5281,5281,13,164,164,9
5282,5282,149,63,63,5
5283,5283,66,164,169,58
5284,5284,28,59,61,43
5285,5285,53,551,552,22
5286,5286,141,44,44,10
5287,5287,127,39,40,23
5288,5288,110,130,133,46
5289,5289,81,103,103,4
5290,5290,146,95,96,12
5291,5291,24,188,189,14
5292,5292,50,185,185,26
5293,5293,85,79,81,29
5294,5294,123,112,114,22
5295,5295,21,83,84,21
5296,5296,37,96,98,16
5297,5297,130,141,141,4
5298,5298,89,63,64,9
5299,5299,150,166,170,35
5300,5300,139,43,44,35
5301,5301,56,62,64,31
5302,5302,99,111,111,10
5303,5303,130,141,141,12
5304,5304,96,122,122,30
5305,5305,75,67,71,48
5306,5306,131,85,91,50
5307,5307,150,170,170,11
5308,5308,40,106,107,18
5309,5309,44,138,142,40
5310,5310,17,134,134,13
5311,5311,31,107,109,24
5312,5312,4,56,56,20
5313,5313,73,121,123,20
5314,5314,58,103,103,18
5315,5315,122,200,203,31
5316,5316,27,108,110,20
5317,5317,27,110,110,6
5318,5318,150,170,170,2
5319,5319,125,153,158,39
5320,5320,81,103,106,31
5321,5321,92,138,138,13
5322,5322,36,190,194,31
5323,5323,95,126,126,22
5324,5324,86,78,78,10
5325,5325,19,76,79,24
5326,5326,41,62,65,55
5327,5327,84,161,161,9
5328,5328,130,141,142,8
5329,5329,83,205,205,7
5330,5330,122,203,203,17
5331,5331,120,95,96,32
5332,5332,112,107,108,11
5333,5333,35,66,66,6
5334,5334,11,123,124,27
5335,5335,22,134,138,52
5336,5336,126,137,137,13
5337,5337,24,189,189,19
5338,5338,128,68,71,27
5339,5339,34,82,83,21
5340,5340,13,164,164,9
5341,5341,67,100,102,18
5342,5342,14,113,113,8
5343,5343,73,123,124,24
5344,5344,131,91,92,28
5345,5345,110,133,135,27
5346,5346,58,103,104,11
5347,5347,97,180,184,36
5348,5348,92,138,141,54
5349,5349,150,170,170,8
5350,5350,18,119,119,12
5351,5351,82,128,128,10
5352,5352,128,71,75,33
5353,5353,51,627,628,54
5354,5354,143,141,142,18
5355,5355,12,60,60,11
5356,5356,14,113,119,62
5357,5357,31,109,109,23
5358,5358,40,107,107,15
5359,5359,96,122,127,47
5360,5360,55,877,877,6
5361,5361,45,68,69,16
5362,5362,46,1598,1600,21
5363,5363,36,194,197,26
5364,5364,117,83,85,21
5365,5365,54,253,253,6
5366,5366,102,1095,1098,23
5367,5367,25,204,206,23
5368,5368,52,788,789,12
5369,5369,81,106,109,27
5370,5370,78,110,113,26
5371,5371,137,122,125,35
5372,5372,64,137,138,19
5373,5373,113,102,103,9
5374,5374,5,76,76,24
5375,5375,9,68,68,1
5376,5376,84,161,161,5
5377,5377,1,54,55,16
5378,5378,42,168,169,27
5379,5379,49,776,782,50
5380,5380,68,212,212,17
5381,5381,76,94,94,6
5382,5382,89,64,66,34
5383,5383,65,118,119,16
5384,5384,142,18,20,17
5385,5385,119,109,110,17
5386,5386,75,71,72,13
5387,5387,141,44,44,16
5388,5388,104,492,492,7
5389,5389,17,134,135,13
5390,5390,88,153,161,57
5391,5391,148,138,138,12
5392,5392,86,78,78,4
5393,5393,102,1098,1100,33
5394,5394,63,144,145,15
5395,5395,119,110,110,13
5396,5396,127,40,40,13
5397,5397,107,1203,1204,9
5398,5398,95,126,127,14
5399,5399,78,113,116,23
5400,5400,71,63,64,13
5401,5401,89,66,66,22
5402,5402,128,75,77,33
5403,5403,141,44,46,24
5404,5404,54,253,257,40
5405,5405,133,117,117,1
5406,5406,116,124,124,16
5407,5407,131,92,92,8
5408,5408,98,145,146,24
5409,5409,60,66,69,27
5410,5410,74,163,167,34
5411,5411,54,257,259,21
5412,5412,6,85,85,6
5413,5413,100,56,57,17
5414,5414,39,81,82,21
5415,5415,73,124,127,22
5416,5416,69,57,58,13
5417,5417,24,189,190,17
5418,5418,128,77,79,36
5419,5419,144,157,157,18
5420,5420,13,164,165,15
5421,5421,67,102,102,17
5422,5422,142,20,22,24
5423,5423,119,110,113,27
5424,5424,7,80,82,25
5425,5425,48,1203,1204,14
5426,5426,104,492,492,7
5427,5427,61,48,48,2
5428,5428,88,161,163,19
5429,5429,28,61,62,16
5430,5430,48,1204,1204,9
5431,5431,44,142,142,8
5432,5432,64,138,140,19
5433,5433,59,68,68,7
5434,5434,36,197,197,17
5435,5435,68,212,216,35
5436,5436,150,170,173,28
5437,5437,139,44,45,11
5438,5438,47,285,286,9
5439,5439,71,64,65,23
5440,5440,14,119,123,36
5441,5441,57,67,70,26
5442,5442,78,116,119,36
5443,5443,64,140,140,10
5444,5444,83,205,205,6
5445,5445,39,82,82,8
5446,5446,5,76,77,16
5447,5447,80,97,104,58
5448,5448,13,165,168,30
5449,5449,10,117,119,14
5450,5450,7,82,84,17
5451,5451,129,132,134,53
5452,5452,59,68,70,24
5453,5453,24,190,192,41
5454,5454,80,104,104,8
5455,5455,22,138,138,5
5456,5456,132,206,207,22
5457,5457,95,127,129,22
5458,5458,85,81,83,19
5459,5459,10,119,119,4
5460,5460,32,118,118,8
5461,5461,128,79,80,25
5462,5462,143,142,145,28
5463,5463,4,56,57,8
5464,5464,147,144,144,16
5465,5465,121,72,74,22
5466,5466,148,138,140,28
5467,5467,60,69,69,24
5468,5468,93,68,73,39
5469,5469,124,101,102,13
5470,5470,138,112,112,14
5471,5471,117,85,87,21
5472,5472,123,114,120,61
5473,5473,97,184,185,9
5474,5474,45,69,70,8
5475,5475,39,82,82,10
5476,5476,5,77,78,15
5477,5477,80,104,108,57
5478,5478,13,168,169,24
5479,5479,10,119,119,9
5480,5480,91,86,86,10
5481,5481,3,94,99,37
5482,5482,64,140,140,6
5483,5483,77,136,137,11
5484,5484,25,206,206,20
5485,5485,2,61,66,45
5486,5486,139,45,47,21
5487,5487,48,1204,1205,16
5488,5488,131,92,93,9
5489,5489,64,140,144,37
5490,5490,38,73,74,46
5491,5491,149,63,63,8
5492,5492,108,2261,2261,11
5493,5493,82,128,129,17
5494,5494,126,137,138,24
5495,5495,56,64,64,13
5496,5496,106,766,770,36
5497,5497,69,58,58,12
5498,5498,44,142,142,1
5499,5499,64,144,146,27
5500,5500,59,70,70,7
5501,5501,8,74,75,12
5502,5502,27,110,110,21
5503,5503,34,83,84,15
5504,5504,126,138,144,46
5505,5505,62,82,83,18
5506,5506,97,185,186,17
5507,5507,104,492,495,27
5508,5508,121,74,75,37
5509,5509,100,57,58,14
5510,5510,73,127,127,12
5511,5511,102,1100,1100,5
5512,5512,104,495,495,2
5513,5513,69,58,58,2
5514,5514,57,70,70,21
5515,5515,86,78,81,26
5516,5516,150,173,174,12
5517,5517,15,26,26,11
5518,5518,132,207,208,12
5519,5519,85,83,85,43
5520,5520,130,142,145,29
5521,5521,36,197,197,11
5522,5522,98,146,146,3
5523,5523,27,110,115,36
5524,5524,42,169,170,26
5525,5525,49,782,783,16
5526,5526,44,142,142,5
5527,5527,2,66,71,38
5528,5528,129,134,136,32
5529,5529,21,84,84,9
5530,5530,134,106,107,15
5531,5531,124,102,104,23
5532,5532,14,123,127,29
5533,5533,143,145,149,70
5534,5534,26,231,232,16
5535,5535,135,168,169,10
5536,5536,125,158,158,15
5537,5537,79,20,23,21
5538,5538,10,119,122,41
5539,5539,128,80,81,21
5540,5540,78,119,119,10
5541,5541,127,40,40,15
5542,5542,127,40,40,5
5543,5543,3,99,99,5
5544,5544,137,125,125,5
5545,5545,109,1120,1124,52
5546,5546,11,124,129,35
5547,5547,35,66,66,5
5548,5548,117,87,89,19
5549,5549,123,120,122,64
5550,5550,97,186,186,21
5551,5551,102,1100,1100,9
5552,5552,97,186,187,15
5553,5553,24,192,194,29
5554,5554,17,135,137,18
5555,5555,107,1204,1205,8
5556,5556,54,259,261,40
5557,5557,92,141,142,21
5558,5558,100,58,58,25
5559,5559,150,174,174,9
5560,5560,125,158,160,34
5561,5561,81,109,113,43
5562,5562,92,142,145,26
5563,5563,36,197,197,23
5564,5564,95,129,132,30
5565,5565,62,83,83,11
5566,5566,78,119,121,30
5567,5567,50,185,185,1
5568,5568,59,70,71,13
5569,5569,133,117,117,25
5570,5570,93,73,75,29
5571,5571,100,58,58,11
5572,5572,114,195,196,38
5573,5573,104,495,497,49
5574,5574,22,138,138,15
5575,5575,86,81,81,5
5576,5576,102,1100,1101,32
5577,5577,63,145,147,16
5578,5578,22,138,139,18
5579,5579,127,40,40,3
5580,5580,103,446,446,4
5581,5581,138,112,112,12
5582,5582,108,2261,2262,20
5583,5583,129,136,139,31
5584,5584,17,137,137,4
5585,5585,95,132,132,14
5586,5586,72,83,86,23
5587,5587,46,1600,1602,18
5588,5588,13,169,175,48
5589,5589,136,196,196,24
5590,5590,116,124,127,28
5591,5591,75,72,73,8
5592,5592,149,63,68,41
5593,5593,19,79,79,7
5594,5594,73,127,128,11
5595,5595,32,118,125,62
5596,5596,62,83,85,17
5597,5597,21,84,84,1
5598,5598,97,187,188,25
5599,5599,32,125,127,25
5600,5600,72,86,86,11
5601,5601,17,137,138,20
5602,5602,88,163,165,58
5603,5603,148,140,142,19
5604,5604,112,108,108,1
5605,5605,136,196,204,63
5606,5606,34,84,84,17
5607,5607,4,57,59,15
5608,5608,38,74,76,29
5609,5609,51,628,632,41
5610,5610,80,108,113,45
5611,5611,140,49,51,21
5612,5612,48,1205,1205,9
5613,5613,42,170,170,14
5614,5614,83,205,207,29
5615,5615,118,107,109,22
5616,5616,51,632,632,6
5617,5617,30,161,163,22
5618,5618,144,157,158,24
5619,5619,33,113,113,11
5620,5620,22,139,140,16
5621,5621,75,73,73,9
5622,5622,124,104,104,7
5623,5623,140,51,51,5
5624,5624,25,206,207,9
5625,5625,58,104,111,58
5626,5626,140,51,51,11
5627,5627,89,66,67,10
5628,5628,146,96,98,62
5629,5629,102,1101,1103,37
5630,5630,131,93,94,24
5631,5631,92,145,146,13
5632,5632,50,185,186,16
5633,5633,67,102,102,6
5634,5634,108,2262,2262,12
5635,5635,89,67,67,3
5636,5636,74,167,168,10
5637,5637,51,632,634,26
5638,5638,48,1205,1205,6
5639,5639,97,188,189,15
5640,5640,104,497,498,32
5641,5641,121,75,78,34
5642,5642,100,58,58,11
5643,5643,103,446,446,4
5644,5644,100,58,60,22
5645,5645,95,132,133,16
5646,5646,73,128,131,23
5647,5647,69,58,60,22
5648,5648,85,85,85,2
5649,5649,51,634,636,29
5650,5650,97,189,193,33
5651,5651,150,174,174,5
5652,5652,13,175,175,12
5653,5653,129,139,139,6
5654,5654,31,109,113,32
5655,5655,70,115,118,25
5656,5656,13,175,176,20
5657,5657,144,158,159,26
5658,5658,93,75,77,24
5659,5659,71,65,66,10
5660,5660,89,67,69,23
5661,5661,102,1103,1104,30
5662,5662,119,113,113,14
5663,5663,54,261,263,41
5664,5664,33,113,114,11
5665,5665,96,127,127,7
5666,5666,34,84,85,14
5667,5667,145,185,191,44
5668,5668,46,1602,1605,35
5669,5669,91,86,86,9
5670,5670,8,75,75,5
5671,5671,127,40,43,26
5672,5672,110,135,139,42
5673,5673,81,113,113,6
5674,5674,135,169,170,10
5675,5675,73,131,133,17
5676,5676,132,208,213,42
5677,5677,83,207,209,40
5678,5678,15,26,26,9
5679,5679,85,85,85,1
5680,5680,51,636,639,25
5681,5681,97,193,198,39
5682,5682,150,174,174,5
5683,5683,131,94,94,14
5684,5684,123,122,122,12
5685,5685,101,1755,1755,5
5686,5686,129,139,140,12
5687,5687,7,84,84,5
5688,5688,47,286,286,15
5689,5689,69,60,61,11
5690,5690,11,129,131,37
5691,5691,22,140,145,59
5692,5692,126,144,144,17
5693,5693,103,446,447,13
5694,5694,138,112,113,20
5695,5695,108,2262,2263,12
5696,5696,64,146,150,36
5697,5697,17,138,138,4
5698,5698,6,85,85,10
5699,5699,32,127,128,25
5700,5700,20,188,190,20
5701,5701,106,770,771,40
5702,5702,51,639,640,51
5703,5703,46,1605,1605,11
5704,5704,18,119,120,16
5705,5705,82,129,129,9
5706,5706,128,81,82,29
5707,5707,51,640,644,51
5708,5708,143,149,151,22
5709,5709,123,122,122,14
5710,5710,94,191,193,20
5711,5711,125,160,160,16
5712,5712,95,133,134,8
5713,5713,103,447,454,60
5714,5714,52,789,790,22
5715,5715,101,1755,1757,24
5716,5716,20,190,191,14
5717,5717,44,142,146,40
5718,5718,131,94,94,13
5719,5719,49,783,784,13
5720,5720,80,113,116,27
5721,5721,94,193,193,31
5722,5722,119,113,115,61
5723,5723,29,96,96,16
5724,5724,136,204,206,37
5725,5725,91,86,86,16
5726,5726,52,790,790,8
5727,5727,81,113,115,25
5728,5728,78,121,122,28
5729,5729,137,125,128,44
5730,5730,64,150,150,11
5731,5731,67,102,104,19
5732,5732,67,104,108,44
5733,5733,92,146,147,12
5734,5734,13,176,176,13
5735,5735,131,94,95,16
5736,5736,78,122,126,42
5737,5737,60,69,71,38
5738,5738,121,78,84,53
5739,5739,83,209,210,8
5740,5740,99,111,111,8
5741,5741,39,82,86,44
5742,5742,27,115,115,8
5743,5743,74,168,168,11
5744,5744,118,109,113,62
5745,5745,42,170,173,30
5746,5746,81,115,116,26
5747,5747,138,113,113,15
5748,5748,65,119,122,22
5749,5749,74,168,170,21
5750,5750,140,51,52,26
5751,5751,8,75,78,22
5752,5752,78,126,126,5
5753,5753,103,454,460,56
5754,5754,52,790,790,13
5755,5755,101,1757,1758,19
5756,5756,44,146,146,4
5757,5757,64,150,151,14
5758,5758,59,71,71,8
5759,5759,67,108,108,9
5760,5760,105,502,502,12
5761,5761,85,85,86,17
5762,5762,5,78,78,9
5763,5763,41,65,69,33
5764,5764,144,159,159,9
5765,5765,59,71,72,15
5766,5766,94,193,194,18
5767,5767,78,126,126,8
5768,5768,127,43,44,15
5769,5769,127,44,44,13
5770,5770,104,498,498,1
5771,5771,51,644,644,7
5772,5772,30,163,164,13
5773,5773,144,159,162,22
5774,5774,33,114,116,23
5775,5775,22,145,146,14
5776,5776,130,145,145,1
5777,5777,126,144,145,17
5778,5778,129,140,141,15
5779,5779,86,81,81,15
5780,5780,93,77,78,28
5781,5781,41,69,74,45
5782,5782,84,161,162,10
5783,5783,67,108,109,9
5784,5784,19,79,79,10
5785,5785,41,74,75,46
5786,5786,9,68,68,19
5787,5787,91,86,86,9
5788,5788,3,99,102,39
5789,5789,64,151,152,17
5790,5790,137,128,128,6
5791,5791,70,118,119,22
5792,5792,137,128,130,37
5793,5793,27,115,116,18
5794,5794,74,170,170,11
5795,5795,109,1124,1125,13
5796,5796,67,109,111,49
5797,5797,125,160,161,16
5798,5798,105,502,502,16
5799,5799,129,141,141,14
5800,5800,66,169,169,6
5801,5801,17,138,138,11
5802,5802,143,151,157,44
5803,5803,39,86,88,33
5804,5804,124,104,105,16
5805,5805,129,141,141,6
5806,5806,2,71,71,14
5807,5807,99,111,112,20
5808,5808,113,103,105,16
5809,5809,94,194,196,19
5810,5810,38,76,78,27
5811,5811,87,61,62,10
5812,5812,88,165,165,9
5813,5813,108,2263,2269,62
5814,5814,31,113,114,17
5815,5815,109,1125,1127,26
5816,5816,16,46,46,9
5817,5817,95,134,134,8
5818,5818,11,131,132,15
5819,5819,106,771,777,55
5820,5820,21,84,85,8
5821,5821,18,120,120,5
5822,5822,47,286,288,37
5823,5823,106,777,778,49
5824,5824,99,112,114,25
5825,5825,99,114,115,20
5826,5826,20,191,192,12
5827,5827,64,152,156,40
5828,5828,55,877,878,13
5829,5829,58,111,113,50
5830,5830,32,128,130,25
5831,5831,35,66,66,2
5832,5832,28,62,62,17
5833,5833,88,165,170,44
5834,5834,56,64,65,15
5835,5835,123,122,122,7
5836,5836,43,181,183,37
5837,5837,122,203,204,22
5838,5838,124,105,105,3
5839,5839,82,129,134,58
5840,5840,59,72,74,23
5841,5841,23,179,179,13
5842,5842,95,134,134,9
5843,5843,128,82,87,56
5844,5844,84,162,163,58
5845,5845,124,105,106,39
5846,5846,129,141,141,7
5847,5847,80,116,118,19
5848,5848,131,95,95,1
5849,5849,47,288,289,38
5850,5850,26,232,233,13
5851,5851,130,145,145,14
5852,5852,7,84,84,17
5853,5853,141,46,46,3
5854,5854,58,113,113,4
5855,5855,97,198,199,32
5856,5856,92,147,149,55
5857,5857,150,174,175,14
5858,5858,140,52,53,11
5859,5859,76,94,98,49
5860,5860,134,107,109,52
5861,5861,61,48,49,15
5862,5862,35,66,67,31
5863,5863,109,1127,1128,17
5864,5864,18,120,121,11
5865,5865,47,289,290,36
5866,5866,106,778,785,52
5867,5867,99,115,116,29
5868,5868,99,116,119,26
5869,5869,137,130,130,6
5870,5870,35,67,68,15
5871,5871,89,69,72,45
5872,5872,68,216,217,21
5873,5873,3,102,103,10
5874,5874,37,98,98,9
5875,5875,12,60,61,18
5876,5876,114,196,201,38
5877,5877,35,68,69,12
5878,5878,9,68,68,11
5879,5879,43,183,184,24
5880,5880,120,96,98,19
5881,5881,64,156,156,4
5882,5882,91,86,87,13
5883,5883,3,103,106,37
5884,5884,64,156,157,15
5885,5885,28,62,62,17
5886,5886,99,119,121,17
5887,5887,35,69,72,57
5888,5888,58,113,114,22
5889,5889,74,170,170,11
5890,5890,51,644,647,31
5891,5891,48,1205,1205,9
5892,5892,85,86,87,13
5893,5893,132,213,214,23
5894,5894,18,121,122,25
5895,5895,135,170,171,24
5896,5896,147,144,148,41
5897,5897,70,119,124,43
5898,5898,150,175,179,44
5899,5899,69,61,62,22
5900,5900,100,60,61,10
5901,5901,116,127,129,21
5902,5902,48,1205,1206,10
5903,5903,38,78,78,19
5904,5904,47,290,290,7
5905,5905,44,146,146,5
5906,5906,127,44,44,13
5907,5907,74,170,170,22
5908,5908,56,65,68,22
5909,5909,8,78,79,29
5910,5910,150,179,181,27
5911,5911,106,785,785,16
5912,5912,108,2269,2275,49
5913,5913,49,784,785,18
5914,5914,64,157,157,12
5915,5915,102,1104,1105,20
5916,5916,54,263,263,9
5917,5917,113,105,105,12
5918,5918,6,85,92,48
5919,5919,106,785,787,45
5920,5920,67,111,112,39
5921,5921,61,49,50,16
5922,5922,21,85,85,2
5923,5923,31,114,116,20
5924,5924,32,130,130,21
5925,5925,72,86,87,10
5926,5926,42,173,173,3
5927,5927,110,139,146,51
5928,5928,81,116,117,22
5929,5929,72,87,87,4
5930,5930,92,149,149,5
5931,5931,80,118,122,29
5932,5932,5,78,78,12
5933,5933,33,116,116,4
5934,5934,37,98,99,14
5935,5935,91,87,89,18
5936,5936,114,201,204,48
5937,5937,35,72,73,17
5938,5938,58,114,114,8
5939,5939,97,199,202,40
5940,5940,35,73,73,17
5941,5941,56,68,71,35
5942,5942,83,210,210,6
5943,5943,147,148,148,6
5944,5944,97,202,205,61
5945,5945,13,176,178,43
5946,5946,81,117,121,35
5947,5947,147,148,149,33
5948,5948,130,145,145,10
5949,5949,73,133,135,20
5950,5950,121,84,86,21
5951,5951,96,127,130,35
5952,5952,99,121,122,19
5953,5953,99,122,123,12
5954,5954,144,162,163,13
5955,5955,119,115,118,25
5956,5956,101,1758,1758,14
5957,5957,103,460,462,20
5958,5958,124,106,110,34
5959,5959,92,149,150,13
5960,5960,122,204,204,15
5961,5961,38,78,79,16
5962,5962,36,197,201,48
5963,5963,31,116,119,45
5964,5964,91,89,90,20
5965,5965,65,122,123,21
5966,5966,74,170,172,23
5967,5967,140,53,53,17
5968,5968,8,79,82,23
5969,5969,44,146,146,6
5970,5970,127,44,44,10
5971,5971,74,172,173,21
5972,5972,56,71,72,25
5973,5973,8,82,83,32
5974,5974,121,86,87,23
5975,5975,134,109,109,10
5976,5976,74,173,176,39
5977,5977,20,192,198,61
5978,5978,137,130,133,29
5979,5979,137,133,133,10
5980,5980,83,210,210,13
5981,5981,88,170,170,2
5982,5982,90,56,59,36
5983,5983,22,146,146,15
5984,5984,38,79,79,7
5985,5985,66,169,169,3
5986,5986,116,129,130,36
5987,5987,11,132,134,20
5988,5988,77,137,145,62
5989,5989,59,74,78,34
5990,5990,47,290,293,24
5991,5991,94,196,196,7
5992,5992,39,88,89,12
5993,5993,5,78,80,16
5994,5994,80,122,124,54
5995,5995,13,178,179,32
5996,5996,125,161,161,5
5997,5997,85,87,88,14
5998,5998,51,647,648,27
5999,5999,94,196,199,39
6000,6000,150,181,181,3
6001,6001,78,126,127,15
6002,6002,127,44,45,10
6003,6003,127,45,45,7
6004,6004,3,106,106,1
6005,6005,128,87,87,14
6006,6006,130,145,148,40
6007,6007,75,73,73,14
6008,6008,54,263,263,10
6009,6009,148,142,145,57
6010,6010,78,127,132,42
6011,6011,2,71,71,12
6012,6012,43,184,184,9
6013,6013,74,176,180,54
6014,6014,72,87,87,15
6015,6015,139,47,48,19
6016,6016,95,134,136,16
6017,6017,73,135,135,11
6018,6018,142,22,25,40
6019,6019,141,46,47,27
6020,6020,9,68,69,17
6021,6021,40,107,108,11
6022,6022,44,146,151,47
6023,6023,17,138,140,25
6024,6024,31,119,122,28
6025,6025,4,59,59,9
6026,6026,33,116,117,12
6027,6027,147,149,153,46
6028,6028,103,462,462,8
6029,6029,78,132,135,30
6030,6030,35,73,74,9
6031,6031,78,135,136,12
6032,6032,39,89,92,45
6033,6033,1,55,55,8
6034,6034,36,201,202,11
6035,6035,16,46,49,31
6036,6036,107,1205,1208,52
6037,6037,11,134,136,19
6038,6038,123,122,123,20
6039,6039,7,84,85,13
6040,6040,61,50,51,27
6041,6041,40,108,109,16
6042,6042,59,78,79,16
6043,6043,80,124,125,15
6044,6044,146,98,99,15
6045,6045,55,878,879,12
6046,6046,22,146,147,16
6047,6047,108,2275,2275,16
6048,6048,122,204,204,8
6049,6049,60,71,73,48
6050,6050,8,83,84,36
6051,6051,91,90,91,55
6052,6052,24,194,195,17
6053,6053,128,87,87,2
6054,6054,130,148,154,44
6055,6055,116,130,131,28
6056,6056,85,88,88,22
6057,6057,144,163,164,12
6058,6058,55,879,882,40
6059,6059,70,124,131,50
6060,6060,62,85,86,16
6061,6061,115,71,71,4
6062,6062,62,86,88,23
6063,6063,54,263,263,17
6064,6064,54,263,264,13
6065,6065,5,80,84,37
6066,6066,106,787,790,26
6067,6067,30,164,168,45
6068,6068,42,173,174,35
6069,6069,112,108,109,23
6070,6070,115,71,71,4
6071,6071,85,88,91,26
6072,6072,98,146,149,29
6073,6073,13,179,181,16
6074,6074,102,1105,1106,20
6075,6075,106,790,793,25
6076,6076,135,171,172,16
6077,6077,15,26,26,2
6078,6078,80,125,127,17
6079,6079,94,199,202,32
6080,6080,109,1128,1134,60
6081,6081,29,96,97,21
6082,6082,136,206,209,33
6083,6083,91,91,91,9
6084,6084,86,81,81,9
6085,6085,93,78,80,21
6086,6086,41,75,78,46
6087,6087,84,163,165,22
6088,6088,27,116,116,5
6089,6089,135,172,175,25
6090,6090,77,145,148,49
6091,6091,70,131,136,42
6092,6092,98,149,152,40
6093,6093,23,179,180,19
6094,6094,35,74,74,6
6095,6095,50,186,188,39
6096,6096,1,55,57,31
6097,6097,5,84,84,5
6098,6098,49,785,785,6
6099,6099,98,152,152,9
6100,6100,27,116,118,33
6101,6101,42,174,175,24
6102,6102,49,785,787,21
6103,6103,140,53,53,7
6104,6104,41,78,80,34
6105,6105,142,25,30,43
6106,6106,97,205,205,8
6107,6107,54,264,264,8
6108,6108,102,1106,1107,27
6109,6109,25,207,209,28
6110,6110,85,91,92,22
6111,6111,65,123,124,25
6112,6112,87,62,65,47
6113,6113,89,72,75,48
6114,6114,113,105,107,23
6115,6115,115,71,75,30
6116,6116,105,502,503,13
6117,6117,116,131,134,34
6118,6118,108,2275,2275,9
6119,6119,125,161,162,10
6120,6120,102,1107,1107,12
6121,6121,104,498,498,2
6122,6122,23,180,181,11
6123,6123,121,87,88,14
6124,6124,48,1206,1208,64
6125,6125,95,136,143,60
6126,6126,129,141,142,25
6127,6127,146,99,101,19
6128,6128,119,118,118,12
6129,6129,117,89,89,16
6130,6130,13,181,186,58
6131,6131,97,205,206,9
6132,6132,45,70,70,6
6133,6133,18,122,122,6
6134,6134,47,293,294,44
6135,6135,106,793,795,51
6136,6136,99,123,125,22
6137,6137,99,125,125,22
6138,6138,115,75,76,9
6139,6139,85,92,95,30
6140,6140,98,152,154,29
6141,6141,13,186,187,17
6142,6142,102,1107,1107,13
6143,6143,106,795,797,23
6144,6144,135,175,175,17
6145,6145,97,206,207,11
6146,6146,128,87,93,60
6147,6147,84,165,167,60
6148,6148,124,110,112,39
6149,6149,129,142,143,16
6150,6150,80,127,128,21
6151,6151,4,59,59,2
6152,6152,61,51,51,15
6153,6153,119,118,119,15
6154,6154,11,136,136,9
6155,6155,9,69,69,13
6156,6156,121,88,93,41
6157,6157,94,202,202,15
6158,6158,67,112,113,19
6159,6159,22,147,150,28
6160,6160,100,61,61,5
6161,6161,119,119,120,19
6162,6162,43,184,186,46
6163,6163,145,191,193,21
6164,6164,2,71,71,10
6165,6165,48,1208,1209,19
6166,6166,128,93,96,35
6167,6167,144,164,164,16
6168,6168,13,187,189,16
6169,6169,67,113,114,9
6170,6170,143,157,159,14
6171,6171,100,61,62,45
6172,6172,73,135,135,13
6173,6173,83,210,212,18
6174,6174,109,1134,1134,12
6175,6175,28,62,62,6
6176,6176,136,209,212,53
6177,6177,34,85,85,17
6178,6178,52,790,792,18
6179,6179,40,109,110,18
6180,6180,65,124,125,38
6181,6181,46,1605,1606,25
6182,6182,55,882,882,11
6183,6183,123,123,124,12
6184,6184,67,114,114,7
6185,6185,108,2275,2275,15
6186,6186,89,75,75,6
6187,6187,47,294,294,8
6188,6188,148,145,145,10
6189,6189,110,146,146,8
6190,6190,61,51,52,16
6191,6191,121,93,94,18
6192,6192,132,214,214,10
6193,6193,126,145,149,32
6194,6194,133,117,117,9
6195,6195,25,209,209,6
6196,6196,9,69,73,33
6197,6197,25,209,212,50
6198,6198,18,122,123,11
6199,6199,138,113,114,14
6200,6200,45,70,71,15
6201,6201,35,74,75,21
6202,6202,30,168,172,33
6203,6203,82,134,139,67
6204,6204,119,120,121,9
6205,6205,56,72,72,5
6206,6206,134,109,110,33
6207,6207,111,145,146,27
6208,6208,7,85,86,15
6209,6209,129,143,146,59
6210,6210,59,79,82,33
6211,6211,24,195,199,37
6212,6212,80,128,128,8
6213,6213,5,84,84,7
6214,6214,117,89,89,8
6215,6215,119,121,121,7
6216,6216,20,198,198,13
6217,6217,44,151,155,30
6218,6218,131,95,96,13
6219,6219,2,71,71,2
6220,6220,79,23,23,9
6221,6221,40,110,111,47
6222,6222,119,121,122,15
6223,6223,114,204,204,1
6224,6224,123,124,130,49
6225,6225,71,66,69,50
6226,6226,143,159,160,15
6227,6227,33,117,117,7
6228,6228,127,45,45,13
6229,6229,91,91,92,21
6230,6230,52,792,793,8
6231,6231,39,92,93,49
6232,6232,40,111,112,30
6233,6233,107,1208,1211,49
6234,6234,127,45,45,13
6235,6235,49,787,787,6
6236,6236,86,81,82,16
6237,6237,91,92,93,36
6238,6238,77,148,152,37
6239,6239,71,69,70,12
6240,6240,4,59,60,13
6241,6241,38,79,81,25
6242,6242,112,109,111,50
6243,6243,80,128,133,50
6244,6244,145,193,195,20
6245,6245,48,1209,1211,20
6246,6246,44,155,155,3
6247,6247,67,114,115,13
6248,6248,98,154,154,2
6249,6249,14,127,129,14
6250,6250,13,189,190,17
6251,6251,144,164,165,11
6252,6252,40,112,112,3
6253,6253,58,114,119,41
6254,6254,137,133,134,14
6255,6255,111,146,147,20
6256,6256,125,162,169,63
6257,6257,10,122,123,10
6258,6258,113,107,107,2
6259,6259,10,123,124,16
6260,6260,116,134,137,23
6261,6261,65,125,127,52
6262,6262,139,48,48,3
6263,6263,5,84,84,5
6264,6264,102,1107,1107,7
6265,6265,104,498,499,9
6266,6266,140,53,54,12
6267,6267,127,45,45,19
6268,6268,105,503,503,7
6269,6269,68,217,217,19
6270,6270,3,106,108,16
6271,6271,106,797,797,1
6272,6272,2,71,72,13
6273,6273,99,125,127,17
6274,6274,113,107,107,5
6275,6275,94,202,203,20
6276,6276,38,81,82,31
6277,6277,87,65,66,13
6278,6278,150,181,181,11
6279,6279,77,152,158,66
6280,6280,131,96,96,13
6281,6281,8,84,84,11
6282,6282,2,72,74,22
6283,6283,34,85,85,13
6284,6284,19,79,82,58
6285,6285,124,112,112,12
6286,6286,78,136,137,13
6287,6287,36,202,207,42
6288,6288,19,82,84,22
6289,6289,7,86,88,23
6290,6290,83,212,214,22
6291,6291,26,233,237,50
6292,6292,24,199,199,14
6293,6293,132,214,214,1
6294,6294,138,114,116,21
6295,6295,143,160,160,7
6296,6296,147,153,156,27
6297,6297,71,70,72,20
6298,6298,143,160,160,6
6299,6299,26,237,241,48
6300,6300,98,154,154,1
6301,6301,53,552,553,13
6302,6302,50,188,189,45
6303,6303,91,93,93,6
6304,6304,100,62,62,8
6305,6305,104,499,501,19
6306,6306,53,553,553,8
6307,6307,85,95,96,17
6308,6308,12,61,63,16
6309,6309,147,156,160,34
6310,6310,70,136,140,30
6311,6311,72,87,88,28
6312,6312,130,154,154,22
6313,6313,128,96,98,33
6314,6314,144,165,166,17
6315,6315,13,190,191,17
6316,6316,67,115,115,14
6317,6317,49,787,787,10
6318,6318,49,787,788,9
6319,6319,126,149,149,11
6320,6320,5,84,86,17
6321,6321,97,207,207,3
6322,6322,24,199,200,23
6323,6323,17,140,143,26
6324,6324,107,1211,1212,10
6325,6325,54,264,266,34
6326,6326,132,214,216,20
6327,6327,100,62,63,23
6328,6328,35,75,76,10
6329,6329,11,136,137,27
6330,6330,22,150,156,53
6331,6331,126,149,150,14
6332,6332,89,75,76,20
6333,6333,146,101,102,13
6334,6334,26,241,241,14
6335,6335,11,137,138,14
6336,6336,109,1134,1135,16
6337,6337,71,72,73,12
6338,6338,58,119,119,8
6339,6339,21,85,85,27
6340,6340,64,157,159,24
6341,6341,132,216,219,51
6342,6342,146,102,102,12
6343,6343,122,204,204,4
6344,6344,60,73,78,55
6345,6345,8,84,87,29
6346,6346,91,93,100,54
6347,6347,24,200,200,14
6348,6348,38,82,84,14
6349,6349,20,198,201,28
6350,6350,81,121,122,41
6351,6351,13,191,193,25
6352,6352,23,181,184,45
6353,6353,32,130,130,18
6354,6354,77,158,159,13
6355,6355,24,200,201,23
6356,6356,90,59,66,50
6357,6357,139,48,49,16
6358,6358,48,1211,1212,11
6359,6359,44,155,155,5
6360,6360,127,45,46,9
6361,6361,17,143,144,29
6362,6362,56,72,74,26
6363,6363,8,87,89,36
6364,6364,30,172,174,27
6365,6365,32,130,130,8
6366,6366,2,74,76,25
6367,6367,128,98,99,21
6368,6368,44,155,155,16
6369,6369,32,130,131,17
6370,6370,68,217,222,53
6371,6371,135,175,178,48
6372,6372,93,80,81,14
6373,6373,61,52,53,16
6374,6374,45,71,71,7
6375,6375,142,30,30,12
6376,6376,41,80,80,8
6377,6377,55,882,886,36
6378,6378,20,201,201,18
6379,6379,130,154,154,12
6380,6380,98,154,156,45
6381,6381,30,174,177,24
6382,6382,22,156,157,24
6383,6383,42,175,175,12
6384,6384,131,96,96,10
6385,6385,91,100,104,41
6386,6386,26,241,241,6
6387,6387,52,793,794,11
6388,6388,40,112,114,30
6389,6389,65,127,130,42
6390,6390,46,1606,1608,24
6391,6391,55,886,887,11
6392,6392,140,54,54,7
6393,6393,49,788,789,11
6394,6394,23,184,185,20
6395,6395,50,189,197,67
6396,6396,142,30,32,44
6397,6397,124,112,113,19
6398,6398,67,115,116,22
6399,6399,120,98,100,53
6400,6400,92,150,151,21
6401,6401,13,193,193,8
6402,6402,12,63,65,15
6403,6403,3,108,108,7
6404,6404,74,180,181,32
6405,6405,63,147,147,10
6406,6406,36,207,208,8
6407,6407,7,88,88,14
6408,6408,129,146,149,59
6409,6409,135,178,182,32
6410,6410,24,201,203,41
6411,6411,27,118,119,14
6412,6412,39,93,93,5
6413,6413,5,86,86,16
6414,6414,80,133,139,51
6415,6415,13,193,197,32
6416,6416,10,124,124,6
6417,6417,18,123,124,20
6418,6418,90,66,69,37
6419,6419,118,113,114,26
6420,6420,149,68,68,12
6421,6421,18,124,124,13
6422,6422,24,203,203,24
6423,6423,120,100,102,23
6424,6424,64,159,159,4
6425,6425,18,124,124,9
6426,6426,97,207,212,56
6427,6427,116,137,140,38
6428,6428,105,503,503,22
6429,6429,72,88,90,24
6430,6430,50,197,199,19
6431,6431,139,49,49,1
6432,6432,5,86,86,9
6433,6433,117,89,89,10
6434,6434,119,122,122,5
6435,6435,86,82,82,19
6436,6436,93,81,82,31
6437,6437,41,80,86,47
6438,6438,84,167,168,12
6439,6439,27,119,121,15
6440,6440,123,130,131,9
6441,6441,94,203,204,21
6442,6442,125,169,169,14
6443,6443,9,73,75,20
6444,6444,121,94,97,41
6445,6445,94,204,205,21
6446,6446,67,116,118,25
6447,6447,107,1212,1213,31
6448,6448,28,62,62,2
6449,6449,31,122,122,7
6450,6450,54,266,268,25
6451,6451,12,65,65,11
6452,6452,5,86,86,8
6453,6453,46,1608,1609,16
6454,6454,18,124,126,32
6455,6455,18,126,127,10
6456,6456,101,1758,1759,18
6457,6457,100,63,63,4
6458,6458,40,114,114,3
6459,6459,76,98,100,20
6460,6460,140,54,54,4
6461,6461,39,93,93,8
6462,6462,61,53,53,24
6463,6463,40,114,117,55
6464,6464,93,82,83,15
6465,6465,42,175,177,22
6466,6466,59,82,84,27
6467,6467,125,169,170,15
6468,6468,110,146,146,15
6469,6469,101,1759,1760,36
6470,6470,68,222,228,62
6471,6471,79,23,24,12
6472,6472,127,46,46,4
6473,6473,66,169,171,23
6474,6474,75,73,76,25
6475,6475,83,214,214,10
6476,6476,122,204,204,13
6477,6477,149,68,68,14
6478,6478,102,1107,1108,8
6479,6479,62,88,89,19
6480,6480,138,116,116,23
6481,6481,35,76,77,11
6482,6482,13,197,198,14
6483,6483,75,76,76,6
6484,6484,65,130,130,5
6485,6485,5,86,87,22
6486,6486,123,131,133,17
6487,6487,116,140,141,32
6488,6488,67,118,119,14
6489,6489,28,62,63,15
6490,6490,63,147,149,19
6491,6491,68,228,232,34
6492,6492,1,57,59,20
6493,6493,71,73,74,17
6494,6494,103,462,470,60
6495,6495,74,181,181,4
6496,6496,130,154,154,12
6497,6497,133,117,119,31
6498,6498,98,156,159,27
6499,6499,3,108,108,3
6500,6500,17,144,144,5
6501,6501,25,212,212,15
6502,6502,110,146,150,56
6503,6503,7,88,89,15
6504,6504,134,110,110,4
6505,6505,74,181,186,41
6506,6506,20,201,208,69
6507,6507,137,134,135,27
6508,6508,83,214,215,13
6509,6509,132,219,220,14
6510,6510,7,89,89,6
6511,6511,26,241,244,61
6512,6512,14,129,129,10
6513,6513,18,127,127,17
6514,6514,47,294,295,34
6515,6515,106,797,798,50
6516,6516,99,127,128,20
6517,6517,71,74,75,21
6518,6518,134,110,111,16
6519,6519,114,204,205,14
6520,6520,149,68,70,27
6521,6521,46,1609,1609,7
6522,6522,27,121,121,2
6523,6523,107,1213,1213,4
6524,6524,50,199,201,29
6525,6525,11,138,140,21
6526,6526,46,1609,1610,13
6527,6527,12,65,67,30
6528,6528,35,77,77,10
6529,6529,81,122,124,20
6530,6530,130,154,157,59
6531,6531,37,99,100,26
6532,6532,72,90,90,11
6533,6533,38,84,91,49
6534,6534,92,151,152,10
6535,6535,86,82,84,20
6536,6536,87,66,70,51
6537,6537,21,85,85,19
6538,6538,38,91,91,15
6539,6539,20,208,212,31
6540,6540,81,124,125,46
6541,6541,13,198,198,24
6542,6542,23,185,188,45
6543,6543,32,131,133,17
6544,6544,133,119,120,15
6545,6545,122,204,207,23
6546,6546,84,168,168,18
6547,6547,94,205,205,15
6548,6548,144,166,167,15
6549,6549,23,188,190,22
6550,6550,147,160,161,17
6551,6551,121,97,98,18
6552,6552,35,77,78,15
6553,6553,30,177,180,27
6554,6554,82,139,144,67
6555,6555,119,122,123,14
6556,6556,86,84,84,9
6557,6557,93,83,84,23
6558,6558,41,86,88,43
6559,6559,84,168,169,19
6560,6560,27,121,121,5
6561,6561,135,182,183,18
6562,6562,73,135,135,7
6563,6563,104,501,503,32
6564,6564,83,215,219,39
6565,6565,15,26,26,5
6566,6566,43,186,187,11
6567,6567,65,130,131,25
6568,6568,7,89,90,41
6569,6569,144,167,169,22
6570,6570,39,93,94,13
6571,6571,123,133,137,58
6572,6572,97,212,212,20
6573,6573,120,102,103,8
6574,6574,26,244,244,2
6575,6575,111,147,149,40
6576,6576,108,2275,2276,21
6577,6577,18,127,127,14
6578,6578,36,208,208,17
6579,6579,51,648,649,25
6580,6580,52,794,794,11
6581,6581,150,181,186,42
6582,6582,40,117,118,27
6583,6583,26,244,245,44
6584,6584,75,76,77,18
6585,6585,37,100,101,14
6586,6586,91,104,106,30
6587,6587,114,205,207,37
6588,6588,43,187,187,19
6589,6589,146,102,103,13
6590,6590,136,212,214,33
6591,6591,4,60,61,9
6592,6592,71,75,76,10
6593,6593,89,76,79,25
6594,6594,102,1108,1110,31
6595,6595,119,123,126,24
6596,6596,54,268,273,38
6597,6597,33,117,117,7
6598,6598,103,470,470,14
6599,6599,31,122,123,31
6600,6600,129,149,154,61
6601,6601,6,92,93,13
6602,6602,29,97,98,11
6603,6603,23,190,191,10
6604,6604,50,201,205,58
6605,6605,111,149,150,48
6606,6606,124,113,113,14
6607,6607,108,2276,2276,2
6608,6608,61,53,55,19
6609,6609,119,126,126,19
6610,6610,11,140,140,14
6611,6611,85,96,97,17
6612,6612,17,144,146,20
6613,6613,20,212,217,54
6614,6614,51,649,650,12
6615,6615,100,63,64,17
6616,6616,52,794,795,13
6617,6617,102,1110,1114,42
6618,6618,144,169,170,14
6619,6619,112,111,111,13
6620,6620,73,135,135,1
6621,6621,142,32,36,41
6622,6622,141,47,50,29
6623,6623,9,75,76,16
6624,6624,49,789,789,4
6625,6625,23,191,192,21
6626,6626,50,205,211,63
6627,6627,15,26,28,39
6628,6628,124,113,114,18
6629,6629,119,126,127,10
6630,6630,78,137,141,52
6631,6631,145,195,197,19
6632,6632,2,76,77,14
6633,6633,137,135,136,15
6634,6634,100,64,69,37
6635,6635,141,50,50,1
6636,6636,132,220,220,11
6637,6637,138,116,117,27
6638,6638,143,160,160,15
6639,6639,147,161,163,34
6640,6640,71,76,78,27
6641,6641,134,111,111,8
6642,6642,114,207,209,22
6643,6643,149,70,71,26
6644,6644,46,1610,1610,1
6645,6645,135,183,183,4
6646,6646,17,146,151,39
6647,6647,60,78,80,49
6648,6648,85,97,98,14
6649,6649,93,84,84,6
6650,6650,106,798,802,30
6651,6651,38,91,92,11
6652,6652,115,76,78,19
6653,6653,77,159,159,5
6654,6654,19,84,87,41
6655,6655,76,100,102,29
6656,6656,9,76,76,13
6657,6657,6,93,93,7
6658,6658,100,69,70,21
6659,6659,95,143,143,24
6660,6660,73,135,137,23
6661,6661,69,62,63,11
6662,6662,113,107,107,7
6663,6663,10,124,125,14
6664,6664,116,141,144,23
6665,6665,65,131,135,46
6666,6666,139,49,49,4
6667,6667,105,503,503,3
6668,6668,31,123,126,37
6669,6669,37,101,108,62
6670,6670,73,137,137,5
6671,6671,56,74,74,1
6672,6672,105,503,507,38
6673,6673,117,89,89,8
6674,6674,89,79,80,31
6675,6675,95,143,144,12
6676,6676,141,50,50,6
6677,6677,54,273,276,31
6678,6678,12,67,67,19
6679,6679,5,87,89,16
6680,6680,46,1610,1610,1
6681,6681,12,67,68,41
6682,6682,45,71,73,20
6683,6683,81,125,126,12
6684,6684,130,157,160,61
6685,6685,37,108,110,21
6686,6686,20,217,218,16
6687,6687,53,553,554,18
6688,6688,132,220,224,39
6689,6689,76,102,103,16
6690,6690,66,171,171,5
6691,6691,116,144,145,38
6692,6692,117,89,90,25
6693,6693,77,159,167,57
6694,6694,59,84,88,35
6695,6695,47,295,297,23
6696,6696,101,1760,1761,18
6697,6697,12,68,68,8
6698,6698,3,108,108,11
6699,6699,74,186,188,23
6700,6700,63,149,150,16
6701,6701,85,98,98,12
6702,6702,47,297,297,4
6703,6703,148,145,146,11
6704,6704,110,150,151,16
6705,6705,81,126,128,14
6706,6706,14,129,130,19
6707,6707,67,119,120,15
6708,6708,131,96,97,19
6709,6709,64,159,162,48
6710,6710,38,92,95,57
6711,6711,149,71,71,6
6712,6712,110,151,151,10
6713,6713,124,114,116,44
6714,6714,116,145,146,26
6715,6715,20,218,222,46
6716,6716,4,61,61,9
6717,6717,114,209,209,2
6718,6718,23,192,195,30
6719,6719,86,84,86,25
6720,6720,70,140,140,6
6721,6721,120,103,104,15
6722,6722,78,141,143,18
6723,6723,8,89,90,7
6724,6724,7,90,90,3
6725,6725,77,167,172,56
6726,6726,14,130,132,17
6727,6727,71,78,78,18
6728,6728,76,103,105,49
6729,6729,94,205,205,7
6730,6730,110,151,152,17
6731,6731,110,152,152,9
6732,6732,134,111,112,23
6733,6733,95,144,144,4
6734,6734,11,140,140,5
6735,6735,106,802,803,48
6736,6736,135,183,183,11
6737,6737,148,146,146,8
6738,6738,123,137,140,53
6739,6739,30,180,189,63
6740,6740,90,69,72,28
6741,6741,66,171,171,6
6742,6742,58,119,119,5
6743,6743,97,212,216,39
6744,6744,92,152,153,46
6745,6745,150,186,186,13
6746,6746,20,222,222,9
6747,6747,53,554,555,11
6748,6748,132,224,231,49
6749,6749,17,151,151,9
6750,6750,50,211,212,10
6751,6751,109,1135,1136,19
6752,6752,67,120,122,57
6753,6753,125,170,172,22
6754,6754,105,507,507,18
6755,6755,129,154,154,18
6756,6756,95,144,144,4
6757,6757,143,160,164,56
6758,6758,84,169,174,62
6759,6759,124,116,120,39
6760,6760,129,154,154,7
6761,6761,80,139,141,22
6762,6762,109,1136,1136,6
6763,6763,25,212,217,38
6764,6764,65,135,135,15
6765,6765,86,86,86,25
6766,6766,149,71,73,17
6767,6767,33,117,118,18
6768,6768,115,78,79,11
6769,6769,85,98,101,26
6770,6770,98,159,160,35
6771,6771,13,198,199,10
6772,6772,135,183,183,18
6773,6773,106,803,806,26
6774,6774,135,183,184,18
6775,6775,118,114,115,8
6776,6776,12,68,73,37
6777,6777,35,78,80,15
6778,6778,81,128,130,19
6779,6779,130,160,167,70
6780,6780,37,110,110,22
6781,6781,7,90,90,14
6782,6782,129,154,159,46
6783,6783,59,88,88,23
6784,6784,24,203,205,33
6785,6785,80,141,143,19
6786,6786,5,89,90,16
6787,6787,101,1761,1762,16
6788,6788,116,146,147,35
6789,6789,67,122,122,1
6790,6790,142,36,38,16
6791,6791,40,118,120,21
6792,6792,14,132,133,47
6793,6793,118,115,116,19
6794,6794,42,177,177,10
6795,6795,90,72,73,37
6796,6796,22,157,158,16
6797,6797,138,117,117,12
6798,6798,38,95,96,12
6799,6799,20,222,222,23
6800,6800,81,130,136,48
6801,6801,13,199,201,25
6802,6802,23,195,201,46
6803,6803,32,133,133,14
6804,6804,44,155,155,9
6805,6805,67,122,122,10
6806,6806,98,160,160,3
6807,6807,147,163,163,2
6808,6808,129,159,160,15
6809,6809,141,50,50,18
6810,6810,116,147,149,23
6811,6811,57,70,71,25
6812,6812,8,90,90,9
6813,6813,11,140,144,37
6814,6814,96,130,131,39
6815,6815,22,158,158,8
6816,6816,142,38,38,6
6817,6817,64,162,163,12
6818,6818,71,78,81,32
6819,6819,25,217,219,22
6820,6820,76,105,106,21
6821,6821,32,133,140,54
6822,6822,80,143,145,51
6823,6823,28,63,65,20
6824,6824,82,144,144,6
6825,6825,15,28,31,61
6826,6826,72,90,91,27
6827,6827,77,172,173,12
6828,6828,40,120,121,13
6829,6829,44,155,160,41
6830,6830,17,151,151,24
6831,6831,31,126,127,22
6832,6832,4,61,62,17
6833,6833,42,177,177,7
6834,6834,83,219,223,28
6835,6835,118,116,117,19
6836,6836,140,54,54,9
6837,6837,93,84,85,13
6838,6838,14,133,133,23
6839,6839,54,276,278,14
6840,6840,49,789,790,13
6841,6841,80,145,146,25
6842,6842,59,88,91,31
6843,6843,109,1136,1141,53
6844,6844,29,98,99,21
6845,6845,136,214,217,33
6846,6846,46,1610,1610,10
6847,6847,95,144,145,19
6848,6848,38,96,98,21
6849,6849,118,117,119,47
6850,6850,145,197,199,28
6851,6851,123,140,141,13
6852,6852,43,187,188,28
6853,6853,122,207,207,12
6854,6854,31,127,127,9
6855,6855,107,1213,1215,40
6856,6856,52,795,799,49
6857,6857,78,143,146,32
6858,6858,113,107,108,13
6859,6859,123,141,141,6
6860,6860,43,188,192,33
6861,6861,122,207,209,22
6862,6862,138,117,119,24
6863,6863,66,171,172,35
6864,6864,84,174,174,20
6865,6865,137,136,136,9
6866,6866,100,70,74,31
6867,6867,141,50,51,12
6868,6868,130,167,168,10
6869,6869,140,54,55,17
6870,6870,19,87,90,32
6871,6871,80,146,149,29
6872,6872,54,278,279,12
6873,6873,103,470,470,8
6874,6874,44,160,165,38
6875,6875,29,99,100,25
6876,6876,39,94,95,21
6877,6877,117,90,91,15
6878,6878,69,63,63,8
6879,6879,104,503,505,36
6880,6880,12,73,74,18
6881,6881,74,188,188,5
6882,6882,18,127,128,10
6883,6883,24,205,209,33
6884,6884,120,104,106,23
6885,6885,64,163,163,9
6886,6886,94,205,206,10
6887,6887,81,136,138,27
6888,6888,73,137,137,7
6889,6889,71,81,84,43
6890,6890,16,49,50,22
6891,6891,14,133,135,15
6892,6892,50,212,212,16
6893,6893,105,507,510,37
6894,6894,131,97,100,57
6895,6895,43,192,194,37
6896,6896,90,73,74,18
6897,6897,14,135,135,15
6898,6898,104,505,506,28
6899,6899,31,127,134,60
6900,6900,142,38,40,22
6901,6901,88,170,171,15
6902,6902,127,46,47,17
6903,6903,86,86,88,32
6904,6904,149,73,74,26
6905,6905,108,2276,2280,55
6906,6906,68,232,232,9
6907,6907,77,173,173,6
6908,6908,148,146,152,55
6909,6909,135,184,186,44
6910,6910,14,135,139,31
6911,6911,102,1114,1114,17
6912,6912,78,146,146,3
6913,6913,97,216,217,33
6914,6914,19,90,92,18
6915,6915,25,219,220,22
6916,6916,83,223,223,25
6917,6917,53,555,556,49
6918,6918,24,209,210,19
6919,6919,47,297,297,1
6920,6920,71,84,86,27
6921,6921,14,139,142,46
6922,6922,57,71,71,15
6923,6923,78,146,148,26
6924,6924,64,163,164,12
6925,6925,83,223,224,8
6926,6926,29,100,100,7
6927,6927,34,85,86,19
6928,6928,107,1215,1218,61
6929,6929,10,125,129,36
6930,6930,120,106,109,25
6931,6931,25,220,221,14
6932,6932,106,806,808,21
6933,6933,88,171,175,32
6934,6934,9,76,77,21
6935,6935,128,99,99,20
6936,6936,95,145,146,13
6937,6937,139,49,51,19
6938,6938,46,1610,1611,27
6939,6939,13,201,204,39
6940,6940,136,217,217,21
6941,6941,116,149,152,27
6942,6942,39,95,95,13
6943,6943,84,174,175,39
6944,6944,23,201,206,42
6945,6945,114,209,210,12
6946,6946,45,73,74,11
6947,6947,148,152,155,35
6948,6948,9,77,79,28
6949,6949,137,136,137,25
6950,6950,118,119,119,11
6951,6951,122,209,209,10
6952,6952,97,217,217,15
6953,6953,24,210,212,20
6954,6954,17,151,152,21
6955,6955,107,1218,1219,9
6956,6956,54,279,280,37
6957,6957,92,153,156,29
6958,6958,100,74,76,18
6959,6959,26,245,246,16
6960,6960,149,74,75,20
6961,6961,117,91,91,18
6962,6962,78,148,148,4
6963,6963,39,95,97,45
6964,6964,2,77,78,16
6965,6965,12,74,74,5
6966,6966,102,1114,1117,33
6967,6967,53,556,564,61
6968,6968,114,210,212,16
6969,6969,127,47,49,15
6970,6970,86,88,89,31
6971,6971,149,75,77,29
6972,6972,108,2280,2286,54
6973,6973,68,232,232,9
6974,6974,78,148,148,3
6975,6975,72,91,95,32
6976,6976,29,100,103,43
6977,6977,145,199,202,62
6978,6978,17,152,155,30
6979,6979,50,212,212,11
6980,6980,131,100,100,9
6981,6981,64,164,168,46
6982,6982,38,98,101,45
6983,6983,149,77,78,8
6984,6984,50,212,212,19
6985,6985,76,106,109,38
6986,6986,131,100,105,55
6987,6987,43,194,197,37
6988,6988,90,74,75,23
6989,6989,113,108,108,4
6990,6990,13,204,205,32
6991,6991,89,80,84,59
6992,6992,9,79,80,27
6993,6993,49,790,792,17
6994,6994,27,121,121,5
6995,6995,107,1219,1219,5
6996,6996,90,75,79,33
6997,6997,134,112,113,22
6998,6998,133,120,122,18
6999,6999,73,137,137,8
7000,7000,104,506,507,36
7001,7001,83,224,228,42
7002,7002,15,31,31,6
7003,7003,52,799,801,18
7004,7004,150,186,188,51
7005,7005,40,121,124,35
7006,7006,107,1219,1223,39
7007,7007,127,49,50,11
7008,7008,140,55,55,16
7009,7009,93,85,86,22
7010,7010,14,142,143,30
7011,7011,32,140,140,10
7012,7012,41,88,88,11
7013,7013,90,79,81,39
7014,7014,73,137,141,32
7015,7015,149,78,79,14
7016,7016,45,74,74,5
7017,7017,148,155,159,43
7018,7018,9,80,84,31
7019,7019,137,137,140,26
7020,7020,118,119,119,10
7021,7021,122,209,210,12
7022,7022,8,90,91,14
7023,7023,2,78,80,21
7024,7024,34,86,87,11
7025,7025,19,92,97,56
7026,7026,131,105,106,17
7027,7027,141,51,51,5
7028,7028,25,221,223,49
7029,7029,109,1141,1141,17
7030,7030,12,74,74,14
7031,7031,118,119,120,60
7032,7032,31,134,137,33
7033,7033,40,124,125,15
7034,7034,96,131,134,48
7035,7035,55,887,887,14
7036,7036,117,91,91,11
7037,7037,123,141,144,53
7038,7038,97,217,218,18
7039,7039,45,74,74,7
7040,7040,7,90,90,9
7041,7041,129,160,163,49
7042,7042,59,91,92,29
7043,7043,24,212,213,40
7044,7044,80,149,150,18
7045,7045,40,125,126,14
7046,7046,15,31,33,48
7047,7047,72,95,101,56
7048,7048,82,144,144,13
7049,7049,110,152,152,6
7050,7050,81,138,138,25
7051,7051,43,197,198,12
7052,7052,3,108,109,11
7053,7053,61,55,55,18
7054,7054,125,172,174,52
7055,7055,79,24,27,53
7056,7056,124,120,122,31
7057,7057,149,79,81,17
7058,7058,26,246,247,20
7059,7059,149,81,81,19
7060,7060,117,91,92,15
7061,7061,61,55,55,1
7062,7062,100,76,80,67
7063,7063,45,74,75,33
7064,7064,15,33,33,11
7065,7065,45,75,75,5
7066,7066,146,103,104,11
7067,7067,16,50,55,42
7068,7068,147,163,165,55
7069,7069,17,155,157,21
7070,7070,69,63,63,7
7071,7071,130,168,168,16
7072,7072,140,55,55,5
7073,7073,102,1117,1118,26
7074,7074,80,150,152,26
7075,7075,54,280,281,19
7076,7076,32,140,141,8
7077,7077,113,108,108,23
7078,7078,24,213,216,41
7079,7079,31,137,139,20
7080,7080,35,80,81,17
7081,7081,11,144,146,37
7082,7082,22,158,163,51
7083,7083,126,150,150,10
7084,7084,4,62,63,13
7085,7085,38,101,102,36
7086,7086,51,650,656,46
7087,7087,80,152,156,49
7088,7088,145,202,203,20
7089,7089,48,1212,1212,10
7090,7090,59,92,94,16
7091,7091,130,168,169,29
7092,7092,54,281,285,51
7093,7093,64,168,169,25
7094,7094,48,1212,1213,17
7095,7095,135,186,187,14
7096,7096,73,141,143,16
7097,7097,46,1611,1616,40
7098,7098,83,228,229,38
7099,7099,15,33,34,12
7100,7100,58,119,121,17
7101,7101,93,86,86,16
7102,7102,54,285,285,10
7103,7103,32,141,142,11
7104,7104,128,99,101,18
7105,7105,143,164,165,21
7106,7106,4,63,63,13
7107,7107,7,90,90,11
7108,7108,26,247,251,63
7109,7109,14,143,143,8
7110,7110,135,187,188,19
7111,7111,150,188,190,19
7112,7112,61,55,57,19
7113,7113,96,134,134,19
7114,7114,114,212,213,13
7115,7115,71,86,86,9
7116,7116,76,109,113,42
7117,7117,94,206,208,18
7118,7118,110,152,153,19
7119,7119,110,153,153,8
7120,7120,134,113,115,17
7121,7121,108,2286,2286,6
7122,7122,82,144,145,16
7123,7123,149,81,81,25
7124,7124,56,74,74,13
7125,7125,106,808,810,35
7126,7126,69,63,63,10
7127,7127,62,89,90,11
7128,7128,146,104,107,30
7129,7129,50,212,212,5
7130,7130,106,810,811,18
7131,7131,84,175,177,19
7132,7132,97,218,221,24
7133,7133,59,94,94,23
7134,7134,13,205,207,27
7135,7135,17,157,157,9
7136,7136,64,169,170,38
7137,7137,119,127,127,7
7138,7138,132,231,233,14
7139,7139,69,63,64,10
7140,7140,26,251,253,24
7141,7141,86,89,91,25
7142,7142,150,190,190,7
7143,7143,15,34,34,16
7144,7144,133,122,122,1
7145,7145,100,80,82,20
7146,7146,95,146,148,15
7147,7147,73,143,144,21
7148,7148,69,64,65,22
7149,7149,59,94,94,11
7150,7150,130,169,171,29
7151,7151,99,128,130,44
7152,7152,64,170,170,12
7153,7153,48,1213,1213,8
7154,7154,112,111,111,3
7155,7155,146,107,110,25
7156,7156,63,150,151,9
7157,7157,39,97,97,4
7158,7158,5,90,90,8
7159,7159,80,156,158,47
7160,7160,13,207,207,20
7161,7161,10,129,129,15
7162,7162,58,121,121,4
7163,7163,97,221,225,38
7164,7164,92,156,158,55
7165,7165,150,190,190,6
7166,7166,26,253,253,7
7167,7167,147,165,166,26
7168,7168,62,90,97,63
7169,7169,94,208,209,19
7170,7170,23,206,208,56
7171,7171,136,217,217,6
7172,7172,136,217,217,6
7173,7173,80,158,160,27
7174,7174,94,209,211,27
7175,7175,109,1141,1142,50
7176,7176,29,103,105,20
7177,7177,136,217,222,37
7178,7178,91,106,108,15
7179,7179,109,1142,1142,5
7180,7180,129,163,166,26
7181,7181,17,157,159,38
7182,7182,74,188,188,14
7183,7183,123,144,145,13
7184,7184,43,198,202,34
7185,7185,122,210,212,23
7186,7186,47,297,297,6
7187,7187,148,159,160,10
7188,7188,110,153,154,12
7189,7189,42,177,177,9
7190,7190,110,154,156,53
7191,7191,81,138,138,14
7192,7192,72,101,101,9
7193,7193,36,208,209,11
7194,7194,68,232,233,40
7195,7195,150,190,192,31
7196,7196,139,51,51,12
7197,7197,127,50,50,3
7198,7198,66,172,173,15
7199,7199,75,77,80,28
7200,7200,83,229,229,11
7201,7201,113,108,108,10
7202,7202,97,225,226,13
7203,7203,32,142,143,14
7204,7204,72,101,101,9
7205,7205,28,65,66,14
7206,7206,63,151,154,21
7207,7207,68,233,236,27
7208,7208,1,59,60,12
7209,7209,124,122,123,11
7210,7210,82,145,148,55
7211,7211,59,94,96,14
7212,7212,23,208,208,19
7213,7213,86,91,92,20
7214,7214,10,129,129,11
7215,7215,10,129,134,51
7216,7216,57,71,72,27
7217,7217,128,101,101,2
7218,7218,147,166,167,13
7219,7219,129,166,166,5
7220,7220,141,51,53,25
7221,7221,126,150,151,14
7222,7222,57,72,72,17
7223,7223,96,134,135,17
7224,7224,75,80,82,29
7225,7225,101,1762,1765,39
7226,7226,125,174,175,24
7227,7227,28,66,67,15
7228,7228,67,122,123,14
7229,7229,33,118,119,27
7230,7230,62,97,99,50
7231,7231,23,208,212,37
7232,7232,50,212,213,11
7233,7233,91,108,108,15
7234,7234,3,109,111,40
7235,7235,64,170,170,12
7236,7236,81,138,139,20
7237,7237,14,143,145,20
7238,7238,67,123,124,14
7239,7239,44,165,165,9
7240,7240,11,146,148,41
7241,7241,46,1616,1622,48
7242,7242,1,60,66,47
7243,7243,85,101,101,11
7244,7244,68,236,237,15
7245,7245,66,173,174,12
7246,7246,78,148,154,44
7247,7247,145,203,204,22
7248,7248,2,80,80,11
7249,7249,73,144,145,8
7250,7250,37,110,111,15
7251,7251,38,102,104,58
7252,7252,28,67,68,21
7253,7253,142,40,41,16
7254,7254,40,126,127,15
7255,7255,14,145,149,57
7256,7256,118,120,122,18
7257,7257,23,212,212,3
7258,7258,65,135,136,18
7259,7259,7,90,92,47
7260,7260,144,170,172,25
7261,7261,17,159,160,10
7262,7262,25,223,224,24
7263,7263,110,156,160,47
7264,7264,75,82,84,17
7265,7265,32,143,143,1
7266,7266,113,108,111,28
7267,7267,24,216,220,50
7268,7268,31,139,139,15
7269,7269,140,55,55,4
7270,7270,84,177,182,36
7271,7271,91,108,108,18
7272,7272,59,96,97,9
7273,7273,130,171,172,19
7274,7274,99,130,133,50
7275,7275,64,170,173,24
7276,7276,48,1213,1213,19
7277,7277,39,97,98,13
7278,7278,5,90,90,11
7279,7279,80,160,167,57
7280,7280,13,207,208,25
7281,7281,10,134,135,9
7282,7282,149,81,81,8
7283,7283,41,88,90,46
7284,7284,125,175,176,22
7285,7285,123,145,145,5
7286,7286,128,101,101,10
7287,7287,39,98,99,30
7288,7288,105,510,510,8
7289,7289,90,81,85,41
7290,7290,11,148,151,48
7291,7291,49,792,792,12
7292,7292,133,122,122,8
7293,7293,25,224,226,23
7294,7294,139,51,55,63
7295,7295,144,172,174,17
7296,7296,53,564,566,15
7297,7297,93,86,86,21
7298,7298,59,97,99,16
7299,7299,93,86,87,32
7300,7300,22,163,163,18
7301,7301,10,135,135,6
7302,7302,21,85,85,6
7303,7303,97,226,227,21
7304,7304,32,143,146,24
7305,7305,72,101,101,16
7306,7306,81,139,139,2
7307,7307,118,122,127,44
7308,7308,85,101,101,14
7309,7309,143,165,165,18
7310,7310,11,151,157,47
7311,7311,96,135,137,34
7312,7312,22,163,164,18
7313,7313,142,41,43,17
7314,7314,148,160,160,9
7315,7315,3,111,117,44
7316,7316,30,189,190,55
7317,7317,90,85,88,34
7318,7318,150,192,192,8
7319,7319,68,237,238,10
7320,7320,36,209,213,55
7321,7321,143,165,166,19
7322,7322,139,55,56,12
7323,7323,92,158,159,17
7324,7324,12,74,75,13
7325,7325,87,70,74,36
7326,7326,118,127,131,43
7327,7327,38,104,106,16
7328,7328,66,174,174,7
7329,7329,116,152,157,44
7330,7330,135,188,189,20
7331,7331,77,173,179,52
7332,7332,22,164,165,31
7333,7333,47,297,299,30
7334,7334,101,1765,1766,8
7335,7335,44,165,165,5
7336,7336,67,124,125,20
7337,7337,98,160,160,10
7338,7338,33,119,119,6
7339,7339,127,50,51,20
7340,7340,91,108,109,20
7341,7341,150,192,192,10
7342,7342,100,82,84,51
7343,7343,54,285,286,12
7344,7344,126,151,152,11
7345,7345,131,106,107,16
7346,7346,78,154,160,46
7347,7347,60,80,83,28
7348,7348,121,98,101,51
7349,7349,83,229,231,16
7350,7350,104,507,507,17
7351,7351,143,166,169,25
7352,7352,8,91,94,35
7353,7353,134,115,116,25
7354,7354,144,174,175,19
7355,7355,31,139,140,28
7356,7356,104,507,507,6
7357,7357,147,167,168,13
7358,7358,129,166,168,16
7359,7359,141,53,53,19
7360,7360,126,152,154,22
7361,7361,57,72,74,24
7362,7362,148,160,162,19
7363,7363,4,63,69,53
7364,7364,97,227,230,62
7365,7365,90,88,91,33
7366,7366,150,192,192,9
7367,7367,76,113,113,12
7368,7368,101,1766,1766,12
7369,7369,6,93,94,34
7370,7370,46,1622,1623,26
7371,7371,57,74,76,48
7372,7372,28,68,70,17
7373,7373,43,202,202,2
7374,7374,61,57,61,30
7375,7375,40,127,130,56
7376,7376,85,101,101,10
7377,7377,42,177,179,22
7378,7378,59,99,101,27
7379,7379,125,176,176,5
7380,7380,123,145,146,14
7381,7381,43,202,207,37
7382,7382,122,212,215,25
7383,7383,68,238,238,7
7384,7384,14,149,150,20
7385,7385,88,175,176,24
7386,7386,119,127,130,25
7387,7387,45,75,75,8
7388,7388,142,43,44,14
7389,7389,40,130,131,17
7390,7390,14,150,152,58
7391,7391,118,131,132,29
7392,7392,77,179,179,15
7393,7393,19,97,100,42
7394,7394,76,113,115,28
7395,7395,9,84,84,8
7396,7396,5,90,90,11
7397,7397,117,92,93,14
7398,7398,119,130,130,9
7399,7399,72,101,101,6
7400,7400,70,140,141,36
7401,7401,5,90,93,24
7402,7402,3,117,117,9
7403,7403,147,168,168,10
7404,7404,32,146,146,12
7405,7405,141,53,54,27
7406,7406,126,154,155,20
7407,7407,57,76,76,17
7408,7408,75,84,85,19
7409,7409,93,87,87,10
7410,7410,120,109,111,66
7411,7411,130,172,172,9
7412,7412,44,165,167,21
7413,7413,75,85,85,16
7414,7414,46,1623,1625,17
7415,7415,8,94,94,20
7416,7416,9,84,86,55
7417,7417,36,213,213,7
7418,7418,43,207,208,12
7419,7419,99,133,134,36
7420,7420,48,1213,1216,25
7421,7421,117,93,97,36
7422,7422,100,84,84,6
7423,7423,37,111,111,8
7424,7424,91,109,110,27
7425,7425,126,155,155,8
7426,7426,131,107,107,1
7427,7427,149,81,84,43
7428,7428,62,99,100,14
7429,7429,98,160,160,14
7430,7430,113,111,112,26
7431,7431,146,110,112,16
7432,7432,77,179,181,38
7433,7433,51,656,658,16
7434,7434,5,93,95,21
7435,7435,109,1142,1142,7
7436,7436,43,208,209,40
7437,7437,29,105,109,30
7438,7438,130,172,176,34
7439,7439,91,110,111,27
7440,7440,33,119,120,17
7441,7441,76,115,115,8
7442,7442,6,94,99,44
7443,7443,80,167,170,57
7444,7444,28,70,70,10
7445,7445,74,188,189,7
7446,7446,51,658,661,27
7447,7447,48,1216,1216,9
7448,7448,44,167,168,11
7449,7449,2,80,84,35
7450,7450,129,168,171,31
7451,7451,21,85,86,11
7452,7452,12,75,75,8
7453,7453,3,117,117,5
7454,7454,74,189,192,25
7455,7455,63,154,155,11
7456,7456,36,213,213,5
7457,7457,77,181,181,9
7458,7458,19,100,105,41
7459,7459,76,115,118,25
7460,7460,9,86,86,21
7461,7461,28,70,72,21
7462,7462,99,134,136,19
7463,7463,35,81,83,53
7464,7464,58,121,123,17
7465,7465,59,101,102,15
7466,7466,121,101,105,39
7467,7467,94,211,213,22
7468,7468,67,125,126,23
7469,7469,22,165,167,38
7470,7470,28,72,72,11
7471,7471,61,61,61,3
7472,7472,100,84,92,64
7473,7473,45,75,77,29
7474,7474,15,34,35,21
7475,7475,136,222,223,17
7476,7476,21,86,87,18
7477,7477,99,136,139,23
7478,7478,74,192,193,15
7479,7479,51,661,664,28
7480,7480,48,1216,1217,13
7481,7481,24,220,220,23
7482,7482,128,101,104,24
7483,7483,144,175,177,20
7484,7484,13,208,210,17
7485,7485,67,126,126,18
7486,7486,65,136,136,10
7487,7487,25,226,227,19
7488,7488,92,159,167,60
7489,7489,144,177,178,23
7490,7490,119,130,131,15
7491,7491,52,801,801,7
7492,7492,40,131,132,22
7493,7493,65,136,137,36
7494,7494,97,230,233,21
7495,7495,93,87,88,11
7496,7496,123,146,146,6
7497,7497,27,121,121,7
7498,7498,107,1223,1223,6
7499,7499,90,91,94,33
7500,7500,134,116,118,24
7501,7501,12,75,76,15
7502,7502,3,117,118,8
7503,7503,74,193,195,26
7504,7504,63,155,155,8
7505,7505,36,213,214,17
7506,7506,12,76,77,21
7507,7507,3,118,119,12
7508,7508,74,195,196,22
7509,7509,63,155,157,19
7510,7510,36,214,214,7
7511,7511,86,92,92,10
7512,7512,109,1142,1144,35
7513,7513,136,223,227,48
7514,7514,11,157,158,16
7515,7515,113,112,112,15
7516,7516,122,215,217,25
7517,7517,28,72,73,10
7518,7518,127,51,51,10
7519,7519,86,92,97,39
7520,7520,149,84,86,28
7521,7521,108,2286,2289,50
7522,7522,68,238,239,16
7523,7523,124,123,124,14
7524,7524,149,86,93,54
7525,7525,41,90,90,5
7526,7526,12,77,77,20
7527,7527,3,119,120,11
7528,7528,74,196,199,35
7529,7529,63,157,157,11
7530,7530,36,214,214,12
7531,7531,9,86,87,12
7532,7532,25,227,228,25
7533,7533,92,167,173,59
7534,7534,144,178,179,21
7535,7535,53,566,567,11
7536,7536,97,233,234,18
7537,7537,59,102,103,17
7538,7538,93,88,90,27
7539,7539,22,167,167,20
7540,7540,10,135,135,10
7541,7541,108,2289,2290,23
7542,7542,118,132,134,21
7543,7543,119,131,136,63
7544,7544,30,190,191,34
7545,7545,2,84,85,18
7546,7546,115,79,80,14
7547,7547,42,179,182,29
7548,7548,109,1144,1144,11
7549,7549,2,85,87,20
7550,7550,148,162,162,9
7551,7551,3,120,125,47
7552,7552,30,191,198,59
7553,7553,90,94,96,26
7554,7554,150,192,192,12
7555,7555,141,54,55,11
7556,7556,54,286,288,33
7557,7557,12,77,78,13
7558,7558,5,95,95,11
7559,7559,89,84,84,20
7560,7560,146,112,112,16
7561,7561,26,253,254,12
7562,7562,4,69,69,15
7563,7563,1,66,66,6
7564,7564,27,121,125,34
7565,7565,100,92,92,10
7566,7566,115,80,81,9
7567,7567,85,101,102,30
7568,7568,55,887,890,34
7569,7569,13,210,211,8
7570,7570,102,1118,1119,14
7571,7571,106,811,812,34
7572,7572,135,189,189,10
7573,7573,131,107,107,11
7574,7574,39,99,100,21
7575,7575,92,173,175,21
7576,7576,103,470,471,15
7577,7577,53,567,567,10
7578,7578,85,102,104,30
7579,7579,86,97,98,18
7580,7580,147,168,172,35
7581,7581,70,141,142,36
7582,7582,72,101,102,27
7583,7583,110,160,160,10
7584,7584,81,139,141,28
7585,7585,114,213,213,8
7586,7586,3,125,126,16
7587,7587,71,86,86,12
7588,7588,139,56,61,45
7589,7589,94,213,215,16
7590,7590,128,104,105,10
7591,7591,110,160,161,18
7592,7592,134,118,119,20
7593,7593,86,98,99,17
7594,7594,118,134,135,46
7595,7595,59,103,106,32
7596,7596,117,97,97,17
7597,7597,99,139,141,21
7598,7598,83,231,234,41
7599,7599,71,86,88,19
7600,7600,58,123,123,4
7601,7601,21,87,90,29
7602,7602,64,173,175,19
7603,7603,132,233,239,45
7604,7604,116,157,157,7
7605,7605,56,74,75,12
7606,7606,21,90,91,28
7607,7607,111,150,151,14
7608,7608,46,1625,1626,17
7609,7609,13,211,214,37
7610,7610,113,112,112,20
7611,7611,113,112,113,11
7612,7612,140,55,55,14
7613,7613,6,99,106,49
7614,7614,117,97,97,4
7615,7615,49,792,793,10
7616,7616,23,212,212,12
7617,7617,50,213,219,56
7618,7618,111,151,157,45
7619,7619,124,124,124,9
7620,7620,32,146,147,12
7621,7621,2,87,88,25
7622,7622,128,105,105,13
7623,7623,75,85,86,19
7624,7624,93,90,92,15
7625,7625,120,111,115,66
7626,7626,130,176,176,8
7627,7627,117,97,97,13
7628,7628,10,135,137,56
7629,7629,35,83,85,24
7630,7630,7,92,94,40
7631,7631,116,157,160,61
7632,7632,134,119,120,16
7633,7633,84,182,183,8
7634,7634,9,87,89,21
7635,7635,103,471,475,31
7636,7636,37,111,113,32
7637,7637,75,86,89,28
7638,7638,43,209,209,13
7639,7639,44,168,169,11
7640,7640,89,84,86,36
7641,7641,24,220,223,29
7642,7642,30,198,206,54
7643,7643,83,234,236,55
7644,7644,92,175,176,12
7645,7645,145,204,204,9
7646,7646,121,105,106,28
7647,7647,148,162,165,25
7648,7648,60,83,84,21
7649,7649,93,92,93,32
7650,7650,124,124,125,12
7651,7651,138,119,121,18
7652,7652,39,100,100,4
7653,7653,113,113,115,36
7654,7654,21,91,92,27
7655,7655,109,1144,1144,20
7656,7656,117,97,98,15
7657,7657,114,213,214,20
7658,7658,10,137,138,12
7659,7659,17,160,160,1
7660,7660,136,227,230,34
7661,7661,110,161,162,40
7662,7662,96,137,137,11
7663,7663,113,115,116,7
7664,7664,10,138,138,11
7665,7665,116,160,160,16
7666,7666,48,1217,1220,54
7667,7667,87,74,74,1
7668,7668,104,507,508,15
7669,7669,109,1144,1146,30
7670,7670,125,176,181,43
7671,7671,122,217,217,14
7672,7672,72,102,102,7
7673,7673,70,142,145,39
7674,7674,10,138,139,20
7675,7675,3,126,126,8
7676,7676,66,174,175,11
7677,7677,116,160,161,46
7678,7678,11,158,158,21
7679,7679,77,181,185,61
7680,7680,59,106,109,25
7681,7681,47,299,299,22
7682,7682,101,1766,1767,16
7683,7683,39,100,100,6
7684,7684,64,175,176,25
7685,7685,132,239,243,44
7686,7686,115,81,83,22
7687,7687,36,214,214,15
7688,7688,120,115,116,14
7689,7689,89,86,87,13
7690,7690,150,192,195,27
7691,7691,1,66,68,31
7692,7692,56,75,76,21
7693,7693,99,141,141,11
7694,7694,52,801,802,18
7695,7695,40,132,134,22
7696,7696,65,137,141,33
7697,7697,46,1626,1627,18
7698,7698,55,890,891,18
7699,7699,123,146,146,12
7700,7700,90,96,97,15
7701,7701,144,179,179,13
7702,7702,84,183,185,52
7703,7703,103,475,475,21
7704,7704,121,106,107,16
7705,7705,145,204,205,21
7706,7706,72,102,103,9
7707,7707,84,185,186,16
7708,7708,133,122,124,22
7709,7709,24,223,224,20
7710,7710,96,137,138,25
7711,7711,16,55,55,9
7712,7712,143,169,170,20
7713,7713,11,158,161,45
7714,7714,96,138,140,32
7715,7715,22,167,168,14
7716,7716,142,44,45,17
7717,7717,36,214,215,8
7718,7718,4,69,71,25
7719,7719,39,100,100,13
7720,7720,104,508,509,20
7721,7721,115,83,84,16
7722,7722,42,182,186,31
7723,7723,109,1146,1147,10
7724,7724,2,88,89,9
7725,7725,58,123,123,4
7726,7726,3,126,128,33
7727,7727,64,176,177,22
7728,7728,132,243,246,50
7729,7729,146,112,112,12
7730,7730,81,141,141,7
7731,7731,14,152,154,23
7732,7732,67,126,128,16
7733,7733,62,100,100,8
7734,7734,122,217,220,22
7735,7735,50,219,219,3
7736,7736,7,94,94,9
7737,7737,26,254,260,68
7738,7738,14,154,154,7
7739,7739,145,205,206,13
7740,7740,99,141,145,33
7741,7741,126,155,156,26
7742,7742,117,98,101,33
7743,7743,100,92,92,5
7744,7744,124,125,126,14
7745,7745,149,93,96,46
7746,7746,41,90,90,6
7747,7747,98,160,160,9
7748,7748,113,116,119,28
7749,7749,146,112,114,20
7750,7750,77,185,189,33
7751,7751,51,664,666,19
7752,7752,5,95,96,18
7753,7753,44,169,169,10
7754,7754,21,92,94,38
7755,7755,95,148,152,34
7756,7756,8,94,97,56
7757,7757,111,157,157,3
7758,7758,87,74,75,11
7759,7759,141,55,56,14
7760,7760,110,162,163,11
7761,7761,66,175,175,4
7762,7762,17,160,160,9
7763,7763,143,170,175,53
7764,7764,39,100,103,40
7765,7765,124,126,126,11
7766,7766,7,94,96,18
7767,7767,118,135,135,22
7768,7768,41,90,92,49
7769,7769,126,156,160,51
7770,7770,64,177,177,6
7771,7771,28,73,74,19
7772,7772,99,145,146,24
7773,7773,35,85,91,55
7774,7774,58,123,124,10
7775,7775,68,239,240,16
7776,7776,14,154,155,20
7777,7777,88,176,177,18
7778,7778,119,136,139,24
7779,7779,45,77,78,17
7780,7780,13,214,215,13
7781,7781,100,92,93,11
7782,7782,66,175,182,58
7783,7783,28,74,80,48
7784,7784,53,567,569,20
7785,7785,97,234,235,25
7786,7786,20,222,226,31
7787,7787,121,107,108,26
7788,7788,100,93,94,16
7789,7789,70,145,145,13
7790,7790,138,121,121,10
7791,7791,63,157,164,61
7792,7792,69,65,65,5
7793,7793,103,475,475,4
7794,7794,116,161,164,38
7795,7795,29,109,109,20
7796,7796,39,103,104,12
7797,7797,117,101,101,3
7798,7798,26,260,260,9
7799,7799,7,96,99,27
7800,7800,117,101,103,20
7801,7801,61,61,62,9
7802,7802,121,108,109,10
7803,7803,132,246,247,10
7804,7804,126,160,163,32
7805,7805,70,145,147,16
7806,7806,113,119,119,5
7807,7807,122,220,224,31
7808,7808,51,666,667,14
7809,7809,49,793,794,8
7810,7810,117,103,103,16
7811,7811,91,111,112,37
7812,7812,77,189,192,40
7813,7813,71,88,89,16
7814,7814,95,152,153,17
7815,7815,103,475,481,64
7816,7816,52,802,804,18
7817,7817,101,1767,1767,17
7818,7818,133,124,126,19
7819,7819,125,181,185,56
7820,7820,79,27,30,55
7821,7821,124,126,127,28
7822,7822,149,96,96,13
7823,7823,59,109,109,7
7824,7824,130,176,176,26
7825,7825,99,146,148,47
7826,7826,64,177,177,16
7827,7827,48,1220,1222,19
7828,7828,73,145,145,7
7829,7829,49,794,799,60
7830,7830,145,206,209,23
7831,7831,38,106,109,23
7832,7832,20,226,228,19
7833,7833,81,141,144,40
7834,7834,13,215,217,30
7835,7835,23,212,217,45
7836,7836,32,147,148,17
7837,7837,48,1222,1222,2
7838,7838,133,126,127,30
7839,7839,98,160,162,24
7840,7840,3,128,129,11
7841,7841,124,127,127,7
7842,7842,82,148,150,58
7843,7843,59,109,110,21
7844,7844,23,217,218,15
7845,7845,131,107,108,15
7846,7846,78,160,162,40
7847,7847,60,84,87,34
7848,7848,121,109,118,63
7849,7849,83,236,236,19
7850,7850,18,128,128,5
7851,7851,24,224,226,25
7852,7852,120,116,119,24
7853,7853,64,177,177,9
7854,7854,113,119,119,4
7855,7855,140,55,56,16
7856,7856,116,164,165,18
7857,7857,81,144,150,51
7858,7858,9,89,89,7
7859,7859,89,87,88,13
7860,7860,43,209,211,21
7861,7861,95,153,157,44
7862,7862,140,56,56,14
7863,7863,130,176,176,11
7864,7864,16,55,56,31
7865,7865,86,99,102,42
7866,7866,133,127,128,22
7867,7867,141,56,60,51
7868,7868,97,235,236,35
7869,7869,24,226,226,9
7870,7870,145,209,209,5
7871,7871,16,56,58,21
7872,7872,108,2290,2293,26
7873,7873,94,215,215,10
7874,7874,96,140,141,18
7875,7875,31,140,140,15
7876,7876,107,1223,1228,42
7877,7877,40,134,136,50
7878,7878,78,162,165,31
7879,7879,113,119,119,19
7880,7880,99,148,148,18
7881,7881,83,236,241,41
7882,7882,71,89,89,17
7883,7883,49,799,799,6
7884,7884,142,45,46,25
7885,7885,94,215,218,23
7886,7886,109,1147,1151,59
7887,7887,29,109,109,8
7888,7888,136,230,233,38
7889,7889,91,112,112,13
7890,7890,116,165,165,10
7891,7891,149,96,97,26
7892,7892,117,103,104,21
7893,7893,147,172,172,3
7894,7894,97,236,238,57
7895,7895,13,217,220,35
7896,7896,81,150,155,42
7897,7897,147,172,174,29
7898,7898,130,176,178,15
7899,7899,91,112,112,9
7900,7900,19,105,106,23
7901,7901,60,87,88,12
7902,7902,105,510,510,2
7903,7903,86,102,102,13
7904,7904,126,163,164,22
7905,7905,7,99,105,55
7906,7906,115,84,87,35
7907,7907,31,140,141,16
7908,7908,104,509,511,26
7909,7909,28,80,80,1
7910,7910,136,233,235,58
7911,7911,34,87,89,19
7912,7912,139,61,61,10
7913,7913,148,165,169,51
7914,7914,135,189,194,50
7915,7915,14,155,159,38
7916,7916,102,1119,1121,28
7917,7917,93,93,93,5
7918,7918,66,182,183,29
7919,7919,38,109,111,15
7920,7920,115,87,88,18
7921,7921,39,104,106,16
7922,7922,102,1121,1124,35
7923,7923,23,218,223,45
7924,7924,114,214,214,3
7925,7925,54,288,288,20
7926,7926,24,226,229,56
7927,7927,78,165,170,46
7928,7928,2,89,90,15
7929,7929,108,2293,2293,7
7930,7930,82,150,151,15
7931,7931,126,164,164,24
7932,7932,56,76,77,16
7933,7933,43,211,214,44
7934,7934,69,65,65,10
7935,7935,11,161,162,13
7936,7936,109,1151,1151,10
7937,7937,71,89,89,19
7938,7938,50,219,219,6
7939,7939,122,224,227,30
7940,7940,124,127,128,18
7941,7941,81,155,156,23
7942,7942,31,141,141,5
7943,7943,137,140,141,18
7944,7944,99,148,152,29
7945,7945,58,124,130,59
7946,7946,6,106,108,49
7947,7947,24,229,229,6
7948,7948,109,1151,1151,1
7949,7949,111,157,158,13
7950,7950,63,164,165,16
7951,7951,65,141,142,8
7952,7952,4,71,73,44
7953,7953,144,179,180,32
7954,7954,114,214,214,16
7955,7955,9,89,90,10
7956,7956,89,88,89,27
7957,7957,41,92,95,51
7958,7958,126,164,167,54
7959,7959,87,75,76,18
7960,7960,144,180,180,5
7961,7961,148,169,169,14
7962,7962,101,1767,1769,17
7963,7963,103,481,483,24
7964,7964,85,104,107,30
7965,7965,92,176,177,17
7966,7966,66,183,183,8
7967,7967,116,165,167,47
7968,7968,11,162,162,17
7969,7969,77,192,199,52
7970,7970,59,110,111,31
7971,7971,47,299,303,33
7972,7972,101,1769,1769,10
7973,7973,16,58,59,15
7974,7974,99,152,154,21
7975,7975,137,141,144,38
7976,7976,87,76,76,28
7977,7977,110,163,165,20
7978,7978,74,199,202,26
7979,7979,120,119,119,5
7980,7980,131,108,109,15
7981,7981,98,162,163,21
7982,7982,93,93,94,24
7983,7983,74,202,205,39
7984,7984,54,288,290,18
7985,7985,113,119,119,6
7986,7986,111,158,158,17
7987,7987,63,165,165,5
7988,7988,116,167,167,11
7989,7989,119,139,142,27
7990,7990,148,169,170,21
7991,7991,135,194,194,3
7992,7992,104,511,512,46
7993,7993,82,151,151,19
7994,7994,129,171,174,35
7995,7995,98,163,165,15
7996,7996,12,78,79,13
7997,7997,3,129,129,4
7998,7998,69,65,69,31
7999,7999,63,165,166,12
8000,8000,36,215,216,15
8001,8001,17,160,160,9
8002,8002,30,206,210,35
8003,8003,57,76,79,26
8004,8004,27,125,126,35
8005,8005,28,80,82,40
8006,8006,51,667,668,17
8007,8007,117,104,106,25
8008,8008,86,102,102,6
8009,8009,72,103,105,24
8010,8010,41,95,100,47
8011,8011,84,186,187,22
8012,8012,27,126,127,8
8013,8013,35,91,92,11
8014,8014,30,210,212,35
8015,8015,82,151,158,64
8016,8016,119,142,143,8
8017,8017,103,483,484,11
8018,8018,138,121,122,20
8019,8019,108,2293,2296,23
8020,8020,64,177,179,28
8021,8021,47,303,303,6
8022,8022,46,1627,1628,24
8023,8023,33,120,121,18
8024,8024,62,100,102,59
8025,8025,23,223,227,32
8026,8026,138,122,123,19
8027,8027,93,94,94,11
8028,8028,18,128,130,19
8029,8029,88,177,178,42
8030,8030,148,170,171,42
8031,8031,141,60,61,16
8032,8032,77,199,200,14
8033,8033,148,171,175,46
8034,8034,135,194,197,45
8035,8035,14,159,160,29
8036,8036,102,1124,1124,19
8037,8037,85,107,108,11
8038,8038,139,61,61,14
8039,8039,20,228,232,60
8040,8040,51,668,669,12
8041,8041,140,56,57,17
8042,8042,93,94,95,21
8043,8043,14,160,161,34
8044,8044,32,148,148,6
8045,8045,62,102,102,5
8046,8046,62,102,103,31
8047,8047,26,260,264,44
8048,8048,98,165,167,42
8049,8049,107,1228,1231,35
8050,8050,100,94,95,20
8051,8051,144,180,180,6
8052,8052,34,89,91,18
8053,8053,54,290,290,15
8054,8054,32,148,148,8
8055,8055,98,167,169,25
8056,8056,24,229,231,48
8057,8057,31,141,142,14
8058,8058,78,170,171,14
8059,8059,97,238,242,38
8060,8060,19,106,107,20
8061,8061,25,228,230,27
8062,8062,139,61,63,24
8063,8063,26,264,269,61
8064,8064,24,231,233,17
8065,8065,77,200,200,10
8066,8066,24,233,235,15
8067,8067,2,90,93,46
8068,8068,139,63,64,12
8069,8069,48,1222,1223,17
8070,8070,6,108,109,15
8071,8071,32,148,150,23
8072,8072,20,232,232,21
8073,8073,106,812,814,44
8074,8074,97,242,245,50
8075,8075,126,167,168,13
8076,8076,122,227,227,13
8077,8077,60,88,92,53
8078,8078,8,97,99,33
8079,8079,91,112,114,57
8080,8080,24,235,235,11
8081,8081,8,99,99,15
8082,8082,97,245,246,24
8083,8083,84,187,188,18
8084,8084,94,218,219,22
8085,8085,42,186,186,16
8086,8086,119,143,146,25
8087,8087,118,135,135,9
8088,8088,17,160,160,7
8089,8089,33,121,123,22
8090,8090,57,79,80,28
8091,8091,27,127,130,39
8092,8092,129,174,178,35
8093,8093,51,669,670,17
8094,8094,20,232,232,13
8095,8095,73,145,145,18
8096,8096,37,113,114,17
8097,8097,38,111,114,48
8098,8098,28,82,84,27
8099,8099,54,290,290,3
8100,8100,122,227,228,41
8101,8101,114,214,216,47
8102,8102,68,240,244,41
8103,8103,49,799,800,21
8104,8104,61,62,62,8
8105,8105,100,95,99,54
8106,8106,45,78,80,26
8107,8107,15,35,35,16
8108,8108,85,108,110,15
8109,8109,17,160,161,15
8110,8110,20,232,237,54
8111,8111,51,670,670,4
8112,8112,42,186,187,8
8113,8113,83,241,245,35
8114,8114,118,135,135,18
8115,8115,141,61,61,1
8116,8116,54,290,293,32
8117,8117,12,79,81,20
8118,8118,5,96,96,10
8119,8119,7,105,106,15
8120,8120,129,178,181,46
8121,8121,59,111,113,28
8122,8122,17,161,164,36
8123,8123,80,170,171,19
8124,8124,77,200,200,13
8125,8125,19,107,111,47
8126,8126,76,118,121,31
8127,8127,9,90,90,15
8128,8128,30,212,213,12
8129,8129,125,185,187,53
8130,8130,78,171,172,15
8131,8131,49,800,802,23
8132,8132,138,123,123,4
8133,8133,67,128,129,13
8134,8134,26,269,271,19
8135,8135,130,178,178,17
8136,8136,45,80,80,2
8137,8137,142,46,48,18
8138,8138,41,100,100,11
8139,8139,55,891,892,24
8140,8140,20,237,238,14
8141,8141,102,1124,1124,6
8142,8142,125,187,188,18
8143,8143,39,106,107,15
8144,8144,134,120,124,62
8145,8145,9,90,91,14
8146,8146,4,73,74,18
8147,8147,1,68,69,11
8148,8148,27,130,132,25
8149,8149,100,99,100,13
8150,8150,61,62,62,10
8151,8151,100,100,101,64
8152,8152,45,80,85,34
8153,8153,15,35,35,10
8154,8154,134,124,125,12
8155,8155,114,216,219,23
8156,8156,149,97,99,23
8157,8157,46,1628,1629,8
8158,8158,113,119,119,6
8159,8159,53,569,574,36
8160,8160,83,245,246,11
8161,8161,106,814,814,9
8162,8162,61,62,63,44
8163,8163,16,59,60,20
8164,8164,60,92,94,24
8165,8165,33,123,124,19
8166,8166,39,107,108,17
8167,8167,102,1124,1125,31
8168,8168,23,227,229,39
8169,8169,114,219,219,8
8170,8170,130,178,178,9
8171,8171,16,60,62,29
8172,8172,86,102,105,40
8173,8173,133,128,129,18
8174,8174,72,105,112,51
8175,8175,97,246,248,27
8176,8176,102,1125,1126,16
8177,8177,73,145,145,12
8178,8178,78,172,174,19
8179,8179,8,99,100,12
8180,8180,42,187,187,7
8181,8181,83,246,251,34
8182,8182,118,135,136,9
8183,8183,123,146,146,13
8184,8184,43,214,216,41
8185,8185,95,157,158,15
8186,8186,19,111,113,22
8187,8187,76,121,123,28
8188,8188,74,205,206,14
8189,8189,55,892,892,1
8190,8190,59,113,119,55
8191,8191,122,228,232,52
8192,8192,34,91,92,20
8193,8193,121,118,118,17
8194,8194,105,510,510,3
8195,8195,31,142,143,34
8196,8196,37,114,119,66
8197,8197,73,145,145,7
8198,8198,44,169,170,16
8199,8199,21,94,97,39
8200,8200,95,158,162,28
8201,8201,8,100,104,51
8202,8202,92,177,178,15
8203,8203,85,110,110,10
8204,8204,51,670,672,20
8205,8205,97,248,252,35
8206,8206,27,132,134,15
8207,8207,78,174,174,13
8208,8208,125,188,188,13
8209,8209,86,105,107,22
8210,8210,6,109,109,6
8211,8211,76,123,123,7
8212,8212,31,143,144,35
8213,8213,77,200,204,44
8214,8214,123,146,151,53
8215,8215,128,105,106,23
8216,8216,82,158,158,14
8217,8217,24,235,236,19
8218,8218,89,89,90,18
8219,8219,108,2296,2296,3
8220,8220,61,63,63,9
8221,8221,15,35,37,21
8222,8222,11,162,164,15
8223,8223,56,77,77,3
8224,8224,105,510,513,41
8225,8225,117,106,106,11
8226,8226,89,90,92,36
8227,8227,95,162,162,3
8228,8228,66,183,184,12
8229,8229,113,119,122,36
8230,8230,21,97,100,25
8231,8231,109,1151,1153,23
8232,8232,117,106,107,15
8233,8233,114,219,220,24
8234,8234,14,161,161,10
8235,8235,95,162,163,9
8236,8236,88,178,180,22
8237,8237,92,178,183,42
8238,8238,145,209,212,25
8239,8239,66,184,185,15
8240,8240,116,167,172,41
8241,8241,53,574,576,25
8242,8242,77,204,206,58
8243,8243,55,892,893,32
8244,8244,47,303,304,24
8245,8245,101,1769,1770,8
8246,8246,39,108,108,3
8247,8247,128,106,113,61
8248,8248,84,188,196,62
8249,8249,124,128,132,36
8250,8250,129,181,181,9
8251,8251,75,89,89,17
8252,8252,22,168,168,5
8253,8253,132,247,248,18
8254,8254,95,163,164,29
8255,8255,85,110,111,19
8256,8256,10,139,140,13
8257,8257,2,93,94,11
8258,8258,79,30,30,14
8259,8259,40,136,140,51
8260,8260,111,158,159,13
8261,8261,14,161,161,7
8262,8262,104,512,515,29
8263,8263,130,178,184,54
8264,8264,142,48,49,13
8265,8265,3,129,129,13
8266,8266,108,2296,2296,13
8267,8267,97,252,252,17
8268,8268,10,140,143,26
8269,8269,72,112,113,12
8270,8270,90,97,98,14
8271,8271,144,180,182,16
8272,8272,84,196,198,48
8273,8273,27,134,137,23
8274,8274,121,118,118,14
8275,8275,145,212,213,11
8276,8276,86,107,107,6
8277,8277,93,95,95,22
8278,8278,41,100,102,54
8279,8279,84,198,200,21
8280,8280,27,137,138,7
8281,8281,23,229,229,14
8282,8282,121,118,118,17
8283,8283,48,1223,1230,62
8284,8284,95,164,169,62
8285,8285,129,181,183,20
8286,8286,63,166,166,11
8287,8287,119,146,147,14
8288,8288,113,122,123,11
8289,8289,5,96,97,16
8290,8290,9,91,91,6
8291,8291,98,169,169,6
8292,8292,95,169,169,21
8293,8293,146,114,116,20
8294,8294,77,206,211,41
8295,8295,40,140,141,18
8296,8296,5,97,97,20
8297,8297,24,236,236,8
8298,8298,96,141,145,34
8299,8299,75,89,95,55
8300,8300,131,109,113,45
8301,8301,150,195,195,9
8302,8302,71,89,89,8
8303,8303,89,92,93,14
8304,8304,102,1126,1130,34
8305,8305,119,147,148,22
8306,8306,54,293,295,38
8307,8307,33,124,124,5
8308,8308,78,174,174,8
8309,8309,24,236,236,16
8310,8310,89,93,95,20
8311,8311,77,211,211,5
8312,8312,19,113,115,42
8313,8313,76,123,124,29
8314,8314,9,91,92,8
8315,8315,140,57,58,9
8316,8316,37,119,119,7
8317,8317,97,252,254,16
8318,8318,41,102,107,47
8319,8319,121,118,118,12
8320,8320,58,130,131,10
8321,8321,97,254,256,40
8322,8322,92,183,187,47
8323,8323,150,195,195,8
8324,8324,2,94,95,9
8325,8325,79,30,30,13
8326,8326,40,141,147,51
8327,8327,111,159,160,14
8328,8328,140,58,58,13
8329,8329,37,119,120,17
8330,8330,97,256,256,8
8331,8331,41,107,114,51
8332,8332,121,118,118,21
8333,8333,136,235,235,5
8334,8334,21,100,102,18
8335,8335,121,118,121,27
8336,8336,134,125,126,11
8337,8337,124,132,133,14
8338,8338,14,161,164,31
8339,8339,143,175,182,66
8340,8340,26,271,273,20
8341,8341,78,174,176,15
8342,8342,52,804,804,15
8343,8343,86,107,110,28
8344,8344,6,109,111,19
8345,8345,58,131,131,13
8346,8346,23,229,230,15
8347,8347,2,95,97,64
8348,8348,136,235,236,12
8349,8349,89,95,95,1
8350,8350,27,138,143,41
8351,8351,42,187,188,14
8352,8352,49,802,803,13
8353,8353,114,220,221,13
8354,8354,23,230,232,17
8355,8355,92,187,188,14
8356,8356,83,251,251,3
8357,8357,122,232,234,16
8358,8358,120,119,122,27
8359,8359,112,111,111,7
8360,8360,24,236,236,7
8361,8361,56,77,83,44
8362,8362,49,803,804,38
8363,8363,65,142,144,20
8364,8364,34,92,93,10
8365,8365,148,175,176,57
8366,8366,92,188,190,18
8367,8367,13,220,221,10
8368,8368,110,165,166,16
8369,8369,101,1770,1774,37
8370,8370,68,244,251,54
8371,8371,79,30,30,6
8372,8372,111,160,160,10
8373,8373,64,179,184,53
8374,8374,28,84,90,51
8375,8375,149,99,100,23
8376,8376,78,176,177,25
8377,8377,112,111,113,27
8378,8378,92,190,190,17
8379,8379,97,256,257,14
8380,8380,43,216,221,45
8381,8381,29,109,110,26
8382,8382,130,184,186,35
8383,8383,146,116,119,30
8384,8384,33,124,124,12
8385,8385,110,166,167,12
8386,8386,101,1774,1778,35
8387,8387,68,251,254,58
8388,8388,79,30,31,7
8389,8389,83,251,252,15
8390,8390,97,257,257,11
8391,8391,30,213,216,35
8392,8392,36,216,219,43
8393,8393,112,113,120,58
8394,8394,96,145,146,15
8395,8395,39,108,109,12
8396,8396,54,295,296,8
8397,8397,131,113,115,19
8398,8398,146,119,119,6
8399,8399,136,236,239,29
8400,8400,4,74,74,8
8401,8401,78,177,178,16
8402,8402,125,188,191,25
8403,8403,86,110,110,23
8404,8404,57,80,81,19
8405,8405,46,1629,1630,13
8406,8406,12,81,82,42
8407,8407,35,92,93,10
8408,8408,81,156,157,11
8409,8409,130,186,188,62
8410,8410,37,120,123,28
8411,8411,44,170,171,8
8412,8412,67,129,129,10
8413,8413,98,169,170,12
8414,8414,62,103,103,4
8415,8415,127,51,53,29
8416,8416,130,188,188,8
8417,8417,145,213,214,13
8418,8418,121,121,123,21
8419,8419,148,176,177,30
8420,8420,60,94,94,17
8421,8421,53,576,582,42
8422,8422,124,133,134,19
8423,8423,138,123,123,9
8424,8424,96,146,146,9
8425,8425,75,95,97,19
8426,8426,101,1778,1780,28
8427,8427,125,191,193,25
8428,8428,28,90,91,10
8429,8429,26,273,274,9
8430,8430,149,100,100,19
8431,8431,117,107,107,13
8432,8432,63,166,167,22
8433,8433,52,804,804,16
8434,8434,90,98,98,15
8435,8435,102,1130,1132,23
8436,8436,73,145,145,14
8437,8437,49,804,805,17
8438,8438,23,232,233,12
8439,8439,50,219,222,64
8440,8440,99,154,159,50
8441,8441,124,134,136,21
8442,8442,31,144,144,9
8443,8443,142,49,51,41
8444,8444,40,147,151,50
8445,8445,78,178,180,29
8446,8446,113,123,123,16
8447,8447,46,1630,1631,17
8448,8448,33,124,126,16
8449,8449,62,103,107,53
8450,8450,23,233,237,33
8451,8451,103,484,484,8
8452,8452,35,93,93,2
8453,8453,28,91,91,11
8454,8454,88,180,181,53
8455,8455,56,83,86,21
8456,8456,114,221,221,14
8457,8457,23,237,238,26
8458,8458,86,110,111,32
8459,8459,70,147,147,11
8460,8460,43,221,223,16
8461,8461,74,206,209,47
8462,8462,72,113,114,17
8463,8463,139,64,66,20
8464,8464,52,804,805,23
8465,8465,120,122,123,9
8466,8466,22,168,171,61
8467,8467,10,143,147,30
8468,8468,4,74,76,22
8469,8469,87,76,78,17
8470,8470,62,107,111,50
8471,8471,19,115,115,14
8472,8472,128,113,113,27
8473,8473,124,136,136,3
8474,8474,82,158,164,50
8475,8475,59,119,119,22
8476,8476,23,238,240,17
8477,8477,130,188,188,8
8478,8478,133,129,130,35
8479,8479,98,170,171,21
8480,8480,3,129,130,10
8481,8481,140,58,58,18
8482,8482,76,124,127,47
8483,8483,134,126,133,57
8484,8484,61,63,65,21
8485,8485,72,114,116,23
8486,8486,109,1153,1153,12
8487,8487,56,86,86,13
8488,8488,63,167,169,25
8489,8489,68,254,256,33
8490,8490,1,69,70,15
8491,8491,18,130,131,13
8492,8492,24,236,239,24
8493,8493,120,123,124,30
8494,8494,64,184,185,12
8495,8495,120,124,124,4
8496,8496,92,190,194,48
8497,8497,84,200,201,19
8498,8498,36,219,220,10
8499,8499,89,95,96,20
8500,8500,99,159,161,17
8501,8501,109,1153,1154,11
8502,8502,23,240,240,14
8503,8503,75,97,98,19
8504,8504,93,95,95,4
8505,8505,120,124,130,59
8506,8506,130,188,188,14
8507,8507,89,96,97,21
8508,8508,146,119,119,8
8509,8509,26,274,275,10
8510,8510,105,513,513,7
8511,8511,86,111,111,11
8512,8512,126,168,170,22
8513,8513,7,106,108,54
8514,8514,115,88,93,43
8515,8515,143,182,183,16
8516,8516,104,515,517,18
8517,8517,18,131,132,14
8518,8518,82,164,166,20
8519,8519,128,113,117,27
8520,8520,51,672,675,50
8521,8521,143,183,185,22
8522,8522,110,167,167,9
8523,8523,81,157,158,33
8524,8524,43,223,223,8
8525,8525,3,130,131,18
8526,8526,97,257,257,3
8527,8527,24,239,240,31
8528,8528,17,164,165,24
8529,8529,107,1231,1233,17
8530,8530,54,296,301,36
8531,8531,92,194,197,29
8532,8532,139,66,67,16
8533,8533,74,209,211,16
8534,8534,118,136,139,60
8535,8535,42,188,193,37
8536,8536,81,158,160,22
8537,8537,138,123,123,10
8538,8538,6,111,111,6
8539,8539,100,101,101,23
8540,8540,95,169,169,15
8541,8541,57,81,81,21
8542,8542,34,93,93,15
8543,8543,26,275,275,9
8544,8544,149,100,101,14
8545,8545,106,814,814,12
8546,8546,59,119,120,12
8547,8547,114,221,221,15
8548,8548,136,239,240,24
8549,8549,7,108,108,2
8550,8550,26,275,277,62
8551,8551,14,164,165,14
8552,8552,108,2296,2298,15
8553,8553,118,139,140,19
8554,8554,119,148,151,59
8555,8555,30,216,219,37
8556,8556,36,220,220,8
8557,8557,50,222,223,11
8558,8558,76,127,129,36
8559,8559,131,115,118,50
8560,8560,43,223,224,39
8561,8561,90,98,99,20
8562,8562,75,98,99,20
8563,8563,93,95,96,8
8564,8564,120,130,133,64
8565,8565,130,188,188,9
8566,8566,105,513,513,1
8567,8567,31,144,147,27
8568,8568,37,123,127,61
8569,8569,73,145,145,2
8570,8570,43,224,224,17
8571,8571,74,211,217,56
8572,8572,72,116,118,18
8573,8573,139,67,68,28
8574,8574,95,169,169,18
8575,8575,39,109,109,11
8576,8576,64,185,189,28
8577,8577,132,248,254,57
8578,8578,115,93,96,23
8579,8579,36,220,221,15
8580,8580,107,1233,1235,14
8581,8581,26,277,279,19
8582,8582,40,151,154,42
8583,8583,47,304,305,13
8584,8584,95,169,170,11
8585,8585,76,129,132,28
8586,8586,118,140,142,40
8587,8587,145,214,216,18
8588,8588,33,126,126,5
8589,8589,147,174,177,50
8590,8590,103,484,485,16
8591,8591,3,131,133,30
8592,8592,35,93,93,7
8593,8593,105,513,515,14
8594,8594,30,219,220,16
8595,8595,126,170,172,22
8596,8596,7,108,111,56
8597,8597,115,96,101,38
8598,8598,31,147,149,15
8599,8599,104,517,519,26
8600,8600,145,216,216,7
8601,8601,118,142,148,55
8602,8602,59,120,122,33
8603,8603,117,107,107,9
8604,8604,28,91,92,11
8605,8605,136,240,242,51
8606,8606,34,93,95,28
8607,8607,73,145,145,8
8608,8608,61,65,68,30
8609,8609,141,61,63,24
8610,8610,9,92,93,13
8611,8611,65,144,145,14
8612,8612,74,217,217,20
8613,8613,140,58,58,20
8614,8614,8,104,106,17
8615,8615,131,118,119,19
8616,8616,78,180,184,48
8617,8617,60,94,95,30
8618,8618,121,123,126,52
8619,8619,144,182,183,10
8620,8620,89,97,99,18
8621,8621,48,1230,1236,53
8622,8622,33,126,128,22
8623,8623,114,221,221,2
8624,8624,23,240,242,29
8625,8625,86,111,112,31
8626,8626,70,147,147,14
8627,8627,58,131,132,17
8628,8628,93,96,99,26
8629,8629,33,128,132,51
8630,8630,41,114,114,13
8631,8631,124,136,137,13
8632,8632,82,166,173,55
8633,8633,59,122,123,19
8634,8634,23,242,244,15
8635,8635,95,170,170,14
8636,8636,72,118,121,22
8637,8637,46,1631,1633,30
8638,8638,13,221,225,50
8639,8639,136,242,243,24
8640,8640,116,172,173,22
8641,8641,125,193,193,9
8642,8642,64,189,193,39
8643,8643,119,151,151,4
8644,8644,132,254,254,5
8645,8645,19,115,117,16
8646,8646,108,2298,2299,63
8647,8647,31,149,149,11
8648,8648,43,224,228,34
8649,8649,16,62,64,16
8650,8650,109,1154,1155,16
8651,8651,117,107,108,11
8652,8652,119,151,151,2
8653,8653,50,223,224,12
8654,8654,74,217,221,46
8655,8655,53,582,585,24
8656,8656,17,165,168,39
8657,8657,77,211,212,18
8658,8658,76,132,132,6
8659,8659,145,216,216,16
8660,8660,99,161,161,7
8661,8661,121,126,130,39
8662,8662,97,257,257,8
8663,8663,40,154,154,3
8664,8664,58,132,135,47
8665,8665,72,121,122,16
8666,8666,111,160,162,18
8667,8667,125,193,200,51
8668,8668,73,145,145,8
8669,8669,100,101,101,6
8670,8670,116,173,173,18
8671,8671,48,1236,1237,16
8672,8672,38,114,116,27
8673,8673,47,305,305,5
8674,8674,47,305,305,9
8675,8675,71,89,90,24
8676,8676,14,165,167,33
8677,8677,129,183,184,21
8678,8678,78,184,186,31
8679,8679,64,193,194,11
8680,8680,83,252,253,16
8681,8681,4,76,76,8
8682,8682,38,116,118,31
8683,8683,51,675,680,42
8684,8684,80,171,174,46
8685,8685,145,216,217,18
8686,8686,48,1237,1238,21
8687,8687,40,154,154,15
8688,8688,44,171,176,43
8689,8689,17,168,169,19
8690,8690,31,149,151,25
8691,8691,4,76,77,15
8692,8692,72,122,122,9
8693,8693,70,147,149,40
8694,8694,124,137,139,20
8695,8695,3,133,135,19
8696,8696,39,109,109,11
8697,8697,54,301,301,6
8698,8698,131,119,120,19
8699,8699,147,177,178,12
8700,8700,97,257,263,54
8701,8701,13,225,226,43
8702,8702,81,160,163,36
8703,8703,147,178,179,34
8704,8704,130,188,188,11
8705,8705,122,234,234,5
8706,8706,60,95,99,54
8707,8707,8,106,107,38
8708,8708,91,114,118,55
8709,8709,29,110,111,14
8710,8710,135,197,197,13
8711,8711,104,519,523,50
8712,8712,50,224,225,19
8713,8713,129,184,188,30
8714,8714,98,171,171,14
8715,8715,111,162,162,15
8716,8716,2,97,97,28
8717,8717,94,219,220,18
8718,8718,113,123,124,16
8719,8719,29,111,111,15
8720,8720,67,129,129,6
8721,8721,105,515,516,12
8722,8722,85,111,112,10
8723,8723,111,162,163,11
8724,8724,71,90,90,23
8725,8725,92,197,198,19
8726,8726,57,81,82,11
8727,8727,132,254,254,6
8728,8728,138,123,124,16
8729,8729,143,185,186,18
8730,8730,99,161,162,24
8731,8731,71,90,91,20
8732,8732,43,228,229,12
8733,8733,95,170,172,24
8734,8734,96,146,151,40
8735,8735,112,120,124,31
8736,8736,78,186,188,19
8737,8737,100,101,102,12
8738,8738,114,221,226,42
8739,8739,104,523,524,50
8740,8740,22,171,172,8
8741,8741,105,516,516,17
8742,8742,149,101,104,47
8743,8743,9,93,95,34
8744,8744,98,171,173,44
8745,8745,23,244,246,24
8746,8746,9,95,96,13
8747,8747,121,130,132,32
8748,8748,94,220,221,28
8749,8749,67,129,131,28
8750,8750,22,172,175,27
8751,8751,28,92,92,9
8752,8752,42,193,193,5
8753,8753,110,167,171,55
8754,8754,81,163,163,19
8755,8755,72,122,122,10
8756,8756,128,117,118,16
8757,8757,39,109,112,28
8758,8758,105,516,518,17
8759,8759,30,220,224,44
8760,8760,11,164,166,53
8761,8761,136,243,244,16
8762,8762,146,119,119,5
8763,8763,136,244,245,39
8764,8764,4,77,78,13
8765,8765,113,124,125,22
8766,8766,6,111,115,43
8767,8767,106,814,815,42
8768,8768,67,131,135,38
8769,8769,61,68,68,15
8770,8770,106,815,816,17
8771,8771,90,99,100,21
8772,8772,97,263,265,33
8773,8773,59,123,127,29
8774,8774,13,226,229,24
8775,8775,23,246,247,20
8776,8776,121,132,133,17
8777,8777,48,1238,1240,59
8778,8778,95,172,176,62
8779,8779,129,188,189,21
8780,8780,146,119,121,16
8781,8781,119,151,152,14
8782,8782,94,221,222,10
8783,8783,74,221,222,15
8784,8784,149,104,105,24
8785,8785,122,234,235,33
8786,8786,139,68,70,39
8787,8787,65,145,148,49
8788,8788,133,130,131,23
8789,8789,118,148,148,7
8790,8790,76,132,134,20
8791,8791,107,1235,1239,42
8792,8792,79,31,33,21
8793,8793,137,144,144,2
8794,8794,78,188,189,14
8795,8795,97,265,270,40
8796,8796,19,117,119,18
8797,8797,25,230,232,33
8798,8798,83,253,257,31
8799,8799,26,279,284,57
8800,8800,24,240,241,12
8801,8801,132,254,255,9
8802,8802,138,124,126,24
8803,8803,143,186,186,6
8804,8804,147,179,181,29
8805,8805,71,91,92,16
8806,8806,36,221,221,4
8807,8807,4,78,81,31
8808,8808,39,112,113,16
8809,8809,104,524,528,29
8810,8810,137,144,145,14
8811,8811,70,149,150,25
8812,8812,137,145,150,44
8813,8813,27,143,144,15
8814,8814,28,92,92,11
8815,8815,16,64,65,54
8816,8816,144,183,185,25
8817,8817,113,125,125,15
8818,8818,8,107,107,12
8819,8819,135,197,197,19
8820,8820,24,241,241,22
8821,8821,138,126,129,28
8822,8822,66,185,185,15
8823,8823,65,148,148,7
8824,8824,140,58,62,48
8825,8825,144,185,185,25
8826,8826,114,226,228,20
8827,8827,123,151,153,20
8828,8828,94,222,223,19
8829,8829,125,200,200,13
8830,8830,146,121,122,18
8831,8831,55,893,893,9
8832,8832,22,175,177,21
8833,8833,108,2299,2300,15
8834,8834,106,816,816,15
8835,8835,84,201,202,24
8836,8836,97,270,272,25
8837,8837,59,127,129,19
8838,8838,47,305,306,17
8839,8839,100,102,102,5
8840,8840,111,163,167,33
8841,8841,95,176,178,19
8842,8842,69,69,73,32
8843,8843,68,256,257,21
8844,8844,135,197,198,18
8845,8845,77,212,216,53
8846,8846,70,150,152,33
8847,8847,150,195,199,48
8848,8848,23,247,248,16
8849,8849,62,111,111,10
8850,8850,78,189,189,22
8851,8851,50,225,225,6
8852,8852,97,272,272,10
8853,8853,24,241,243,28
8854,8854,146,122,125,26
8855,8855,107,1239,1239,5
8856,8856,54,301,303,43
8857,8857,92,198,198,24
8858,8858,100,102,105,21
8859,8859,49,805,806,9
8860,8860,147,181,181,11
8861,8861,126,172,172,8
8862,8862,5,97,98,12
8863,8863,95,178,180,21
8864,8864,130,188,192,47
8865,8865,147,181,181,8
8866,8866,104,528,534,45
8867,8867,97,272,274,22
8868,8868,35,93,93,6
8869,8869,11,166,166,28
8870,8870,22,177,180,49
8871,8871,16,65,65,17
8872,8872,27,144,144,5
8873,8873,107,1239,1240,12
8874,8874,80,174,176,27
8875,8875,134,133,135,19
8876,8876,101,1780,1780,5
8877,8877,84,202,204,22
8878,8878,108,2300,2305,48
8879,8879,82,173,173,4
8880,8880,27,144,145,18
8881,8881,102,1132,1134,26
8882,8882,23,248,253,39
8883,8883,114,228,228,7
8884,8884,45,85,86,14
8885,8885,148,177,179,47
8886,8886,9,96,97,33
8887,8887,137,150,151,23
8888,8888,118,148,150,15
8889,8889,122,235,235,7
8890,8890,16,65,65,12
8891,8891,74,222,224,29
8892,8892,122,235,240,48
8893,8893,116,173,176,31
8894,8894,57,82,82,16
8895,8895,112,124,125,12
8896,8896,45,86,87,14
8897,8897,146,125,125,12
8898,8898,16,65,70,41
8899,8899,147,181,187,46
8900,8900,123,153,155,19
8901,8901,69,73,73,15
8902,8902,110,171,171,8
8903,8903,101,1780,1780,27
8904,8904,68,257,262,59
8905,8905,79,33,33,5
8906,8906,99,162,163,20
8907,8907,83,257,261,36
8908,8908,71,92,94,30
8909,8909,6,115,115,6
8910,8910,100,105,107,14
8911,8911,95,180,181,13
8912,8912,73,145,147,25
8913,8913,69,73,74,11
8914,8914,28,92,93,10
8915,8915,136,245,251,64
8916,8916,34,95,98,26
8917,8917,144,185,187,18
8918,8918,148,179,180,14
8919,8919,101,1780,1781,10
8920,8920,103,485,487,21
8921,8921,85,112,114,25
8922,8922,92,198,200,24
8923,8923,85,114,114,9
8924,8924,114,228,231,24
8925,8925,20,238,240,61
8926,8926,51,680,680,6
8927,8927,26,284,284,4
8928,8928,141,63,64,10
8929,8929,110,171,171,1
8930,8930,145,217,217,5
8931,8931,99,163,166,38
8932,8932,126,172,174,17
8933,8933,117,108,109,39
8934,8934,100,107,108,10
8935,8935,47,306,306,12
8936,8936,82,173,176,23
8937,8937,122,240,241,21
8938,8938,108,2305,2306,16
8939,8939,115,101,101,7
8940,8940,82,176,182,50
8941,8941,59,129,130,24
8942,8942,23,253,254,9
8943,8943,148,180,180,13
8944,8944,3,135,137,47
8945,8945,30,224,227,55
8946,8946,90,100,102,35
8947,8947,150,199,199,6
8948,8948,108,2306,2306,3
8949,8949,129,189,189,9
8950,8950,141,64,66,20
8951,8951,126,174,174,24
8952,8952,57,82,84,17
8953,8953,109,1155,1155,1
8954,8954,111,167,169,15
8955,8955,63,169,169,3
8956,8956,39,113,113,19
8957,8957,64,194,197,21
8958,8958,132,255,258,50
8959,8959,115,101,104,23
8960,8960,36,221,221,6
8961,8961,52,805,805,6
8962,8962,40,154,155,18
8963,8963,65,148,150,35
8964,8964,46,1633,1635,22
8965,8965,55,893,895,18
8966,8966,123,155,155,7
8967,8967,18,132,134,22
8968,8968,131,120,121,19
8969,8969,48,1240,1241,18
8970,8970,112,125,126,56
8971,8971,90,102,109,49
8972,8972,133,131,131,12
8973,8973,108,2306,2306,17
8974,8974,118,150,151,14
8975,8975,119,152,154,57
8976,8976,30,227,228,33
8977,8977,2,97,98,16
8978,8978,73,147,148,13
8979,8979,37,127,128,13
8980,8980,38,118,122,51
8981,8981,28,93,95,26
8982,8982,115,104,105,10
8983,8983,85,114,117,34
8984,8984,98,173,174,30
8985,8985,13,229,230,14
8986,8986,102,1134,1135,23
8987,8987,106,816,817,23
8988,8988,135,198,199,14
8989,8989,121,133,134,9
8990,8990,139,70,74,41
8991,8991,53,585,589,57
8992,8992,61,68,68,5
8993,8993,75,99,101,21
8994,8994,93,99,100,11
8995,8995,120,133,134,58
8996,8996,130,192,193,16
8997,8997,131,121,122,11
8998,8998,123,155,156,18
8999,8999,101,1781,1782,10
9000,9000,129,189,189,13
9001,9001,7,111,111,10
9002,9002,21,102,102,9
9003,9003,145,217,219,18
9004,9004,121,134,135,20
9005,9005,148,180,181,24
9006,9006,60,99,100,21
9007,9007,93,100,102,32
9008,9008,47,306,307,14
9009,9009,138,129,129,12
9010,9010,148,181,182,19
9011,9011,3,137,139,54
9012,9012,30,228,237,66
9013,9013,90,109,110,36
9014,9014,150,199,200,15
9015,9015,121,135,135,8
9016,9016,100,108,110,17
9017,9017,109,1155,1157,25
9018,9018,36,221,223,21
9019,9019,110,171,174,41
9020,9020,150,200,201,33
9021,9021,139,74,74,19
9022,9022,52,805,805,15
9023,9023,150,201,203,49
9024,9024,40,155,158,31
9025,9025,107,1240,1246,46
9026,9026,127,53,53,9
9027,9027,17,169,170,15
9028,9028,33,132,133,32
9029,9029,57,84,85,17
9030,9030,27,145,147,31
9031,9031,129,189,194,40
9032,9032,51,680,681,13
9033,9033,117,109,110,22
9034,9034,30,237,238,14
9035,9035,125,200,206,58
9036,9036,78,189,191,19
9037,9037,49,806,810,29
9038,9038,138,129,129,4
9039,9039,29,111,111,8
9040,9040,34,98,98,15
9041,9041,102,1135,1139,62
9042,9042,10,147,150,32
9043,9043,40,158,158,20
9044,9044,82,182,182,16
9045,9045,134,135,136,27
9046,9046,83,261,267,46
9047,9047,22,180,183,49
9048,9048,127,53,53,13
9049,9049,62,111,112,16
9050,9050,78,191,194,21
9051,9051,50,225,225,12
9052,9052,54,303,305,16
9053,9053,102,1139,1142,23
9054,9054,48,1241,1244,26
9055,9055,146,125,126,11
9056,9056,79,33,37,38
9057,9057,28,95,97,36
9058,9058,87,78,78,6
9059,9059,101,1782,1782,4
9060,9060,84,204,205,15
9061,9061,108,2306,2312,50
9062,9062,82,182,182,2
9063,9063,146,126,126,1
9064,9064,129,194,195,24
9065,9065,17,170,175,39
9066,9066,74,224,224,9
9067,9067,144,187,187,6
9068,9068,148,182,183,19
9069,9069,101,1782,1783,14
9070,9070,132,258,260,20
9071,9071,85,117,119,31
9072,9072,92,200,201,25
9073,9073,12,82,83,11
9074,9074,3,139,139,5
9075,9075,74,224,226,35
9076,9076,63,169,169,14
9077,9077,36,223,224,11
9078,9078,71,94,95,8
9079,9079,89,99,102,26
9080,9080,102,1142,1145,33
9081,9081,119,154,155,18
9082,9082,54,305,310,37
9083,9083,33,133,133,12
9084,9084,95,181,181,9
9085,9085,59,130,130,25
9086,9086,84,205,210,46
9087,9087,108,2312,2313,18
9088,9088,103,487,488,20
9089,9089,56,86,87,11
9090,9090,51,681,681,8
9091,9091,78,194,194,2
9092,9092,72,122,125,38
9093,9093,29,111,116,53
9094,9094,145,219,225,55
9095,9095,17,175,178,28
9096,9096,50,225,226,15
9097,9097,93,102,103,14
9098,9098,65,150,153,38
9099,9099,142,51,52,26
9100,9100,31,151,156,53
9101,9101,96,151,151,5
9102,9102,8,107,107,16
9103,9103,16,70,71,19
9104,9104,112,126,127,31
9105,9105,53,589,591,28
9106,9106,139,74,75,40
9107,9107,29,116,116,13
9108,9108,114,231,232,12
9109,9109,3,139,145,58
9110,9110,97,274,274,10
9111,9111,46,1635,1636,14
9112,9112,6,115,116,9
9113,9113,100,110,111,16
9114,9114,95,181,184,25
9115,9115,73,148,150,18
9116,9116,52,805,807,18
9117,9117,32,150,151,8
9118,9118,64,197,200,45
9119,9119,55,895,895,11
9120,9120,58,135,140,52
9121,9121,32,151,153,23
9122,9122,112,127,127,5
9123,9123,49,810,814,32
9124,9124,63,169,169,13
9125,9125,129,195,195,4
9126,9126,2,98,99,17
9127,9127,99,166,167,15
9128,9128,109,1157,1157,14
9129,9129,94,223,225,24
9130,9130,38,122,125,27
9131,9131,87,78,78,16
9132,9132,104,534,535,11
9133,9133,125,206,207,12
9134,9134,79,37,39,20
9135,9135,10,150,152,43
9136,9136,128,118,120,19
9137,9137,32,153,153,1
9138,9138,64,200,202,40
9139,9139,55,895,897,15
9140,9140,90,110,115,60
9141,9141,32,153,155,25
9142,9142,147,187,187,4
9143,9143,97,274,275,59
9144,9144,13,230,236,47
9145,9145,81,163,166,31
9146,9146,147,187,189,26
9147,9147,102,1145,1146,12
9148,9148,137,151,151,15
9149,9149,70,152,154,18
9150,9150,137,151,156,48
9151,9151,27,147,149,24
9152,9152,143,186,187,13
9153,9153,23,254,256,44
9154,9154,84,210,212,21
9155,9155,83,267,268,15
9156,9156,109,1157,1157,11
9157,9157,134,136,137,16
9158,9158,74,226,227,45
9159,9159,20,240,244,65
9160,9160,137,156,157,21
9161,9161,137,157,157,10
9162,9162,132,260,261,12
9163,9163,102,1146,1146,7
9164,9164,125,207,210,21
9165,9165,39,113,114,15
9166,9166,131,122,129,56
9167,9167,94,225,226,10
9168,9168,69,74,74,16
9169,9169,139,75,77,36
9170,9170,144,187,188,18
9171,9171,13,236,236,15
9172,9172,67,135,136,9
9173,9173,95,184,185,23
9174,9174,130,193,198,45
9175,9175,147,189,190,11
9176,9176,104,535,540,58
9177,9177,97,275,276,19
9178,9178,86,112,112,10
9179,9179,10,152,152,7
9180,9180,10,152,156,53
9181,9181,57,85,88,23
9182,9182,104,540,540,4
9183,9183,40,158,158,14
9184,9184,44,176,178,39
9185,9185,17,178,178,17
9186,9186,31,156,157,28
9187,9187,107,1246,1246,21
9188,9188,65,153,154,11
9189,9189,74,227,228,21
9190,9190,140,62,62,16
9191,9191,8,107,107,22
9192,9192,123,156,156,6
9193,9193,43,229,230,28
9194,9194,122,241,243,20
9195,9195,116,176,177,14
9196,9196,100,111,120,63
9197,9197,137,157,160,36
9198,9198,15,37,37,18
9199,9199,105,518,518,5
9200,9200,31,157,160,32
9201,9201,37,128,136,59
9202,9202,73,150,150,14
9203,9203,135,199,199,19
9204,9204,73,150,151,13
9205,9205,104,540,542,40
9206,9206,83,268,270,45
9207,9207,15,37,37,5
9208,9208,52,807,809,15
9209,9209,38,125,129,45
9210,9210,40,158,160,30
9211,9211,107,1246,1252,47
9212,9212,127,53,53,12
9213,9213,141,66,66,1
9214,9214,54,310,312,21
9215,9215,12,83,83,11
9216,9216,5,98,99,13
9217,9217,96,151,152,12
9218,9218,127,53,53,14
9219,9219,145,225,226,36
9220,9220,46,1636,1638,23
9221,9221,91,118,118,18
9222,9222,107,1252,1253,16
9223,9223,95,185,187,17
9224,9224,78,194,195,13
9225,9225,67,136,138,23
9226,9226,67,138,144,49
9227,9227,92,201,202,13
9228,9228,13,236,236,7
9229,9229,31,160,160,13
9230,9230,105,518,521,37
9231,9231,91,118,119,60
9232,9232,67,144,144,9
9233,9233,51,681,681,4
9234,9234,30,238,239,20
9235,9235,144,188,189,18
9236,9236,33,133,135,22
9237,9237,22,183,185,18
9238,9238,95,187,189,20
9239,9239,130,198,199,48
9240,9240,147,190,190,4
9241,9241,104,542,544,58
9242,9242,97,276,277,16
9243,9243,100,120,121,17
9244,9244,52,809,809,4
9245,9245,102,1146,1149,32
9246,9246,144,189,191,21
9247,9247,112,127,128,20
9248,9248,113,125,125,11
9249,9249,10,156,156,12
9250,9250,31,160,161,18
9251,9251,65,154,159,48
9252,9252,139,77,77,3
9253,9253,29,116,116,18
9254,9254,34,98,100,19
9255,9255,102,1149,1151,57
9256,9256,10,156,157,24
9257,9257,120,134,135,29
9258,9258,103,488,488,14
9259,9259,138,129,129,17
9260,9260,63,169,171,64
9261,9261,69,74,75,15
9262,9262,29,116,116,10
9263,9263,79,39,41,34
9264,9264,47,307,309,21
9265,9265,114,232,232,11
9266,9266,133,131,132,28
9267,9267,98,174,176,22
9268,9268,3,145,145,7
9269,9269,44,178,178,15
9270,9270,75,101,102,23
9271,9271,101,1783,1783,26
9272,9272,8,107,109,21
9273,9273,9,97,101,61
9274,9274,36,224,225,9
9275,9275,134,137,137,3
9276,9276,124,139,141,25
9277,9277,14,167,168,28
9278,9278,143,187,195,60
9279,9279,26,284,285,13
9280,9280,35,93,93,13
9281,9281,28,97,98,20
9282,9282,88,181,186,50
9283,9283,56,87,87,11
9284,9284,62,112,112,19
9285,9285,78,195,199,31
9286,9286,50,226,226,3
9287,9287,22,185,186,13
9288,9288,65,159,160,20
9289,9289,7,111,117,49
9290,9290,144,191,192,16
9291,9291,111,169,169,10
9292,9292,71,95,97,29
9293,9293,92,202,204,18
9294,9294,57,88,89,19
9295,9295,24,243,244,19
9296,9296,56,87,92,45
9297,9297,30,239,241,27
9298,9298,65,160,160,10
9299,9299,112,128,128,16
9300,9300,11,166,172,47
9301,9301,96,152,155,30
9302,9302,22,186,187,18
9303,9303,142,52,53,15
9304,9304,6,116,116,11
9305,9305,32,155,156,16
9306,9306,20,244,247,23
9307,9307,106,817,821,41
9308,9308,97,277,279,47
9309,9309,28,98,98,9
9310,9310,101,1783,1783,11
9311,9311,22,187,189,58
9312,9312,10,157,161,33
9313,9313,4,81,83,23
9314,9314,39,114,114,14
9315,9315,54,312,313,8
9316,9316,131,129,129,9
9317,9317,98,176,176,10
9318,9318,27,149,154,39
9319,9319,42,193,194,18
9320,9320,49,814,815,8
9321,9321,72,125,125,13
9322,9322,70,154,156,31
9323,9323,5,99,99,21
9324,9324,3,145,146,17
9325,9325,6,116,117,12
9326,9326,100,121,121,21
9327,9327,95,189,190,14
9328,9328,73,151,151,22
9329,9329,69,75,75,21
9330,9330,140,62,62,6
9331,9331,76,134,136,53
9332,9332,134,137,138,57
9333,9333,46,1638,1640,17
9334,9334,35,93,97,31
9335,9335,109,1157,1157,14
9336,9336,21,102,102,9
9337,9337,34,100,101,12
9338,9338,102,1151,1156,59
9339,9339,10,161,162,25
9340,9340,59,130,133,26
9341,9341,98,176,176,8
9342,9342,113,125,126,20
9343,9343,146,126,129,27
9344,9344,77,216,221,45
9345,9345,51,681,683,26
9346,9346,5,99,100,18
9347,9347,124,141,141,14
9348,9348,82,182,185,49
9349,9349,59,133,135,22
9350,9350,23,256,256,10
9351,9351,137,160,160,16
9352,9352,99,167,168,31
9353,9353,58,140,141,49
9354,9354,6,117,120,51
9355,9355,24,244,244,4
9356,9356,143,195,196,18
9357,9357,23,256,259,41
9358,9358,73,151,152,20
9359,9359,83,270,271,13
9360,9360,7,117,118,17
9361,9361,27,154,154,3
9362,9362,107,1253,1254,16
9363,9363,90,115,117,37
9364,9364,134,138,139,12
9365,9365,104,544,545,10
9366,9366,109,1157,1160,25
9367,9367,125,210,211,46
9368,9368,122,243,244,19
9369,9369,147,190,190,5
9370,9370,129,195,195,4
9371,9371,141,66,68,22
9372,9372,126,174,176,22
9373,9373,57,89,91,25
9374,9374,45,87,88,10
9375,9375,146,129,129,10
9376,9376,16,71,75,42
9377,9377,147,190,192,51
9378,9378,123,156,156,17
9379,9379,69,75,76,10
9380,9380,18,134,134,8
9381,9381,67,144,148,34
9382,9382,32,156,161,49
9383,9383,105,521,521,7
9384,9384,96,155,156,34
9385,9385,11,172,172,12
9386,9386,51,683,683,8
9387,9387,30,241,241,11
9388,9388,144,192,193,19
9389,9389,33,135,135,22
9390,9390,93,103,103,16
9391,9391,140,62,62,11
9392,9392,93,103,104,25
9393,9393,14,168,170,23
9394,9394,32,161,161,15
9395,9395,96,156,156,4
9396,9396,34,101,102,14
9397,9397,145,226,230,38
9398,9398,46,1640,1642,27
9399,9399,91,119,119,7
9400,9400,25,232,232,7
9401,9401,74,228,231,63
9402,9402,139,77,81,38
9403,9403,115,105,106,14
9404,9404,32,161,161,7
9405,9405,2,99,100,28
9406,9406,128,120,120,11
9407,9407,119,155,156,12
9408,9408,147,192,198,50
9409,9409,108,2313,2313,18
9410,9410,66,185,185,8
9411,9411,110,174,175,12
9412,9412,101,1783,1786,27
9413,9413,68,262,264,65
9414,9414,105,521,521,5
9415,9415,45,88,88,7
9416,9416,46,1642,1642,15
9417,9417,109,1160,1161,32
9418,9418,117,110,110,16
9419,9419,114,232,233,13
9420,9420,23,259,260,18
9421,9421,92,204,205,9
9422,9422,131,129,129,6
9423,9423,64,202,207,38
9424,9424,38,129,136,56
9425,9425,149,105,105,8
9426,9426,20,247,247,10
9427,9427,82,185,186,14
9428,9428,128,120,120,22
9429,9429,51,683,686,45
9430,9430,143,196,197,23
9431,9431,62,112,112,14
9432,9432,62,112,113,28
9433,9433,26,285,287,34
9434,9434,98,176,182,51
9435,9435,112,128,129,37
9436,9436,100,121,121,10
9437,9437,74,231,233,17
9438,9438,148,183,186,50
9439,9439,4,83,84,16
9440,9440,36,225,226,11
9441,9441,68,264,266,32
9442,9442,150,203,206,32
9443,9443,139,81,82,14
9444,9444,147,198,198,8
9445,9445,94,226,233,58
9446,9446,35,97,98,14
9447,9447,4,84,84,7
9448,9448,1,70,71,13
9449,9449,27,154,155,27
9450,9450,100,121,122,12
9451,9451,62,113,116,22
9452,9452,110,175,178,66
9453,9453,78,199,202,46
9454,9454,2,100,101,16
9455,9455,100,122,123,16
9456,9456,52,809,809,9
9457,9457,102,1156,1159,42
9458,9458,144,193,194,17
9459,9459,112,129,129,18
9460,9460,98,182,183,7
9461,9461,27,155,157,35
9462,9462,42,194,196,23
9463,9463,49,815,815,9
9464,9464,113,126,127,14
9465,9465,140,62,63,12
9466,9466,6,120,127,53
9467,9467,117,110,110,9
9468,9468,95,190,190,16
9469,9469,130,199,201,56
9470,9470,147,198,199,12
9471,9471,104,545,546,57
9472,9472,97,279,280,20
9473,9473,85,119,120,13
9474,9474,51,686,687,24
9475,9475,97,280,282,39
9476,9476,150,206,207,10
9477,9477,95,190,191,11
9478,9478,130,201,204,47
9479,9479,147,199,199,6
9480,9480,104,546,553,54
9481,9481,97,282,283,13
9482,9482,106,821,822,14
9483,9483,108,2313,2316,55
9484,9484,49,815,816,18
9485,9485,123,156,157,12
9486,9486,102,1159,1160,10
9487,9487,54,313,313,16
9488,9488,140,63,65,18
9489,9489,93,104,106,24
9490,9490,14,170,174,30
9491,9491,32,161,161,9
9492,9492,13,236,236,9
9493,9493,129,195,195,4
9494,9494,31,161,162,27
9495,9495,12,83,85,33
9496,9496,13,236,237,16
9497,9497,144,194,196,27
9498,9498,93,106,106,22
9499,9499,73,152,152,8
9500,9500,17,178,180,35
9501,9501,60,100,104,51
9502,9502,85,120,120,20
9503,9503,130,204,205,13
9504,9504,98,183,185,32
9505,9505,30,241,242,23
9506,9506,22,189,190,32
9507,9507,42,196,196,4
9508,9508,45,88,88,8
9509,9509,146,129,130,17
9510,9510,16,75,76,39
9511,9511,147,199,204,47
9512,9512,101,1786,1787,16
9513,9513,69,76,77,9
9514,9514,21,102,102,4
9515,9515,41,114,116,43
9516,9516,9,101,101,16
9517,9517,19,119,119,17
9518,9518,76,136,137,21
9519,9519,71,97,98,15
9520,9520,29,116,116,8
9521,9521,79,41,42,46
9522,9522,47,309,309,20
9523,9523,95,191,191,10
9524,9524,128,120,123,61
9525,9525,150,207,211,62
9526,9526,124,141,146,40
9527,9527,129,195,196,19
9528,9528,80,176,178,25
9529,9529,14,174,175,11
9530,9530,73,152,154,16
9531,9531,131,129,131,31
9532,9532,110,178,178,21
9533,9533,95,191,191,1
9534,9534,128,123,128,54
9535,9535,92,205,210,63
9536,9536,124,146,149,32
9537,9537,129,196,196,12
9538,9538,80,178,180,27
9539,9539,51,687,687,15
9540,9540,25,232,234,24
9541,9541,71,98,102,37
9542,9542,19,119,119,6
9543,9543,117,110,110,8
9544,9544,86,112,112,6
9545,9545,93,106,108,34
9546,9546,41,116,121,52
9547,9547,84,212,213,22
9548,9548,27,157,157,16
9549,9549,55,897,898,10
9550,9550,51,687,691,35
9551,9551,106,822,823,17
9552,9552,14,175,175,4
9553,9553,18,134,135,24
9554,9554,25,234,236,24
9555,9555,27,157,158,10
9556,9556,105,521,522,16
9557,9557,116,177,179,33
9558,9558,108,2316,2317,14
9559,9559,81,166,168,16
9560,9560,14,175,175,21
9561,9561,67,148,149,11
9562,9562,26,287,287,5
9563,9563,34,102,103,15
9564,9564,4,84,85,14
9565,9565,145,230,232,20
9566,9566,15,37,40,28
9567,9567,27,158,158,4
9568,9568,52,809,810,12
9569,9569,6,127,129,42
9570,9570,40,160,161,27
9571,9571,107,1254,1258,41
9572,9572,127,53,54,14
9573,9573,71,102,102,4
9574,9574,130,205,207,17
9575,9575,102,1160,1163,27
9576,9576,119,156,157,22
9577,9577,54,313,317,48
9578,9578,33,135,135,5
9579,9579,39,114,114,13
9580,9580,102,1163,1164,38
9581,9581,23,260,266,46
9582,9582,114,233,233,1
9583,9583,96,156,156,6
9584,9584,34,103,104,16
9585,9585,145,232,233,36
9586,9586,46,1642,1643,33
9587,9587,91,119,120,15
9588,9588,78,202,203,14
9589,9589,97,283,289,43
9590,9590,19,119,119,26
9591,9591,25,236,238,28
9592,9592,83,271,273,22
9593,9593,26,287,290,50
9594,9594,24,244,245,10
9595,9595,94,233,233,4
9596,9596,110,178,179,42
9597,9597,34,104,110,51
9598,9598,134,139,141,20
9599,9599,78,203,205,16
9600,9600,125,211,213,21
9601,9601,86,112,115,26
9602,9602,6,129,129,7
9603,9603,85,120,122,22
9604,9604,65,160,162,32
9605,9605,87,78,79,47
9606,9606,89,102,108,48
9607,9607,113,127,128,19
9608,9608,115,106,106,19
9609,9609,43,230,231,14
9610,9610,65,162,164,21
9611,9611,7,118,121,37
9612,9612,144,196,197,14
9613,9613,64,207,208,13
9614,9614,71,102,106,29
9615,9615,25,238,239,21
9616,9616,67,149,149,11
9617,9617,67,149,151,48
9618,9618,6,129,130,10
9619,9619,10,162,162,10
9620,9620,36,226,226,11
9621,9621,68,266,267,34
9622,9622,36,226,227,33
9623,9623,139,82,83,12
9624,9624,147,204,205,14
9625,9625,97,289,293,61
9626,9626,13,237,242,45
9627,9627,81,168,172,35
9628,9628,147,205,209,37
9629,9629,99,168,169,14
9630,9630,121,135,136,13
9631,9631,49,816,816,10
9632,9632,126,176,176,6
9633,9633,5,100,102,18
9634,9634,62,116,116,5
9635,9635,62,116,118,27
9636,9636,26,290,291,36
9637,9637,98,185,190,41
9638,9638,112,129,130,31
9639,9639,100,123,125,20
9640,9640,20,247,247,10
9641,9641,53,591,592,15
9642,9642,132,261,266,46
9643,9643,76,137,137,15
9644,9644,75,102,104,15
9645,9645,93,108,109,17
9646,9646,120,135,142,63
9647,9647,130,207,208,15
9648,9648,118,151,151,4
9649,9649,32,161,162,11
9650,9650,107,1258,1262,47
9651,9651,92,210,211,12
9652,9652,137,160,161,10
9653,9653,31,162,162,12
9654,9654,28,98,101,36
9655,9655,40,161,163,51
9656,9656,78,205,207,38
9657,9657,113,128,128,9
9658,9658,46,1643,1643,5
9659,9659,12,85,86,33
9660,9660,35,98,99,22
9661,9661,81,172,172,9
9662,9662,130,208,215,62
9663,9663,37,136,137,22
9664,9664,113,128,128,7
9665,9665,10,162,163,11
9666,9666,116,179,180,21
9667,9667,65,164,170,44
9668,9668,54,317,318,12
9669,9669,146,130,130,12
9670,9670,105,522,525,27
9671,9671,28,101,104,35
9672,9672,87,79,79,5
9673,9673,133,132,134,19
9674,9674,97,293,295,28
9675,9675,84,213,213,27
9676,9676,94,233,235,14
9677,9677,147,209,209,9
9678,9678,18,135,142,67
9679,9679,108,2317,2317,11
9680,9680,38,136,136,16
9681,9681,20,247,248,31
9682,9682,81,172,175,37
9683,9683,13,242,245,27
9684,9684,23,266,273,50
9685,9685,32,162,163,13
9686,9686,132,266,267,17
9687,9687,24,245,245,16
9688,9688,2,101,103,37
9689,9689,139,83,84,11
9690,9690,124,149,150,15
9691,9691,24,245,247,20
9692,9692,128,128,130,26
9693,9693,144,197,198,17
9694,9694,13,245,245,9
9695,9695,67,151,152,18
9696,9696,103,488,488,5
9697,9697,138,129,130,9
9698,9698,108,2317,2319,19
9699,9699,64,208,210,36
9700,9700,17,180,181,17
9701,9701,97,295,295,18
9702,9702,136,251,252,18
9703,9703,96,156,159,32
9704,9704,99,169,171,18
9705,9705,99,171,172,15
9706,9706,105,525,525,6
9707,9707,31,162,163,30
9708,9708,37,137,145,59
9709,9709,73,154,154,9
9710,9710,73,154,154,13
9711,9711,96,159,159,31
9712,9712,75,104,107,46
9713,9713,131,131,132,51
9714,9714,150,211,211,6
9715,9715,83,273,273,6
9716,9716,99,172,174,24
9717,9717,10,163,164,16
9718,9718,45,88,90,23
9719,9719,147,209,209,4
9720,9720,110,179,179,14
9721,9721,124,150,156,50
9722,9722,91,120,122,27
9723,9723,20,248,254,45
9724,9724,4,85,86,11
9725,9725,128,130,130,4
9726,9726,34,110,111,39
9727,9727,75,107,108,11
9728,9728,49,816,817,14
9729,9729,23,273,273,16
9730,9730,50,226,230,65
9731,9731,111,169,171,50
9732,9732,124,156,156,18
9733,9733,145,233,234,13
9734,9734,16,76,77,14
9735,9735,108,2319,2319,23
9736,9736,94,235,235,8
9737,9737,96,159,160,18
9738,9738,144,198,198,14
9739,9739,148,186,187,20
9740,9740,101,1787,1788,22
9741,9741,103,488,490,25
9742,9742,85,122,126,29
9743,9743,121,136,137,20
9744,9744,78,207,207,8
9745,9745,127,54,55,13
9746,9746,142,53,54,12
9747,9747,30,242,242,8
9748,9748,32,163,163,3
9749,9749,64,210,215,43
9750,9750,55,898,899,13
9751,9751,58,141,146,50
9752,9752,32,163,165,20
9753,9753,89,108,109,15
9754,9754,146,130,131,15
9755,9755,9,101,101,14
9756,9756,81,175,177,15
9757,9757,14,175,178,27
9758,9758,67,152,153,9
9759,9759,39,114,114,10
9760,9760,64,215,217,23
9761,9761,132,267,271,46
9762,9762,115,106,106,21
9763,9763,36,227,228,8
9764,9764,62,118,118,16
9765,9765,58,146,146,20
9766,9766,50,230,231,13
9767,9767,26,291,291,7
9768,9768,92,211,213,42
9769,9769,147,209,209,5
9770,9770,90,117,118,18
9771,9771,144,198,198,11
9772,9772,84,213,217,47
9773,9773,27,158,159,11
9774,9774,121,137,137,5
9775,9775,145,234,236,17
9776,9776,29,116,116,15
9777,9777,65,170,175,47
9778,9778,47,309,310,18
9779,9779,53,592,593,7
9780,9780,106,823,824,21
9781,9781,34,111,116,42
9782,9782,112,130,130,9
9783,9783,52,810,811,12
9784,9784,39,114,116,17
9785,9785,126,176,176,8
9786,9786,50,231,232,9
9787,9787,97,295,296,19
9788,9788,107,1262,1269,48
9789,9789,40,163,168,55
9790,9790,78,207,209,30
9791,9791,113,128,128,9
9792,9792,110,179,179,6
9793,9793,101,1788,1789,27
9794,9794,68,267,270,58
9795,9795,79,42,44,14
9796,9796,28,104,104,11
9797,9797,136,252,257,63
9798,9798,34,116,119,30
9799,9799,100,125,126,14
9800,9800,114,233,237,33
9801,9801,104,553,561,58
9802,9802,145,236,236,5
9803,9803,73,154,154,11
9804,9804,5,102,104,54
9805,9805,145,236,236,25
9806,9806,11,172,173,10
9807,9807,40,168,170,21
9808,9808,56,92,97,53
9809,9809,118,151,152,26
9810,9810,115,106,106,1
9811,9811,17,181,186,40
9812,9812,133,134,136,45
9813,9813,94,235,237,22
9814,9814,13,245,247,24
9815,9815,37,145,145,6
9816,9816,46,1643,1643,11
9817,9817,137,161,162,21
9818,9818,17,186,192,52
9819,9819,23,273,278,38
9820,9820,50,232,232,10
9821,9821,119,157,159,16
9822,9822,78,209,215,47
9823,9823,145,236,237,17
9824,9824,16,77,78,14
9825,9825,18,142,142,15
9826,9826,131,132,134,25
9827,9827,48,1244,1244,16
9828,9828,93,109,112,57
9829,9829,38,136,139,38
9830,9830,133,136,136,7
9831,9831,78,215,216,10
9832,9832,125,213,214,24
9833,9833,86,115,117,25
9834,9834,6,130,131,12
9835,9835,110,179,179,8
9836,9836,81,177,178,29
9837,9837,43,231,231,6
9838,9838,3,146,146,17
9839,9839,17,192,194,19
9840,9840,88,186,189,56
9841,9841,148,187,188,18
9842,9842,44,178,178,14
9843,9843,2,103,104,43
9844,9844,129,196,199,33
9845,9845,21,102,103,10
9846,9846,49,817,817,1
9847,9847,117,110,111,8
9848,9848,91,122,124,34
9849,9849,77,221,223,30
9850,9850,71,106,109,25
9851,9851,67,153,153,1
9852,9852,99,174,175,38
9853,9853,126,176,177,17
9854,9854,117,111,116,43
9855,9855,100,126,127,11
9856,9856,54,318,318,11
9857,9857,102,1164,1167,34
9858,9858,25,239,239,26
9859,9859,86,117,117,15
9860,9860,93,112,114,24
9861,9861,41,121,123,44
9862,9862,84,217,218,13
9863,9863,27,159,159,9
9864,9864,73,154,154,13
9865,9865,49,817,818,54
9866,9866,145,237,237,27
9867,9867,77,223,224,23
9868,9868,23,278,279,13
9869,9869,147,209,210,13
9870,9870,80,180,180,13
9871,9871,104,561,563,20
9872,9872,143,197,197,17
9873,9873,8,109,110,40
9874,9874,134,141,141,21
9875,9875,144,198,199,21
9876,9876,31,163,165,31
9877,9877,104,563,565,17
9878,9878,146,131,132,16
9879,9879,33,135,138,33
9880,9880,57,91,93,19
9881,9881,54,318,321,41
9882,9882,129,199,202,33
9883,9883,51,691,692,22
9884,9884,117,116,118,21
9885,9885,131,134,134,7
9886,9886,78,216,217,44
9887,9887,60,104,107,28
9888,9888,121,137,139,54
9889,9889,83,273,274,8
9890,9890,75,108,108,5
9891,9891,134,141,142,31
9892,9892,101,1789,1791,22
9893,9893,61,68,71,28
9894,9894,32,165,166,19
9895,9895,127,55,56,18
9896,9896,86,117,119,32
9897,9897,149,105,106,25
9898,9898,108,2319,2326,56
9899,9899,68,270,272,17
9900,9900,1,71,71,1
9901,9901,71,109,112,31
9902,9902,58,146,150,32
9903,9903,50,232,232,10
9904,9904,40,170,170,11
9905,9905,40,170,174,34
9906,9906,17,194,195,24
9907,9907,127,56,58,24
9908,9908,95,191,191,2
9909,9909,103,490,490,17
9910,9910,148,188,190,17
9911,9911,130,215,216,17
9912,9912,86,119,119,6
9913,9913,93,114,118,31
9914,9914,138,130,133,53
9915,9915,84,218,219,15
9916,9916,27,159,160,11
9917,9917,78,217,217,4
9918,9918,97,296,299,38
9919,9919,19,119,119,20
9920,9920,25,239,243,30
9921,9921,83,274,278,28
9922,9922,26,291,295,55
9923,9923,24,247,248,13
9924,9924,129,202,202,3
9925,9925,53,593,597,32
9926,9926,114,237,237,15
9927,9927,35,99,100,20
9928,9928,30,242,243,29
9929,9929,82,186,188,55
9930,9930,119,159,160,13
9931,9931,150,211,212,20
9932,9932,100,127,128,39
9933,9933,11,173,175,17
9934,9934,123,157,157,13
9935,9935,55,899,900,11
9936,9936,51,692,694,24
9937,9937,106,824,824,7
9938,9938,39,116,116,12
9939,9939,99,175,176,18
9940,9940,71,112,114,27
9941,9941,69,77,80,36
9942,9942,57,93,93,14
9943,9943,91,124,126,17
9944,9944,3,146,150,33
9945,9945,64,217,217,10
9946,9946,65,175,176,20
9947,9947,74,233,236,32
9948,9948,140,65,65,14
9949,9949,8,110,111,18
9950,9950,115,106,107,12
9951,9951,50,232,233,29
9952,9952,109,1161,1161,19
9953,9953,12,86,86,14
9954,9954,81,178,178,3
9955,9955,118,152,156,32
9956,9956,85,126,127,22
9957,9957,121,139,139,15
9958,9958,100,128,130,18
9959,9959,109,1161,1162,27
9960,9960,145,237,237,17
9961,9961,42,196,197,23
9962,9962,109,1162,1163,12
9963,9963,2,104,106,21
9964,9964,114,237,237,9
9965,9965,59,135,136,17
9966,9966,52,811,812,28
9967,9967,112,130,131,24
9968,9968,35,100,100,11
9969,9969,59,136,136,8
9970,9970,81,178,180,24
9971,9971,136,257,259,20
9972,9972,24,248,250,18
9973,9973,128,130,131,35
9974,9974,144,199,202,25
9975,9975,13,247,247,16
9976,9976,67,153,153,12
9977,9977,127,58,59,10
9978,9978,66,185,187,19
9979,9979,75,108,109,18
9980,9980,83,278,279,12
9981,9981,138,133,133,7
9982,9982,126,177,178,17
9983,9983,122,244,244,14
9984,9984,94,237,237,7
9985,9985,74,236,236,3
9986,9986,149,106,107,23
9987,9987,122,244,246,24
9988,9988,130,216,221,45
9989,9989,65,176,178,52
9990,9990,133,136,137,22
9991,9991,17,195,196,15
9992,9992,64,217,220,45
9993,9993,119,160,161,13
9994,9994,132,271,272,10
9995,9995,55,900,902,17
9996,9996,51,694,697,35
9997,9997,106,824,824,9
9998,9998,147,210,210,1
9999,9999,97,299,301,59
10000,10000,13,247,251,44
10001,10001,81,180,183,32
10002,10002,147,210,213,36
10003,10003,130,221,221,14
10004,10004,136,259,259,11
10005,10005,21,103,105,17
10006,10006,99,176,177,17
10007,10007,58,150,150,3
10008,10008,97,301,302,10
10009,10009,25,243,246,42
10010,10010,99,177,178,11
10011,10011,42,197,197,1
10012,10012,110,179,182,54
10013,10013,81,183,184,19
10014,10014,72,125,125,3
10015,10015,52,812,812,8
10016,10016,150,212,215,43
10017,10017,40,174,175,33
10018,10018,58,150,153,40
10019,10019,127,59,61,21
10020,10020,113,128,129,11
10021,10021,13,251,254,34
10022,10022,89,109,114,52
10023,10023,9,101,102,34
10024,10024,49,818,819,20
10025,10025,35,100,100,9
10026,10026,11,175,176,36
10027,10027,22,190,195,55
10028,10028,126,178,179,19
10029,10029,86,119,120,18
10030,10030,10,164,164,7
10031,10031,10,164,168,57
10032,10032,57,93,94,19
10033,10033,128,131,131,11
10034,10034,92,213,213,12
10035,10035,12,86,87,38
10036,10036,10,168,169,14
10037,10037,88,189,189,6
10038,10038,40,175,176,10
10039,10039,76,137,137,30
10040,10040,140,65,65,4
10041,10041,17,196,197,14
10042,10042,88,189,191,61
10043,10043,148,190,190,19
10044,10044,124,156,156,10
10045,10045,82,188,194,54
10046,10046,59,136,137,16
10047,10047,23,279,281,19
10048,10048,73,154,155,8
10049,10049,32,166,166,14
10050,10050,131,134,137,44
10051,10051,15,40,45,43
10052,10052,128,131,132,12
10053,10053,32,166,166,5
10054,10054,98,190,190,7
10055,10055,143,197,199,19
10056,10056,8,111,113,44
10057,10057,134,142,143,24
10058,10058,144,202,203,12
10059,10059,31,165,169,32
10060,10060,68,272,272,18
10061,10061,129,202,202,1
10062,10062,53,597,599,29
10063,10063,83,279,279,8
10064,10064,68,272,272,15
10065,10065,14,178,180,25
10066,10066,91,126,128,19
10067,10067,119,161,161,20
10068,10068,129,202,203,10
10069,10069,14,180,180,15
10070,10070,144,203,204,20
10071,10071,21,105,112,54
10072,10072,67,153,155,61
10073,10073,53,599,599,3
10074,10074,91,128,129,13
10075,10075,3,150,152,44
10076,10076,64,220,220,9
10077,10077,93,118,118,8
10078,10078,29,116,118,38
10079,10079,85,127,128,27
10080,10080,31,169,174,60
10081,10081,96,160,161,10
10082,10082,8,113,114,19
10083,10083,105,525,525,11
10084,10084,86,120,121,16
10085,10085,126,179,181,20
10086,10086,7,121,125,53
10087,10087,115,107,108,45
10088,10088,31,174,175,14
10089,10089,104,565,565,26
10090,10090,21,112,112,12
10091,10091,97,302,304,23
10092,10092,32,166,167,24
10093,10093,72,125,126,16
10094,10094,4,86,86,7
10095,10095,1,71,72,10
10096,10096,27,160,164,32
10097,10097,100,130,130,11
10098,10098,83,279,280,11
10099,10099,97,304,306,16
10100,10100,30,243,245,41
10101,10101,36,228,232,47
10102,10102,112,131,139,65
10103,10103,96,161,162,16
10104,10104,14,180,180,8
10105,10105,13,254,256,18
10106,10106,144,204,205,14
10107,10107,32,167,167,9
10108,10108,64,220,224,46
10109,10109,55,902,902,5
10110,10110,58,153,161,55
10111,10111,32,167,167,20
10112,10112,54,321,321,15
10113,10113,5,104,108,35
10114,10114,106,824,826,20
10115,10115,30,245,248,39
10116,10116,42,197,198,34
10117,10117,112,139,140,13
10118,10118,75,109,110,13
10119,10119,50,233,233,13
10120,10120,100,130,132,17
10121,10121,62,118,119,19
10122,10122,123,157,158,13
10123,10123,66,187,187,16
10124,10124,85,128,133,38
10125,10125,130,221,222,30
10126,10126,36,232,232,6
10127,10127,36,232,233,11
10128,10128,68,272,275,33
10129,10129,150,215,216,25
10130,10130,139,84,84,15
10131,10131,28,104,104,12
10132,10132,95,191,195,63
10133,10133,34,119,121,25
10134,10134,100,132,133,16
10135,10135,111,171,172,36
10136,10136,95,195,199,31
10137,10137,69,80,84,32
10138,10138,48,1244,1247,26
10139,10139,113,129,130,18
10140,10140,6,131,135,50
10141,10141,106,826,828,50
10142,10142,67,155,158,34
10143,10143,61,71,71,13
10144,10144,68,275,276,8
10145,10145,36,233,236,43
10146,10146,143,199,201,25
10147,10147,139,84,85,9
10148,10148,111,172,172,6
10149,10149,2,106,107,31
10150,10150,94,237,238,29
10151,10151,113,130,131,18
10152,10152,29,118,120,16
10153,10153,49,819,819,6
10154,10154,80,180,182,16
10155,10155,94,238,239,22
10156,10156,109,1163,1167,58
10157,10157,29,120,121,21
10158,10158,136,259,260,38
10159,10159,91,129,129,10
10160,10160,148,190,190,8
10161,10161,3,152,155,43
10162,10162,30,248,251,57
10163,10163,90,118,122,37
10164,10164,150,216,216,14
10165,10165,131,137,137,12
10166,10166,44,178,183,40
10167,10167,60,107,108,30
10168,10168,119,161,163,50
10169,10169,83,280,281,10
10170,10170,28,104,105,21
10171,10171,16,78,82,45
10172,10172,144,205,205,18
10173,10173,40,176,178,22
10174,10174,113,131,132,11
10175,10175,139,85,86,25
10176,10176,110,182,182,17
10177,10177,50,233,234,18
10178,10178,76,137,139,39
10179,10179,131,137,139,51
10180,10180,63,171,174,39
10181,10181,37,145,145,17
10182,10182,107,1269,1269,14
10183,10183,95,199,201,19
10184,10184,78,217,219,22
10185,10185,45,90,90,1
10186,10186,142,54,55,17
10187,10187,41,123,124,15
10188,10188,55,902,906,32
10189,10189,20,254,255,17
10190,10190,60,108,108,3
10191,10191,50,234,237,40
10192,10192,1,72,74,26
10193,10193,5,108,108,6
10194,10194,25,246,248,18
10195,10195,17,197,199,17
10196,10196,12,87,90,27
10197,10197,57,94,96,26
10198,10198,50,237,242,35
10199,10199,129,203,205,43
10200,10200,51,697,697,13
10201,10201,117,118,119,24
10202,10202,121,139,139,7
10203,10203,70,156,158,21
10204,10204,137,162,169,47
10205,10205,27,164,164,15
10206,10206,18,142,143,9
10207,10207,67,158,160,23
10208,10208,32,167,170,50
10209,10209,105,525,525,6
10210,10210,96,162,166,44
10211,10211,11,176,176,9
10212,10212,1,74,75,11
10213,10213,117,119,121,16
10214,10214,91,129,132,35
10215,10215,77,224,228,33
10216,10216,71,114,114,21
10217,10217,94,239,239,7
10218,10218,81,184,186,27
10219,10219,73,155,155,4
10220,10220,71,114,119,56
10221,10221,16,82,82,17
10222,10222,76,139,140,14
10223,10223,147,213,213,5
10224,10224,5,108,109,23
10225,10225,112,140,143,25
10226,10226,121,139,140,19
10227,10227,53,599,601,17
10228,10228,43,231,231,6
10229,10229,65,178,180,26
10230,10230,7,125,129,44
10231,10231,144,205,206,15
10232,10232,7,129,129,11
10233,10233,4,86,91,42
10234,10234,120,142,144,65
10235,10235,136,260,264,55
10236,10236,6,135,137,15
10237,10237,17,199,199,16
10238,10238,88,191,198,53
10239,10239,148,190,191,22
10240,10240,43,231,231,5
10241,10241,61,71,72,26
10242,10242,40,178,180,56
10243,10243,85,133,133,12
10244,10244,42,198,200,22
10245,10245,59,137,139,24
10246,10246,125,214,215,11
10247,10247,107,1269,1270,12
10248,10248,95,201,203,22
10249,10249,78,219,220,17
10250,10250,85,133,134,14
10251,10251,17,199,200,21
10252,10252,20,255,260,55
10253,10253,51,697,698,8
10254,10254,85,134,135,11
10255,10255,17,200,201,26
10256,10256,20,260,264,58
10257,10257,51,698,699,8
10258,10258,137,169,169,5
10259,10259,109,1167,1169,41
10260,10260,11,176,178,39
10261,10261,35,100,100,16
10262,10262,86,121,122,11
10263,10263,109,1169,1174,38
10264,10264,136,264,266,40
10265,10265,64,224,225,15
10266,10266,55,906,907,12
10267,10267,150,216,218,48
10268,10268,122,246,252,63
10269,10269,34,121,121,23
10270,10270,62,119,120,16
10271,10271,88,198,198,6
10272,10272,90,122,126,33
10273,10273,22,195,196,24
10274,10274,138,133,133,9
10275,10275,124,156,157,16
10276,10276,149,107,108,44
10277,10277,87,79,80,9
10278,10278,35,100,100,7
10279,10279,11,178,180,34
10280,10280,22,196,203,55
10281,10281,126,181,182,12
10282,10282,46,1643,1645,20
10283,10283,68,276,277,15
10284,10284,80,182,182,18
10285,10285,144,206,206,3
10286,10286,62,120,122,26
10287,10287,104,565,566,12
10288,10288,18,143,143,7
10289,10289,47,310,312,39
10290,10290,106,828,836,56
10291,10291,99,178,180,24
10292,10292,99,180,181,21
10293,10293,128,132,133,8
10294,10294,132,272,277,44
10295,10295,122,252,256,54
10296,10296,137,169,176,61
10297,10297,46,1645,1645,11
10298,10298,131,139,139,26
10299,10299,140,65,67,20
10300,10300,15,45,45,18
10301,10301,125,215,216,16
10302,10302,39,116,117,11
10303,10303,131,139,141,54
10304,10304,94,239,239,5
10305,10305,74,236,237,13
10306,10306,51,699,700,21
10307,10307,48,1247,1247,7
10308,10308,113,132,132,2
10309,10309,54,321,324,26
10310,10310,12,90,92,20
10311,10311,5,109,111,16
10312,10312,137,176,176,6
10313,10313,100,133,138,38
10314,10314,141,68,68,3
10315,10315,91,132,132,17
10316,10316,3,155,157,37
10317,10317,64,225,226,17
10318,10318,83,281,281,11
10319,10319,122,256,257,24
10320,10320,120,144,145,22
10321,10321,112,143,144,11
10322,10322,77,228,229,10
10323,10323,19,119,120,46
10324,10324,76,140,141,28
10325,10325,9,102,102,16
10326,10326,45,90,90,7
10327,10327,148,191,196,42
10328,10328,9,102,105,32
10329,10329,137,176,178,27
10330,10330,118,156,157,11
10331,10331,122,257,259,17
10332,10332,140,67,67,10
10333,10333,110,182,183,27
10334,10334,142,55,56,45
10335,10335,97,306,306,5
10336,10336,21,112,112,1
10337,10337,97,306,306,20
10338,10338,32,170,172,19
10339,10339,72,126,127,14
10340,10340,138,133,135,22
10341,10341,104,566,567,32
10342,10342,121,140,143,30
10343,10343,100,138,138,5
10344,10344,63,174,174,5
10345,10345,35,100,100,10
10346,10346,89,114,117,58
10347,10347,68,277,279,20
10348,10348,3,157,157,10
10349,10349,97,306,307,9
10350,10350,43,231,234,37
10351,10351,29,121,124,28
10352,10352,130,222,226,45
10353,10353,91,132,135,26
10354,10354,33,138,138,5
10355,10355,20,264,264,17
10356,10356,53,601,601,17
10357,10357,132,277,278,46
10358,10358,76,141,143,17
10359,10359,36,236,238,14
10360,10360,68,279,280,35
10361,10361,150,218,220,25
10362,10362,139,86,87,21
10363,10363,72,127,127,15
10364,10364,74,237,241,31
10365,10365,22,203,205,21
10366,10366,11,180,182,26
10367,10367,60,108,108,7
10368,10368,150,220,221,20
10369,10369,100,138,143,39
10370,10370,11,182,182,7
10371,10371,123,158,158,18
10372,10372,24,250,251,22
10373,10373,16,82,88,51
10374,10374,23,281,283,29
10375,10375,40,180,182,24
10376,10376,137,178,179,16
10377,10377,70,158,159,24
10378,10378,137,179,181,37
10379,10379,27,164,164,13
10380,10380,17,201,201,8
10381,10381,64,226,228,37
10382,10382,119,163,163,2
10383,10383,132,278,279,15
10384,10384,46,1645,1646,8
10385,10385,12,92,96,38
10386,10386,35,100,100,19
10387,10387,81,186,186,12
10388,10388,130,226,233,60
10389,10389,150,221,222,16
10390,10390,40,182,182,11
10391,10391,58,161,166,42
10392,10392,63,174,175,26
10393,10393,111,172,173,21
10394,10394,125,216,219,51
10395,10395,10,169,169,9
10396,10396,45,90,90,5
10397,10397,111,173,174,22
10398,10398,8,114,118,42
10399,10399,117,121,122,17
10400,10400,46,1646,1649,60
10401,10401,135,199,199,14
10402,10402,44,183,183,2
10403,10403,110,183,186,27
10404,10404,59,139,140,17
10405,10405,103,490,491,14
10406,10406,138,135,137,19
10407,10407,108,2326,2328,18
10408,10408,64,228,231,37
10409,10409,17,201,202,12
10410,10410,6,137,137,3
10411,10411,100,143,146,26
10412,10412,95,203,203,13
10413,10413,73,155,155,25
10414,10414,69,84,84,20
10415,10415,26,295,295,13
10416,10416,34,121,122,12
10417,10417,4,91,92,17
10418,10418,145,237,237,20
10419,10419,15,45,46,36
10420,10420,69,84,86,15
10421,10421,58,166,166,7
10422,10422,97,307,309,17
10423,10423,25,248,250,38
10424,10424,26,295,295,19
10425,10425,96,166,166,14
10426,10426,75,110,112,18
10427,10427,101,1791,1792,38
10428,10428,125,219,221,22
10429,10429,28,105,107,15
10430,10430,78,220,220,6
10431,10431,24,251,252,21
10432,10432,89,117,119,19
10433,10433,110,186,186,3
10434,10434,80,182,183,20
10435,10435,94,239,240,25
10436,10436,109,1174,1181,57
10437,10437,29,124,125,19
10438,10438,88,198,199,30
10439,10439,70,159,161,19
10440,10440,135,199,199,5
10441,10441,125,221,223,17
10442,10442,79,44,45,26
10443,10443,10,169,171,40
10444,10444,128,133,134,20
10445,10445,86,122,123,10
10446,10446,93,118,119,22
10447,10447,41,124,125,44
10448,10448,84,219,219,13
10449,10449,27,164,165,12
10450,10450,134,143,143,14
10451,10451,89,119,120,19
10452,10452,53,601,603,22
10453,10453,104,567,568,19
10454,10454,13,256,256,3
10455,10455,102,1167,1167,10
10456,10456,66,187,194,54
10457,10457,28,107,110,42
10458,10458,53,603,604,21
10459,10459,4,92,92,11
10460,10460,133,137,142,40
10461,10461,98,190,193,27
10462,10462,3,157,158,9
10463,10463,134,143,143,9
10464,10464,123,158,163,44
10465,10465,20,264,271,58
10466,10466,137,181,183,24
10467,10467,137,183,183,22
10468,10468,132,279,280,14
10469,10469,76,143,144,13
10470,10470,89,120,123,26
10471,10471,65,180,180,14
10472,10472,67,160,160,11
10473,10473,105,525,525,18
10474,10474,85,135,135,12
10475,10475,7,129,130,17
10476,10476,58,166,167,32
10477,10477,33,138,138,7
10478,10478,59,140,141,14
10479,10479,94,240,240,26
10480,10480,111,174,174,4
10481,10481,2,107,109,29
10482,10482,94,240,241,24
10483,10483,113,132,135,27
10484,10484,29,125,126,11
10485,10485,18,143,144,16
10486,10486,98,193,197,35
10487,10487,32,172,176,50
10488,10488,105,525,525,9
10489,10489,96,166,168,43
10490,10490,11,182,182,2
10491,10491,40,182,182,7
10492,10492,119,163,165,42
10493,10493,75,112,113,20
10494,10494,126,182,186,65
10495,10495,93,119,122,27
10496,10496,12,96,97,10
10497,10497,3,158,158,12
10498,10498,74,241,242,26
10499,10499,63,175,175,8
10500,10500,36,238,238,10
10501,10501,58,167,168,14
10502,10502,97,309,311,32
10503,10503,105,525,532,55
10504,10504,150,222,222,7
10505,10505,43,234,234,7
10506,10506,74,242,247,53
10507,10507,68,280,280,15
10508,10508,139,87,88,23
10509,10509,95,203,203,13
10510,10510,44,183,185,17
10511,10511,75,113,115,17
10512,10512,101,1792,1792,22
10513,10513,8,118,119,24
10514,10514,125,223,226,50
10515,10515,36,238,240,19
10516,10516,131,141,143,17
10517,10517,27,165,168,25
10518,10518,100,146,146,15
10519,10519,78,220,220,6
10520,10520,127,61,61,17
10521,10521,127,61,61,11
10522,10522,3,158,158,2
10523,10523,99,181,183,17
10524,10524,83,281,285,38
10525,10525,71,119,120,30
10526,10526,53,604,605,14
10527,10527,106,836,838,22
10528,10528,53,605,609,32
10529,10529,46,1649,1649,8
10530,10530,130,233,233,3
10531,10531,16,88,89,18
10532,10532,86,123,126,46
10533,10533,133,142,144,18
10534,10534,141,68,73,44
10535,10535,97,311,313,35
10536,10536,24,252,252,15
10537,10537,40,182,182,10
10538,10538,76,144,144,22
10539,10539,9,105,105,6
10540,10540,72,127,127,6
10541,10541,38,139,142,47
10542,10542,92,213,213,15
10543,10543,86,126,128,18
10544,10544,87,80,88,61
10545,10545,21,112,112,13
10546,10546,8,119,119,6
10547,10547,135,199,199,12
10548,10548,34,122,124,16
10549,10549,19,120,124,52
10550,10550,62,122,122,13
10551,10551,25,250,251,16
10552,10552,74,247,249,55
10553,10553,139,88,91,38
10554,10554,89,123,124,10
10555,10555,14,180,180,7
10556,10556,1,75,75,16
10557,10557,144,206,207,17
10558,10558,86,128,130,19
10559,10559,10,171,171,8
10560,10560,10,171,178,55
10561,10561,57,96,97,28
10562,10562,117,122,122,7
10563,10563,143,201,202,10
10564,10564,112,144,148,49
10565,10565,98,197,197,4
10566,10566,39,117,117,9
10567,10567,122,259,261,20
10568,10568,120,145,149,33
10569,10569,112,148,148,7
10570,10570,20,271,272,13
10571,10571,44,185,186,27
10572,10572,131,143,144,10
10573,10573,16,89,92,22
10574,10574,106,838,839,17
10575,10575,88,199,201,26
10576,10576,9,105,105,11
10577,10577,128,134,135,16
10578,10578,5,111,112,22
10579,10579,27,168,171,30
10580,10580,100,146,147,12
10581,10581,35,100,100,17
10582,10582,11,182,183,30
10583,10583,2,109,114,49
10584,10584,126,186,188,18
10585,10585,43,234,234,5
10586,10586,65,180,182,26
10587,10587,7,130,136,44
10588,10588,144,207,207,15
10589,10589,107,1270,1270,19
10590,10590,26,295,298,25
10591,10591,40,182,186,39
10592,10592,47,312,312,3
10593,10593,40,186,186,8
10594,10594,137,183,184,28
10595,10595,17,202,204,20
10596,10596,127,61,63,20
10597,10597,53,609,610,15
10598,10598,44,186,187,11
10599,10599,92,213,215,26
10600,10600,101,1792,1792,18
10601,10601,8,119,121,23
10602,10602,9,105,112,52
10603,10603,36,240,241,14
10604,10604,26,298,298,1
10605,10605,111,174,179,43
10606,10606,108,2328,2329,15
10607,10607,18,144,144,20
10608,10608,36,241,242,17
10609,10609,51,700,701,25
10610,10610,142,56,56,13
10611,10611,126,188,189,37
10612,10612,94,241,243,24
10613,10613,88,201,201,10
10614,10614,28,110,110,14
10615,10615,25,251,258,54
10616,10616,19,124,126,20
10617,10617,40,186,187,20
10618,10618,129,205,205,1
10619,10619,34,124,124,30
10620,10620,143,202,203,25
10621,10621,28,110,110,11
10622,10622,36,242,242,9
10623,10623,68,280,284,33
10624,10624,150,222,223,23
10625,10625,64,231,231,10
10626,10626,132,280,280,5
10627,10627,138,137,138,25
10628,10628,143,203,203,12
10629,10629,147,213,216,32
10630,10630,71,120,121,27
10631,10631,65,182,183,18
10632,10632,74,249,250,27
10633,10633,140,67,68,15
10634,10634,8,121,124,22
10635,10635,50,242,242,12
10636,10636,95,203,204,21
10637,10637,78,220,222,19
10638,10638,127,63,64,18
10639,10639,86,130,131,35
10640,10640,149,108,108,23
10641,10641,32,176,180,50
10642,10642,68,284,284,6
10643,10643,141,73,74,12
10644,10644,127,64,64,21
10645,10645,150,223,228,51
10646,10646,81,186,187,14
10647,10647,14,180,180,13
10648,10648,104,568,569,26
10649,10649,130,233,239,54
10650,10650,142,56,56,20
10651,10651,3,158,158,12
10652,10652,14,180,180,8
10653,10653,64,231,232,21
10654,10654,132,280,283,44
10655,10655,115,108,110,18
10656,10656,36,242,242,9
10657,10657,69,86,86,1
10658,10658,57,97,98,23
10659,10659,86,131,133,19
10660,10660,150,228,228,7
10661,10661,15,46,46,5
10662,10662,40,187,188,16
10663,10663,15,46,49,59
10664,10664,72,127,132,49
10665,10665,82,194,194,4
10666,10666,127,64,66,17
10667,10667,52,812,815,22
10668,10668,90,126,129,23
10669,10669,102,1167,1168,25
10670,10670,73,155,156,17
10671,10671,46,1649,1650,9
10672,10672,12,97,99,42
10673,10673,35,100,101,18
10674,10674,81,187,188,16
10675,10675,130,239,247,57
10676,10676,37,145,146,16
10677,10677,74,250,252,18
10678,10678,4,92,93,16
10679,10679,10,178,185,49
10680,10680,57,98,102,32
10681,10681,128,135,136,15
10682,10682,69,86,87,14
10683,10683,137,184,187,28
10684,10684,114,237,237,5
10685,10685,46,1650,1650,10
10686,10686,12,99,103,37
10687,10687,35,101,101,9
10688,10688,81,188,188,12
10689,10689,130,247,255,62
10690,10690,37,146,147,25
10691,10691,89,124,124,8
10692,10692,23,283,285,29
10693,10693,138,138,140,29
10694,10694,12,103,105,38
10695,10695,18,144,144,4
10696,10696,107,1270,1271,9
10697,10697,95,204,204,15
10698,10698,43,234,234,14
10699,10699,85,135,135,8
10700,10700,17,204,206,19
10701,10701,20,272,280,60
10702,10702,51,701,701,6
10703,10703,62,122,123,13
10704,10704,78,222,226,29
10705,10705,50,242,242,3
10706,10706,84,219,222,24
10707,10707,54,324,327,24
10708,10708,128,136,136,13
10709,10709,26,298,299,13
10710,10710,48,1247,1248,37
10711,10711,90,129,131,20
10712,10712,143,203,203,5
10713,10713,26,299,301,52
10714,10714,55,907,907,2
10715,10715,9,112,114,20
10716,10716,121,143,148,42
10717,10717,94,243,244,17
10718,10718,67,160,163,26
10719,10719,22,205,210,38
10720,10720,28,110,111,12
10721,10721,78,226,227,14
10722,10722,39,117,124,54
10723,10723,1,75,76,20
10724,10724,19,126,128,19
10725,10725,76,144,147,22
10726,10726,71,121,121,8
10727,10727,84,222,223,16
10728,10728,54,327,329,25
10729,10729,128,136,138,21
10730,10730,26,301,302,13
10731,10731,48,1248,1250,33
10732,10732,90,131,132,25
10733,10733,2,114,114,2
10734,10734,79,45,45,10
10735,10735,40,188,189,45
10736,10736,111,179,179,11
10737,10737,18,144,145,15
10738,10738,47,312,316,43
10739,10739,106,839,841,56
10740,10740,99,183,185,20
10741,10741,99,185,185,18
10742,10742,115,110,110,2
10743,10743,94,244,245,47
10744,10744,133,144,147,42
10745,10745,94,245,246,9
10746,10746,13,256,256,22
10747,10747,37,147,148,15
10748,10748,143,203,204,14
10749,10749,11,183,187,42
10750,10750,96,168,173,37
10751,10751,22,210,211,20
10752,10752,142,56,57,14
10753,10753,34,124,124,4
10754,10754,149,108,110,48
10755,10755,19,128,130,15
10756,10756,125,226,226,12
10757,10757,114,237,238,22
10758,10758,149,110,112,24
10759,10759,46,1650,1650,11
10760,10760,58,168,169,8
10761,10761,127,66,67,11
10762,10762,54,329,330,15
10763,10763,9,114,115,21
10764,10764,118,157,160,27
10765,10765,41,125,126,55
10766,10766,126,189,190,48
10767,10767,64,232,234,18
10768,10768,26,302,302,8
10769,10769,92,215,218,44
10770,10770,147,216,217,14
10771,10771,44,187,187,12
10772,10772,21,112,118,43
10773,10773,95,204,205,29
10774,10774,8,124,127,50
10775,10775,126,190,190,10
10776,10776,2,114,114,12
10777,10777,79,45,45,10
10778,10778,40,189,194,51
10779,10779,111,179,179,10
10780,10780,7,136,136,19
10781,10781,129,205,207,59
10782,10782,51,701,705,32
10783,10783,24,252,254,38
10784,10784,80,183,184,19
10785,10785,140,68,68,7
10786,10786,93,122,125,26
10787,10787,14,180,185,35
10788,10788,32,180,180,10
10789,10789,83,285,285,13
10790,10790,122,261,262,19
10791,10791,120,149,150,26
10792,10792,112,148,148,19
10793,10793,85,135,136,13
10794,10794,51,705,708,26
10795,10795,97,313,314,36
10796,10796,150,228,228,4
10797,10797,140,68,68,14
10798,10798,93,125,125,13
10799,10799,34,124,125,33
10800,10800,32,180,181,15
10801,10801,131,144,144,19
10802,10802,64,234,239,40
10803,10803,38,142,147,47
10804,10804,149,112,112,6
10805,10805,95,205,205,2
10806,10806,11,187,187,5
10807,10807,106,841,847,47
10808,10808,135,199,200,19
10809,10809,50,242,242,2
10810,10810,80,184,187,23
10811,10811,94,246,247,25
10812,10812,109,1181,1182,56
10813,10813,29,126,127,17
10814,10814,136,266,270,38
10815,10815,91,135,135,21
10816,10816,65,183,183,7
10817,10817,4,93,98,48
10818,10818,144,207,208,19
10819,10819,114,238,238,18
10820,10820,42,200,201,15
10821,10821,78,227,228,23
10822,10822,8,127,127,8
10823,10823,49,819,819,13
10824,10824,49,819,819,19
10825,10825,126,190,190,6
10826,10826,5,112,113,9
10827,10827,4,98,98,11
10828,10828,1,76,76,15
10829,10829,27,171,174,24
10830,10830,100,147,147,14
10831,10831,140,68,68,19
10832,10832,93,125,127,17
10833,10833,14,185,188,23
10834,10834,110,186,187,12
10835,10835,145,237,237,7
10836,10836,121,148,150,19
10837,10837,148,196,197,23
10838,10838,60,108,109,22
10839,10839,93,127,129,37
10840,10840,42,201,204,25
10841,10841,138,140,141,11
10842,10842,42,204,204,10
10843,10843,83,285,286,25
10844,10844,118,160,162,15
10845,10845,71,121,121,14
10846,10846,103,491,495,55
10847,10847,5,113,113,6
10848,10848,78,228,228,12
10849,10849,24,254,255,17
10850,10850,149,112,113,8
10851,10851,137,187,188,15
10852,10852,70,161,161,17
10853,10853,137,188,193,36
10854,10854,27,174,175,19
10855,10855,59,141,141,14
10856,10856,130,255,255,24
10857,10857,99,185,191,53
10858,10858,64,239,241,16
10859,10859,48,1250,1250,6
10860,10860,73,156,156,11
10861,10861,121,150,151,24
10862,10862,96,173,174,42
10863,10863,99,191,191,22
10864,10864,99,191,191,9
10865,10865,115,110,110,8
10866,10866,94,247,250,42
10867,10867,133,147,152,52
10868,10868,94,250,251,16
10869,10869,13,256,258,18
10870,10870,37,148,148,8
10871,10871,147,217,218,10
10872,10872,97,314,318,59
10873,10873,13,258,262,47
10874,10874,81,188,189,36
10875,10875,119,165,167,27
10876,10876,130,255,256,14
10877,10877,100,147,147,8
10878,10878,116,180,180,21
10879,10879,48,1250,1252,14
10880,10880,38,147,148,23
10881,10881,47,316,316,3
10882,10882,77,229,230,12
10883,10883,148,197,200,54
10884,10884,135,200,202,43
10885,10885,14,188,191,39
10886,10886,102,1168,1172,29
10887,10887,5,113,113,7
10888,10888,133,152,154,32
10889,10889,98,197,200,33
10890,10890,3,158,159,11
10891,10891,62,123,124,12
10892,10892,78,228,231,32
10893,10893,50,242,242,3
10894,10894,46,1650,1652,20
10895,10895,13,262,265,43
10896,10896,113,135,136,19
10897,10897,78,231,231,4
10898,10898,24,255,257,21
10899,10899,89,124,125,15
10900,10900,95,205,206,7
10901,10901,103,495,502,62
10902,10902,52,815,816,22
10903,10903,101,1792,1794,27
10904,10904,8,127,127,7
10905,10905,2,114,114,19
10906,10906,34,125,126,17
10907,10907,55,907,910,58
10908,10908,62,124,124,6
10909,10909,28,111,112,20
10910,10910,99,191,192,26
10911,10911,35,101,107,48
10912,10912,58,169,170,11
10913,10913,57,102,102,4
10914,10914,91,135,136,20
10915,10915,58,170,172,27
10916,10916,50,242,243,14
10917,10917,148,200,200,11
10918,10918,146,132,137,51
10919,10919,30,251,254,56
10920,10920,90,132,133,30
10921,10921,150,228,228,9
10922,10922,106,847,849,19
10923,10923,109,1182,1184,19
10924,10924,125,226,229,48
10925,10925,122,262,263,12
10926,10926,81,189,189,11
10927,10927,14,191,193,17
10928,10928,67,163,164,20
10929,10929,96,174,175,8
10930,10930,34,126,127,15
10931,10931,145,237,239,38
10932,10932,46,1652,1653,26
10933,10933,91,136,137,12
10934,10934,131,144,144,11
10935,10935,47,316,321,43
10936,10936,26,302,302,10
10937,10937,122,263,263,9
10938,10938,38,148,148,20
10939,10939,132,283,288,46
10940,10940,31,175,181,55
10941,10941,91,137,137,12
10942,10942,23,285,285,6
10943,10943,114,238,244,55
10944,10944,55,910,913,26
10945,10945,32,181,182,16
10946,10946,87,88,88,16
10947,10947,82,194,200,43
10948,10948,20,280,283,24
10949,10949,26,302,302,5
10950,10950,51,708,710,19
10951,10951,44,187,188,12
10952,10952,75,115,116,19
10953,10953,101,1794,1795,26
10954,10954,8,127,129,25
10955,10955,9,115,120,54
10956,10956,36,242,242,8
10957,10957,110,187,187,5
10958,10958,124,157,163,49
10959,10959,91,137,138,24
10960,10960,20,283,286,45
10961,10961,4,98,99,20
10962,10962,96,175,175,2
10963,10963,34,127,127,11
10964,10964,145,239,243,41
10965,10965,46,1653,1654,29
10966,10966,91,138,138,8
10967,10967,124,163,163,6
10968,10968,82,200,204,49
10969,10969,59,141,143,20
10970,10970,23,285,286,13
10971,10971,39,124,125,15
10972,10972,64,241,243,21
10973,10973,132,288,295,53
10974,10974,115,110,111,19
10975,10975,36,242,242,4
10976,10976,51,710,710,16
10977,10977,25,258,261,28
10978,10978,71,121,126,47
10979,10979,56,97,98,12
10980,10980,117,122,122,19
10981,10981,28,112,113,15
10982,10982,99,192,193,21
10983,10983,35,107,113,49
10984,10984,58,172,173,21
10985,10985,141,74,74,13
10986,10986,127,67,70,31
10987,10987,110,187,192,44
10988,10988,81,189,189,13
10989,10989,21,118,118,7
10990,10990,97,318,319,26
10991,10991,32,182,183,15
10992,10992,72,132,133,12
10993,10993,140,68,69,9
10994,10994,84,223,226,26
10995,10995,91,138,140,15
10996,10996,95,206,207,20
10997,10997,76,147,149,27
10998,10998,118,162,164,53
10999,10999,145,243,245,22
11000,11000,120,150,151,15
11001,11001,134,143,145,17
11002,11002,150,228,229,34
11003,11003,139,91,94,35
11004,11004,56,98,100,23
11005,11005,102,1172,1173,22
11006,11006,25,261,261,5
11007,11007,9,120,122,26
11008,11008,25,261,265,61
11009,11009,18,145,145,19
11010,11010,138,141,142,14
11011,11011,45,90,91,14
11012,11012,84,226,226,11
11013,11013,54,330,332,21
11014,11014,128,138,139,14
11015,11015,26,302,303,25
11016,11016,48,1252,1254,36
11017,11017,90,133,136,21
11018,11018,36,242,243,15
11019,11019,68,284,288,35
11020,11020,150,229,230,21
11021,11021,139,94,94,8
11022,11022,105,532,532,9
11023,11023,116,180,182,36
11024,11024,108,2329,2331,19
11025,11025,54,332,332,10
11026,11026,137,193,197,31
11027,11027,25,265,265,27
11028,11028,94,251,251,5
11029,11029,74,252,256,48
11030,11030,53,610,611,23
11031,11031,9,122,126,46
11032,11032,77,230,230,22
11033,11033,113,136,136,5
11034,11034,10,185,186,19
11035,11035,116,182,183,19
11036,11036,65,183,186,43
11037,11037,139,94,94,2
11038,11038,89,125,125,18
11039,11039,98,200,204,65
11040,11040,33,138,139,17
11041,11041,16,92,92,7
11042,11042,74,256,258,36
11043,11043,74,258,264,44
11044,11044,116,183,186,25
11045,11045,57,102,103,26
11046,11046,57,103,105,15
11047,11047,5,113,114,9
11048,11048,102,1173,1173,7
11049,11049,104,569,569,5
11050,11050,127,70,70,3
11051,11051,66,194,194,16
11052,11052,75,116,120,28
11053,11053,1,76,76,12
11054,11054,99,193,195,20
11055,11055,83,286,289,46
11056,11056,71,126,128,28
11057,11057,141,74,74,4
11058,11058,54,332,333,27
11059,11059,12,105,105,15
11060,11060,5,114,114,9
11061,11061,66,194,196,15
11062,11062,116,186,187,37
11063,11063,11,187,187,14
11064,11064,77,230,237,58
11065,11065,59,143,146,33
11066,11066,47,321,324,31
11067,11067,101,1795,1797,20
11068,11068,114,244,246,19
11069,11069,3,159,162,63
11070,11070,7,136,136,7
11071,11071,46,1654,1654,9
11072,11072,86,133,133,7
11073,11073,118,164,167,56
11074,11074,81,189,192,30
11075,11075,117,122,123,17
11076,11076,43,234,234,11
11077,11077,95,207,210,26
11078,11078,96,175,177,35
11079,11079,112,148,150,31
11080,11080,78,231,231,13
11081,11081,127,70,70,18
11082,11082,86,133,134,40
11083,11083,149,113,114,28
11084,11084,108,2331,2338,57
11085,11085,68,288,289,19
11086,11086,68,289,289,9
11087,11087,14,193,194,29
11088,11088,88,201,201,15
11089,11089,119,167,168,17
11090,11090,45,91,93,16
11091,11091,113,136,138,18
11092,11092,97,319,322,35
11093,11093,123,163,163,14
11094,11094,97,322,322,6
11095,11095,24,257,259,18
11096,11096,17,206,207,23
11097,11097,107,1271,1272,15
11098,11098,54,333,336,38
11099,11099,92,218,219,27
11100,11100,54,336,338,26
11101,11101,124,163,163,8
11102,11102,82,204,212,61
11103,11103,59,146,147,14
11104,11104,23,286,287,13
11105,11105,7,136,138,17
11106,11106,129,207,210,59
11107,11107,59,147,148,22
11108,11108,24,259,262,39
11109,11109,80,187,188,18
11110,11110,93,129,130,14
11111,11111,29,127,128,31
11112,11112,142,57,58,34
11113,11113,143,204,210,64
11114,11114,142,58,60,18
11115,11115,120,151,153,19
11116,11116,39,125,125,12
11117,11117,102,1173,1176,32
11118,11118,23,287,290,48
11119,11119,114,246,246,2
11120,11120,58,173,174,7
11121,11121,127,70,72,16
11122,11122,54,338,339,9
11123,11123,100,147,148,17
11124,11124,52,816,817,12
11125,11125,102,1176,1180,42
11126,11126,144,208,210,21
11127,11127,112,150,150,13
11128,11128,150,230,230,7
11129,11129,100,148,149,29
11130,11130,11,187,187,7
11131,11131,123,163,163,7
11132,11132,66,196,196,5
11133,11133,116,187,192,44
11134,11134,20,286,286,16
11135,11135,77,237,243,63
11136,11136,59,148,151,26
11137,11137,47,324,327,27
11138,11138,101,1797,1797,19
11139,11139,17,207,208,9
11140,11140,56,100,104,30
11141,11141,57,105,105,20
11142,11142,27,175,177,37
11143,11143,129,210,211,38
11144,11144,51,710,712,22
11145,11145,117,123,123,17
11146,11146,98,204,205,11
11147,11147,27,177,181,37
11148,11148,39,125,127,26
11149,11149,49,819,821,19
11150,11150,61,72,73,13
11151,11151,121,151,151,8
11152,11152,132,295,295,11
11153,11153,126,190,191,25
11154,11154,133,154,154,8
11155,11155,18,145,145,7
11156,11156,47,327,328,32
11157,11157,121,151,154,53
11158,11158,99,195,195,29
11159,11159,99,195,196,20
11160,11160,39,127,128,16
11161,11161,64,243,244,20
11162,11162,74,264,269,50
11163,11163,115,111,111,13
11164,11164,36,243,243,15
11165,11165,115,111,111,3
11166,11166,94,251,253,40
11167,11167,133,154,157,47
11168,11168,94,253,254,18
11169,11169,13,265,265,13
11170,11170,37,148,149,9
11171,11171,16,92,93,16
11172,11172,82,212,215,37
11173,11173,122,263,266,41
11174,11174,116,192,194,25
11175,11175,57,105,105,21
11176,11176,57,105,106,8
11177,11177,113,138,138,2
11178,11178,10,186,188,14
11179,11179,102,1180,1182,16
11180,11180,65,186,188,45
11181,11181,139,94,94,3
11182,11182,130,256,256,11
11183,11183,16,93,94,20
11184,11184,86,134,136,38
11185,11185,133,157,158,18
11186,11186,141,74,77,52
11187,11187,97,322,326,36
11188,11188,24,262,264,17
11189,11189,51,712,712,11
11190,11190,30,254,255,19
11191,11191,144,210,211,14
11192,11192,33,139,139,13
11193,11193,22,211,211,20
11194,11194,18,145,146,17
11195,11195,131,144,145,28
11196,11196,48,1254,1255,16
11197,11197,112,150,155,48
11198,11198,38,148,150,37
11199,11199,133,158,158,3
11200,11200,13,265,266,16
11201,11201,34,127,128,26
11202,11202,109,1184,1186,37
11203,11203,97,326,328,58
11204,11204,112,155,155,13
11205,11205,71,128,128,10
11206,11206,89,125,127,14
11207,11207,102,1182,1183,24
11208,11208,119,168,169,17
11209,11209,54,339,342,38
11210,11210,85,136,136,6
11211,11211,44,188,188,9
11212,11212,150,230,232,47
11213,11213,40,194,199,36
11214,11214,107,1272,1275,50
11215,11215,127,72,73,13
11216,11216,32,183,183,1
11217,11217,77,243,245,34
11218,11218,55,913,913,7
11219,11219,58,174,176,54
11220,11220,32,183,185,18
11221,11221,56,104,104,1
11222,11222,47,328,329,36
11223,11223,111,179,180,14
11224,11224,43,234,235,11
11225,11225,95,210,211,16
11226,11226,96,177,178,36
11227,11227,112,155,159,30
11228,11228,78,231,231,19
11229,11229,54,342,342,7
11230,11230,122,266,267,47
11231,11231,114,246,250,41
11232,11232,68,289,294,49
11233,11233,49,821,822,17
11234,11234,146,137,138,18
11235,11235,105,532,533,25
11236,11236,28,113,115,40
11237,11237,87,88,89,11
11238,11238,146,138,140,16
11239,11239,105,533,535,35
11240,11240,28,115,116,39
11241,11241,87,89,89,4
11242,11242,110,192,192,4
11243,11243,101,1797,1799,34
11244,11244,68,294,299,55
11245,11245,79,45,46,16
11246,11246,21,118,118,12
11247,11247,92,219,219,24
11248,11248,97,328,328,5
11249,11249,109,1186,1186,2
11250,11250,21,118,119,14
11251,11251,17,208,211,37
11252,11252,74,269,269,7
11253,11253,115,111,112,11
11254,11254,94,254,258,50
11255,11255,133,158,163,47
11256,11256,94,258,258,9
11257,11257,13,266,267,19
11258,11258,56,104,105,14
11259,11259,57,106,107,15
11260,11260,100,149,157,60
11261,11261,54,342,342,13
11262,11262,126,191,191,10
11263,11263,65,188,190,20
11264,11264,74,269,269,21
11265,11265,140,69,69,23
11266,11266,8,129,129,13
11267,11267,100,157,158,20
11268,11268,33,139,140,26
11269,11269,62,124,127,56
11270,11270,23,290,292,35
11271,11271,50,243,244,15
11272,11272,86,136,137,12
11273,11273,118,167,170,49
11274,11274,59,151,152,34
11275,11275,117,123,124,13
11276,11276,85,136,136,10
11277,11277,51,712,712,24
11278,11278,97,328,329,26
11279,11279,150,232,232,4
11280,11280,142,60,61,16
11281,11281,40,199,199,17
11282,11282,14,194,199,47
11283,11283,118,170,172,21
11284,11284,98,205,205,16
11285,11285,61,73,77,42
11286,11286,16,94,97,25
11287,11287,60,109,110,34
11288,11288,33,140,141,15
11289,11289,105,535,535,13
11290,11290,86,137,138,22
11291,11291,126,191,193,19
11292,11292,7,138,144,46
11293,11293,115,112,114,44
11294,11294,31,181,182,16
11295,11295,104,569,570,20
11296,11296,107,1275,1275,10
11297,11297,62,127,129,21
11298,11298,54,342,344,22
11299,11299,49,822,822,5
11300,11300,80,188,189,16
11301,11301,94,258,259,19
11302,11302,109,1186,1191,63
11303,11303,29,128,131,21
11304,11304,140,69,72,32
11305,11305,91,140,141,19
11306,11306,137,197,197,7
11307,11307,106,849,851,39
11308,11308,26,303,303,7
11309,11309,148,200,200,7
11310,11310,3,162,168,50
11311,11311,30,255,262,66
11312,11312,90,136,140,36
11313,11313,150,232,232,3
11314,11314,147,218,220,16
11315,11315,6,137,141,30
11316,11316,53,611,616,57
11317,11317,70,161,162,13
11318,11318,67,164,164,8
11319,11319,129,211,211,12
11320,11320,56,105,105,19
11321,11321,126,193,195,24
11322,11322,57,107,109,15
11323,11323,115,114,114,5
11324,11324,94,259,261,46
11325,11325,133,163,164,52
11326,11326,94,261,263,22
11327,11327,13,267,270,22
11328,11328,37,149,149,9
11329,11329,124,163,163,12
11330,11330,82,215,220,50
11331,11331,59,152,155,21
11332,11332,23,292,293,11
11333,11333,135,202,202,12
11334,11334,77,245,249,52
11335,11335,70,162,167,37
11336,11336,150,232,233,41
11337,11337,23,293,294,14
11338,11338,93,130,130,13
11339,11339,18,146,147,19
11340,11340,88,201,202,34
11341,11341,148,200,202,44
11342,11342,141,77,78,13
11343,11343,92,219,220,9
11344,11344,12,105,106,12
11345,11345,109,1191,1193,38
11346,11346,79,46,51,37
11347,11347,38,150,152,14
11348,11348,46,1654,1654,17
11349,11349,18,147,150,36
11350,11350,18,150,152,17
11351,11351,101,1799,1801,22
11352,11352,21,119,119,9
11353,11353,46,1654,1654,18
11354,11354,13,270,273,42
11355,11355,113,138,138,11
11356,11356,110,192,192,7
11357,11357,101,1801,1803,27
11358,11358,68,299,302,59
11359,11359,79,51,51,12
11360,11360,125,229,230,15
11361,11361,142,61,65,32
11362,11362,127,73,75,31
11363,11363,42,204,205,14
11364,11364,18,152,152,1
11365,11365,24,264,266,36
11366,11366,120,153,153,20
11367,11367,64,244,244,7
11368,11368,28,116,116,20
11369,11369,138,142,145,23
11370,11370,35,113,116,59
11371,11371,58,176,177,12
11372,11372,27,181,182,11
11373,11373,107,1275,1276,14
11374,11374,90,140,143,28
11375,11375,134,145,146,15
11376,11376,144,211,212,21
11377,11377,23,294,294,12
11378,11378,110,192,192,17
11379,11379,80,189,190,10
11380,11380,27,182,183,14
11381,11381,107,1276,1278,17
11382,11382,90,143,144,36
11383,11383,134,146,146,19
11384,11384,67,164,165,12
11385,11385,67,165,171,47
11386,11386,92,220,222,15
11387,11387,13,273,273,9
11388,11388,95,211,212,9
11389,11389,127,75,76,14
11390,11390,130,256,257,14
11391,11391,105,535,536,18
11392,11392,116,194,195,34
11393,11393,108,2338,2338,9
11394,11394,122,267,267,2
11395,11395,60,110,115,48
11396,11396,8,129,130,35
11397,11397,91,141,143,60
11398,11398,24,266,267,9
11399,11399,17,211,211,10
11400,11400,88,202,211,62
11401,11401,85,136,136,15
11402,11402,140,72,72,5
11403,11403,76,149,152,48
11404,11404,134,146,149,55
11405,11405,61,77,78,19
11406,11406,35,116,118,24
11407,11407,109,1193,1195,19
11408,11408,129,211,212,8
11409,11409,32,185,187,52
11410,11410,72,133,134,17
11411,11411,47,329,329,5
11412,11412,71,128,129,27
11413,11413,14,199,201,44
11414,11414,57,109,110,19
11415,11415,78,231,234,31
11416,11416,64,244,244,11
11417,11417,83,289,289,15
11418,11418,40,199,201,19
11419,11419,15,49,52,48
11420,11420,72,134,138,56
11421,11421,28,116,116,8
11422,11422,140,72,72,3
11423,11423,127,76,77,19
11424,11424,105,536,536,15
11425,11425,100,158,159,20
11426,11426,3,168,169,8
11427,11427,14,201,202,9
11428,11428,18,152,154,31
11429,11429,85,136,136,23
11430,11430,27,183,183,5
11431,11431,76,152,152,9
11432,11432,31,182,186,36
11433,11433,77,249,252,39
11434,11434,123,163,166,46
11435,11435,128,139,141,17
11436,11436,32,187,188,12
11437,11437,64,244,246,34
11438,11438,55,913,914,14
11439,11439,58,177,182,58
11440,11440,32,188,188,13
11441,11441,16,97,99,17
11442,11442,112,159,160,26
11443,11443,53,616,618,29
11444,11444,1,76,79,36
11445,11445,112,160,160,7
11446,11446,50,244,245,8
11447,11447,78,234,236,35
11448,11448,36,243,245,18
11449,11449,103,502,503,15
11450,11450,56,105,105,30
11451,11451,38,152,152,9
11452,11452,12,106,108,24
11453,11453,73,156,158,18
11454,11454,127,77,77,2
11455,11455,66,196,197,25
11456,11456,75,120,120,17
11457,11457,83,289,289,8
11458,11458,49,822,822,7
11459,11459,23,294,295,22
11460,11460,50,245,253,67
11461,11461,111,180,181,43
11462,11462,124,163,163,19
11463,11463,124,163,165,19
11464,11464,149,114,117,42
11465,11465,130,257,258,30
11466,11466,36,245,247,15
11467,11467,46,1654,1655,12
11468,11468,26,303,305,18
11469,11469,17,211,211,7
11470,11470,58,182,182,4
11471,11471,97,329,331,35
11472,11472,92,222,225,45
11473,11473,150,233,233,14
11474,11474,113,138,139,14
11475,11475,13,273,273,32
11476,11476,146,140,145,50
11477,11477,9,126,127,26
11478,11478,49,822,823,18
11479,11479,136,270,271,10
11480,11480,13,273,273,11
11481,11481,78,236,236,14
11482,11482,65,190,190,5
11483,11483,78,236,237,13
11484,11484,72,138,141,28
11485,11485,29,131,135,50
11486,11486,145,245,250,51
11487,11487,17,211,215,33
11488,11488,50,253,254,10
11489,11489,95,212,212,9
11490,11490,76,152,154,27
11491,11491,118,172,175,45
11492,11492,145,250,253,30
11493,11493,94,263,264,16
11494,11494,74,269,270,9
11495,11495,149,117,119,30
11496,11496,122,267,267,22
11497,11497,130,258,262,38
11498,11498,65,190,194,48
11499,11499,44,188,190,20
11500,11500,78,237,237,4
11501,11501,97,331,334,43
11502,11502,19,130,131,27
11503,11503,25,265,266,21
11504,11504,83,289,290,26
11505,11505,26,305,308,48
11506,11506,24,267,267,12
11507,11507,83,290,291,11
11508,11508,125,230,233,26
11509,11509,26,308,312,39
11510,11510,143,210,210,4
11511,11511,30,262,262,9
11512,11512,26,312,312,9
11513,11513,147,220,223,26
11514,11514,143,210,213,62
11515,11515,94,264,265,13
11516,11516,52,817,821,51
11517,11517,136,271,271,9
11518,11518,137,197,198,9
11519,11519,119,169,170,24
11520,11520,137,198,203,41
11521,11521,27,183,185,19
11522,11522,4,99,99,7
11523,11523,38,152,154,24
11524,11524,51,712,717,45
11525,11525,80,190,196,45
11526,11526,145,253,254,15
11527,11527,48,1255,1255,9
11528,11528,147,223,223,4
11529,11529,41,126,126,7
11530,11530,47,329,331,18
11531,11531,126,195,195,12
11532,11532,57,110,111,21
11533,11533,137,203,204,19
11534,11534,100,159,161,40
11535,11535,139,94,94,6
11536,11536,110,192,192,11
11537,11537,81,192,194,38
11538,11538,43,235,236,12
11539,11539,3,169,169,13
11540,11540,27,185,185,5
11541,11541,107,1278,1279,14
11542,11542,90,144,148,32
11543,11543,134,149,150,13
11544,11544,95,212,212,11
11545,11545,72,141,142,11
11546,11546,46,1655,1656,18
11547,11547,13,273,274,41
11548,11548,104,570,571,13
11549,11549,116,195,198,24
11550,11550,33,141,141,4
11551,11551,147,223,229,54
11552,11552,103,503,504,18
11553,11553,78,237,238,31
11554,11554,35,118,118,8
11555,11555,49,823,823,4
11556,11556,117,124,124,16
11557,11557,91,143,146,30
11558,11558,97,334,336,27
11559,11559,71,129,131,23
11560,11560,7,144,144,13
11561,11561,26,312,318,68
11562,11562,14,202,202,13
11563,11563,84,226,227,17
11564,11564,13,274,275,20
11565,11565,42,205,209,32
11566,11566,49,823,825,50
11567,11567,68,302,303,20
11568,11568,131,145,145,11
11569,11569,39,128,131,26
11570,11570,92,225,227,22
11571,11571,103,504,504,4
11572,11572,34,128,129,11
11573,11573,107,1279,1284,37
11574,11574,11,187,191,45
11575,11575,68,303,309,57
11576,11576,101,1803,1803,11
11577,11577,20,286,286,5
11578,11578,78,238,239,18
11579,11579,8,130,130,9
11580,11580,35,118,119,18
11581,11581,11,191,195,39
11582,11582,22,211,215,52
11583,11583,126,195,196,16
11584,11584,39,131,132,18
11585,11585,102,1183,1186,29
11586,11586,23,295,300,40
11587,11587,114,250,251,12
11588,11588,54,344,346,20
11589,11589,148,202,205,64
11590,11590,78,239,243,38
11591,11591,2,114,114,6
11592,11592,137,204,206,19
11593,11593,70,167,168,28
11594,11594,137,206,208,47
11595,11595,27,185,185,14
11596,11596,50,254,254,8
11597,11597,78,243,245,31
11598,11598,150,233,235,14
11599,11599,1,79,79,8
11600,11600,71,131,132,19
11601,11601,58,182,186,31
11602,11602,50,254,255,13
11603,11603,8,130,131,13
11604,11604,2,114,114,9
11605,11605,34,129,130,14
11606,11606,19,131,138,56
11607,11607,62,129,130,19
11608,11608,95,212,213,16
11609,11609,72,142,144,19
11610,11610,46,1656,1658,29
11611,11611,13,275,277,42
11612,11612,136,271,273,17
11613,11613,116,198,200,27
11614,11614,78,245,246,15
11615,11615,39,132,134,50
11616,11616,1,79,81,20
11617,11617,39,134,136,18
11618,11618,102,1186,1187,35
11619,11619,23,300,301,42
11620,11620,114,251,251,5
11621,11621,49,825,826,15
11622,11622,108,2338,2338,19
11623,11623,126,196,197,12
11624,11624,5,114,116,15
11625,11625,25,266,268,14
11626,11626,74,270,275,58
11627,11627,139,94,96,38
11628,11628,89,127,128,13
11629,11629,14,202,202,8
11630,11630,18,154,156,24
11631,11631,85,136,138,25
11632,11632,27,185,186,9
11633,11633,34,130,130,1
11634,11634,107,1284,1286,33
11635,11635,11,195,198,45
11636,11636,68,309,313,63
11637,11637,101,1803,1804,15
11638,11638,1,81,81,6
11639,11639,71,132,135,30
11640,11640,58,186,188,32
11641,11641,50,255,255,4
11642,11642,42,209,210,12
11643,11643,83,291,294,31
11644,11644,118,175,176,19
11645,11645,27,186,187,14
11646,11646,107,1286,1286,8
11647,11647,90,148,150,33
11648,11648,134,150,151,23
11649,11649,146,145,145,18
11650,11650,105,536,538,34
11651,11651,28,116,122,44
11652,11652,87,89,89,14
11653,11653,36,247,247,14
11654,11654,68,313,315,36
11655,11655,89,128,132,31
11656,11656,139,96,98,17
11657,11657,11,198,199,16
11658,11658,109,1195,1195,12
11659,11659,71,135,136,14
11660,11660,58,188,188,5
11661,11661,21,119,120,34
11662,11662,64,246,249,25
11663,11663,132,295,297,43
11664,11664,146,145,147,17
11665,11665,78,246,247,14
11666,11666,24,267,267,15
11667,11667,89,132,133,15
11668,11668,84,227,228,15
11669,11669,13,277,277,7
11670,11670,42,210,213,36
11671,11671,49,826,832,52
11672,11672,68,315,317,20
11673,11673,37,149,149,18
11674,11674,91,146,149,27
11675,11675,114,251,253,40
11676,11676,35,119,120,17
11677,11677,12,108,109,16
11678,11678,102,1187,1189,37
11679,11679,53,618,621,65
11680,11680,80,196,197,18
11681,11681,5,116,116,8
11682,11682,102,1189,1189,4
11683,11683,104,571,571,2
11684,11684,110,192,192,6
11685,11685,124,165,171,51
11686,11686,91,149,150,26
11687,11687,20,286,289,53
11688,11688,4,99,99,7
11689,11689,127,77,78,13
11690,11690,86,138,140,34
11691,11691,149,119,122,24
11692,11692,108,2338,2342,51
11693,11693,68,317,317,8
11694,11694,61,78,78,7
11695,11695,25,268,270,28
11696,11696,41,126,130,34
11697,11697,108,2342,2343,30
11698,11698,129,212,217,45
11699,11699,61,78,80,29
11700,11700,143,213,214,15
11701,11701,26,318,323,53
11702,11702,98,205,205,5
11703,11703,24,267,268,19
11704,11704,56,105,111,50
11705,11705,49,832,833,30
11706,11706,65,194,195,17
11707,11707,144,212,213,20
11708,11708,23,301,301,12
11709,11709,147,229,229,17
11710,11710,80,197,197,11
11711,11711,49,833,834,8
11712,11712,49,834,834,10
11713,11713,126,197,198,12
11714,11714,5,116,117,14
11715,11715,32,188,188,8
11716,11716,10,188,189,12
11717,11717,10,189,195,57
11718,11718,79,51,54,29
11719,11719,128,141,142,10
11720,11720,86,140,140,8
11721,11721,93,130,131,23
11722,11722,41,130,132,53
11723,11723,136,273,274,20
11724,11724,27,187,188,13
11725,11725,72,144,144,4
11726,11726,70,168,170,31
11727,11727,5,117,117,24
11728,11728,3,169,169,8
11729,11729,110,192,192,4
11730,11730,129,217,218,27
11731,11731,68,317,320,60
11732,11732,79,54,54,7
11733,11733,113,139,139,9
11734,11734,122,267,271,33
11735,11735,54,346,346,10
11736,11736,89,133,133,3
11737,11737,43,236,237,21
11738,11738,57,111,115,38
11739,11739,69,87,87,10
11740,11740,58,188,189,14
11741,11741,21,120,124,34
11742,11742,64,249,251,22
11743,11743,132,297,299,46
11744,11744,146,147,147,7
11745,11745,18,156,156,7
11746,11746,24,268,270,34
11747,11747,120,153,154,18
11748,11748,64,251,251,5
11749,11749,58,189,190,10
11750,11750,21,124,128,30
11751,11751,64,251,251,19
11752,11752,132,299,305,48
11753,11753,146,147,148,9
11754,11754,21,128,129,7
11755,11755,97,336,337,14
11756,11756,32,188,189,19
11757,11757,72,144,144,10
11758,11758,39,136,136,6
11759,11759,64,251,254,28
11760,11760,132,305,308,51
11761,11761,115,114,116,22
11762,11762,36,247,248,11
11763,11763,130,262,262,3
11764,11764,103,504,508,39
11765,11765,98,205,207,25
11766,11766,3,169,169,4
11767,11767,133,164,164,12
11768,11768,2,114,116,24
11769,11769,84,228,230,27
11770,11770,94,265,267,22
11771,11771,9,127,128,17
11772,11772,121,154,157,31
11773,11773,67,171,173,23
11774,11774,67,173,175,30
11775,11775,22,215,218,31
11776,11776,28,122,122,10
11777,11777,75,120,120,9
11778,11778,50,255,256,20
11779,11779,100,161,162,10
11780,11780,62,130,131,20
11781,11781,123,166,166,11
11782,11782,41,132,132,11
11783,11783,71,136,136,9
11784,11784,64,254,256,39
11785,11785,24,270,273,49
11786,11786,107,1286,1288,29
11787,11787,47,331,331,22
11788,11788,137,208,208,8
11789,11789,70,170,172,16
11790,11790,137,208,213,40
11791,11791,27,188,189,16
11792,11792,5,117,119,14
11793,11793,117,124,125,19
11794,11794,119,170,170,3
11795,11795,106,851,851,13
11796,11796,65,195,196,31
11797,11797,97,337,341,30
11798,11798,59,155,158,32
11799,11799,13,277,278,25
11800,11800,114,253,254,8
11801,11801,123,166,169,49
11802,11802,71,136,138,44
11803,11803,71,138,139,15
11804,11804,72,144,146,16
11805,11805,38,154,157,46
11806,11806,92,227,228,9
11807,11807,86,140,142,23
11808,11808,87,89,92,55
11809,11809,21,129,130,21
11810,11810,13,278,278,7
11811,11811,34,130,133,34
11812,11812,109,1195,1200,39
11813,11813,97,341,344,58
11814,11814,112,160,161,13
11815,11815,89,133,134,22
11816,11816,52,821,822,20
11817,11817,90,150,153,24
11818,11818,102,1189,1191,20
11819,11819,73,158,158,21
11820,11820,40,201,202,10
11821,11821,76,154,155,30
11822,11822,140,72,72,8
11823,11823,93,131,131,4
11824,11824,66,197,197,26
11825,11825,38,157,158,15
11826,11826,115,116,117,18
11827,11827,23,301,302,14
11828,11828,3,169,174,43
11829,11829,30,262,271,67
11830,11830,90,153,157,35
11831,11831,150,235,235,7
11832,11832,101,1804,1804,1
11833,11833,84,230,230,18
11834,11834,130,262,267,53
11835,11835,82,220,221,11
11836,11836,115,117,117,8
11837,11837,85,138,139,25
11838,11838,98,207,208,29
11839,11839,64,256,256,21
11840,11840,102,1191,1192,14
11841,11841,65,196,199,25
11842,11842,135,202,202,10
11843,11843,94,267,267,12
11844,11844,74,275,275,4
11845,11845,149,122,125,28
11846,11846,122,271,273,25
11847,11847,130,267,272,45
11848,11848,65,199,202,42
11849,11849,133,164,167,26
11850,11850,7,144,144,15
11851,11851,129,218,225,51
11852,11852,59,158,160,25
11853,11853,24,273,276,39
11854,11854,80,197,197,9
11855,11855,135,202,204,17
11856,11856,77,252,256,49
11857,11857,70,172,175,33
11858,11858,150,235,239,38
11859,11859,23,302,304,20
11860,11860,43,237,237,7
11861,11861,65,202,205,27
11862,11862,7,144,148,37
11863,11863,144,213,215,25
11864,11864,93,131,131,11
11865,11865,29,135,138,37
11866,11866,142,65,67,32
11867,11867,31,186,190,59
11868,11868,96,178,179,14
11869,11869,8,131,131,26
11870,11870,78,247,247,5
11871,11871,127,78,78,12
11872,11872,127,78,79,10
11873,11873,3,174,174,14
11874,11874,73,158,158,1
11875,11875,142,67,71,38
11876,11876,141,78,80,32
11877,11877,9,128,129,12
11878,11878,109,1200,1200,7
11879,11879,129,225,225,24
11880,11880,17,215,216,40
11881,11881,74,275,275,1
11882,11882,109,1200,1200,1
11883,11883,129,225,227,27
11884,11884,17,216,220,37
11885,11885,74,275,275,2
11886,11886,133,167,168,15
11887,11887,125,233,239,53
11888,11888,79,54,61,54
11889,11889,124,171,171,26
11890,11890,149,125,125,9
11891,11891,93,131,132,18
11892,11892,109,1200,1200,18
11893,11893,93,132,134,26
11894,11894,22,218,218,23
11895,11895,10,195,195,3
11896,11896,39,136,137,15
11897,11897,54,346,346,10
11898,11898,131,145,147,20
11899,11899,142,71,71,1
11900,11900,126,198,201,40
11901,11901,94,267,268,16
11902,11902,19,138,139,15
11903,11903,19,139,140,13
11904,11904,41,132,139,51
11905,11905,9,129,130,16
11906,11906,55,914,916,17
11907,11907,146,148,152,34
11908,11908,106,851,852,14
11909,11909,71,139,139,5
11910,11910,89,134,135,15
11911,11911,102,1192,1193,31
11912,11912,89,135,137,20
11913,11913,54,346,348,46
11914,11914,33,141,141,2
11915,11915,86,142,143,18
11916,11916,109,1200,1201,28
11917,11917,136,274,278,48
11918,11918,64,256,256,14
11919,11919,43,237,237,10
11920,11920,74,275,278,50
11921,11921,72,146,147,17
11922,11922,30,271,274,29
11923,11923,95,213,213,17
11924,11924,24,276,276,13
11925,11925,128,142,145,30
11926,11926,144,215,217,23
11927,11927,13,278,279,14
11928,11928,67,175,176,19
11929,11929,131,147,148,8
11930,11930,78,247,249,41
11931,11931,60,115,116,31
11932,11932,121,157,160,63
11933,11933,83,294,294,9
11934,11934,115,117,117,11
11935,11935,94,268,273,47
11936,11936,133,168,171,50
11937,11937,94,273,274,13
11938,11938,13,279,279,18
11939,11939,37,149,149,13
11940,11940,94,274,274,14
11941,11941,139,98,101,28
11942,11942,47,331,332,17
11943,11943,72,147,148,16
11944,11944,74,278,279,30
11945,11945,22,218,220,30
11946,11946,11,199,199,20
11947,11947,60,116,116,7
11948,11948,46,1658,1659,14
11949,11949,68,320,321,12
11950,11950,80,197,198,29
11951,11951,8,131,131,16
11952,11952,40,202,205,37
11953,11953,17,220,222,29
11954,11954,127,79,79,16
11955,11955,95,213,213,4
11956,11956,137,213,214,16
11957,11957,100,162,167,41
11958,11958,141,80,80,10
11959,11959,32,189,189,4
11960,11960,64,256,260,34
11961,11961,55,916,917,12
11962,11962,58,190,194,53
11963,11963,32,189,190,17
11964,11964,17,222,223,18
11965,11965,64,260,266,48
11966,11966,46,1659,1659,12
11967,11967,67,176,176,7
11968,11968,26,323,324,17
11969,11969,92,228,231,43
11970,11970,147,229,229,7
11971,11971,85,139,140,14
11972,11972,51,717,718,26
11973,11973,97,344,345,34
11974,11974,150,239,240,11
11975,11975,132,308,309,11
11976,11976,117,125,128,37
11977,11977,91,150,151,22
11978,11978,36,248,249,18
11979,11979,64,266,266,4
11980,11980,71,139,140,34
11981,11981,25,270,272,21
11982,11982,97,345,345,12
11983,11983,43,237,243,45
11984,11984,29,138,140,21
11985,11985,13,279,280,36
11986,11986,74,279,280,31
11987,11987,33,141,141,9
11988,11988,100,167,168,8
11989,11989,16,99,100,31
11990,11990,95,213,216,26
11991,11991,69,87,87,22
11992,11992,48,1255,1257,27
11993,11993,6,141,142,19
11994,11994,32,190,192,19
11995,11995,20,289,290,27
11996,11996,106,852,854,42
11997,11997,97,345,349,57
11998,11998,46,1659,1660,19
11999,11999,14,202,202,5
12000,12000,18,156,158,25
12001,12001,85,140,141,27
12002,12002,27,189,189,12
12003,12003,130,272,273,16
12004,12004,98,208,211,39
12005,12005,30,274,275,18
12006,12006,22,220,222,23
12007,12007,42,213,213,5
12008,12008,52,822,822,11
12009,12009,40,205,208,26
12010,12010,65,205,206,36
12011,12011,46,1660,1660,21
12012,12012,55,917,919,16
12013,12013,123,169,169,15
12014,12014,44,190,190,11
12015,12015,11,199,201,32
12016,12016,4,99,100,41
12017,12017,1,81,85,46
12018,12018,85,141,141,11
12019,12019,68,321,321,7
12020,12020,108,2343,2343,14
12021,12021,61,80,80,14
12022,12022,119,170,173,27
12023,12023,17,223,223,10
12024,12024,40,208,209,12
12025,12025,119,173,174,46
12026,12026,11,201,203,26
12027,12027,126,201,205,63
12028,12028,134,151,152,25
12029,12029,122,273,273,1
12030,12030,60,116,121,50
12031,12031,8,131,133,34
12032,12032,91,151,155,55
12033,12033,105,538,539,17
12034,12034,145,254,255,13
12035,12035,121,160,160,23
12036,12036,148,205,209,32
12037,12037,125,239,241,24
12038,12038,93,134,139,37
12039,12039,124,171,172,13
12040,12040,138,145,146,10
12041,12041,2,116,116,5
12042,12042,79,61,62,10
12043,12043,40,209,213,45
12044,12044,111,181,182,13
12045,12045,120,154,154,9
12046,12046,92,231,234,37
12047,12047,84,230,230,19
12048,12048,28,122,124,18
12049,12049,16,100,102,47
12050,12050,144,217,218,18
12051,12051,40,213,214,22
12052,12052,46,1660,1661,12
12053,12053,33,141,141,21
12054,12054,62,131,136,47
12055,12055,23,304,306,39
12056,12056,50,256,256,14
12057,12057,35,120,121,10
12058,12058,50,256,260,43
12059,12059,1,85,85,24
12060,12060,5,119,119,9
12061,12061,49,834,835,10
12062,12062,49,835,835,8
12063,12063,49,835,836,13
12064,12064,126,205,206,17
12065,12065,5,119,120,13
12066,12066,129,227,227,9
12067,12067,39,137,139,49
12068,12068,72,148,149,24
12069,12069,49,836,836,1
12070,12070,80,198,201,24
12071,12071,94,274,276,26
12072,12072,101,1804,1806,52
12073,12073,29,140,140,8
12074,12074,136,278,280,39
12075,12075,91,155,156,20
12076,12076,51,718,719,14
12077,12077,30,275,276,10
12078,12078,144,218,218,15
12079,12079,33,141,142,16
12080,12080,100,168,168,14
12081,12081,69,87,87,11
12082,12082,137,214,217,24
12083,12083,114,254,255,9
12084,12084,97,349,349,7
12085,12085,43,243,247,39
12086,12086,29,140,143,28
12087,12087,79,62,67,36
12088,12088,91,156,160,30
12089,12089,33,142,142,6
12090,12090,74,280,280,9
12091,12091,148,209,213,55
12092,12092,4,100,100,7
12093,12093,46,1661,1661,3
12094,12094,12,109,111,41
12095,12095,35,121,121,22
12096,12096,81,194,194,10
12097,12097,130,273,275,70
12098,12098,37,149,152,21
12099,12099,91,160,161,12
12100,12100,3,174,178,34
12101,12101,64,266,266,8
12102,12102,4,100,100,7
12103,12103,58,194,197,33
12104,12104,51,719,720,42
12105,12105,80,201,205,48
12106,12106,145,255,258,25
12107,12107,48,1257,1257,22
12108,12108,148,213,213,9
12109,12109,129,227,229,49
12110,12110,59,160,163,33
12111,12111,24,276,279,38
12112,12112,80,205,207,18
12113,12113,85,141,141,1
12114,12114,51,720,721,26
12115,12115,97,349,351,27
12116,12116,150,240,240,5
12117,12117,43,247,249,16
12118,12118,74,280,283,53
12119,12119,72,149,150,17
12120,12120,139,101,103,24
12121,12121,95,216,216,15
12122,12122,105,539,541,21
12123,12123,149,125,129,40
12124,12124,9,130,131,25
12125,12125,98,211,215,55
12126,12126,23,306,307,26
12127,12127,33,142,142,12
12128,12128,74,283,284,18
12129,12129,91,161,162,13
12130,12130,44,190,190,2
12131,12131,127,79,81,18
12132,12132,74,284,286,26
12133,12133,56,111,113,20
12134,12134,8,133,134,28
12135,12135,150,240,241,27
12136,12136,66,197,197,1
12137,12137,113,139,143,39
12138,12138,21,130,132,29
12139,12139,109,1201,1202,20
12140,12140,117,128,128,21
12141,12141,114,255,258,27
12142,12142,81,194,194,13
12143,12143,24,279,279,13
12144,12144,128,145,147,27
12145,12145,144,218,219,17
12146,12146,13,280,281,19
12147,12147,67,176,177,14
12148,12148,95,216,217,12
12149,12149,72,150,152,23
12150,12150,46,1661,1662,21
12151,12151,13,281,287,46
12152,12152,136,280,283,24
12153,12153,116,200,200,18
12154,12154,143,214,214,8
12155,12155,23,307,310,45
12156,12156,73,158,158,13
12157,12157,83,294,296,18
12158,12158,109,1202,1203,18
12159,12159,132,309,309,10
12160,12160,138,146,149,24
12161,12161,143,214,214,7
12162,12162,147,229,230,30
12163,12163,71,140,140,22
12164,12164,40,214,214,7
12165,12165,76,155,155,20
12166,12166,140,72,72,3
12167,12167,28,124,125,18
12168,12168,99,196,198,17
12169,12169,35,121,129,55
12170,12170,58,197,198,13
12171,12171,73,158,158,13
12172,12172,37,152,153,15
12173,12173,38,158,161,54
12174,12174,15,52,54,16
12175,12175,90,157,157,9
12176,12176,144,219,221,21
12177,12177,84,230,236,54
12178,12178,27,189,191,20
12179,12179,121,160,162,17
12180,12180,145,258,259,21
12181,12181,12,111,111,3
12182,12182,118,176,182,53
12183,12183,31,190,192,26
12184,12184,40,214,214,4
12185,12185,96,179,185,44
12186,12186,55,919,920,11
12187,12187,130,275,276,10
12188,12188,98,215,218,42
12189,12189,30,276,277,15
12190,12190,134,152,155,33
12191,12191,78,249,249,7
12192,12192,89,137,139,19
12193,12193,32,192,195,49
12194,12194,48,1257,1258,26
12195,12195,22,222,226,57
12196,12196,24,279,279,10
12197,12197,5,120,121,19
12198,12198,102,1193,1197,34
12199,12199,23,310,314,49
12200,12200,114,258,258,1
12201,12201,17,223,224,17
12202,12202,88,211,218,58
12203,12203,148,213,215,22
12204,12204,150,241,242,9
12205,12205,100,168,169,36
12206,12206,11,203,203,9
12207,12207,123,169,171,18
12208,12208,22,226,226,7
12209,12209,132,309,311,30
12210,12210,95,217,218,20
12211,12211,85,141,142,19
12212,12212,10,195,196,13
12213,12213,17,224,225,12
12214,12214,136,283,285,39
12215,12215,79,67,69,41
12216,12216,96,185,186,8
12217,12217,58,198,198,13
12218,12218,97,351,355,35
12219,12219,92,234,239,45
12220,12220,150,242,242,17
12221,12221,36,249,251,19
12222,12222,68,321,324,33
12223,12223,150,242,244,25
12224,12224,139,103,105,17
12225,12225,110,192,192,14
12226,12226,101,1806,1809,26
12227,12227,68,324,332,64
12228,12228,79,69,69,18
12229,12229,32,195,196,13
12230,12230,64,266,270,42
12231,12231,55,920,920,4
12232,12232,58,198,199,51
12233,12233,32,196,196,22
12234,12234,113,143,144,8
12235,12235,139,105,106,24
12236,12236,47,332,332,10
12237,12237,93,139,139,5
12238,12238,29,143,144,30
12239,12239,142,71,72,27
12240,12240,31,192,197,61
12241,12241,96,186,187,15
12242,12242,81,194,194,17
12243,12243,18,158,159,13
12244,12244,25,272,277,45
12245,12245,65,206,207,26
12246,12246,86,143,145,21
12247,12247,149,129,130,12
12248,12248,33,142,142,7
12249,12249,140,72,72,7
12250,12250,37,153,153,15
12251,12251,97,355,356,11
12252,12252,41,139,141,46
12253,12253,121,162,163,9
12254,12254,5,121,121,11
12255,12255,106,854,857,25
12256,12256,87,92,92,10
12257,12257,61,80,80,8
12258,12258,100,169,174,63
12259,12259,45,93,94,26
12260,12260,15,54,57,21
12261,12261,18,159,160,18
12262,12262,47,332,335,35
12263,12263,106,857,859,48
12264,12264,99,198,200,31
12265,12265,99,200,201,26
12266,12266,95,218,219,11
12267,12267,128,147,154,64
12268,12268,84,236,242,51
12269,12269,124,172,176,30
12270,12270,129,229,229,8
12271,12271,80,207,208,22
12272,12272,135,204,206,20
12273,12273,150,244,244,13
12274,12274,61,80,82,20
12275,12275,96,187,189,21
12276,12276,114,258,260,17
12277,12277,137,217,217,14
12278,12278,51,721,721,8
12279,12279,109,1203,1205,48
12280,12280,68,332,334,26
12281,12281,3,178,178,10
12282,12282,36,251,253,15
12283,12283,10,196,200,59
12284,12284,35,129,130,13
12285,12285,7,148,150,31
12286,12286,64,270,277,60
12287,12287,134,155,156,19
12288,12288,135,206,207,15
12289,12289,125,241,241,16
12290,12290,79,69,72,28
12291,12291,10,200,204,47
12292,12292,128,154,155,19
12293,12293,146,152,152,7
12294,12294,139,106,107,12
12295,12295,50,260,261,24
12296,12296,85,142,144,21
12297,12297,123,171,171,13
12298,12298,21,132,134,17
12299,12299,37,153,154,17
12300,12300,145,259,260,17
12301,12301,121,163,164,18
12302,12302,148,215,217,33
12303,12303,60,121,124,25
12304,12304,93,139,141,35
12305,12305,124,176,177,17
12306,12306,138,149,149,16
12307,12307,85,144,144,9
12308,12308,65,207,212,35
12309,12309,87,92,96,52
12310,12310,89,139,141,58
12311,12311,113,144,146,23
12312,12312,115,117,118,21
12313,12313,116,200,201,13
12314,12314,119,174,178,30
12315,12315,148,217,218,20
12316,12316,52,822,822,13
12317,12317,72,152,154,26
12318,12318,125,241,241,29
12319,12319,126,206,209,27
12320,12320,18,160,160,1
12321,12321,58,199,199,2
12322,12322,97,356,357,20
12323,12323,25,277,278,34
12324,12324,26,324,326,14
12325,12325,144,221,221,5
12326,12326,88,218,220,47
12327,12327,70,175,183,56
12328,12328,62,136,136,7
12329,12329,44,190,191,18
12330,12330,21,134,138,45
12331,12331,100,174,175,30
12332,12332,8,134,137,50
12333,12333,111,182,183,11
12334,12334,95,219,220,12
12335,12335,130,276,282,49
12336,12336,147,230,230,2
12337,12337,99,201,207,54
12338,12338,97,357,358,22
12339,12339,100,175,176,13
12340,12340,52,822,822,6
12341,12341,102,1197,1202,39
12342,12342,144,221,222,18
12343,12343,55,920,921,14
12344,12344,76,155,156,10
12345,12345,38,161,168,54
12346,12346,88,220,223,51
12347,12347,97,358,358,9
12348,12348,113,146,148,20
12349,12349,6,142,144,46
12350,12350,106,859,861,40
12351,12351,67,177,180,31
12352,12352,61,82,82,17
12353,12353,74,286,287,13
12354,12354,118,182,185,57
12355,12355,42,213,217,41
12356,12356,81,194,196,20
12357,12357,138,149,149,7
12358,12358,23,314,314,17
12359,12359,121,164,165,15
12360,12360,48,1258,1264,64
12361,12361,95,220,222,64
12362,12362,72,154,156,19
12363,12363,146,152,154,15
12364,12364,119,178,178,5
12365,12365,109,1205,1205,6
12366,12366,129,229,230,20
12367,12367,17,225,228,38
12368,12368,74,287,287,6
12369,12369,135,207,208,12
12370,12370,77,256,258,47
12371,12371,70,183,188,38
12372,12372,150,244,249,48
12373,12373,23,314,315,13
12374,12374,27,191,192,13
12375,12375,107,1288,1288,9
12376,12376,90,157,159,37
12377,12377,134,156,157,17
12378,12378,54,348,348,3
12379,12379,51,721,727,51
12380,12380,114,260,267,52
12381,12381,68,334,338,42
12382,12382,19,140,142,25
12383,12383,35,130,130,8
12384,12384,50,261,265,32
12385,12385,1,85,87,31
12386,12386,5,121,121,8
12387,12387,142,72,73,12
12388,12388,147,230,231,12
12389,12389,129,230,231,13
12390,12390,141,80,82,22
12391,12391,126,209,210,14
12392,12392,57,115,116,18
12393,12393,113,148,148,11
12394,12394,5,121,121,20
12395,12395,9,131,131,2
12396,12396,84,242,243,13
12397,12397,9,131,132,33
12398,12398,26,326,327,33
12399,12399,37,154,156,32
12400,12400,75,120,120,19
12401,12401,43,249,249,7
12402,12402,57,116,117,11
12403,12403,150,249,250,21
12404,12404,61,82,82,11
12405,12405,96,189,190,32
12406,12406,114,267,269,26
12407,12407,73,158,158,5
12408,12408,96,190,192,25
12409,12409,75,120,125,57
12410,12410,131,148,151,40
12411,12411,150,250,251,17
12412,12412,58,199,201,17
12413,12413,127,81,82,15
12414,12414,54,348,350,15
12415,12415,134,157,158,16
12416,12416,114,269,269,24
12417,12417,149,130,134,29
12418,12418,46,1662,1662,3
12419,12419,115,118,119,14
12420,12420,94,276,281,48
12421,12421,133,171,174,44
12422,12422,94,281,283,17
12423,12423,13,287,289,25
12424,12424,37,156,156,7
12425,12425,73,158,158,16
12426,12426,49,836,838,60
12427,12427,145,260,261,22
12428,12428,147,231,231,4
12429,12429,13,289,290,17
12430,12430,112,161,163,27
12431,12431,55,921,924,23
12432,12432,53,621,622,15
12433,12433,122,273,274,12
12434,12434,60,124,129,53
12435,12435,8,137,140,28
12436,12436,91,162,164,60
12437,12437,24,279,279,7
12438,12438,137,217,217,17
12439,12439,99,207,209,26
12440,12440,58,201,209,56
12441,12441,6,144,148,46
12442,12442,99,209,209,6
12443,12443,108,2343,2344,15
12444,12444,118,185,185,26
12445,12445,119,178,185,59
12446,12446,30,277,282,39
12447,12447,2,116,117,17
12448,12448,130,282,282,10
12449,12449,94,283,284,19
12450,12450,141,82,83,15
12451,12451,28,125,125,13
12452,12452,99,209,211,23
12453,12453,132,311,314,57
12454,12454,58,209,210,18
12455,12455,27,192,192,9
12456,12456,38,168,174,49
12457,12457,80,208,213,55
12458,12458,28,125,127,22
12459,12459,43,249,250,15
12460,12460,74,287,290,56
12461,12461,72,156,156,9
12462,12462,139,107,110,25
12463,12463,95,222,223,19
12464,12464,122,274,275,10
12465,12465,60,129,133,58
12466,12466,8,140,142,38
12467,12467,91,164,172,59
12468,12468,24,279,279,6
12469,12469,73,158,158,10
12470,12470,96,192,195,31
12471,12471,25,278,279,53
12472,12472,131,151,157,52
12473,12473,150,251,252,12
12474,12474,137,217,217,8
12475,12475,100,176,179,35
12476,12476,141,83,83,10
12477,12477,49,838,838,15
12478,12478,118,185,189,65
12479,12479,42,217,220,40
12480,12480,81,196,197,17
12481,12481,138,149,149,2
12482,12482,39,139,140,18
12483,12483,99,211,212,20
12484,12484,71,140,141,21
12485,12485,69,87,90,34
12486,12486,36,253,254,24
12487,12487,86,145,146,14
12488,12488,93,141,142,31
12489,12489,112,163,164,43
12490,12490,84,243,244,13
12491,12491,124,177,178,18
12492,12492,86,146,147,19
12493,12493,9,132,133,41
12494,12494,149,134,136,24
12495,12495,108,2344,2346,52
12496,12496,68,338,338,8
12497,12497,65,212,212,7
12498,12498,25,279,282,29
12499,12499,92,239,242,56
12500,12500,144,222,222,14
12501,12501,53,622,623,14
12502,12502,116,201,203,17
12503,12503,131,157,157,9
12504,12504,109,1205,1206,18
12505,12505,60,133,134,24
12506,12506,74,290,292,34
12507,12507,18,160,161,20
12508,12508,137,217,218,9
12509,12509,109,1206,1212,45
12510,12510,11,203,204,35
12511,12511,35,130,131,11
12512,12512,85,144,144,9
12513,12513,14,202,203,33
12514,12514,97,358,361,26
12515,12515,150,252,252,8
12516,12516,65,212,212,12
12517,12517,74,292,296,29
12518,12518,140,72,74,21
12519,12519,8,142,143,24
12520,12520,114,269,270,9
12521,12521,120,154,155,22
12522,12522,86,147,147,23
12523,12523,70,188,188,9
12524,12524,122,275,275,7
12525,12525,70,188,192,50
12526,12526,55,924,927,24
12527,12527,32,196,196,9
12528,12528,86,147,149,17
12529,12529,93,142,145,33
12530,12530,41,141,143,46
12531,12531,84,244,246,21
12532,12532,27,192,192,11
12533,12533,14,203,204,12
12534,12534,22,226,227,24
12535,12535,131,157,162,35
12536,12536,110,192,194,21
12537,12537,74,296,296,9
12538,12538,148,218,222,50
12539,12539,4,100,100,8
12540,12540,11,204,205,10
12541,12541,109,1212,1212,11
12542,12542,71,141,142,9
12543,12543,87,96,96,3
12544,12544,141,83,83,16
12545,12545,110,194,194,6
12546,12546,26,327,327,7
12547,12547,34,133,134,12
12548,12548,28,127,128,12
12549,12549,145,261,261,19
12550,12550,15,57,62,37
12551,12551,27,192,192,12
12552,12552,89,141,141,8
12553,12553,23,315,316,22
12554,12554,138,149,150,22
12555,12555,12,111,112,30
12556,12556,18,161,161,11
12557,12557,69,90,90,15
12558,12558,137,218,219,21
12559,12559,114,270,271,9
12560,12560,120,155,155,7
12561,12561,22,227,235,61
12562,12562,10,204,205,26
12563,12563,4,100,102,19
12564,12564,52,822,822,6
12565,12565,150,252,255,49
12566,12566,40,214,215,38
12567,12567,107,1288,1292,46
12568,12568,127,82,83,13
12569,12569,50,265,267,20
12570,12570,76,156,160,46
12571,12571,131,162,167,47
12572,12572,43,250,255,40
12573,12573,90,159,160,22
12574,12574,72,156,156,2
12575,12575,131,167,169,40
12576,12576,5,121,122,28
12577,12577,3,178,179,17
12578,12578,144,222,222,20
12579,12579,23,316,318,25
12580,12580,147,231,232,12
12581,12581,80,213,213,14
12582,12582,26,327,327,11
12583,12583,149,136,138,20
12584,12584,117,128,129,14
12585,12585,104,571,573,20
12586,12586,143,214,215,24
12587,12587,8,143,149,48
12588,12588,134,158,161,29
12589,12589,144,222,223,18
12590,12590,31,197,198,29
12591,12591,130,282,283,8
12592,12592,31,198,198,14
12593,12593,107,1292,1296,49
12594,12594,40,215,218,51
12595,12595,78,249,252,31
12596,12596,8,149,149,17
12597,12597,46,1662,1662,11
12598,12598,12,112,116,39
12599,12599,35,131,132,18
12600,12600,66,197,199,17
12601,12601,130,283,288,62
12602,12602,37,156,158,20
12603,12603,32,196,196,10
12604,12604,113,148,150,28
12605,12605,24,279,285,49
12606,12606,58,210,211,18
12607,12607,143,215,215,14
12608,12608,11,205,208,48
12609,12609,96,195,196,38
12610,12610,22,235,236,19
12611,12611,9,133,133,8
12612,12612,86,149,150,13
12613,12613,118,189,192,43
12614,12614,59,163,164,37
12615,12615,117,129,129,21
12616,12616,6,148,148,8
12617,12617,6,148,150,30
12618,12618,14,204,206,19
12619,12619,38,174,176,22
12620,12620,135,208,209,15
12621,12621,77,258,264,48
12622,12622,70,192,194,31
12623,12623,150,255,260,50
12624,12624,23,318,318,16
12625,12625,11,208,209,14
12626,12626,11,209,210,48
12627,12627,96,196,201,40
12628,12628,22,236,237,10
12629,12629,142,73,74,16
12630,12630,84,246,246,6
12631,12631,13,290,290,11
12632,12632,42,220,225,36
12633,12633,49,838,842,50
12634,12634,37,158,159,25
12635,12635,76,160,161,8
12636,12636,143,215,216,13
12637,12637,20,290,291,14
12638,12638,121,165,166,28
12639,12639,97,361,361,10
12640,12640,110,194,194,3
12641,12641,61,82,88,50
12642,12642,91,172,176,34
12643,12643,20,291,296,56
12644,12644,4,102,103,17
12645,12645,62,136,137,12
12646,12646,78,252,254,28
12647,12647,102,1202,1202,7
12648,12648,37,159,159,5
12649,12649,91,176,178,25
12650,12650,126,210,210,6
12651,12651,50,267,267,5
12652,12652,78,254,258,40
12653,12653,36,254,255,24
12654,12654,119,185,185,17
12655,12655,78,258,265,52
12656,12656,145,261,262,23
12657,12657,2,117,118,14
12658,12658,1,87,87,1
12659,12659,71,142,143,30
12660,12660,58,211,215,33
12661,12661,50,267,268,14
12662,12662,76,161,161,16
12663,12663,96,201,207,44
12664,12664,80,213,214,51
12665,12665,28,128,129,16
12666,12666,105,541,541,7
12667,12667,86,150,151,13
12668,12668,126,210,210,16
12669,12669,7,150,157,56
12670,12670,115,119,124,46
12671,12671,31,198,198,18
12672,12672,104,573,575,28
12673,12673,40,218,218,6
12674,12674,85,144,145,22
12675,12675,140,74,74,12
12676,12676,78,265,265,13
12677,12677,97,361,364,42
12678,12678,19,142,143,22
12679,12679,25,282,283,26
12680,12680,83,296,298,22
12681,12681,26,327,331,57
12682,12682,24,285,285,17
12683,12683,7,157,157,11
12684,12684,36,255,256,38
12685,12685,53,623,625,25
12686,12686,64,277,279,55
12687,12687,96,207,210,40
12688,12688,138,150,150,8
12689,12689,41,143,143,7
12690,12690,59,164,167,28
12691,12691,91,178,182,33
12692,12692,107,1296,1299,35
12693,12693,117,129,129,4
12694,12694,95,223,224,16
12695,12695,59,167,167,18
12696,12696,84,246,247,41
12697,12697,108,2346,2347,23
12698,12698,103,508,509,19
12699,12699,56,113,113,10
12700,12700,51,727,728,19
12701,12701,144,223,223,14
12702,12702,23,318,320,16
12703,12703,147,232,233,13
12704,12704,80,214,214,12
12705,12705,74,296,296,8
12706,12706,96,210,213,26
12707,12707,89,141,142,12
12708,12708,45,94,94,2
12709,12709,142,74,75,15
12710,12710,126,210,211,16
12711,12711,55,927,930,35
12712,12712,20,296,296,8
12713,12713,55,930,930,1
12714,12714,92,242,247,48
12715,12715,129,231,232,20
12716,12716,86,151,152,15
12717,12717,118,192,195,51
12718,12718,59,167,168,33
12719,12719,117,129,129,18
12720,12720,73,158,158,4
12721,12721,17,228,232,38
12722,12722,60,134,138,60
12723,12723,85,145,146,16
12724,12724,18,161,161,11
12725,12725,47,335,337,35
12726,12726,106,861,866,59
12727,12727,70,194,196,20
12728,12728,130,288,289,23
12729,12729,146,154,154,4
12730,12730,24,285,285,10
12731,12731,50,268,269,26
12732,12732,85,146,147,27
12733,12733,123,171,171,11
12734,12734,21,138,138,19
12735,12735,37,159,159,14
12736,12736,43,255,255,3
12737,12737,65,212,213,27
12738,12738,7,157,159,42
12739,12739,144,223,226,23
12740,12740,78,265,266,14
12741,12741,127,83,83,11
12742,12742,127,83,83,15
12743,12743,3,179,179,6
12744,12744,43,255,255,5
12745,12745,111,183,190,55
12746,12746,72,156,157,9
12747,12747,100,179,180,20
12748,12748,95,224,224,14
12749,12749,35,132,132,12
12750,12750,50,269,274,36
12751,12751,1,87,89,31
12752,12752,5,122,123,11
12753,12753,49,842,842,11
12754,12754,106,866,867,11
12755,12755,13,290,291,16
12756,12756,75,125,126,10
12757,12757,65,213,213,11
12758,12758,64,279,279,17
12759,12759,129,232,236,46
12760,12760,59,168,169,24
12761,12761,87,96,100,43
12762,12762,80,214,214,15
12763,12763,14,206,206,11
12764,12764,73,158,158,13
12765,12765,131,169,169,25
12766,12766,110,194,197,28
12767,12767,51,728,728,4
12768,12768,30,282,283,11
12769,12769,144,226,227,17
12770,12770,33,142,144,17
12771,12771,22,237,237,11
12772,12772,65,213,214,13
12773,12773,82,221,224,25
12774,12774,92,247,252,59
12775,12775,144,227,229,18
12776,12776,53,625,625,7
12777,12777,53,625,626,20
12778,12778,61,88,93,43
12779,12779,91,182,183,14
12780,12780,146,154,154,4
12781,12781,9,133,135,16
12782,12782,124,178,179,14
12783,12783,82,224,227,60
12784,12784,110,197,198,15
12785,12785,23,320,321,17
12786,12786,28,129,129,5
12787,12787,136,285,292,56
12788,12788,34,134,135,24
12789,12789,94,284,284,4
12790,12790,81,197,199,29
12791,12791,73,158,158,3
12792,12792,67,180,185,46
12793,12793,17,232,233,28
12794,12794,58,215,215,10
12795,12795,11,210,210,9
12796,12796,109,1212,1216,37
12797,12797,136,292,296,51
12798,12798,64,279,280,14
12799,12799,8,149,149,2
12800,12800,135,209,212,28
12801,12801,24,285,285,15
12802,12802,138,150,151,23
12803,12803,66,199,200,12
12804,12804,96,213,214,12
12805,12805,75,126,127,24
12806,12806,101,1809,1811,38
12807,12807,125,241,243,18
12808,12808,28,129,129,10
12809,12809,34,135,136,14
12810,12810,149,138,139,43
12811,12811,19,143,144,14
12812,12812,76,161,162,19
12813,12813,38,176,179,43
12814,12814,80,214,218,57
12815,12815,28,129,130,14
12816,12816,73,158,158,2
12817,12817,96,214,216,38
12818,12818,75,127,130,57
12819,12819,131,169,171,45
12820,12820,150,260,260,14
12821,12821,139,110,113,25
12822,12822,131,171,173,24
12823,12823,48,1264,1264,9
12824,12824,112,164,171,53
12825,12825,38,179,183,48
12826,12826,133,174,174,7
12827,12827,101,1811,1812,13
12828,12828,84,247,247,14
12829,12829,108,2347,2349,44
12830,12830,82,227,228,13
12831,12831,23,321,321,1
12832,12832,114,271,275,45
12833,12833,55,930,930,16
12834,12834,32,196,196,7
12835,12835,137,219,220,16
12836,12836,100,180,181,37
12837,12837,141,83,83,2
12838,12838,64,280,280,1
12839,12839,71,143,147,35
12840,12840,25,283,283,18
12841,12841,113,150,151,16
12842,12842,97,364,367,33
12843,12843,123,171,172,12
12844,12844,28,130,131,12
12845,12845,99,212,212,20
12846,12846,35,132,138,58
12847,12847,58,215,216,12
12848,12848,72,157,157,6
12849,12849,74,296,299,27
12850,12850,22,237,237,20
12851,12851,11,210,211,29
12852,12852,60,138,138,14
12853,12853,96,216,216,2
12854,12854,55,930,931,12
12855,12855,112,171,173,22
12856,12856,12,116,116,20
12857,12857,96,216,217,11
12858,12858,55,931,934,25
12859,12859,138,151,153,19
12860,12860,12,116,116,17
12861,12861,83,298,298,8
12862,12862,97,367,369,14
12863,12863,30,283,284,41
12864,12864,18,161,162,47
12865,12865,112,173,178,54
12866,12866,96,217,218,10
12867,12867,67,185,186,15
12868,12868,105,541,542,19
12869,12869,85,147,147,9
12870,12870,58,216,216,1
12871,12871,52,822,824,18
12872,12872,25,283,286,35
12873,12873,26,331,331,18
12874,12874,11,211,212,15
12875,12875,109,1216,1217,18
12876,12876,71,147,148,19
12877,12877,115,124,124,11
12878,12878,94,284,289,40
12879,12879,133,174,176,53
12880,12880,94,289,289,12
12881,12881,13,291,293,18
12882,12882,124,179,181,17
12883,12883,17,233,234,15
12884,12884,33,144,145,24
12885,12885,57,117,119,22
12886,12886,27,192,195,37
12887,12887,129,236,238,34
12888,12888,74,299,300,13
12889,12889,2,118,119,13
12890,12890,114,275,275,4
12891,12891,23,321,324,23
12892,12892,86,152,153,25
12893,12893,70,196,196,8
12894,12894,39,140,140,11
12895,12895,5,123,123,8
12896,12896,80,218,224,49
12897,12897,13,293,294,31
12898,12898,10,205,205,4
12899,12899,44,191,192,13
12900,12900,67,186,187,11
12901,12901,98,218,218,14
12902,12902,113,151,151,4
12903,12903,10,205,207,19
12904,12904,116,203,203,12
12905,12905,65,214,216,42
12906,12906,89,142,142,6
12907,12907,31,198,199,12
12908,12908,105,542,547,44
12909,12909,91,183,189,59
12910,12910,67,187,187,3
12911,12911,130,289,289,9
12912,12912,98,218,224,44
12913,12913,30,284,284,21
12914,12914,22,237,239,26
12915,12915,42,225,225,9
12916,12916,107,1299,1300,14
12917,12917,95,224,225,16
12918,12918,78,266,268,17
12919,12919,65,216,217,14
12920,12920,25,286,286,29
12921,12921,92,252,259,57
12922,12922,144,229,230,19
12923,12923,53,626,627,12
12924,12924,132,314,315,19
12925,12925,85,147,148,46
12926,12926,130,289,291,30
12927,12927,36,256,256,8
12928,12928,26,331,331,10
12929,12929,149,139,140,23
12930,12930,117,129,129,17
12931,12931,113,151,151,3
12932,12932,5,123,124,26
12933,12933,9,135,135,11
12934,12934,43,255,255,14
12935,12935,95,225,228,21
12936,12936,96,218,219,37
12937,12937,112,178,181,31
12938,12938,78,268,269,18
12939,12939,111,190,191,8
12940,12940,64,280,282,60
12941,12941,67,187,191,46
12942,12942,149,140,141,19
12943,12943,93,145,147,23
12944,12944,112,181,182,28
12945,12945,92,259,260,24
12946,12946,123,172,172,3
12947,12947,43,255,259,36
12948,12948,122,275,277,25
12949,12949,26,331,331,11
12950,12950,34,136,136,10
12951,12951,4,103,103,10
12952,12952,145,262,264,27
12953,12953,15,62,66,34
12954,12954,27,195,196,17
12955,12955,113,151,151,3
12956,12956,69,90,91,19
12957,12957,9,135,136,12
12958,12958,108,2349,2349,6
12959,12959,124,181,183,24
12960,12960,112,182,185,24
12961,12961,28,131,131,7
12962,12962,63,175,175,15
12963,12963,91,189,191,36
12964,12964,1,89,90,9
12965,12965,36,256,257,11
12966,12966,4,103,106,27
12967,12967,39,140,142,16
12968,12968,104,575,576,17
12969,12969,15,66,67,12
12970,12970,31,199,202,31
12971,12971,77,264,265,35
12972,12972,123,172,175,54
12973,12973,128,155,158,25
12974,12974,111,191,191,7
12975,12975,71,148,150,26
12976,12976,92,260,261,10
12977,12977,57,119,120,16
12978,12978,73,158,158,4
12979,12979,142,75,76,39
12980,12980,141,83,85,35
12981,12981,9,136,138,17
12982,12982,44,192,192,1
12983,12983,64,282,284,23
12984,12984,59,169,170,15
12985,12985,85,148,148,12
12986,12986,65,217,220,32
12987,12987,106,867,874,49
12988,12988,109,1217,1222,50
12989,12989,113,151,152,20
12990,12990,115,124,125,17
12991,12991,55,934,934,7
12992,12992,51,728,730,26
12993,12993,106,874,874,6
12994,12994,127,83,84,12
12995,12995,86,153,156,32
12996,12996,149,141,144,25
12997,12997,108,2349,2352,51
12998,12998,68,338,340,18
12999,12999,131,173,175,18
13000,13000,78,269,272,37
13001,13001,43,259,260,30
13002,13002,121,166,170,62
13003,13003,83,298,299,16
13004,13004,42,225,226,13
13005,13005,145,264,264,14
13006,13006,50,274,277,67
13007,13007,111,191,195,45
13008,13008,124,183,184,21
13009,13009,93,147,147,18
13010,13010,59,170,171,19
13011,13011,93,147,151,31
13012,13012,22,239,240,15
13013,13013,10,207,207,10
13014,13014,52,824,824,8
13015,13015,134,161,163,35
13016,13016,101,1812,1813,18
13017,13017,150,260,263,34
13018,13018,32,196,196,6
13019,13019,67,191,191,6
13020,13020,105,547,547,10
13021,13021,85,148,149,16
13022,13022,108,2352,2352,7
13023,13023,124,184,185,13
13024,13024,108,2352,2353,26
13025,13025,18,162,162,13
13026,13026,67,191,195,36
13027,13027,32,196,199,38
13028,13028,105,547,548,10
13029,13029,96,219,220,39
13030,13030,11,212,213,9
13031,13031,131,175,175,1
13032,13032,47,337,341,46
13033,13033,96,220,220,3
13034,13034,43,260,261,11
13035,13035,74,300,304,45
13036,13036,72,157,158,12
13037,13037,139,113,114,21
13038,13038,95,228,229,19
13039,13039,77,265,265,10
13040,13040,19,144,148,44
13041,13041,76,162,163,26
13042,13042,9,138,140,20
13043,13043,70,196,197,13
13044,13044,35,138,141,30
13045,13045,37,159,162,52
13046,13046,17,234,236,36
13047,13047,142,76,80,36
13048,13048,147,233,235,18
13049,13049,14,206,206,12
13050,13050,144,230,232,17
13051,13051,21,138,143,52
13052,13052,67,195,201,59
13053,13053,53,627,627,13
13054,13054,7,159,159,9
13055,13055,129,238,245,56
13056,13056,59,171,174,25
13057,13057,24,285,286,36
13058,13058,80,224,225,13
13059,13059,35,141,141,5
13060,13060,10,207,211,39
13061,13061,22,240,244,58
13062,13062,126,211,211,20
13063,13063,85,149,149,15
13064,13064,132,315,317,27
13065,13065,140,74,76,15
13066,13066,84,247,247,8
13067,13067,138,153,156,25
13068,13068,26,331,333,30
13069,13069,103,509,510,29
13070,13070,75,130,131,21
13071,13071,43,261,262,16
13072,13072,140,76,76,6
13073,13073,93,151,152,15
13074,13074,14,206,208,34
13075,13075,32,199,200,10
13076,13076,88,223,223,6
13077,13077,90,160,163,34
13078,13078,22,244,245,22
13079,13079,138,156,156,13
13080,13080,26,333,335,18
13081,13081,149,144,145,26
13082,13082,117,129,131,20
13083,13083,40,218,219,10
13084,13084,76,163,166,25
13085,13085,140,76,76,5
13086,13086,52,824,824,5
13087,13087,150,263,265,51
13088,13088,121,170,174,31
13089,13089,107,1300,1301,40
13090,13090,127,84,85,12
13091,13091,49,842,842,9
13092,13092,49,842,843,20
13093,13093,126,211,211,14
13094,13094,5,124,124,15
13095,13095,127,85,86,17
13096,13096,52,824,825,15
13097,13097,90,163,165,23
13098,13098,102,1202,1205,21
13099,13099,73,158,160,24
13100,13100,32,200,200,2
13101,13101,64,284,285,44
13102,13102,55,934,934,4
13103,13103,58,216,218,51
13104,13104,32,200,201,14
13105,13105,85,149,150,13
13106,13106,132,317,317,22
13107,13107,18,162,163,25
13108,13108,128,158,158,7
13109,13109,53,627,629,32
13110,13110,33,145,146,12
13111,13111,113,152,152,8
13112,13112,5,124,124,15
13113,13113,9,140,140,4
13114,13114,32,201,201,7
13115,13115,128,158,159,26
13116,13116,143,216,217,20
13117,13117,4,106,106,9
13118,13118,28,131,131,11
13119,13119,16,102,109,56
13120,13120,144,232,234,30
13121,13121,40,219,221,18
13122,13122,86,156,157,13
13123,13123,118,195,200,56
13124,13124,59,174,179,34
13125,13125,117,131,133,20
13126,13126,113,152,153,8
13127,13127,84,247,250,33
13128,13128,29,144,145,21
13129,13129,93,152,157,52
13130,13130,122,277,277,11
13131,13131,44,192,192,14
13132,13132,2,119,123,37
13133,13133,129,245,246,30
13134,13134,21,143,144,19
13135,13135,38,183,185,15
13136,13136,20,296,298,26
13137,13137,81,199,201,39
13138,13138,13,294,296,25
13139,13139,23,324,329,53
13140,13140,32,201,201,19
13141,13141,133,176,178,17
13142,13142,97,369,369,20
13143,13143,84,250,251,17
13144,13144,94,289,292,25
13145,13145,22,245,246,16
13146,13146,23,329,331,28
13147,13147,95,229,230,20
13148,13148,85,150,151,10
13149,13149,10,211,212,15
13150,13150,25,286,286,8
13151,13151,3,179,179,15
13152,13152,74,304,305,35
13153,13153,63,175,175,9
13154,13154,52,825,825,6
13155,13155,40,221,223,17
13156,13156,108,2353,2358,61
13157,13157,31,202,202,19
13158,13158,43,262,263,24
13159,13159,16,109,109,6
13160,13160,129,246,246,3
13161,13161,2,123,124,14
13162,13162,58,218,219,28
13163,13163,136,296,296,5
13164,13164,94,292,295,27
13165,13165,38,185,187,20
13166,13166,87,100,100,16
13167,13167,14,208,208,11
13168,13168,104,576,579,34
13169,13169,130,291,292,55
13170,13170,142,80,81,15
13171,13171,3,179,179,14
13172,13172,46,1662,1662,9
13173,13173,100,181,189,59
13174,13174,45,94,95,32
13175,13175,15,67,69,16
13176,13176,44,192,193,9
13177,13177,67,201,202,18
13178,13178,98,224,224,13
13179,13179,16,109,110,11
13180,13180,112,185,186,33
13181,13181,53,629,630,28
13182,13182,139,114,117,33
13183,13183,112,186,186,6
13184,13184,105,548,548,4
13185,13185,31,202,203,33
13186,13186,37,162,168,60
13187,13187,73,160,161,12
13188,13188,93,157,157,6
13189,13189,29,145,147,42
13190,13190,142,81,82,22
13191,13191,31,203,205,53
13192,13192,96,220,221,12
13193,13193,8,149,150,23
13194,13194,2,124,125,13
13195,13195,79,72,72,11
13196,13196,40,223,226,40
13197,13197,111,195,196,11
13198,13198,49,843,844,15
13199,13199,23,331,332,16
13200,13200,50,277,285,60
13201,13201,111,196,201,40
13202,13202,124,185,186,10
13203,13203,128,159,160,18
13204,13204,39,142,143,31
13205,13205,105,548,549,17
13206,13206,30,284,287,42
13207,13207,11,213,215,47
13208,13208,136,296,297,11
13209,13209,73,161,163,16
13210,13210,61,93,94,21
13211,13211,38,187,190,50
13212,13212,28,131,133,25
13213,13213,52,825,825,17
13214,13214,150,265,269,45
13215,13215,40,226,228,31
13216,13216,107,1301,1307,48
13217,13217,127,86,87,20
13218,13218,97,369,369,9
13219,13219,24,286,288,19
13220,13220,17,236,237,20
13221,13221,107,1307,1308,14
13222,13222,54,350,354,42
13223,13223,92,261,263,28
13224,13224,100,189,192,25
13225,13225,127,87,87,5
13226,13226,66,200,201,25
13227,13227,75,131,133,27
13228,13228,83,299,300,12
13229,13229,94,295,296,12
13230,13230,81,201,204,28
13231,13231,73,163,163,9
13232,13232,71,150,152,49
13233,13233,16,110,111,26
13234,13234,14,208,209,16
13235,13235,138,156,156,9
13236,13236,126,211,213,25
13237,13237,43,263,263,5
13238,13238,133,178,179,19
13239,13239,36,257,258,32
13240,13240,53,630,631,20
13241,13241,64,285,288,52
13242,13242,96,221,223,33
13243,13243,138,156,156,9
13244,13244,122,277,277,1
13245,13245,60,138,145,58
13246,13246,41,143,145,28
13247,13247,91,191,197,54
13248,13248,24,288,288,11
13249,13249,44,193,193,14
13250,13250,127,87,89,18
13251,13251,74,305,306,32
13252,13252,56,113,117,32
13253,13253,8,150,151,35
13254,13254,150,269,271,29
13255,13255,95,230,230,7
13256,13256,72,158,158,11
13257,13257,46,1662,1664,20
13258,13258,150,271,274,45
13259,13259,136,297,298,13
13260,13260,116,203,204,20
13261,13261,1,90,91,10
13262,13262,71,152,153,30
13263,13263,58,219,222,35
13264,13264,50,285,285,5
13265,13265,127,89,90,15
13266,13266,66,201,202,21
13267,13267,75,133,133,22
13268,13268,83,300,300,6
13269,13269,121,174,174,4
13270,13270,101,1813,1815,30
13271,13271,68,340,342,55
13272,13272,79,72,73,9
13273,13273,129,246,246,4
13274,13274,2,125,127,20
13275,13275,99,212,214,24
13276,13276,113,153,153,16
13277,13277,94,296,298,21
13278,13278,38,190,192,24
13279,13279,87,100,100,5
13280,13280,138,156,156,8
13281,13281,126,213,216,21
13282,13282,122,277,278,14
13283,13283,129,246,246,5
13284,13284,53,631,635,35
13285,13285,83,300,300,14
13286,13286,44,193,193,8
13287,13287,83,300,301,38
13288,13288,96,223,224,18
13289,13289,28,133,133,5
13290,13290,14,209,210,14
13291,13291,68,342,343,31
13292,13292,1,91,91,20
13293,13293,26,335,336,22
13294,13294,149,145,147,23
13295,13295,117,133,136,21
13296,13296,87,100,101,14
13297,13297,141,85,86,8
13298,13298,48,1264,1264,9
13299,13299,40,228,230,19
13300,13300,44,193,196,39
13301,13301,17,237,237,22
13302,13302,31,205,206,19
13303,13303,4,106,107,19
13304,13304,5,124,124,9
13305,13305,102,1205,1205,16
13306,13306,104,579,579,8
13307,13307,52,825,825,16
13308,13308,65,220,221,17
13309,13309,65,221,224,36
13310,13310,46,1664,1664,26
13311,13311,55,934,935,14
13312,13312,123,175,175,7
13313,13313,61,94,94,1
13314,13314,100,192,193,60
13315,13315,45,95,98,29
13316,13316,15,69,69,18
13317,13317,103,510,510,10
13318,13318,116,204,205,35
13319,13319,137,220,221,24
13320,13320,39,143,143,18
13321,13321,117,136,136,8
13322,13322,66,202,203,15
13323,13323,116,205,206,36
13324,13324,11,215,217,24
13325,13325,51,730,735,53
13326,13326,30,287,290,28
13327,13327,47,341,343,33
13328,13328,141,86,86,17
13329,13329,5,124,125,13
13330,13330,102,1205,1205,11
13331,13331,104,579,579,3
13332,13332,113,153,153,4
13333,13333,119,185,186,10
13334,13334,116,206,206,13
13335,13335,65,224,230,49
13336,13336,45,98,98,11
13337,13337,18,163,163,8
13338,13338,82,228,229,14
13339,13339,128,160,163,28
13340,13340,51,735,742,56
13341,13341,143,217,217,19
13342,13342,130,292,292,7
13343,13343,140,76,77,11
13344,13344,102,1205,1206,23
13345,13345,80,225,226,22
13346,13346,54,354,354,12
13347,13347,51,742,742,12
13348,13348,30,290,292,18
13349,13349,144,234,236,23
13350,13350,33,146,147,14
13351,13351,22,246,248,20
13352,13352,68,343,343,5
13353,13353,14,210,211,24
13354,13354,50,285,286,17
13355,13355,119,186,187,26
13356,13356,45,98,98,16
13357,13357,103,510,511,10
13358,13358,123,175,177,23
13359,13359,130,292,294,21
13360,13360,116,206,207,11
13361,13361,131,175,176,8
13362,13362,98,224,226,18
13363,13363,60,145,148,31
13364,13364,74,306,311,41
13365,13365,54,354,355,14
13366,13366,150,274,275,14
13367,13367,77,265,268,59
13368,13368,131,176,176,3
13369,13369,44,196,196,22
13370,13370,39,143,144,14
13371,13371,101,1815,1816,23
13372,13372,8,151,152,22
13373,13373,9,140,143,55
13374,13374,36,258,259,12
13375,13375,137,221,222,25
13376,13376,99,214,216,35
13377,13377,58,222,230,56
13378,13378,6,150,156,57
13379,13379,24,288,289,15
13380,13380,124,186,187,12
13381,13381,82,229,236,60
13382,13382,59,179,179,25
13383,13383,23,332,332,12
13384,13384,134,163,163,15
13385,13385,114,275,275,25
13386,13386,149,147,149,31
13387,13387,46,1664,1664,4
13388,13388,73,163,164,22
13389,13389,58,230,233,28
13390,13390,122,278,282,43
13391,13391,27,196,198,21
13392,13392,27,198,198,4
13393,13393,44,196,196,5
13394,13394,64,288,288,17
13395,13395,59,179,180,12
13396,13396,84,251,252,16
13397,13397,54,355,359,28
13398,13398,128,163,164,15
13399,13399,26,336,338,20
13400,13400,41,145,146,40
13401,13401,90,165,168,26
13402,13402,78,272,272,12
13403,13403,24,289,289,10
13404,13404,121,174,175,9
13405,13405,109,1222,1223,12
13406,13406,50,286,290,45
13407,13407,66,203,204,25
13408,13408,86,157,159,18
13409,13409,149,149,150,10
13410,13410,33,147,148,14
13411,13411,103,511,511,6
13412,13412,56,117,119,20
13413,13413,38,192,193,11
13414,13414,12,116,119,30
13415,13415,33,148,150,26
13416,13416,59,180,180,9
13417,13417,44,196,198,34
13418,13418,131,176,176,15
13419,13419,40,230,230,4
13420,13420,71,153,155,29
13421,13421,92,263,263,19
13422,13422,57,120,120,18
13423,13423,17,237,238,12
13424,13424,64,288,290,49
13425,13425,119,187,187,6
13426,13426,132,317,317,8
13427,13427,44,198,198,5
13428,13428,67,202,204,19
13429,13429,38,193,193,13
13430,13430,106,874,874,12
13431,13431,137,222,223,17
13432,13432,134,163,164,13
13433,13433,78,272,272,14
13434,13434,127,90,90,11
13435,13435,127,90,90,8
13436,13436,3,179,179,7
13437,13437,135,212,212,7
13438,13438,150,275,276,18
13439,13439,61,94,94,23
13440,13440,96,224,225,30
13441,13441,114,275,276,21
13442,13442,95,230,230,6
13443,13443,11,217,218,15
13444,13444,106,874,879,47
13445,13445,42,226,227,16
13446,13446,31,206,206,8
13447,13447,105,549,551,44
13448,13448,91,197,202,62
13449,13449,134,164,164,12
13450,13450,135,212,213,15
13451,13451,125,243,244,21
13452,13452,79,73,73,29
13453,13453,10,212,215,43
13454,13454,128,164,165,22
13455,13455,6,156,157,15
13456,13456,32,201,201,16
13457,13457,20,298,299,24
13458,13458,106,879,884,48
13459,13459,97,369,375,50
13460,13460,46,1664,1665,19
13461,13461,39,144,145,20
13462,13462,99,216,218,17
13463,13463,148,222,223,30
13464,13464,69,91,95,45
13465,13465,36,259,261,23
13466,13466,78,272,273,9
13467,13467,127,90,92,22
13468,13468,127,92,93,17
13469,13469,3,179,180,9
13470,13470,42,227,227,4
13471,13471,110,198,204,63
13472,13472,76,166,166,16
13473,13473,72,158,158,9
13474,13474,114,276,276,1
13475,13475,24,289,291,19
13476,13476,50,290,293,30
13477,13477,85,151,152,27
13478,13478,123,177,177,19
13479,13479,21,144,145,23
13480,13480,37,168,169,9
13481,13481,95,230,230,16
13482,13482,130,294,299,46
13483,13483,147,235,236,15
13484,13484,104,579,583,50
13485,13485,97,375,376,20
13486,13486,141,86,87,10
13487,13487,36,261,263,49
13488,13488,109,1223,1223,7
13489,13489,54,359,359,15
13490,13490,102,1206,1210,34
13491,13491,25,286,286,21
13492,13492,53,635,635,7
13493,13493,143,217,217,15
13494,13494,75,133,134,13
13495,13495,70,197,197,15
13496,13496,150,276,278,18
13497,13497,18,163,164,16
13498,13498,137,223,223,2
13499,13499,109,1223,1230,50
13500,13500,11,218,219,45
13501,13501,35,141,141,9
13502,13502,9,143,144,16
13503,13503,118,200,202,20
13504,13504,41,146,151,46
13505,13505,126,216,220,54
13506,13506,64,290,291,11
13507,13507,43,263,263,7
13508,13508,61,94,95,20
13509,13509,40,230,236,53
13510,13510,85,152,152,7
13511,13511,42,227,228,21
13512,13512,59,180,182,29
13513,13513,125,244,245,16
13514,13514,39,145,146,11
13515,13515,102,1210,1213,28
13516,13516,23,332,333,37
13517,13517,114,276,276,6
13518,13518,8,152,154,18
13519,13519,119,187,188,15
13520,13520,34,136,137,21
13521,13521,19,148,151,54
13522,13522,62,137,138,16
13523,13523,39,146,146,9
13524,13524,54,359,359,6
13525,13525,131,176,177,19
13526,13526,86,159,160,14
13527,13527,10,215,216,15
13528,13528,10,216,221,54
13529,13529,57,120,121,25
13530,13530,128,165,165,10
13531,13531,111,201,201,4
13532,13532,64,291,292,51
13533,13533,114,276,277,48
13534,13534,149,150,153,29
13535,13535,78,273,274,14
13536,13536,112,186,186,15
13537,13537,92,263,265,26
13538,13538,132,317,318,18
13539,13539,85,152,155,45
13540,13540,24,291,293,24
13541,13541,36,263,263,8
13542,13542,71,155,155,10
13543,13543,89,142,145,22
13544,13544,102,1213,1214,24
13545,13545,119,188,189,20
13546,13546,54,359,361,44
13547,13547,125,245,246,9
13548,13548,71,155,156,11
13549,13549,89,145,147,19
13550,13550,102,1214,1214,31
13551,13551,119,189,190,20
13552,13552,54,361,365,36
13553,13553,111,201,201,7
13554,13554,133,179,179,15
13555,13555,36,263,266,36
13556,13556,53,635,636,27
13557,13557,64,292,297,51
13558,13558,96,225,226,39
13559,13559,138,156,156,16
13560,13560,19,151,153,16
13561,13561,76,166,168,18
13562,13562,71,156,156,11
13563,13563,71,156,157,14
13564,13564,139,117,121,32
13565,13565,53,636,642,52
13566,13566,61,95,95,9
13567,13567,62,138,139,13
13568,13568,78,274,276,30
13569,13569,50,293,293,5
13570,13570,73,164,166,21
13571,13571,58,233,235,19
13572,13572,122,282,287,36
13573,13573,27,198,200,20
13574,13574,27,200,200,2
13575,13575,5,125,126,16
13576,13576,100,193,194,35
13577,13577,141,87,87,3
13578,13578,141,87,87,6
13579,13579,36,266,269,54
13580,13580,109,1230,1231,13
13581,13581,1,91,91,2
13582,13582,71,157,157,23
13583,13583,58,235,237,32
13584,13584,50,293,293,7
13585,13585,144,236,236,5
13586,13586,62,139,141,21
13587,13587,54,365,365,22
13588,13588,27,200,200,10
13589,13589,107,1308,1309,9
13590,13590,13,296,300,30
13591,13591,48,1264,1264,14
13592,13592,131,177,180,21
13593,13593,123,177,178,17
13594,13594,101,1816,1816,6
13595,13595,129,246,246,6
13596,13596,7,159,159,10
13597,13597,21,145,146,10
13598,13598,140,77,77,12
13599,13599,93,157,157,14
13600,13600,14,211,213,28
13601,13601,32,201,201,13
13602,13602,135,213,215,23
13603,13603,77,268,271,44
13604,13604,70,197,199,41
13605,13605,150,278,281,40
13606,13606,23,333,333,14
13607,13607,128,165,165,4
13608,13608,69,95,97,30
13609,13609,75,134,134,11
13610,13610,94,298,298,9
13611,13611,146,154,155,35
13612,13612,34,137,139,56
13613,13613,134,164,164,13
13614,13614,31,206,207,15
13615,13615,85,155,160,39
13616,13616,40,236,238,46
13617,13617,78,276,279,34
13618,13618,113,153,154,10
13619,13619,82,236,236,14
13620,13620,135,215,216,25
13621,13621,8,154,157,34
13622,13622,117,136,138,17
13623,13623,46,1665,1672,64
13624,13624,135,216,217,10
13625,13625,52,825,826,9
13626,13626,150,281,284,46
13627,13627,40,238,242,31
13628,13628,107,1309,1311,49
13629,13629,127,93,95,19
13630,13630,113,154,154,14
13631,13631,5,126,127,14
13632,13632,4,107,107,10
13633,13633,125,246,247,14
13634,13634,142,82,83,26
13635,13635,127,95,97,26
13636,13636,42,228,228,11
13637,13637,110,204,204,4
13638,13638,124,187,193,49
13639,13639,91,202,204,33
13640,13640,20,299,303,49
13641,13641,4,107,107,15
13642,13642,95,230,230,4
13643,13643,146,155,157,22
13644,13644,16,111,114,38
13645,13645,96,226,230,51
13646,13646,123,178,179,16
13647,13647,69,97,97,14
13648,13648,87,101,102,15
13649,13649,62,141,143,49
13650,13650,128,165,166,17
13651,13651,128,166,166,21
13652,13652,62,143,143,8
13653,13653,78,279,282,29
13654,13654,50,293,293,4
13655,13655,30,292,292,9
13656,13656,125,247,249,53
13657,13657,78,282,284,19
13658,13658,49,844,846,33
13659,13659,138,156,157,11
13660,13660,42,228,228,5
13661,13661,110,204,211,53
13662,13662,81,204,206,17
13663,13663,72,158,158,14
13664,13664,43,263,264,11
13665,13665,95,230,231,19
13666,13666,96,230,234,35
13667,13667,112,186,188,29
13668,13668,78,284,286,21
13669,13669,49,846,846,3
13670,13670,117,138,139,11
13671,13671,91,204,207,26
13672,13672,77,271,273,38
13673,13673,133,179,181,25
13674,13674,100,194,195,16
13675,13675,52,826,826,4
13676,13676,74,311,313,33
13677,13677,144,236,237,17
13678,13678,112,188,189,11
13679,13679,39,146,146,7
13680,13680,99,218,219,29
13681,13681,105,551,553,26
13682,13682,69,97,99,42
13683,13683,36,269,270,25
13684,13684,35,141,142,13
13685,13685,30,292,292,29
13686,13686,82,236,238,66
13687,13687,119,190,190,5
13688,13688,70,199,199,2
13689,13689,113,154,158,45
13690,13690,6,157,158,19
13691,13691,138,157,157,7
13692,13692,96,234,235,12
13693,13693,55,935,936,13
13694,13694,112,189,190,14
13695,13695,12,119,120,15
13696,13696,53,642,643,15
13697,13697,143,217,218,14
13698,13698,75,134,135,18
13699,13699,70,199,201,26
13700,13700,150,284,286,21
13701,13701,18,164,164,5
13702,13702,94,298,299,10
13703,13703,74,313,319,52
13704,13704,53,643,643,24
13705,13705,9,144,150,46
13706,13706,77,273,273,10
13707,13707,58,237,238,13
13708,13708,97,376,380,38
13709,13709,35,142,143,12
13710,13710,56,119,122,29
13711,13711,83,301,302,11
13712,13712,44,198,199,13
13713,13713,127,97,97,22
13714,13714,74,319,321,31
13715,13715,56,122,125,22
13716,13716,8,157,158,29
13717,13717,54,365,368,26
13718,13718,35,143,144,13
13719,13719,30,292,293,27
13720,13720,82,238,240,68
13721,13721,119,190,191,15
13722,13722,59,182,182,10
13723,13723,130,299,300,20
13724,13724,99,219,221,42
13725,13725,64,297,298,23
13726,13726,48,1264,1264,7
13727,13727,16,114,116,24
13728,13728,4,107,113,56
13729,13729,17,238,240,18
13730,13730,28,133,133,8
13731,13731,63,175,175,16
13732,13732,54,368,372,34
13733,13733,29,147,147,18
13734,13734,51,742,742,13
13735,13735,30,293,294,11
13736,13736,144,237,239,22
13737,13737,33,150,151,11
13738,13738,22,248,248,8
13739,13739,137,223,224,9
13740,13740,109,1231,1237,42
13741,13741,11,219,224,48
13742,13742,35,144,144,8
13743,13743,29,147,148,17
13744,13744,79,73,77,35
13745,13745,47,343,344,17
13746,13746,44,199,199,3
13747,13747,100,195,197,18
13748,13748,114,277,279,25
13749,13749,73,166,167,23
13750,13750,69,99,100,18
13751,13751,74,321,321,12
13752,13752,148,223,226,47
13753,13753,4,113,114,12
13754,13754,120,155,155,5
13755,13755,89,147,148,13
13756,13756,150,286,288,39
13757,13757,139,121,124,36
13758,13758,56,125,127,28
13759,13759,99,221,223,20
13760,13760,7,159,159,9
13761,13761,40,242,245,36
13762,13762,134,164,166,56
13763,13763,136,298,302,57
13764,13764,6,158,158,12
13765,13765,97,380,380,3
13766,13766,24,293,294,22
13767,13767,17,240,241,18
13768,13768,107,1311,1311,14
13769,13769,54,372,374,33
13770,13770,92,265,267,22
13771,13771,100,197,199,24
13772,13772,43,264,265,12
13773,13773,95,231,232,18
13774,13774,96,235,240,40
13775,13775,112,190,193,33
13776,13776,78,286,288,18
13777,13777,72,158,158,11
13778,13778,118,202,204,44
13779,13779,59,182,184,32
13780,13780,117,139,140,15
13781,13781,137,224,225,25
13782,13782,99,223,226,32
13783,13783,58,238,239,50
13784,13784,6,158,162,48
13785,13785,120,155,155,9
13786,13786,16,116,117,21
13787,13787,4,114,115,56
13788,13788,17,241,242,18
13789,13789,46,1672,1673,16
13790,13790,13,300,303,34
13791,13791,90,168,169,16
13792,13792,58,239,240,16
13793,13793,127,97,98,11
13794,13794,54,374,375,13
13795,13795,39,146,148,17
13796,13796,46,1673,1676,27
13797,13797,150,288,292,45
13798,13798,114,279,280,8
13799,13799,145,264,266,20
13800,13800,121,175,176,29
13801,13801,148,226,228,35
13802,13802,60,148,150,18
13803,13803,93,157,161,42
13804,13804,124,193,194,24
13805,13805,54,375,376,15
13806,13806,129,246,246,7
13807,13807,53,643,646,35
13808,13808,83,302,302,10
13809,13809,108,2358,2359,16
13810,13810,82,240,241,24
13811,13811,126,220,222,24
13812,13812,56,127,127,12
13813,13813,97,380,382,41
13814,13814,69,100,100,8
13815,13815,18,164,164,9
13816,13816,67,204,206,26
13817,13817,32,201,205,42
13818,13818,105,553,554,12
13819,13819,96,240,243,36
13820,13820,11,224,224,6
13821,13821,49,846,847,9
13822,13822,112,193,193,13
13823,13823,126,222,223,11
13824,13824,5,127,128,15
13825,13825,61,95,95,2
13826,13826,100,199,206,61
13827,13827,45,98,99,29
13828,13828,111,201,201,18
13829,13829,114,280,280,15
13830,13830,59,184,187,23
13831,13831,52,826,829,27
13832,13832,112,193,194,28
13833,13833,25,286,286,9
13834,13834,145,266,267,14
13835,13835,121,176,178,23
13836,13836,148,228,230,32
13837,13837,60,150,151,18
13838,13838,147,236,238,42
13839,13839,124,194,195,17
13840,13840,138,157,158,15
13841,13841,36,270,271,11
13842,13842,10,221,227,64
13843,13843,35,144,144,22
13844,13844,7,159,161,37
13845,13845,64,298,305,53
13846,13846,134,166,167,18
13847,13847,28,133,133,11
13848,13848,60,151,152,13
13849,13849,35,144,150,59
13850,13850,58,240,240,13
13851,13851,23,333,333,4
13852,13852,75,135,136,48
13853,13853,55,936,937,21
13854,13854,32,205,207,20
13855,13855,49,847,847,9
13856,13856,117,140,141,9
13857,13857,91,207,208,28
13858,13858,77,273,275,27
13859,13859,71,157,157,12
13860,13860,26,338,340,16
13861,13861,34,139,139,6
13862,13862,4,115,117,16
13863,13863,145,267,268,18
13864,13864,15,69,72,34
13865,13865,27,200,200,15
13866,13866,105,554,554,5
13867,13867,86,160,162,23
13868,13868,126,223,224,22
13869,13869,7,161,163,55
13870,13870,115,125,127,47
13871,13871,31,207,207,16
13872,13872,104,583,585,20
13873,13873,117,141,141,17
13874,13874,123,179,184,59
13875,13875,97,382,384,19
13876,13876,46,1676,1676,4
13877,13877,49,847,847,9
13878,13878,39,148,154,49
13879,13879,11,224,225,16
13880,13880,41,151,152,14
13881,13881,71,157,159,14
13882,13882,64,305,306,34
13883,13883,24,294,297,36
13884,13884,107,1311,1313,23
13885,13885,47,344,345,12
13886,13886,118,204,204,6
13887,13887,76,168,169,10
13888,13888,107,1313,1319,41
13889,13889,92,267,268,14
13890,13890,137,225,225,11
13891,13891,52,829,829,1
13892,13892,134,167,170,32
13893,13893,101,1816,1816,25
13894,13894,61,95,97,31
13895,13895,148,230,232,17
13896,13896,111,201,201,3
13897,13897,2,127,132,36
13898,13898,94,299,300,22
13899,13899,59,187,190,27
13900,13900,29,148,149,8
13901,13901,58,240,241,13
13902,13902,102,1214,1216,19
13903,13903,33,151,153,56
13904,13904,41,152,154,18
13905,13905,106,884,885,15
13906,13906,84,252,253,28
13907,13907,142,83,84,21
13908,13908,59,190,191,22
13909,13909,13,303,303,17
13910,13910,44,199,200,9
13911,13911,2,132,137,36
13912,13912,23,333,337,31
13913,13913,21,146,146,17
13914,13914,129,246,246,8
13915,13915,39,154,159,43
13916,13916,72,158,158,14
13917,13917,61,97,97,13
13918,13918,100,206,212,59
13919,13919,45,99,100,31
13920,13920,15,72,74,21
13921,13921,38,193,194,10
13922,13922,20,303,306,29
13923,13923,81,206,207,40
13924,13924,13,303,308,36
13925,13925,23,337,343,53
13926,13926,149,153,154,15
13927,13927,7,163,163,14
13928,13928,41,154,156,27
13929,13929,40,245,245,13
13930,13930,59,191,192,16
13931,13931,94,300,301,25
13932,13932,83,302,302,18
13933,13933,73,167,169,23
13934,13934,131,180,183,25
13935,13935,110,211,213,28
13936,13936,130,300,300,1
13937,13937,133,181,182,40
13938,13938,98,226,227,22
13939,13939,3,180,180,14
13940,13940,57,121,122,12
13941,13941,100,212,217,62
13942,13942,54,376,378,16
13943,13943,126,224,224,13
13944,13944,100,217,218,10
13945,13945,16,117,120,36
13946,13946,95,232,233,29
13947,13947,69,100,102,30
13948,13948,58,241,242,18
13949,13949,91,208,209,10
13950,13950,19,153,153,23
13951,13951,60,152,153,17
13952,13952,142,84,85,12
13953,13953,124,195,196,23
13954,13954,14,213,219,49
13955,13955,118,204,206,19
13956,13956,44,200,200,2
13957,13957,67,206,206,9
13958,13958,98,227,228,8
13959,13959,47,345,345,13
13960,13960,82,241,245,28
13961,13961,15,74,76,21
13962,13962,108,2359,2361,25
13963,13963,105,554,554,13
13964,13964,31,207,211,36
13965,13965,37,169,177,70
13966,13966,73,169,169,10
13967,13967,13,308,308,6
13968,13968,129,246,246,11
13969,13969,31,211,214,21
13970,13970,12,120,124,34
13971,13971,13,308,308,21
13972,13972,144,239,241,30
13973,13973,75,136,136,20
13974,13974,96,243,243,2
13975,13975,34,139,139,11
13976,13976,145,268,270,36
13977,13977,46,1676,1679,30
13978,13978,91,209,210,17
13979,13979,77,275,275,12
13980,13980,24,297,299,26
13981,13981,2,137,141,39
13982,13982,139,124,125,16
13983,13983,48,1264,1264,13
13984,13984,86,162,162,17
13985,13985,117,141,141,18
13986,13986,88,223,226,27
13987,13987,119,191,194,25
13988,13988,45,100,101,10
13989,13989,147,238,238,2
13990,13990,129,246,247,9
13991,13991,141,87,87,20
13992,13992,126,224,225,12
13993,13993,57,122,124,22
13994,13994,25,286,286,13
13995,13995,74,321,328,53
13996,13996,139,125,130,47
13997,13997,89,148,149,10
13998,13998,27,200,200,9
13999,13999,83,302,302,14
14000,14000,90,169,170,32
14001,14001,134,170,172,17
14002,14002,32,207,207,10
14003,14003,2,141,144,36
14004,14004,128,166,168,17
14005,14005,47,345,345,11
14006,14006,71,159,161,21
14007,14007,14,219,221,34
14008,14008,57,124,125,21
14009,14009,78,288,289,25
14010,14010,64,306,307,16
14011,14011,83,302,302,9
14012,14012,111,201,201,15
14013,14013,129,247,250,31
14014,14014,94,301,302,27
14015,14015,113,158,160,19
14016,14016,29,149,150,16
14017,14017,91,210,211,8
14018,14018,3,180,181,40
14019,14019,64,307,307,5
14020,14020,84,253,254,14
14021,14021,118,206,214,64
14022,14022,42,228,230,34
14023,14023,81,207,207,21
14024,14024,138,158,158,12
14025,14025,102,1216,1216,5
14026,14026,59,192,194,24
14027,14027,67,206,208,51
14028,14028,98,228,233,34
14029,14029,95,233,233,4
14030,14030,147,238,238,1
14031,14031,18,164,167,55
14032,14032,108,2361,2361,3
14033,14033,113,160,160,14
14034,14034,10,227,227,14
14035,14035,116,207,208,22
14036,14036,65,230,237,51
14037,14037,139,130,130,5
14038,14038,68,343,343,7
14039,14039,36,271,274,48
14040,14040,143,218,221,26
14041,14041,139,130,132,14
14042,14042,17,242,243,19
14043,14043,88,226,229,60
14044,14044,148,232,233,20
14045,14045,86,162,162,14
14046,14046,118,214,216,48
14047,14047,93,161,163,34
14048,14048,117,141,143,15
14049,14049,32,207,207,1
14050,14050,64,307,309,44
14051,14051,55,937,937,13
14052,14052,58,242,246,54
14053,14053,26,340,341,24
14054,14054,100,218,219,10
14055,14055,116,208,209,23
14056,14056,48,1264,1265,16
14057,14057,38,194,195,22
14058,14058,47,345,347,15
14059,14059,18,167,167,17
14060,14060,67,208,209,34
14061,14061,32,207,208,50
14062,14062,105,554,554,12
14063,14063,96,243,244,39
14064,14064,11,225,225,4
14065,14065,1,91,91,2
14066,14066,71,161,163,20
14067,14067,58,246,249,37
14068,14068,50,293,293,14
14069,14069,68,343,344,8
14070,14070,14,221,222,31
14071,14071,88,229,231,25
14072,14072,119,194,194,14
14073,14073,45,101,102,13
14074,14074,39,159,161,19
14075,14075,102,1216,1218,27
14076,14076,23,343,346,47
14077,14077,114,280,280,5
14078,14078,124,196,196,2
14079,14079,82,245,246,59
14080,14080,59,194,195,14
14081,14081,23,346,346,7
14082,14082,59,195,197,16
14083,14083,130,300,303,26
14084,14084,99,226,232,43
14085,14085,64,309,310,22
14086,14086,56,127,128,11
14087,14087,52,829,829,15
14088,14088,81,207,208,27
14089,14089,83,302,303,22
14090,14090,137,225,231,45
14091,14091,64,310,310,12
14092,14092,50,293,293,6
14093,14093,28,133,137,33
14094,14094,87,102,103,11
14095,14095,94,302,303,11
14096,14096,74,328,329,47
14097,14097,53,646,648,22
14098,14098,9,150,152,46
14099,14099,77,275,277,20
14100,14100,93,163,164,12
14101,14101,82,246,248,21
14102,14102,128,168,171,31
14103,14103,51,742,744,56
14104,14104,143,221,222,18
14105,14105,133,182,183,25
14106,14106,97,384,386,23
14107,14107,84,254,257,26
14108,14108,131,183,184,23
14109,14109,17,243,243,10
14110,14110,33,153,156,34
14111,14111,57,125,127,15
14112,14112,83,303,306,38
14113,14113,129,250,254,44
14114,14114,51,744,744,23
14115,14115,142,85,85,13
14116,14116,12,124,125,23
14117,14117,105,554,555,33
14118,14118,28,137,140,42
14119,14119,87,103,103,15
14120,14120,82,248,250,16
14121,14121,121,178,180,41
14122,14122,94,303,304,16
14123,14123,67,209,210,30
14124,14124,22,248,251,28
14125,14125,28,140,141,12
14126,14126,40,245,246,13
14127,14127,100,219,224,37
14128,14128,141,87,87,1
14129,14129,18,167,168,13
14130,14130,82,250,252,21
14131,14131,56,128,129,23
14132,14132,51,744,751,51
14133,14133,143,222,223,19
14134,14134,50,293,294,16
14135,14135,109,1237,1237,15
14136,14136,67,210,213,52
14137,14137,125,249,249,19
14138,14138,105,555,557,23
14139,14139,129,254,255,18
14140,14140,39,161,162,22
14141,14141,102,1218,1222,30
14142,14142,23,346,350,38
14143,14143,114,280,281,9
14144,14144,26,341,341,7
14145,14145,111,201,204,43
14146,14146,108,2361,2362,15
14147,14147,18,168,168,15
14148,14148,36,274,276,17
14149,14149,51,751,752,14
14150,14150,5,128,129,15
14151,14151,27,200,202,21
14152,14152,100,224,224,9
14153,14153,46,1679,1679,9
14154,14154,26,341,342,15
14155,14155,130,303,304,17
14156,14156,138,158,158,7
14157,14157,127,98,99,15
14158,14158,54,378,378,6
14159,14159,6,162,162,15
14160,14160,32,208,210,27
14161,14161,20,306,306,20
14162,14162,106,885,889,38
14163,14163,97,386,392,47
14164,14164,46,1679,1682,22
14165,14165,43,265,265,13
14166,14166,65,237,237,14
14167,14167,7,163,164,39
14168,14168,67,213,216,25
14169,14169,43,265,267,16
14170,14170,95,233,234,14
14171,14171,96,244,249,37
14172,14172,112,194,198,32
14173,14173,78,289,291,14
14174,14174,113,160,161,21
14175,14175,6,162,164,43
14176,14176,106,889,892,49
14177,14177,67,216,220,42
14178,14178,61,97,97,16
14179,14179,105,557,558,19
14180,14180,116,209,212,31
14181,14181,108,2362,2364,15
14182,14182,90,170,170,10
14183,14183,144,241,242,16
14184,14184,84,257,262,55
14185,14185,27,202,202,14
14186,14186,121,180,181,14
14187,14187,145,270,270,18
14188,14188,74,329,330,12
14189,14189,148,233,240,53
14190,14190,4,117,117,13
14191,14191,56,129,129,12
14192,14192,105,558,559,43
14193,14193,117,143,143,7
14194,14194,89,149,152,29
14195,14195,95,234,235,13
14196,14196,137,231,232,13
14197,14197,71,163,165,17
14198,14198,14,222,226,43
14199,14199,57,127,128,20
14200,14200,78,291,293,24
14201,14201,64,310,310,14
14202,14202,83,306,306,5
14203,14203,83,306,306,18
14204,14204,97,392,394,14
14205,14205,30,294,299,34
14206,14206,36,276,280,45
14207,14207,63,175,181,56
14208,14208,96,249,250,14
14209,14209,39,162,162,13
14210,14210,132,318,319,13
14211,14211,131,184,185,14
14212,14212,36,280,280,6
14213,14213,4,117,117,26
14214,14214,112,198,199,17
14215,14215,104,585,587,20
14216,14216,66,204,205,13
14217,14217,17,243,243,16
14218,14218,143,223,226,43
14219,14219,39,162,166,33
14220,14220,124,196,197,16
14221,14221,120,155,155,15
14222,14222,22,251,253,57
14223,14223,3,181,184,34
14224,14224,4,117,119,23
14225,14225,12,125,126,11
14226,14226,118,216,223,56
14227,14227,31,214,217,28
14228,14228,40,246,247,15
14229,14229,96,250,253,50
14230,14230,55,937,937,4
14231,14231,100,224,225,15
14232,14232,111,204,204,29
14233,14233,95,235,239,32
14234,14234,69,102,103,32
14235,14235,48,1265,1266,19
14236,14236,28,141,143,22
14237,14237,99,232,232,16
14238,14238,35,150,152,56
14239,14239,58,249,251,22
14240,14240,12,126,126,6
14241,14241,118,223,226,56
14242,14242,31,217,218,26
14243,14243,40,247,248,17
14244,14244,96,253,255,43
14245,14245,106,892,892,10
14246,14246,108,2364,2365,21
14247,14247,118,226,228,19
14248,14248,41,156,161,58
14249,14249,30,299,300,30
14250,14250,2,144,144,11
14251,14251,78,293,294,13
14252,14252,125,249,250,15
14253,14253,86,162,165,30
14254,14254,6,164,164,10
14255,14255,18,168,168,5
14256,14256,24,299,302,26
14257,14257,120,155,156,27
14258,14258,64,310,310,5
14259,14259,64,310,311,12
14260,14260,71,165,167,26
14261,14261,25,286,288,15
14262,14262,39,166,166,6
14263,14263,5,129,130,13
14264,14264,80,226,230,52
14265,14265,13,308,309,22
14266,14266,10,227,227,6
14267,14267,124,197,198,11
14268,14268,82,252,255,52
14269,14269,59,197,199,22
14270,14270,23,350,351,10
14271,14271,78,294,294,10
14272,14272,97,394,396,42
14273,14273,19,153,155,18
14274,14274,85,160,162,25
14275,14275,83,306,309,27
14276,14276,26,342,343,48
14277,14277,24,302,302,7
14278,14278,46,1682,1682,10
14279,14279,12,126,129,31
14280,14280,35,152,154,18
14281,14281,81,208,208,14
14282,14282,136,302,306,57
14283,14283,37,177,178,17
14284,14284,7,164,164,14
14285,14285,129,255,257,59
14286,14286,59,199,201,26
14287,14287,24,302,305,44
14288,14288,80,230,231,10
14289,14289,71,167,169,16
14290,14290,103,511,516,61
14291,14291,5,130,130,4
14292,14292,144,242,243,23
14293,14293,23,351,353,24
14294,14294,147,238,239,15
14295,14295,87,103,104,17
14296,14296,8,158,159,15
14297,14297,2,144,146,17
14298,14298,34,139,141,21
14299,14299,19,155,156,45
14300,14300,62,143,145,16
14301,14301,143,226,227,15
14302,14302,11,225,226,37
14303,14303,96,255,256,36
14304,14304,141,87,88,17
14305,14305,142,85,86,18
14306,14306,65,237,237,8
14307,14307,3,184,190,60
14308,14308,97,396,396,9
14309,14309,46,1682,1683,7
14310,14310,65,237,238,11
14311,14311,74,330,334,32
14312,14312,140,77,77,22
14313,14313,8,159,160,12
14314,14314,100,225,227,18
14315,14315,52,829,830,16
14316,14316,102,1222,1223,29
14317,14317,144,243,244,14
14318,14318,112,199,199,17
14319,14319,51,752,752,7
14320,14320,97,396,396,13
14321,14321,25,288,292,39
14322,14322,23,353,355,18
14323,14323,96,256,256,10
14324,14324,80,231,234,23
14325,14325,112,199,199,11
14326,14326,12,129,131,20
14327,14327,103,516,517,17
14328,14328,148,240,242,25
14329,14329,130,304,304,13
14330,14330,40,248,248,8
14331,14331,44,200,203,41
14332,14332,17,243,245,18
14333,14333,31,218,220,27
14334,14334,4,119,120,8
14335,14335,70,201,201,7
14336,14336,35,154,158,32
14337,14337,37,178,180,49
14338,14338,17,245,249,35
14339,14339,142,86,88,43
14340,14340,137,232,232,14
14341,14341,56,129,129,6
14342,14342,134,172,174,34
14343,14343,124,198,200,21
14344,14344,133,183,185,16
14345,14345,97,396,396,25
14346,14346,84,262,264,26
14347,14347,94,304,306,20
14348,14348,97,396,396,9
14349,14349,43,267,269,44
14350,14350,37,180,181,25
14351,14351,130,304,307,45
14352,14352,40,248,249,30
14353,14353,33,156,158,18
14354,14354,28,143,143,12
14355,14355,99,232,234,18
14356,14356,35,158,165,48
14357,14357,90,170,171,14
14358,14358,85,162,162,6
14359,14359,51,752,754,27
14360,14360,97,396,397,36
14361,14361,87,104,104,8
14362,14362,9,152,152,15
14363,14363,129,257,260,33
14364,14364,94,306,308,20
14365,14365,67,220,223,31
14366,14366,22,253,256,31
14367,14367,28,143,143,14
14368,14368,12,131,132,13
14369,14369,3,190,191,8
14370,14370,74,334,335,35
14371,14371,63,181,181,7
14372,14372,36,280,280,8
14373,14373,20,306,307,12
14374,14374,44,203,206,35
14375,14375,131,185,186,17
14376,14376,54,378,379,17
14377,14377,148,242,248,59
14378,14378,78,294,297,39
14379,14379,2,146,146,6
14380,14380,23,355,357,19
14381,14381,105,559,560,15
14382,14382,48,1266,1271,55
14383,14383,95,239,242,60
14384,14384,129,260,261,24
14385,14385,146,157,157,6
14386,14386,119,194,194,3
14387,14387,144,244,245,17
14388,14388,148,248,249,25
14389,14389,101,1816,1817,13
14390,14390,103,517,518,28
14391,14391,85,162,165,35
14392,14392,92,268,269,16
14393,14393,84,264,264,7
14394,14394,13,309,310,18
14395,14395,42,230,232,31
14396,14396,49,847,848,56
14397,14397,68,344,346,26
14398,14398,32,210,210,4
14399,14399,130,307,310,34
14400,14400,128,171,171,17
14401,14401,84,264,265,21
14402,14402,54,379,381,20
14403,14403,128,171,172,16
14404,14404,146,157,158,15
14405,14405,48,1271,1272,37
14406,14406,90,171,171,22
14407,14407,129,261,261,4
14408,14408,2,146,147,14
14409,14409,99,234,237,28
14410,14410,113,161,162,13
14411,14411,94,308,309,20
14412,14412,38,195,196,28
14413,14413,87,104,104,3
14414,14414,57,128,129,12
14415,14415,100,227,234,58
14416,14416,54,381,382,14
14417,14417,126,225,225,13
14418,14418,71,169,169,2
14419,14419,139,132,135,33
14420,14420,53,648,652,53
14421,14421,61,97,97,6
14422,14422,92,269,269,13
14423,14423,12,132,134,17
14424,14424,109,1237,1239,33
14425,14425,70,201,205,39
14426,14426,38,196,197,17
14427,14427,54,382,382,8
14428,14428,122,287,293,49
14429,14429,95,242,247,41
14430,14430,68,346,349,54
14431,14431,49,848,849,25
14432,14432,122,293,293,13
14433,14433,60,153,155,56
14434,14434,8,160,164,37
14435,14435,91,211,213,51
14436,14436,24,305,307,16
14437,14437,115,127,127,13
14438,14438,95,247,248,16
14439,14439,78,297,299,21
14440,14440,130,310,311,16
14441,14441,98,233,238,35
14442,14442,30,300,302,23
14443,14443,22,256,259,31
14444,14444,42,232,233,13
14445,14445,130,311,311,4
14446,14446,133,185,189,35
14447,14447,98,238,242,33
14448,14448,3,191,191,7
14449,14449,49,849,850,12
14450,14450,23,357,358,16
14451,14451,111,204,206,62
14452,14452,111,206,212,42
14453,14453,124,200,200,14
14454,14454,39,166,166,13
14455,14455,54,382,383,13
14456,14456,131,186,186,8
14457,14457,61,97,97,7
14458,14458,121,181,181,12
14459,14459,130,311,311,18
14460,14460,80,234,235,24
14461,14461,133,189,189,11
14462,14462,134,174,175,15
14463,14463,32,210,214,49
14464,14464,20,307,309,58
14465,14465,137,232,232,17
14466,14466,137,232,233,9
14467,14467,132,319,319,8
14468,14468,103,518,518,7
14469,14469,56,129,131,18
14470,14470,38,197,198,13
14471,14471,12,134,136,22
14472,14472,73,169,171,22
14473,14473,133,189,190,11
14474,14474,125,250,252,59
14475,14475,79,77,84,49
14476,14476,124,200,201,23
14477,14477,149,154,154,6
14478,14478,110,213,213,7
14479,14479,101,1817,1822,34
14480,14480,68,349,352,67
14481,14481,79,84,85,17
14482,14482,103,518,518,3
14483,14483,116,212,213,33
14484,14484,29,150,151,22
14485,14485,39,166,168,20
14486,14486,117,143,143,6
14487,14487,93,164,164,3
14488,14488,18,168,169,12
14489,14489,90,171,176,47
14490,14490,148,249,252,38
14491,14491,141,88,90,19
14492,14492,4,120,120,9
14493,14493,1,91,92,19
14494,14494,27,202,204,33
14495,14495,100,234,234,10
14496,14496,43,269,270,8
14497,14497,74,335,339,48
14498,14498,72,158,158,8
14499,14499,139,135,138,24
14500,14500,95,248,250,23
14501,14501,145,270,270,17
14502,14502,121,181,182,27
14503,14503,148,252,255,26
14504,14504,60,155,158,22
14505,14505,93,164,168,32
14506,14506,124,201,203,19
14507,14507,138,158,159,16
14508,14508,2,147,147,4
14509,14509,79,85,85,22
14510,14510,40,249,253,44
14511,14511,111,212,214,18
14512,14512,13,310,312,17
14513,14513,34,141,143,26
14514,14514,109,1239,1240,37
14515,14515,97,397,403,57
14516,14516,112,199,199,5
14517,14517,95,250,251,10
14518,14518,128,172,177,61
14519,14519,84,265,271,52
14520,14520,98,242,246,32
14521,14521,129,261,262,12
14522,14522,80,235,238,28
14523,14523,2,147,147,2
14524,14524,79,85,86,16
14525,14525,40,253,254,41
14526,14526,111,214,214,18
14527,14527,78,299,300,12
14528,14528,97,403,404,38
14529,14529,19,156,158,23
14530,14530,25,292,295,31
14531,14531,83,309,311,20
14532,14532,26,343,346,59
14533,14533,24,307,308,13
14534,14534,35,165,167,14
14535,14535,11,226,229,30
14536,14536,27,204,212,59
14537,14537,126,225,226,13
14538,14538,71,169,170,13
14539,14539,89,152,153,23
14540,14540,102,1223,1226,24
14541,14541,119,194,194,15
14542,14542,54,383,385,43
14543,14543,33,158,158,1
14544,14544,8,164,164,12
14545,14545,2,147,147,10
14546,14546,34,143,145,18
14547,14547,19,158,160,57
14548,14548,62,145,145,8
14549,14549,122,293,294,14
14550,14550,116,213,214,19
14551,14551,102,1226,1226,2
14552,14552,62,145,145,9
14553,14553,138,159,159,19
14554,14554,122,294,296,19
14555,14555,6,164,167,38
14556,14556,83,311,313,24
14557,14557,144,245,246,16
14558,14558,97,404,404,11
14559,14559,24,308,310,22
14560,14560,17,249,250,18
14561,14561,24,310,310,6
14562,14562,54,385,389,35
14563,14563,92,269,272,30
14564,14564,100,234,238,29
14565,14565,11,229,230,8
14566,14566,109,1240,1241,13
14567,14567,71,170,170,12
14568,14568,28,143,143,6
14569,14569,63,181,182,21
14570,14570,68,352,352,27
14571,14571,1,92,92,18
14572,14572,11,230,230,11
14573,14573,109,1241,1242,22
14574,14574,71,170,171,18
14575,14575,145,270,270,11
14576,14576,93,168,168,23
14577,14577,41,161,164,45
14578,14578,84,271,272,11
14579,14579,27,212,212,7
14580,14580,39,168,168,6
14581,14581,64,311,314,30
14582,14582,132,319,322,50
14583,14583,115,127,127,19
14584,14584,36,280,280,11
14585,14585,55,937,938,14
14586,14586,51,754,754,23
14587,14587,106,892,894,19
14588,14588,89,153,154,14
14589,14589,48,1272,1275,57
14590,14590,33,158,160,23
14591,14591,105,560,561,12
14592,14592,116,214,216,26
14593,14593,108,2365,2366,11
14594,14594,130,311,312,14
14595,14595,140,77,78,15
14596,14596,102,1226,1228,34
14597,14597,80,238,239,22
14598,14598,97,404,404,14
14599,14599,7,164,164,1
14600,14600,26,346,348,69
14601,14601,14,226,226,11
14602,14602,94,309,309,6
14603,14603,81,208,211,30
14604,14604,73,171,172,16
14605,14605,71,171,172,52
14606,14606,16,120,123,25
14607,14607,14,226,226,7
14608,14608,43,270,270,16
14609,14609,74,339,344,57
14610,14610,72,158,159,13
14611,14611,139,138,140,30
14612,14612,95,251,252,18
14613,14613,73,172,173,21
14614,14614,121,182,184,20
14615,14615,96,256,261,40
14616,14616,99,237,239,17
14617,14617,99,239,240,12
14618,14618,22,259,259,15
14619,14619,132,322,323,23
14620,14620,95,252,255,32
14621,14621,85,165,165,9
14622,14622,10,227,228,14
14623,14623,28,143,145,20
14624,14624,99,240,241,18
14625,14625,35,167,170,54
14626,14626,58,251,252,11
14627,14627,39,168,168,7
14628,14628,5,130,132,14
14629,14629,80,239,246,52
14630,14630,13,312,313,32
14631,14631,10,228,228,8
14632,14632,58,252,253,12
14633,14633,102,1228,1232,32
14634,14634,33,160,166,47
14635,14635,41,164,164,12
14636,14636,143,227,229,18
14637,14637,23,358,363,43
14638,14638,73,173,175,22
14639,14639,83,313,315,19
14640,14640,109,1242,1242,14
14641,14641,47,347,347,17
14642,14642,148,255,255,10
14643,14643,110,213,215,16
14644,14644,28,145,148,23
14645,14645,99,241,241,13
14646,14646,35,170,176,60
14647,14647,58,253,255,19
14648,14648,124,203,203,9
14649,14649,82,255,262,53
14650,14650,59,201,201,15
14651,14651,23,363,363,7
14652,14652,70,205,205,3
14653,14653,113,162,165,45
14654,14654,6,167,168,22
14655,14655,138,159,161,17
14656,14656,147,239,240,11
14657,14657,129,262,263,16
14658,14658,141,90,91,25
14659,14659,126,226,226,25
14660,14660,57,129,131,21
14661,14661,74,344,345,12
14662,14662,96,261,263,18
14663,14663,89,154,154,2
14664,14664,45,102,102,5
14665,14665,148,255,257,48
14666,14666,9,152,155,28
14667,14667,137,233,235,23
14668,14668,118,228,228,9
14669,14669,122,296,296,10
14670,14670,36,280,280,16
14671,14671,89,154,157,27
14672,14672,21,146,146,9
14673,14673,137,235,237,24
14674,14674,23,363,365,17
14675,14675,103,518,518,8
14676,14676,149,154,159,40
14677,14677,29,151,152,21
14678,14678,39,168,168,20
14679,14679,117,143,143,11
14680,14680,98,246,247,7
14681,14681,23,365,367,20
14682,14682,138,161,165,31
14683,14683,12,136,140,39
14684,14684,18,169,169,6
14685,14685,41,164,165,17
14686,14686,59,201,204,24
14687,14687,91,213,217,40
14688,14688,107,1319,1321,43
14689,14689,117,143,143,8
14690,14690,85,165,165,18
14691,14691,61,97,98,14
14692,14692,20,309,313,48
14693,14693,51,754,754,1
14694,14694,113,165,166,15
14695,14695,127,99,101,34
14696,14696,32,214,221,63
14697,14697,9,155,156,38
14698,14698,49,850,850,9
14699,14699,95,255,255,5
14700,14700,103,518,526,55
14701,14701,13,313,313,20
14702,14702,101,1822,1825,21
14703,14703,18,169,170,10
14704,14704,47,347,350,41
14705,14705,106,894,899,53
14706,14706,99,241,242,32
14707,14707,139,140,141,21
14708,14708,40,254,255,13
14709,14709,74,345,347,22
14710,14710,140,78,79,12
14711,14711,135,217,218,13
14712,14712,125,252,253,14
14713,14713,79,86,90,32
14714,14714,10,228,231,48
14715,14715,128,177,178,18
14716,14716,36,280,280,14
14717,14717,16,123,124,23
14718,14718,107,1321,1323,59
14719,14719,11,230,230,18
14720,14720,123,184,185,19
14721,14721,17,250,251,14
14722,14722,35,176,178,22
14723,14723,97,404,404,21
14724,14724,59,204,206,31
14725,14725,13,313,314,16
14726,14726,150,292,292,8
14727,14727,125,253,258,37
14728,14728,81,211,213,40
14729,14729,92,272,273,14
14730,14730,36,280,283,31
14731,14731,78,300,300,18
14732,14732,145,270,272,19
14733,14733,121,184,185,31
14734,14734,148,257,259,31
14735,14735,60,158,159,15
14736,14736,93,168,172,40
14737,14737,124,203,205,18
14738,14738,138,165,165,12
14739,14739,28,148,148,17
14740,14740,99,242,243,24
14741,14741,35,178,182,57
14742,14742,58,255,256,19
14743,14743,43,270,270,6
14744,14744,21,146,148,47
14745,14745,95,255,256,25
14746,14746,8,164,168,47
14747,14747,111,214,214,9
14748,14748,65,238,238,15
14749,14749,74,347,350,28
14750,14750,140,79,81,24
14751,14751,8,168,171,24
14752,14752,77,277,277,12
14753,14753,148,259,261,51
14754,14754,135,218,223,55
14755,14755,14,226,230,37
14756,14756,102,1232,1232,17
14757,14757,7,164,164,16
14758,14758,129,263,269,51
14759,14759,59,206,207,26
14760,14760,24,310,314,31
14761,14761,80,246,246,11
14762,14762,19,160,160,6
14763,14763,41,165,166,49
14764,14764,9,156,157,14
14765,14765,109,1242,1242,7
14766,14766,25,295,298,37
14767,14767,65,238,241,24
14768,14768,86,165,167,17
14769,14769,149,159,159,15
14770,14770,33,166,168,15
14771,14771,49,850,850,4
14772,14772,23,367,367,10
14773,14773,50,294,302,58
14774,14774,111,214,216,42
14775,14775,124,205,205,15
14776,14776,67,223,223,11
14777,14777,17,251,253,34
14778,14778,4,120,122,32
14779,14779,38,198,199,42
14780,14780,146,158,161,26
14781,14781,16,124,124,12
14782,14782,5,132,132,12
14783,14783,58,256,258,14
14784,14784,104,587,588,10
14785,14785,121,185,186,10
14786,14786,100,238,241,22
14787,14787,109,1242,1244,24
14788,14788,16,124,124,8
14789,14789,112,199,199,21
14790,14790,53,652,654,29
14791,14791,139,141,144,39
14792,14792,112,199,199,6
14793,14793,71,172,173,22
14794,14794,97,404,408,29
14795,14795,84,272,273,22
14796,14796,94,309,310,20
14797,14797,40,255,255,6
14798,14798,76,169,169,18
14799,14799,140,81,82,12
14800,14800,4,122,122,7
14801,14801,1,92,93,11
14802,14802,27,212,214,33
14803,14803,100,241,241,3
14804,14804,103,526,526,18
14805,14805,56,131,132,20
14806,14806,38,199,199,7
14807,14807,12,140,143,25
14808,14808,73,175,177,24
14809,14809,39,168,169,10
14810,14810,5,132,132,10
14811,14811,80,246,251,58
14812,14812,13,314,318,30
14813,14813,10,231,232,11
14814,14814,13,318,318,5
14815,14815,129,269,269,8
14816,14816,31,220,221,31
14817,14817,12,143,146,25
14818,14818,13,318,318,18
14819,14819,144,246,247,24
14820,14820,93,172,173,18
14821,14821,108,2366,2367,12
14822,14822,118,228,229,16
14823,14823,81,213,219,51
14824,14824,135,223,225,29
14825,14825,2,147,149,19
14826,14826,39,169,169,7
14827,14827,64,314,316,28
14828,14828,132,323,329,44
14829,14829,115,127,127,18
14830,14830,36,283,283,3
14831,14831,43,270,271,13
14832,14832,74,350,355,52
14833,14833,72,159,159,10
14834,14834,139,144,147,26
14835,14835,95,256,258,24
14836,14836,58,258,258,6
14837,14837,97,408,409,42
14838,14838,35,182,182,8
14839,14839,56,132,133,27
14840,14840,83,315,317,19
14841,14841,36,283,284,7
14842,14842,4,122,124,25
14843,14843,39,169,170,22
14844,14844,104,588,589,27
14845,14845,74,355,355,7
14846,14846,118,229,235,64
14847,14847,42,233,237,36
14848,14848,81,219,222,24
14849,14849,11,230,230,6
14850,14850,16,124,126,19
14851,14851,74,355,356,37
14852,14852,122,296,297,45
14853,14853,116,216,219,25
14854,14854,57,131,132,17
14855,14855,57,132,133,16
14856,14856,71,173,174,13
14857,14857,103,526,530,50
14858,14858,5,132,133,10
14859,14859,45,102,102,4
14860,14860,142,88,89,17
14861,14861,41,166,166,10
14862,14862,55,938,940,35
14863,14863,20,313,315,19
14864,14864,61,98,98,2
14865,14865,100,241,243,64
14866,14866,45,102,104,26
14867,14867,15,76,76,18
14868,14868,37,181,181,6
14869,14869,24,314,316,14
14870,14870,89,157,158,10
14871,14871,141,91,91,1
14872,14872,54,389,391,27
14873,14873,12,146,148,18
14874,14874,5,133,134,17
14875,14875,95,258,258,7
14876,14876,11,230,230,6
14877,14877,106,899,904,48
14878,14878,34,145,145,17
14879,14879,94,310,311,11
14880,14880,97,409,410,19
14881,14881,30,302,303,43
14882,14882,36,284,285,47
14883,14883,112,199,204,62
14884,14884,96,263,263,7
14885,14885,32,221,222,13
14886,14886,2,149,151,30
14887,14887,128,178,179,11
14888,14888,103,530,531,18
14889,14889,56,133,136,27
14890,14890,38,199,199,13
14891,14891,12,148,149,17
14892,14892,73,177,178,20
14893,14893,38,199,200,23
14894,14894,148,261,262,22
14895,14895,128,179,180,20
14896,14896,26,348,350,25
14897,14897,48,1275,1279,35
14898,14898,90,176,179,27
14899,14899,43,271,271,6
14900,14900,65,241,243,17
14901,14901,7,164,169,49
14902,14902,144,247,247,18
14903,14903,35,182,182,5
14904,14904,1,93,94,15
14905,14905,88,231,234,47
14906,14906,56,136,138,21
14907,14907,26,350,350,10
14908,14908,147,240,242,14
14909,14909,62,145,149,56
14910,14910,72,159,159,15
14911,14911,52,830,836,51
14912,14912,136,306,307,17
14913,14913,49,850,850,16
14914,14914,23,367,367,10
14915,14915,50,302,306,62
14916,14916,111,216,218,47
14917,14917,124,205,205,16
14918,14918,20,315,315,6
14919,14919,53,654,655,17
14920,14920,132,329,331,40
14921,14921,31,221,222,12
14922,14922,8,171,171,7
14923,14923,2,151,151,11
14924,14924,34,145,146,12
14925,14925,19,160,163,56
14926,14926,62,149,150,16
14927,14927,116,219,220,16
14928,14928,131,186,188,16
14929,14929,98,247,250,26
14930,14930,6,168,169,22
14931,14931,74,356,359,36
14932,14932,54,391,391,14
14933,14933,91,217,218,11
14934,14934,19,163,164,17
14935,14935,60,159,159,10
14936,14936,144,247,248,12
14937,14937,62,150,151,15
14938,14938,54,391,391,21
14939,14939,26,350,351,13
14940,14940,149,159,159,24
14941,14941,117,143,143,11
14942,14942,77,277,277,13
14943,14943,19,164,167,41
14944,14944,76,169,170,19
14945,14945,9,157,157,8
14946,14946,148,262,262,7
14947,14947,3,191,196,44
14948,14948,30,303,307,67
14949,14949,90,179,183,31
14950,14950,150,292,292,11
14951,14951,62,151,152,11
14952,14952,78,300,303,32
14953,14953,50,306,306,11
14954,14954,6,169,169,4
14955,14955,100,243,244,22
14956,14956,95,258,258,15
14957,14957,73,178,179,17
14958,14958,69,103,103,16
14959,14959,146,161,162,10
14960,14960,55,940,940,11
14961,14961,22,259,260,20
14962,14962,108,2367,2368,15
14963,14963,138,165,165,19
14964,14964,66,205,206,28
14965,14965,84,273,274,20
14966,14966,79,90,90,4
14967,14967,5,134,134,21
14968,14968,9,157,157,7
14969,14969,12,149,149,8
14970,14970,102,1232,1234,38
14971,14971,53,655,659,65
14972,14972,114,281,281,15
14973,14973,36,285,285,14
14974,14974,4,124,126,30
14975,14975,39,170,171,19
14976,14976,104,589,590,28
14977,14977,78,303,303,5
14978,14978,24,316,319,22
14979,14979,89,158,160,20
14980,14980,100,244,245,11
14981,14981,70,205,205,6
14982,14982,102,1234,1235,36
14983,14983,144,248,248,13
14984,14984,112,204,204,10
14985,14985,45,104,104,7
14986,14986,46,1683,1684,12
14987,14987,36,285,286,38
14988,14988,117,143,145,15
14989,14989,66,206,206,10
14990,14990,40,255,256,18
14991,14991,143,229,232,46
14992,14992,44,206,208,28
14993,14993,124,205,205,10
14994,14994,14,230,230,8
14995,14995,144,248,249,13
14996,14996,21,148,149,49
14997,14997,35,182,184,55
14998,14998,53,659,660,14
14999,14999,137,237,238,12
15000,15000,70,205,206,21
15001,15001,137,238,241,40
15002,15002,27,214,216,21
15003,15003,52,836,837,12
15004,15004,91,218,220,23
15005,15005,65,243,246,29
15006,15006,46,1684,1685,15
15007,15007,55,940,942,18
15008,15008,90,183,183,6
15009,15009,43,271,271,6
15010,15010,65,246,249,26
15011,15011,7,169,173,46
15012,15012,73,179,180,23
15013,15013,129,269,269,4
15014,15014,39,171,176,51
15015,15015,54,391,392,14
15016,15016,58,258,258,1
15017,15017,97,410,411,12
15018,15018,25,298,302,31
15019,15019,26,351,351,16
15020,15020,91,220,220,13
15021,15021,3,196,201,40
15022,15022,64,316,316,14
15023,15023,85,165,165,10
15024,15024,132,331,332,15
15025,15025,18,170,173,26
15026,15026,5,134,134,7
15027,15027,125,258,258,7
15028,15028,133,190,190,12
15029,15029,17,253,253,10
15030,15030,25,302,302,16
15031,15031,110,215,222,59
15032,15032,128,180,181,22
15033,15033,17,253,253,12
15034,15034,88,234,238,60
15035,15035,148,262,263,14
15036,15036,93,173,173,3
15037,15037,18,173,175,19
15038,15038,88,238,244,46
15039,15039,148,263,266,36
15040,15040,141,91,93,20
15041,15041,83,317,317,3
15042,15042,1,94,94,23
15043,15043,120,156,159,29
15044,15044,11,230,231,20
15045,15045,129,269,269,1
15046,15046,2,151,151,9
15047,15047,99,243,245,18
15048,15048,113,166,166,9
15049,15049,1,94,95,26
15050,15050,38,200,203,29
15051,15051,46,1685,1685,12
15052,15052,39,176,176,11
15053,15053,5,134,135,14
15054,15054,80,251,255,55
15055,15055,13,318,318,20
15056,15056,10,232,233,14
15057,15057,75,136,137,17
15058,15058,93,173,174,8
15059,15059,111,218,226,57
15060,15060,130,312,314,16
15061,15061,86,167,167,5
15062,15062,102,1235,1236,25
15063,15063,63,182,184,15
15064,15064,22,260,261,22
15065,15065,127,101,102,8
15066,15066,18,175,175,7
15067,15067,24,319,320,30
15068,15068,120,159,159,18
15069,15069,64,316,316,6
15070,15070,12,149,151,18
15071,15071,102,1236,1238,32
15072,15072,53,660,666,63
15073,15073,114,281,282,12
15074,15074,72,159,159,10
15075,15075,70,206,209,32
15076,15076,83,317,318,22
15077,15077,3,201,201,12
15078,15078,43,271,272,12
15079,15079,74,359,363,49
15080,15080,72,159,160,15
15081,15081,139,147,149,28
15082,15082,5,135,136,20
15083,15083,85,165,165,9
15084,15084,132,332,333,27
15085,15085,52,837,839,21
15086,15086,67,223,223,11
15087,15087,17,253,255,25
15088,15088,4,126,126,23
15089,15089,38,203,205,42
15090,15090,146,162,162,19
15091,15091,16,126,127,22
15092,15092,137,241,242,15
15093,15093,70,209,210,21
15094,15094,137,242,245,48
15095,15095,27,216,217,21
15096,15096,78,303,303,15
15097,15097,97,411,412,40
15098,15098,19,167,167,25
15099,15099,25,302,305,29
15100,15100,83,318,320,21
15101,15101,26,351,354,49
15102,15102,24,320,320,14
15103,15103,86,167,167,2
15104,15104,102,1238,1242,32
15105,15105,63,184,184,7
15106,15106,39,176,177,21
15107,15107,127,102,102,2
15108,15108,122,297,298,17
15109,15109,65,249,250,28
15110,15110,83,320,321,20
15111,15111,144,249,250,8
15112,15112,84,274,274,6
15113,15113,9,157,158,20
15114,15114,26,354,357,36
15115,15115,37,181,182,23
15116,15116,34,146,147,20
15117,15117,43,272,272,10
15118,15118,115,127,128,11
15119,15119,25,305,308,30
15120,15120,41,166,167,33
15121,15121,108,2368,2369,26
15122,15122,129,269,273,46
15123,15123,119,194,195,22
15124,15124,13,318,319,17
15125,15125,77,277,279,37
15126,15126,109,1244,1248,42
15127,15127,119,195,197,58
15128,15128,112,204,204,10
15129,15129,130,314,314,16
15130,15130,140,82,84,15
15131,15131,102,1242,1244,21
15132,15132,80,255,257,26
15133,15133,54,392,393,17
15134,15134,131,188,189,9
15135,15135,11,231,233,39
15136,15136,46,1685,1691,45
15137,15137,1,95,100,41
15138,15138,85,165,166,20
15139,15139,68,352,352,5
15140,15140,140,84,84,4
15141,15141,87,104,106,24
15142,15142,91,220,220,8
15143,15143,142,89,90,15
15144,15144,119,197,200,22
15145,15145,75,137,137,13
15146,15146,48,1279,1281,21
15147,15147,104,590,590,9
15148,15148,38,205,206,23
15149,15149,20,315,318,29
15150,15150,81,222,227,45
15151,15151,13,319,322,23
15152,15152,23,367,372,51
15153,15153,130,314,316,19
15154,15154,106,904,904,7
15155,15155,84,274,275,25
15156,15156,97,412,413,29
15157,15157,59,207,208,24
15158,15158,13,322,323,28
15159,15159,48,1281,1283,17
15160,15160,113,166,170,46
15161,15161,63,184,185,17
15162,15162,150,292,293,14
15163,15163,77,279,282,54
15164,15164,131,189,190,13
15165,15165,108,2369,2372,25
15166,15166,118,235,237,19
15167,15167,119,200,206,52
15168,15168,30,307,310,30
15169,15169,2,151,151,21
15170,15170,39,177,178,11
15171,15171,130,316,319,40
15172,15172,116,220,221,25
15173,15173,56,138,138,20
15174,15174,103,531,532,15
15175,15175,56,138,141,31
15176,15176,38,206,206,5
15177,15177,12,151,153,18
15178,15178,73,180,182,27
15179,15179,98,250,250,2
15180,15180,27,217,222,39
15181,15181,42,237,238,18
15182,15182,49,850,850,15
15183,15183,77,282,282,7
15184,15184,19,167,173,54
15185,15185,76,170,172,30
15186,15186,9,158,158,8
15187,15187,131,190,190,4
15188,15188,47,350,354,47
15189,15189,26,357,357,10
15190,15190,20,318,318,5
15191,15191,78,303,304,10
15192,15192,8,171,171,6
15193,15193,69,103,103,9
15194,15194,104,590,591,33
15195,15195,127,102,103,17
15196,15196,74,363,363,5
15197,15197,73,182,183,16
15198,15198,37,182,182,8
15199,15199,38,206,207,49
15200,15200,28,148,150,16
15201,15201,35,184,184,15
15202,15202,11,233,234,28
15203,15203,22,261,264,46
15204,15204,126,226,227,11
15205,15205,57,133,133,7
15206,15206,47,354,358,50
15207,15207,26,357,358,9
15208,15208,85,166,167,14
15209,15209,132,333,334,21
15210,15210,18,175,177,21
15211,15211,49,850,850,7
15212,15212,49,850,850,17
15213,15213,126,227,229,17
15214,15214,5,136,136,5
15215,15215,39,178,178,12
15216,15216,130,319,324,39
15217,15217,116,221,222,24
15218,15218,56,141,142,17
15219,15219,145,272,273,8
15220,15220,16,127,128,10
15221,15221,108,2372,2375,31
15222,15222,94,311,312,20
15223,15223,96,263,263,9
15224,15224,2,151,151,2
15225,15225,97,413,415,40
15226,15226,92,273,276,47
15227,15227,49,850,850,11
15228,15228,25,308,309,16
15229,15229,9,158,160,34
15230,15230,25,309,316,55
15231,15231,18,177,179,21
15232,15232,138,165,166,13
15233,15233,45,104,104,24
15234,15234,117,145,146,16
15235,15235,123,185,189,61
15236,15236,97,415,417,21
15237,15237,45,104,104,8
15238,15238,42,238,238,5
15239,15239,110,222,227,52
15240,15240,81,227,227,20
15241,15241,72,160,160,12
15242,15242,89,160,160,6
15243,15243,43,272,273,19
15244,15244,57,133,136,41
15245,15245,23,372,373,12
15246,15246,133,190,192,18
15247,15247,137,245,247,29
15248,15248,48,1283,1285,25
15249,15249,94,312,313,18
15250,15250,9,160,160,14
15251,15251,118,237,239,20
15252,15252,41,167,169,59
15253,15253,126,229,234,47
15254,15254,64,316,316,11
15255,15255,41,169,170,20
15256,15256,90,183,187,37
15257,15257,73,183,186,32
15258,15258,149,159,160,10
15259,15259,61,98,99,11
15260,15260,25,316,320,32
15261,15261,41,170,171,38
15262,15262,108,2375,2377,34
15263,15263,129,273,278,50
15264,15264,119,206,208,18
15265,15265,129,278,278,15
15266,15266,39,178,183,54
15267,15267,72,160,161,19
15268,15268,101,1825,1825,8
15269,15269,138,166,171,60
15270,15270,31,222,224,34
15271,15271,32,222,224,25
15272,15272,144,250,250,4
15273,15273,24,320,321,19
15274,15274,128,181,182,28
15275,15275,144,250,252,20
15276,15276,13,323,323,17
15277,15277,74,363,364,13
15278,15278,26,358,358,9
15279,15279,111,226,231,51
15280,15280,108,2377,2379,16
15281,15281,18,179,179,14
15282,15282,110,227,227,16
15283,15283,51,754,755,15
15284,15284,17,255,255,1
15285,15285,25,320,321,18
15286,15286,110,227,229,52
15287,15287,7,173,174,12
15288,15288,33,168,169,8
15289,15289,147,242,247,46
15290,15290,103,532,532,18
15291,15291,78,304,308,30
15292,15292,35,184,184,5
15293,15293,95,258,258,8
15294,15294,84,275,278,63
15295,15295,147,247,249,22
15296,15296,144,252,255,60
15297,15297,18,179,181,19
15298,15298,72,161,161,8
15299,15299,70,210,211,40
15300,15300,5,136,138,19
15301,15301,3,201,203,20
15302,15302,148,266,268,18
15303,15303,108,2379,2382,51
15304,15304,30,310,316,62
15305,15305,90,187,189,30
15306,15306,150,293,293,5
15307,15307,104,591,591,5
15308,15308,19,173,173,12
15309,15309,63,185,187,27
15310,15310,25,321,324,55
15311,15311,30,316,318,31
15312,15312,87,106,107,17
15313,15313,75,137,137,13
15314,15314,93,174,175,10
15315,15315,120,159,168,68
15316,15316,130,324,326,17
15317,15317,44,208,209,13
15318,15318,21,149,154,45
15319,15319,95,258,261,36
15320,15320,8,171,177,52
15321,15321,111,231,231,3
15322,15322,86,167,168,9
15323,15323,93,175,176,29
15324,15324,41,171,175,46
15325,15325,84,278,279,10
15326,15326,134,175,177,16
15327,15327,66,206,206,13
15328,15328,116,222,226,46
15329,15329,11,234,235,13
15330,15330,77,282,287,57
15331,15331,59,208,212,35
15332,15332,47,358,360,30
15333,15333,101,1825,1826,10
15334,15334,78,308,308,6
15335,15335,125,258,260,20
15336,15336,86,168,169,25
15337,15337,6,169,169,13
15338,15338,5,138,138,4
15339,15339,102,1244,1244,17
15340,15340,104,591,591,8
15341,15341,66,206,206,10
15342,15342,116,226,229,42
15343,15343,11,235,238,26
15344,15344,77,287,290,63
15345,15345,59,212,214,35
15346,15346,47,360,362,27
15347,15347,101,1826,1827,14
15348,15348,16,128,129,18
15349,15349,106,904,907,26
15350,15350,88,244,245,29
15351,15351,9,160,161,22
15352,15352,128,182,184,18
15353,15353,137,247,248,12
15354,15354,70,211,213,28
15355,15355,137,248,251,41
15356,15356,27,222,223,24
15357,15357,39,183,183,9
15358,15358,90,189,190,45
15359,15359,73,186,187,23
15360,15360,49,850,851,11
15361,15361,137,251,252,11
15362,15362,70,213,213,18
15363,15363,137,252,255,43
15364,15364,27,223,226,24
15365,15365,71,174,174,8
15366,15366,76,172,173,50
15367,15367,94,313,313,7
15368,15368,110,229,229,12
15369,15369,110,229,230,16
15370,15370,134,177,178,13
15371,15371,14,230,230,6
15372,15372,73,187,190,25
15373,15373,131,190,191,27
15374,15374,110,230,232,26
15375,15375,72,161,163,17
15376,15376,74,364,367,31
15377,15377,22,264,265,18
15378,15378,11,238,239,25
15379,15379,60,159,159,5
15380,15380,43,273,273,11
15381,15381,74,367,372,46
15382,15382,72,163,164,19
15383,15383,139,149,149,25
15384,15384,95,261,262,19
15385,15385,94,313,313,9
15386,15386,74,372,372,4
15387,15387,149,160,163,28
15388,15388,122,298,299,28
15389,15389,130,326,329,45
15390,15390,65,250,255,39
15391,15391,133,192,192,17
15392,15392,34,147,148,14
15393,15393,149,163,166,38
15394,15394,19,173,173,18
15395,15395,73,190,191,11
15396,15396,49,851,857,57
15397,15397,145,273,276,27
15398,15398,21,154,155,9
15399,15399,92,276,277,13
15400,15400,97,417,417,15
15401,15401,85,167,168,13
15402,15402,17,255,258,27
15403,15403,20,318,323,50
15404,15404,51,755,755,13
15405,15405,145,276,276,4
15406,15406,16,129,129,15
15407,15407,108,2382,2386,31
15408,15408,94,313,314,12
15409,15409,96,263,263,17
15410,15410,28,150,150,7
15411,15411,136,307,309,52
15412,15412,41,175,178,25
15413,15413,21,155,156,13
15414,15414,97,417,418,16
15415,15415,32,224,225,15
15416,15416,72,164,164,7
15417,15417,130,329,329,12
15418,15418,133,192,196,34
15419,15419,98,250,251,20
15420,15420,3,203,203,12
15421,15421,44,209,209,6
15422,15422,67,223,223,21
15423,15423,98,251,251,3
15424,15424,143,232,233,18
15425,15425,23,373,374,32
15426,15426,73,191,193,16
15427,15427,83,321,321,7
15428,15428,17,258,258,20
15429,15429,58,258,258,14
15430,15430,127,103,104,17
15431,15431,54,393,393,5
15432,15432,49,857,858,17
15433,15433,49,858,858,11
15434,15434,126,234,234,6
15435,15435,5,138,138,5
15436,15436,26,358,360,20
15437,15437,92,277,280,46
15438,15438,109,1248,1248,5
15439,15439,122,299,299,12
15440,15440,65,255,258,27
15441,15441,83,321,322,27
15442,15442,144,255,255,10
15443,15443,123,189,189,18
15444,15444,94,314,315,18
15445,15445,125,260,261,16
15446,15446,130,329,331,18
15447,15447,98,251,256,40
15448,15448,30,318,319,17
15449,15449,22,265,268,30
15450,15450,42,238,238,4
15451,15451,122,299,300,8
15452,15452,43,273,277,33
15453,15453,122,300,301,19
15454,15454,67,223,223,1
15455,15455,27,226,230,34
15456,15456,42,238,238,13
15457,15457,49,858,859,12
15458,15458,117,146,146,4
15459,15459,11,239,239,3
15460,15460,106,907,911,58
15461,15461,135,225,226,16
15462,15462,135,226,228,24
15463,15463,77,290,294,51
15464,15464,70,213,215,36
15465,15465,150,293,295,41
15466,15466,23,374,374,9
15467,15467,40,256,256,10
15468,15468,148,268,271,44
15469,15469,17,258,258,14
15470,15470,147,249,250,26
15471,15471,4,126,127,14
15472,15472,105,561,561,4
15473,15473,31,224,226,35
15474,15474,37,182,184,61
15475,15475,73,193,193,5
15476,15476,21,156,156,4
15477,15477,97,418,420,20
15478,15478,32,225,226,19
15479,15479,72,164,166,18
15480,15480,61,99,99,13
15481,15481,100,245,249,58
15482,15482,45,104,105,32
15483,15483,15,76,78,15
15484,15484,77,294,294,3
15485,15485,19,173,178,50
15486,15486,76,173,175,27
15487,15487,9,161,161,15
15488,15488,37,184,185,8
15489,15489,91,220,222,24
15490,15490,114,282,287,36
15491,15491,35,184,184,9
15492,15492,98,256,256,1
15493,15493,27,230,232,38
15494,15494,42,238,239,24
15495,15495,49,859,860,20
15496,15496,117,146,146,7
15497,15497,121,186,188,22
15498,15498,148,271,274,24
15499,15499,48,1285,1286,13
15500,15500,93,176,180,39
15501,15501,124,205,207,21
15502,15502,138,171,171,18
15503,15503,132,334,334,12
15504,15504,26,360,361,27
15505,15505,143,233,233,6
15506,15506,147,250,252,25
15507,15507,71,174,177,24
15508,15508,13,323,323,11
15509,15509,51,755,756,32
15510,15510,97,420,424,31
15511,15511,150,295,295,4
15512,15512,95,262,262,13
15513,15513,103,532,539,60
15514,15514,52,839,841,20
15515,15515,101,1827,1828,15
15516,15516,111,231,232,12
15517,15517,18,181,185,33
15518,15518,94,315,318,28
15519,15519,113,170,171,16
15520,15520,29,152,153,13
15521,15521,43,277,278,11
15522,15522,95,262,263,15
15523,15523,96,263,266,39
15524,15524,112,204,205,30
15525,15525,78,308,309,20
15526,15526,113,171,172,15
15527,15527,97,424,427,27
15528,15528,123,189,189,1
15529,15529,44,209,209,14
15530,15530,11,239,241,20
15531,15531,74,372,374,29
15532,15532,126,234,236,26
15533,15533,2,151,153,33
15534,15534,150,295,295,29
15535,15535,97,427,427,8
15536,15536,95,263,264,39
15537,15537,29,153,154,18
15538,15538,62,152,156,42
15539,15539,91,222,226,36
15540,15540,67,223,224,13
15541,15541,30,319,319,4
15542,15542,125,261,264,59
15543,15543,78,309,309,6
15544,15544,49,860,863,25
15545,15545,138,171,171,8
15546,15546,82,262,265,22
15547,15547,44,209,213,35
15548,15548,83,322,324,47
15549,15549,22,268,274,45
15550,15550,127,104,104,11
15551,15551,128,184,184,6
15552,15552,34,148,148,30
15553,15553,75,137,138,13
15554,15554,36,286,287,10
15555,15555,68,352,355,41
15556,15556,150,295,296,31
15557,15557,139,149,150,16
15558,15558,47,362,363,12
15559,15559,71,177,179,23
15560,15560,14,230,234,38
15561,15561,57,136,139,27
15562,15562,78,309,313,34
15563,15563,64,316,317,16
15564,15564,83,324,326,17
15565,15565,29,154,155,11
15566,15566,79,90,94,38
15567,15567,141,93,94,13
15568,15568,51,756,757,13
15569,15569,30,319,320,11
15570,15570,144,255,256,14
15571,15571,33,169,169,11
15572,15572,22,274,275,15
15573,15573,53,666,667,19
15574,15574,50,306,309,45
15575,15575,91,226,226,7
15576,15576,100,249,250,11
15577,15577,9,161,162,17
15578,15578,115,128,129,9
15579,15579,85,168,170,26
15580,15580,98,256,258,32
15581,15581,13,323,323,8
15582,15582,102,1244,1245,18
15583,15583,106,911,914,24
15584,15584,135,228,229,18
15585,15585,109,1248,1248,5
15586,15586,111,232,233,13
15587,15587,63,187,187,8
15588,15588,114,287,288,13
15589,15589,23,374,377,24
15590,15590,106,914,914,10
15591,15591,98,258,258,9
15592,15592,27,232,235,34
15593,15593,42,239,241,16
15594,15594,49,863,864,14
15595,15595,94,318,318,3
15596,15596,24,321,322,12
15597,15597,89,160,162,18
15598,15598,39,183,183,7
15599,15599,112,205,205,10
15600,15600,131,191,191,17
15601,15601,127,104,105,17
15602,15602,86,169,172,42
15603,15603,149,166,169,31
15604,15604,108,2386,2390,55
15605,15605,68,355,356,14
15606,15606,78,313,313,6
15607,15607,127,105,107,19
15608,15608,127,107,109,16
15609,15609,3,203,204,9
15610,15610,26,361,363,19
15611,15611,92,280,281,36
15612,15612,147,252,252,8
15613,15613,144,256,257,10
15614,15614,88,245,247,43
15615,15615,70,215,220,45
15616,15616,62,156,156,5
15617,15617,19,178,179,17
15618,15618,76,175,178,21
15619,15619,71,179,179,9
15620,15620,20,323,323,10
15621,15621,44,213,216,34
15622,15622,83,326,327,11
15623,15623,141,94,94,4
15624,15624,54,393,395,23
15625,15625,12,153,153,7
15626,15626,5,138,140,19
15627,15627,46,1691,1692,14
15628,15628,18,185,186,31
15629,15629,18,186,187,15
15630,15630,101,1828,1828,17
15631,15631,100,250,251,8
15632,15632,70,220,220,10
15633,15633,93,180,185,48
15634,15634,6,169,170,19
15635,15635,138,171,172,15
15636,15636,140,84,85,10
15637,15637,76,178,183,42
15638,15638,134,178,184,46
15639,15639,61,99,100,13
15640,15640,35,184,185,22
15641,15641,109,1248,1248,13
15642,15642,44,216,217,15
15643,15643,10,233,239,46
15644,15644,73,193,194,16
15645,15645,132,334,334,6
15646,15646,52,841,842,14
15647,15647,21,156,159,25
15648,15648,18,187,187,14
15649,15649,82,265,265,11
15650,15650,128,184,184,25
15651,15651,51,757,760,56
15652,15652,143,233,234,11
15653,15653,85,170,171,13
15654,15654,65,258,262,35
15655,15655,87,107,114,53
15656,15656,89,162,167,57
15657,15657,113,172,172,29
15658,15658,115,129,130,17
15659,15659,67,224,225,10
15660,15660,67,225,228,48
15661,15661,92,281,281,13
15662,15662,13,323,323,14
15663,15663,12,153,153,13
15664,15664,118,239,245,47
15665,15665,59,214,216,41
15666,15666,117,146,147,10
15667,15667,89,167,167,3
15668,15668,43,278,279,19
15669,15669,57,139,144,41
15670,15670,140,85,85,6
15671,15671,72,166,166,4
15672,15672,125,264,265,14
15673,15673,123,189,192,37
15674,15674,56,142,146,47
15675,15675,80,257,258,26
15676,15676,48,1286,1287,10
15677,15677,113,172,173,43
15678,15678,63,187,188,13
15679,15679,147,252,252,12
15680,15680,40,256,259,22
15681,15681,65,262,266,42
15682,15682,142,90,92,17
15683,15683,55,942,942,14
15684,15684,123,192,193,8
15685,15685,100,251,252,18
15686,15686,79,94,98,45
15687,15687,6,170,172,42
15688,15688,128,184,187,25
15689,15689,72,166,166,6
15690,15690,75,138,139,12
15691,15691,93,185,185,13
15692,15692,120,168,174,61
15693,15693,130,331,332,10
15694,15694,78,313,313,4
15695,15695,72,166,168,31
15696,15696,29,155,159,51
15697,15697,145,276,282,53
15698,15698,19,179,180,32
15699,15699,118,245,245,3
15700,15700,12,153,154,9
15701,15701,3,204,204,11
15702,15702,74,374,377,26
15703,15703,63,188,188,7
15704,15704,36,287,287,10
15705,15705,98,258,259,15
15706,15706,113,173,173,24
15707,15707,146,162,164,21
15708,15708,77,294,295,33
15709,15709,134,184,187,27
15710,15710,5,140,140,17
15711,15711,68,356,356,13
15712,15712,14,234,237,28
15713,15713,88,247,250,25
15714,15714,119,208,210,15
15715,15715,45,105,105,7
15716,15716,58,258,258,11
15717,15717,97,427,428,35
15718,15718,92,281,283,50
15719,15719,150,296,296,11
15720,15720,4,127,127,8
15721,15721,1,100,101,11
15722,15722,27,235,237,34
15723,15723,59,216,216,3
15724,15724,110,232,232,3
15725,15725,124,207,211,43
15726,15726,91,226,228,24
15727,15727,20,323,326,46
15728,15728,4,127,128,19
15729,15729,65,266,266,13
15730,15730,119,210,212,33
15731,15731,26,363,366,26
15732,15732,111,233,238,58
15733,15733,123,193,195,26
15734,15734,26,366,367,10
15735,15735,34,148,149,13
15736,15736,4,128,128,9
15737,15737,145,282,284,29
15738,15738,15,78,79,33
15739,15739,27,237,237,15
15740,15740,14,237,238,14
15741,15741,18,187,187,19
15742,15742,85,171,175,28
15743,15743,27,237,238,12
15744,15744,77,295,295,11
15745,15745,24,322,323,18
15746,15746,2,153,157,45
15747,15747,119,212,213,10
15748,15748,48,1287,1288,16
15749,15749,77,295,295,11
15750,15750,24,323,326,26
15751,15751,2,157,161,49
15752,15752,139,150,151,13
15753,15753,48,1288,1288,18
15754,15754,95,264,265,13
15755,15755,76,183,183,25
15756,15756,118,245,246,47
15757,15757,145,284,286,23
15758,15758,23,377,378,10
15759,15759,121,188,189,20
15760,15760,48,1288,1293,60
15761,15761,95,265,268,55
15762,15762,129,278,278,22
15763,15763,146,164,164,10
15764,15764,119,213,213,4
15765,15765,45,105,105,11
15766,15766,146,164,164,13
15767,15767,16,129,133,42
15768,15768,147,252,256,48
15769,15769,123,195,196,20
15770,15770,69,103,104,19
15771,15771,103,539,539,6
15772,15772,138,172,172,7
15773,15773,108,2390,2391,12
15774,15774,30,320,323,25
15775,15775,17,258,259,11
15776,15776,124,211,211,4
15777,15777,82,265,269,56
15778,15778,59,216,219,25
15779,15779,23,378,378,14
15780,15780,26,367,368,13
15781,15781,149,169,171,20
15782,15782,117,147,147,11
15783,15783,110,232,234,16
15784,15784,107,1323,1326,44
15785,15785,91,228,232,36
15786,15786,20,326,332,56
15787,15787,4,128,128,7
15788,15788,68,356,356,9
15789,15789,14,238,242,28
15790,15790,88,250,253,26
15791,15791,42,241,242,20
15792,15792,45,105,106,15
15793,15793,104,591,591,8
15794,15794,58,258,258,15
15795,15795,63,188,189,16
15796,15796,43,279,284,52
15797,15797,30,323,324,29
15798,15798,87,114,116,17
15799,15799,44,217,217,9
15800,15800,89,167,169,28
15801,15801,24,326,327,27
15802,15802,30,324,328,49
15803,15803,83,327,328,50
15804,15804,92,283,283,9
15805,15805,71,179,180,20
15806,15806,103,539,541,55
15807,15807,5,140,140,7
15808,15808,103,541,541,9
15809,15809,116,229,231,37
15810,15810,29,159,161,28
15811,15811,39,183,184,17
15812,15812,117,147,147,4
15813,15813,149,171,173,16
15814,15814,98,259,265,47
15815,15815,125,265,265,11
15816,15816,123,196,196,11
15817,15817,39,184,185,14
15818,15818,108,2391,2393,36
15819,15819,23,378,379,41
15820,15820,114,288,289,9
15821,15821,66,206,207,13
15822,15822,113,173,175,37
15823,15823,21,159,159,18
15824,15824,109,1248,1250,20
15825,15825,117,147,148,17
15826,15826,114,289,291,16
15827,15827,73,194,194,13
15828,15828,43,284,284,5
15829,15829,65,266,266,18
15830,15830,7,174,176,36
15831,15831,144,257,258,14
15832,15832,92,283,284,11
15833,15833,20,332,333,32
15834,15834,10,239,240,16
15835,15835,84,279,280,8
15836,15836,55,942,942,7
15837,15837,51,760,762,29
15838,15838,106,914,914,6
15839,15839,40,259,260,20
15840,15840,15,79,82,56
15841,15841,72,168,176,57
15842,15842,82,269,270,11
15843,15843,100,252,253,17
15844,15844,55,942,944,44
15845,15845,6,172,173,42
15846,15846,109,1250,1251,23
15847,15847,39,185,186,11
15848,15848,43,284,284,8
15849,15849,95,268,270,26
15850,15850,96,266,267,30
15851,15851,112,205,207,26
15852,15852,78,313,314,20
15853,15853,106,914,915,17
15854,15854,84,280,282,29
15855,15855,97,428,431,22
15856,15856,59,219,221,29
15857,15857,13,323,326,25
15858,15858,7,176,176,6
15859,15859,26,368,369,59
15860,15860,14,242,242,7
15861,15861,59,221,222,13
15862,15862,121,189,191,23
15863,15863,53,667,669,18
15864,15864,139,151,152,40
15865,15865,112,207,207,9
15866,15866,133,196,197,16
15867,15867,97,431,432,18
15868,15868,84,282,282,23
15869,15869,94,318,320,20
15870,15870,121,191,192,15
15871,15871,100,253,253,19
15872,15872,109,1251,1253,27
15873,15873,14,242,243,10
15874,15874,104,591,592,27
15875,15875,130,332,339,59
15876,15876,142,92,93,16
15877,15877,3,204,206,18
15878,15878,18,187,187,1
15879,15879,24,327,331,36
15880,15880,135,229,231,29
15881,15881,64,317,317,10
15882,15882,44,217,217,5
15883,15883,2,161,162,37
15884,15884,129,278,282,30
15885,15885,21,159,161,16
15886,15886,114,291,291,10
15887,15887,3,206,213,59
15888,15888,97,432,433,18
15889,15889,46,1692,1692,5
15890,15890,119,213,213,4
15891,15891,147,256,257,49
15892,15892,84,282,284,19
15893,15893,66,207,208,13
15894,15894,62,156,157,13
15895,15895,78,314,318,33
15896,15896,50,309,310,8
15897,15897,111,238,239,11
15898,15898,2,162,164,24
15899,15899,94,320,323,29
15900,15900,113,175,176,20
15901,15901,29,161,161,14
15902,15902,44,217,217,9
15903,15903,64,317,319,19
15904,15904,59,222,222,12
15905,15905,47,363,363,7
15906,15906,132,334,339,55
15907,15907,58,258,259,51
15908,15908,137,255,260,65
15909,15909,46,1692,1693,12
15910,15910,131,191,192,16
15911,15911,140,85,86,22
15912,15912,86,172,172,8
15913,15913,10,240,242,16
15914,15914,114,291,296,50
15915,15915,57,144,145,19
15916,15916,128,187,187,5
15917,15917,137,260,261,20
15918,15918,99,245,247,32
15919,15919,58,259,261,52
15920,15920,6,173,176,47
15921,15921,24,331,331,6
15922,15922,96,267,267,9
15923,15923,105,561,561,12
15924,15924,112,207,207,15
15925,15925,12,154,155,14
15926,15926,44,217,218,21
15927,15927,75,139,139,15
15928,15928,101,1828,1829,18
15929,15929,8,177,177,16
15930,15930,9,162,167,56
15931,15931,36,287,287,8
15932,15932,50,310,310,15
15933,15933,109,1253,1254,22
15934,15934,67,228,234,60
15935,15935,125,265,267,19
15936,15936,50,310,311,16
15937,15937,129,282,283,11
15938,15938,89,169,169,7
15939,15939,43,284,285,14
15940,15940,57,145,148,36
15941,15941,140,86,86,17
15942,15942,103,541,541,5
15943,15943,104,592,595,32
15944,15944,130,339,345,51
15945,15945,142,93,93,23
15946,15946,3,213,214,20
15947,15947,131,192,194,20
15948,15948,123,196,197,15
15949,15949,101,1829,1830,17
15950,15950,129,283,283,9
15951,15951,7,176,177,15
15952,15952,21,161,161,4
15953,15953,109,1254,1255,15
15954,15954,75,139,139,22
15955,15955,2,164,166,38
15956,15956,123,197,199,54
15957,15957,60,159,160,15
15958,15958,111,239,239,10
15959,15959,64,319,321,48
15960,15960,67,234,235,53
15961,15961,149,173,175,26
15962,15962,78,318,319,19
15963,15963,112,207,208,15
15964,15964,92,284,286,18
15965,15965,143,234,234,20
15966,15966,11,241,245,46
15967,15967,96,267,268,31
15968,15968,22,275,276,19
15969,15969,142,93,94,13
15970,15970,91,232,232,15
15971,15971,3,214,218,33
15972,15972,64,321,321,6
15973,15973,103,541,541,11
15974,15974,116,231,234,38
15975,15975,29,161,162,18
15976,15976,39,186,187,18
15977,15977,117,148,149,13
15978,15978,108,2393,2393,12
15979,15979,124,211,212,14
15980,15980,112,208,210,20
15981,15981,45,106,106,6
15982,15982,148,274,277,35
15983,15983,9,167,169,33
15984,15984,137,261,262,19
15985,15985,118,246,248,17
15986,15986,122,301,302,13
15987,15987,49,864,866,14
15988,15988,49,866,866,13
15989,15989,126,236,236,6
15990,15990,5,140,141,8
15991,15991,144,258,259,14
15992,15992,148,277,277,19
15993,15993,101,1830,1830,11
15994,15994,103,541,543,25
15995,15995,85,175,176,28
15996,15996,92,286,289,26
15997,15997,143,234,235,11
15998,15998,11,245,250,40
15999,15999,96,268,269,36
16000,16000,22,276,276,10
16001,16001,142,94,95,16
16002,16002,58,261,261,6
16003,16003,119,213,214,10
16004,16004,54,395,396,13
16005,16005,5,141,142,19
16006,16006,62,157,159,17
16007,16007,116,234,235,30
16008,16008,67,235,235,6
16009,16009,69,104,104,7
16010,16010,57,148,149,14
16011,16011,86,172,175,26
16012,16012,150,296,296,9
16013,16013,15,82,84,15
16014,16014,65,266,266,5
16015,16015,25,324,327,28
16016,16016,92,289,296,68
16017,16017,144,259,259,12
16018,16018,53,669,670,15
16019,16019,1,101,101,6
16020,16020,71,180,181,25
16021,16021,58,261,265,30
16022,16022,50,311,311,4
16023,16023,140,86,87,14
16024,16024,61,100,102,15
16025,16025,14,243,244,30
16026,16026,32,226,226,4
16027,16027,78,319,319,12
16028,16028,24,331,332,15
16029,16029,77,295,296,16
16030,16030,86,175,176,17
16031,16031,118,248,253,53
16032,16032,59,222,223,39
16033,16033,117,149,149,11
16034,16034,39,187,188,8
16035,16035,64,321,322,19
16036,16036,132,339,343,50
16037,16037,115,130,131,12
16038,16038,36,287,287,11
16039,16039,44,218,218,15
16040,16040,2,166,170,37
16041,16041,129,283,284,32
16042,16042,142,95,95,10
16043,16043,25,327,328,15
16044,16044,74,377,381,59
16045,16045,139,152,153,50
16046,16046,89,169,169,6
16047,16047,95,270,270,14
16048,16048,130,345,350,44
16049,16049,2,170,170,11
16050,16050,89,169,173,53
16051,16051,97,433,435,17
16052,16052,120,174,174,9
16053,16053,65,266,269,25
16054,16054,7,177,179,38
16055,16055,144,259,261,24
16056,16056,84,284,284,4
16057,16057,13,326,327,20
16058,16058,42,242,244,32
16059,16059,49,866,867,52
16060,16060,68,356,358,17
16061,16061,124,212,213,16
16062,16062,149,175,180,48
16063,16063,41,178,179,10
16064,16064,150,296,297,18
16065,16065,100,253,255,30
16066,16066,11,250,250,13
16067,16067,123,199,200,16
16068,16068,52,842,843,18
16069,16069,72,176,177,20
16070,16070,125,267,270,36
16071,16071,126,236,239,31
16072,16072,18,187,187,3
16073,16073,47,363,364,19
16074,16074,121,192,193,25
16075,16075,148,277,279,28
16076,16076,60,160,161,12
16077,16077,93,185,189,37
16078,16078,124,213,213,13
16079,16079,138,172,172,11
16080,16080,137,262,263,25
16081,16081,42,244,247,29
16082,16082,109,1255,1257,20
16083,16083,2,170,171,12
16084,16084,117,149,151,19
16085,16085,123,200,206,62
16086,16086,97,435,436,12
16087,16087,45,106,106,3
16088,16088,135,231,232,16
16089,16089,150,297,300,22
16090,16090,61,102,105,24
16091,16091,63,189,192,31
16092,16092,114,296,297,15
16093,16093,97,436,436,6
16094,16094,24,332,333,30
16095,16095,17,259,260,23
16096,16096,107,1326,1328,18
16097,16097,54,396,397,40
16098,16098,92,296,298,24
16099,16099,100,255,256,27
16100,16100,52,843,843,11
16101,16101,134,187,189,25
16102,16102,101,1830,1831,15
16103,16103,61,105,105,26
16104,16104,32,226,226,16
16105,16105,6,176,176,5
16106,16106,6,176,177,28
16107,16107,14,244,244,11
16108,16108,149,180,180,17
16109,16109,75,139,140,13
16110,16110,50,311,311,10
16111,16111,100,256,257,17
16112,16112,62,159,161,27
16113,16113,123,206,207,10
16114,16114,45,106,107,7
16115,16115,46,1693,1694,13
16116,16116,36,287,291,37
16117,16117,117,151,152,15
16118,16118,112,210,210,3
16119,16119,48,1293,1295,19
16120,16120,73,194,195,20
16121,16121,18,187,187,8
16122,16122,104,595,596,16
16123,16123,73,195,195,1
16124,16124,142,95,97,36
16125,16125,141,94,98,34
16126,16126,137,263,264,13
16127,16127,83,328,330,14
16128,16128,122,302,303,16
16129,16129,120,174,176,29
16130,16130,112,210,211,13
16131,16131,134,189,189,7
16132,16132,74,381,386,39
16133,16133,20,333,343,68
16134,16134,137,264,265,16
16135,16135,137,265,266,11
16136,16136,132,343,343,12
16137,16137,26,369,370,18
16138,16138,92,298,301,42
16139,16139,147,257,257,6
16140,16140,44,218,218,3
16141,16141,11,250,254,40
16142,16142,46,1694,1696,54
16143,16143,1,101,104,51
16144,16144,85,176,177,24
16145,16145,68,358,358,6
16146,16146,114,297,297,5
16147,16147,57,149,151,21
16148,16148,92,301,301,9
16149,16149,18,187,187,11
16150,16150,24,333,336,33
16151,16151,120,176,177,25
16152,16152,64,322,322,16
16153,16153,131,194,195,13
16154,16154,47,364,370,48
16155,16155,26,370,370,14
16156,16156,53,670,670,13
16157,16157,3,218,219,8
16158,16158,74,386,389,32
16159,16159,63,192,193,14
16160,16160,36,291,291,6
16161,16161,56,146,146,2
16162,16162,117,152,155,36
16163,16163,111,239,241,21
16164,16164,43,285,286,13
16165,16165,138,172,172,16
16166,16166,108,2393,2393,24
16167,16167,64,322,325,34
16168,16168,17,260,260,15
16169,16169,66,208,208,2
16170,16170,23,379,380,18
16171,16171,92,301,302,17
16172,16172,135,232,233,24
16173,16173,77,296,300,41
16174,16174,70,220,225,43
16175,16175,150,300,303,47
16176,16176,23,380,380,16
16177,16177,133,197,197,11
16178,16178,36,291,292,29
16179,16179,53,670,672,21
16180,16180,64,325,327,53
16181,16181,96,269,273,35
16182,16182,75,140,140,6
16183,16183,78,319,319,6
16184,16184,127,109,110,10
16185,16185,127,110,110,17
16186,16186,3,219,219,6
16187,16187,50,311,312,16
16188,16188,14,244,247,26
16189,16189,87,116,116,4
16190,16190,28,150,150,12
16191,16191,63,193,194,23
16192,16192,68,358,360,27
16193,16193,1,104,104,13
16194,16194,47,370,370,11
16195,16195,82,270,273,27
16196,16196,122,303,305,25
16197,16197,64,327,327,20
16198,16198,96,273,273,1
16199,16199,34,149,149,14
16200,16200,145,286,289,43
16201,16201,46,1696,1697,28
16202,16202,91,232,232,11
16203,16203,46,1697,1697,13
16204,16204,18,187,190,29
16205,16205,18,190,193,21
16206,16206,101,1831,1833,24
16207,16207,100,257,257,3
16208,16208,74,389,390,11
16209,16209,111,241,246,46
16210,16210,108,2393,2394,16
16211,16211,18,193,194,13
16212,16212,84,284,286,20
16213,16213,51,762,762,17
16214,16214,78,319,320,13
16215,16215,97,436,438,32
16216,16216,19,180,182,25
16217,16217,25,328,330,23
16218,16218,83,330,332,29
16219,16219,26,370,373,55
16220,16220,24,336,336,14
16221,16221,37,185,186,8
16222,16222,91,232,235,24
16223,16223,114,297,301,41
16224,16224,35,185,185,12
16225,16225,85,177,177,7
16226,16226,132,343,344,18
16227,16227,18,194,195,15
16228,16228,45,107,107,7
16229,16229,146,164,166,19
16230,16230,16,133,138,45
16231,16231,147,257,259,42
16232,16232,123,207,208,12
16233,16233,69,104,104,6
16234,16234,130,350,350,2
16235,16235,84,286,287,38
16236,16236,98,265,267,28
16237,16237,3,219,220,13
16238,16238,86,176,177,13
16239,16239,93,189,190,31
16240,16240,41,179,184,52
16241,16241,84,287,288,22
16242,16242,27,238,238,6
16243,16243,66,208,208,3
16244,16244,113,176,177,40
16245,16245,34,149,151,29
16246,16246,109,1257,1259,15
16247,16247,117,155,156,12
16248,16248,114,301,301,25
16249,16249,81,227,227,6
16250,16250,143,235,235,2
16251,16251,26,373,376,44
16252,16252,98,267,267,1
16253,16253,86,177,177,1
16254,16254,102,1245,1245,22
16255,16255,63,194,194,18
16256,16256,22,276,278,15
16257,16257,127,110,110,12
16258,16258,59,223,224,15
16259,16259,130,350,350,26
16260,16260,99,247,252,48
16261,16261,64,327,329,20
16262,16262,48,1295,1295,13
16263,16263,70,225,225,11
16264,16264,35,185,187,28
16265,16265,46,1697,1700,52
16266,16266,17,260,263,38
16267,16267,142,97,101,48
16268,16268,147,259,259,11
16269,16269,54,397,398,14
16270,16270,5,142,143,39
16271,16271,106,915,916,18
16272,16272,30,328,329,48
16273,16273,42,247,251,34
16274,16274,112,211,211,11
16275,16275,35,187,187,12
16276,16276,30,329,332,38
16277,16277,82,273,279,65
16278,16278,119,214,214,9
16279,16279,72,177,178,13
16280,16280,70,225,227,38
16281,16281,5,143,144,23
16282,16282,3,220,220,14
16283,16283,147,259,260,15
16284,16284,121,193,194,14
16285,16285,132,344,344,8
16286,16286,126,239,242,29
16287,16287,133,197,199,18
16288,16288,71,181,183,19
16289,16289,103,543,549,52
16290,16290,5,144,145,15
16291,16291,69,104,105,12
16292,16292,104,596,601,41
16293,16293,127,110,111,20
16294,16294,74,390,390,8
16295,16295,135,233,233,4
16296,16296,125,270,270,15
16297,16297,79,98,101,24
16298,16298,10,242,247,42
16299,16299,118,253,254,14
16300,16300,118,254,255,8
16301,16301,150,303,304,13
16302,16302,61,105,107,17
16303,16303,96,273,276,29
16304,16304,114,301,302,13
16305,16305,36,292,293,8
16306,16306,89,173,176,22
16307,16307,99,252,252,7
16308,16308,137,266,267,24
16309,16309,23,380,380,6
16310,16310,142,101,102,10
16311,16311,40,260,261,26
16312,16312,14,247,250,52
16313,16313,118,255,255,18
16314,16314,30,332,332,7
16315,16315,125,270,273,48
16316,16316,78,320,321,12
16317,16317,49,867,868,21
16318,16318,138,172,172,15
16319,16319,58,265,265,10
16320,16320,127,111,111,13
16321,16321,54,398,398,6
16322,16322,75,140,142,17
16323,16323,93,190,190,6
16324,16324,120,177,184,57
16325,16325,130,350,350,8
16326,16326,91,235,235,17
16327,16327,3,220,222,45
16328,16328,64,329,329,11
16329,16329,71,183,183,6
16330,16330,76,183,190,49
16331,16331,94,323,323,11
16332,16332,110,234,235,18
16333,16333,110,235,235,10
16334,16334,134,189,190,21
16335,16335,12,155,156,19
16336,16336,3,222,222,16
16337,16337,74,390,393,35
16338,16338,63,194,194,9
16339,16339,36,293,294,16
16340,16340,6,177,178,21
16341,16341,32,226,228,21
16342,16342,20,343,344,16
16343,16343,106,916,918,39
16344,16344,39,188,190,53
16345,16345,46,1700,1703,22
16346,16346,64,329,329,10
16347,16347,71,183,184,30
16348,16348,25,330,331,21
16349,16349,72,178,178,9
16350,16350,70,227,229,28
16351,16351,5,145,146,28
16352,16352,3,222,222,19
16353,16353,58,265,267,17
16354,16354,23,380,380,3
16355,16355,2,171,177,63
16356,16356,136,309,309,8
16357,16357,125,273,274,11
16358,16358,142,102,104,27
16359,16359,127,111,113,25
16360,16360,42,251,252,11
16361,16361,39,190,191,16
16362,16362,102,1245,1248,28
16363,16363,23,380,381,38
16364,16364,114,302,302,7
16365,16365,74,393,394,18
16366,16366,148,279,284,47
16367,16367,4,128,128,14
16368,16368,130,350,352,17
16369,16369,98,267,271,33
16370,16370,30,332,332,16
16371,16371,22,278,280,26
16372,16372,42,252,252,8
16373,16373,51,762,763,13
16374,16374,30,332,333,17
16375,16375,144,261,262,23
16376,16376,107,1328,1329,10
16377,16377,22,280,280,9
16378,16378,135,233,233,15
16379,16379,125,274,274,12
16380,16380,79,101,103,20
16381,16381,10,247,252,48
16382,16382,129,284,284,10
16383,16383,26,376,378,22
16384,16384,149,180,181,16
16385,16385,117,156,158,17
16386,16386,131,195,195,11
16387,16387,47,370,372,45
16388,16388,26,378,378,4
16389,16389,49,868,869,12
16390,16390,117,158,159,14
16391,16391,91,235,236,28
16392,16392,77,300,303,27
16393,16393,147,260,261,25
16394,16394,123,208,209,17
16395,16395,94,323,324,18
16396,16396,125,274,275,15
16397,16397,54,398,398,5
16398,16398,102,1248,1249,30
16399,16399,25,331,332,17
16400,16400,29,162,163,14
16401,16401,24,336,336,9
16402,16402,89,176,176,10
16403,16403,62,161,162,8
16404,16404,78,321,322,27
16405,16405,50,312,312,5
16406,16406,137,267,268,14
16407,16407,35,187,187,7
16408,16408,89,176,178,49
16409,16409,68,360,361,17
16410,16410,3,222,222,9
16411,16411,40,261,262,12
16412,16412,40,262,264,31
16413,16413,17,263,264,32
16414,16414,127,113,113,18
16415,16415,95,270,271,12
16416,16416,147,261,261,12
16417,16417,38,207,212,55
16418,16418,80,258,264,48
16419,16419,28,150,153,22
16420,16420,69,105,105,5
16421,16421,57,151,152,15
16422,16422,86,177,177,24
16423,16423,150,304,304,11
16424,16424,15,84,85,14
16425,16425,51,763,764,15
16426,16426,30,333,333,21
16427,16427,144,262,265,26
16428,16428,33,169,169,12
16429,16429,22,280,281,20
16430,16430,142,104,104,7
16431,16431,126,242,243,35
16432,16432,94,324,326,18
16433,16433,88,253,253,3
16434,16434,73,195,195,17
16435,16435,37,186,187,13
16436,16436,75,142,144,58
16437,16437,28,153,155,29
16438,16438,40,264,266,20
16439,16439,44,218,221,37
16440,16440,17,264,265,13
16441,16441,31,226,228,30
16442,16442,4,128,129,10
16443,16443,67,235,236,19
16444,16444,17,265,267,26
16445,16445,4,129,130,25
16446,16446,38,212,216,42
16447,16447,146,166,167,19
16448,16448,32,228,228,12
16449,16449,44,221,222,11
16450,16450,127,113,114,13
16451,16451,74,394,396,25
16452,16452,56,146,148,21
16453,16453,8,177,178,33
16454,16454,150,304,305,19
16455,16455,28,155,155,10
16456,16456,16,138,143,48
16457,16457,144,265,266,19
16458,16458,40,266,266,14
16459,16459,7,179,179,12
16460,16460,26,378,383,57
16461,16461,14,250,250,11
16462,16462,114,302,303,13
16463,16463,23,381,381,12
16464,16464,92,302,304,19
16465,16465,94,326,326,8
16466,16466,146,167,169,42
16467,16467,34,151,157,55
16468,16468,134,190,191,16
16469,16469,107,1329,1330,11
16470,16470,95,271,272,20
16471,16471,78,322,323,17
16472,16472,136,309,309,4
16473,16473,21,161,161,25
16474,16474,99,252,255,23
16475,16475,46,1703,1703,10
16476,16476,12,156,161,41
16477,16477,35,187,189,16
16478,16478,81,227,228,13
16479,16479,130,352,355,68
16480,16480,37,187,189,17
16481,16481,41,184,185,11
16482,16482,71,184,184,12
16483,16483,64,329,332,32
16484,16484,24,336,339,37
16485,16485,107,1330,1333,26
16486,16486,47,372,372,13
16487,16487,64,332,333,9
16488,16488,71,184,184,28
16489,16489,25,332,333,16
16490,16490,133,199,200,16
16491,16491,36,294,297,29
16492,16492,53,672,673,33
16493,16493,64,333,337,46
16494,16494,96,276,279,42
16495,16495,138,172,173,9
16496,16496,122,305,307,17
16497,16497,116,235,237,22
16498,16498,102,1249,1250,11
16499,16499,62,162,162,16
16500,16500,138,173,174,17
16501,16501,131,195,196,16
16502,16502,78,323,328,36
16503,16503,60,161,164,37
16504,16504,121,194,198,50
16505,16505,83,332,332,8
16506,16506,17,267,267,12
16507,16507,136,309,314,36
16508,16508,110,235,238,29
16509,16509,96,279,279,8
16510,16510,83,332,332,15
16511,16511,99,255,257,19
16512,16512,10,252,252,13
16513,16513,45,107,108,15
16514,16514,147,261,262,14
16515,16515,40,266,266,14
16516,16516,119,214,217,49
16517,16517,11,254,256,23
16518,16518,126,243,247,55
16519,16519,134,191,192,15
16520,16520,138,174,175,18
16521,16521,16,143,145,20
16522,16522,136,314,314,14
16523,16523,145,289,289,15
16524,16524,47,372,374,30
16525,16525,96,279,279,7
16526,16526,8,178,179,10
16527,16527,34,157,157,11
16528,16528,107,1333,1334,26
16529,16529,11,256,263,57
16530,16530,68,361,365,65
16531,16531,81,228,228,2
16532,16532,78,328,330,17
16533,16533,62,162,162,11
16534,16534,145,289,289,9
16535,16535,3,222,222,11
16536,16536,32,228,229,14
16537,16537,2,177,180,27
16538,16538,128,187,189,19
16539,16539,76,190,190,9
16540,16540,89,178,181,27
16541,16541,65,269,269,9
16542,16542,19,182,185,24
16543,16543,76,190,193,24
16544,16544,15,85,85,7
16545,16545,14,250,251,12
16546,16546,104,601,602,27
16547,16547,130,355,360,57
16548,16548,142,104,106,22
16549,16549,3,222,224,18
16550,16550,85,177,177,22
16551,16551,65,269,271,34
16552,16552,87,116,117,54
16553,16553,89,181,185,52
16554,16554,113,177,180,27
16555,16555,115,131,134,30
16556,16556,40,266,267,14
16557,16557,26,383,386,36
16558,16558,63,194,195,22
16559,16559,127,114,115,17
16560,16560,95,272,272,4
16561,16561,28,155,156,16
16562,16562,76,193,193,14
16563,16563,35,189,195,47
16564,16564,58,267,268,20
16565,16565,100,257,258,17
16566,16566,114,303,306,37
16567,16567,104,602,607,50
16568,16568,22,281,282,14
16569,16569,58,268,269,17
16570,16570,23,381,381,7
16571,16571,2,180,183,59
16572,16572,136,314,314,7
16573,16573,75,144,144,12
16574,16574,93,190,192,14
16575,16575,120,184,187,61
16576,16576,130,360,360,13
16577,16577,39,191,192,15
16578,16578,54,398,398,9
16579,16579,131,196,196,10
16580,16580,82,279,279,4
16581,16581,74,396,402,48
16582,16582,72,178,179,13
16583,16583,139,153,156,31
16584,16584,95,272,273,12
16585,16585,144,266,268,24
16586,16586,23,381,381,15
16587,16587,147,262,263,13
16588,16588,80,264,265,21
16589,16589,17,267,267,8
16590,16590,25,333,333,21
16591,16591,110,238,242,48
16592,16592,7,179,180,13
16593,16593,45,108,109,9
16594,16594,46,1703,1704,18
16595,16595,27,238,240,36
16596,16596,117,159,160,15
16597,16597,32,229,229,7
16598,16598,128,189,191,24
16599,16599,143,235,236,24
16600,16600,4,130,130,5
16601,16601,127,115,116,15
16602,16602,52,843,843,15
16603,16603,102,1250,1254,32
16604,16604,144,268,268,10
16605,16605,112,211,212,10
16606,16606,62,162,162,14
16607,16607,62,162,163,34
16608,16608,26,386,390,33
16609,16609,98,271,274,41
16610,16610,112,212,213,31
16611,16611,100,258,259,12
16612,16612,127,116,117,10
16613,16613,31,228,230,41
16614,16614,77,303,308,40
16615,16615,123,209,215,53
16616,16616,128,191,193,17
16617,16617,49,869,869,10
16618,16618,125,275,275,17
16619,16619,123,215,217,30
16620,16620,56,148,154,47
16621,16621,80,265,267,17
16622,16622,97,438,438,9
16623,16623,24,339,341,26
16624,16624,17,267,268,18
16625,16625,107,1334,1334,6
16626,16626,54,398,399,35
16627,16627,92,304,305,21
16628,16628,100,259,262,24
16629,16629,18,195,195,4
16630,16630,24,341,342,35
16631,16631,120,187,189,23
16632,16632,64,337,338,13
16633,16633,3,224,225,14
16634,16634,134,192,195,31
16635,16635,83,332,336,42
16636,16636,22,282,284,51
16637,16637,127,117,119,19
16638,16638,49,869,869,8
16639,16639,80,267,270,23
16640,16640,94,326,327,29
16641,16641,109,1259,1260,61
16642,16642,29,163,164,10
16643,16643,136,314,315,38
16644,16644,91,236,237,13
16645,16645,44,222,222,9
16646,16646,127,119,120,10
16647,16647,74,402,405,31
16648,16648,56,154,157,32
16649,16649,8,179,180,26
16650,16650,150,305,305,16
16651,16651,23,381,383,18
16652,16652,121,198,199,18
16653,16653,48,1295,1302,55
16654,16654,95,273,276,55
16655,16655,129,284,287,27
16656,16656,146,169,170,11
16657,16657,119,217,217,6
16658,16658,35,195,195,7
16659,16659,28,156,157,19
16660,16660,88,253,255,49
16661,16661,56,157,158,15
16662,16662,113,180,181,10
16663,16663,140,87,89,17
16664,16664,6,178,182,50
16665,16665,117,160,160,1
16666,16666,27,240,240,5
16667,16667,107,1334,1334,4
16668,16668,90,190,192,36
16669,16669,134,195,197,20
16670,16670,133,200,201,9
16671,16671,125,275,280,56
16672,16672,79,103,106,48
16673,16673,124,213,217,32
16674,16674,79,106,106,4
16675,16675,47,374,374,14
16676,16676,132,344,348,52
16677,16677,58,269,271,50
16678,16678,137,268,270,61
16679,16679,46,1704,1704,13
16680,16680,131,196,196,26
16681,16681,140,89,89,25
16682,16682,78,330,330,12
16683,16683,72,179,183,33
16684,16684,29,164,167,43
16685,16685,145,289,292,52
16686,16686,31,230,232,31
16687,16687,50,312,312,4
16688,16688,142,106,106,6
16689,16689,82,279,282,26
16690,16690,94,327,329,20
16691,16691,108,2394,2397,27
16692,16692,74,405,405,1
16693,16693,64,338,340,41
16694,16694,77,308,309,14
16695,16695,124,217,224,60
16696,16696,32,229,232,24
16697,16697,131,196,197,13
16698,16698,64,340,344,40
16699,16699,38,216,220,55
16700,16700,149,181,181,2
16701,16701,16,145,146,13
16702,16702,4,130,134,51
16703,16703,125,280,281,17
16704,16704,85,177,179,20
16705,16705,65,271,271,25
16706,16706,87,117,121,46
16707,16707,89,185,187,57
16708,16708,113,181,182,23
16709,16709,115,134,136,18
16710,16710,144,268,268,7
16711,16711,62,163,163,21
16712,16712,54,399,399,10
16713,16713,58,271,271,12
16714,16714,23,383,383,5
16715,16715,2,183,186,58
16716,16716,136,315,316,11
16717,16717,39,192,192,1
16718,16718,130,360,361,43
16719,16719,116,237,240,30
16720,16720,56,158,159,20
16721,16721,71,184,187,23
16722,16722,103,549,553,63
16723,16723,5,146,147,14
16724,16724,53,673,673,11
16725,16725,94,329,332,48
16726,16726,91,237,237,15
16727,16727,100,262,262,5
16728,16728,9,169,170,15
16729,16729,25,333,335,16
16730,16730,74,405,408,53
16731,16731,129,287,288,50
16732,16732,89,187,187,7
16733,16733,90,192,192,9
16734,16734,32,232,232,10
16735,16735,84,288,290,50
16736,16736,50,312,314,20
16737,16737,121,199,199,4
16738,16738,145,292,293,15
16739,16739,140,89,89,5
16740,16740,37,189,190,20
16741,16741,97,438,438,15
16742,16742,41,185,191,49
16743,16743,121,199,199,13
16744,16744,24,342,342,9
16745,16745,56,159,164,44
16746,16746,49,869,870,31
16747,16747,65,271,271,18
16748,16748,127,120,120,2
16749,16749,66,208,210,18
16750,16750,75,144,145,18
16751,16751,83,336,336,8
16752,16752,40,267,269,22
16753,16753,26,390,391,18
16754,16754,142,106,108,20
16755,16755,63,195,195,8
16756,16756,45,109,109,13
16757,16757,31,232,235,45
16758,16758,9,170,174,35
16759,16759,137,270,271,27
16760,16760,120,189,189,11
16761,16761,122,307,308,11
16762,16762,131,197,197,14
16763,16763,54,399,403,46
16764,16764,38,220,225,53
16765,16765,149,181,181,2
16766,16766,28,157,157,13
16767,16767,16,146,150,45
16768,16768,144,268,269,19
16769,16769,40,269,270,20
16770,16770,54,403,403,7
16771,16771,102,1254,1256,32
16772,16772,25,335,335,17
16773,16773,33,169,170,10
16774,16774,147,263,268,51
16775,16775,103,553,554,10
16776,16776,78,330,333,29
16777,16777,35,195,195,5
16778,16778,131,197,197,14
16779,16779,64,344,346,38
16780,16780,38,225,230,51
16781,16781,149,181,181,5
16782,16782,89,187,187,11
16783,16783,23,383,384,31
16784,16784,138,175,176,31
16785,16785,12,161,164,31
16786,16786,18,195,195,8
16787,16787,123,217,217,7
16788,16788,2,186,187,18
16789,16789,99,257,257,19
16790,16790,113,182,182,3
16791,16791,94,332,334,18
16792,16792,38,230,232,22
16793,16793,87,121,121,7
16794,16794,78,333,334,8
16795,16795,39,192,194,51
16796,16796,1,104,105,18
16797,16797,109,1260,1260,8
16798,16798,106,918,920,42
16799,16799,65,271,274,24
16800,16800,86,177,177,21
16801,16801,149,181,181,9
16802,16802,33,170,171,20
16803,16803,33,171,171,12
16804,16804,127,120,122,23
16805,16805,91,237,237,9
16806,16806,85,179,179,16
16807,16807,17,268,269,15
16808,16808,20,344,347,56
16809,16809,51,764,764,5
16810,16810,26,391,392,14
16811,16811,34,157,157,9
16812,16812,4,134,134,8
16813,16813,145,293,296,24
16814,16814,15,85,88,35
16815,16815,27,240,241,16
16816,16816,99,257,258,16
16817,16817,83,336,340,47
16818,16818,53,673,675,23
16819,16819,73,195,196,15
16820,16820,49,870,875,61
16821,16821,145,296,296,20
16822,16822,84,290,290,10
16823,16823,9,174,174,24
16824,16824,26,392,393,39
16825,16825,37,190,191,23
16826,16826,75,145,146,29
16827,16827,43,286,287,11
16828,16828,43,287,288,17
16829,16829,74,408,411,46
16830,16830,72,183,184,8
16831,16831,139,156,158,26
16832,16832,95,276,277,16
16833,16833,44,222,222,7
16834,16834,67,236,238,20
16835,16835,98,274,274,5
16836,16836,49,875,876,17
16837,16837,66,210,210,21
16838,16838,50,314,321,55
16839,16839,111,246,250,50
16840,16840,124,224,224,9
16841,16841,46,1704,1704,13
16842,16842,33,171,172,29
16843,16843,62,163,167,49
16844,16844,23,384,388,35
16845,16845,26,393,393,16
16846,16846,129,288,288,2
16847,16847,2,187,189,21
16848,16848,99,258,260,24
16849,16849,125,281,282,11
16850,16850,7,180,180,26
16851,16851,38,232,234,30
16852,16852,84,290,290,7
16853,16853,16,150,152,21
16854,16854,99,260,261,9
16855,16855,137,271,272,26
16856,16856,63,195,195,27
16857,16857,110,242,243,18
16858,16858,44,222,223,19
16859,16859,72,184,184,5
16860,16860,74,411,413,27
16861,16861,22,284,286,18
16862,16862,55,944,944,26
16863,16863,60,164,164,9
16864,16864,110,243,244,7
16865,16865,81,228,232,38
16866,16866,43,288,288,3
16867,16867,20,347,347,10
16868,16868,89,187,187,15
16869,16869,48,1302,1305,62
16870,16870,33,172,173,19
16871,16871,116,240,240,7
16872,16872,131,197,197,8
16873,16873,98,274,276,19
16874,16874,60,164,167,23
16875,16875,74,413,417,38
16876,16876,54,403,403,10
16877,16877,73,196,197,10
16878,16878,96,279,283,33
16879,16879,76,193,197,52
16880,16880,94,334,336,49
16881,16881,150,305,307,19
16882,16882,13,327,327,17
16883,16883,129,288,289,11
16884,16884,31,235,236,22
16885,16885,12,164,167,33
16886,16886,13,327,328,21
16887,16887,144,269,270,19
16888,16888,93,192,192,20
16889,16889,129,289,289,10
16890,16890,2,189,190,22
16891,16891,99,261,262,25
16892,16892,113,182,183,14
16893,16893,94,336,337,25
16894,16894,38,234,234,29
16895,16895,87,121,121,6
16896,16896,89,187,187,19
16897,16897,48,1305,1314,65
16898,16898,33,173,173,18
16899,16899,43,288,289,13
16900,16900,61,107,109,25
16901,16901,40,270,273,49
16902,16902,85,179,179,3
16903,16903,42,252,252,12
16904,16904,59,224,226,24
16905,16905,125,282,282,6
16906,16906,124,224,224,12
16907,16907,82,282,285,53
16908,16908,59,226,229,25
16909,16909,23,388,389,20
16910,16910,16,152,152,13
16911,16911,106,920,922,22
16912,16912,88,255,257,24
16913,16913,9,174,175,10
16914,16914,128,193,195,24
16915,16915,40,273,274,8
16916,16916,44,223,225,41
16917,16917,17,269,270,19
16918,16918,31,236,237,30
16919,16919,4,134,135,17
16920,16920,42,252,253,14
16921,16921,131,197,198,17
16922,16922,98,276,279,27
16923,16923,60,167,169,31
16924,16924,74,417,420,32
16925,16925,54,403,404,20
16926,16926,26,393,394,10
16927,16927,111,250,253,43
16928,16928,108,2397,2399,19
16929,16929,18,195,196,18
16930,16930,36,297,297,8
16931,16931,51,764,766,17
16932,16932,96,283,283,8
16933,16933,75,146,148,23
16934,16934,101,1833,1835,29
16935,16935,125,282,284,20
16936,16936,28,157,157,9
16937,16937,35,195,196,14
16938,16938,50,321,326,38
16939,16939,1,105,107,25
16940,16940,5,147,147,10
16941,16941,49,876,876,6
16942,16942,44,225,225,8
16943,16943,21,161,163,48
16944,16944,95,277,278,31
16945,16945,8,180,182,46
16946,16946,111,253,253,11
16947,16947,105,561,562,20
16948,16948,116,240,241,28
16949,16949,108,2399,2400,15
16950,16950,140,89,91,18
16951,16951,93,192,193,23
16952,16952,110,244,244,30
16953,16953,32,232,232,5
16954,16954,43,289,290,13
16955,16955,74,420,424,58
16956,16956,72,184,185,11
16957,16957,139,158,161,29
16958,16958,95,278,279,22
16959,16959,49,876,877,9
16960,16960,117,160,160,7
16961,16961,91,237,240,37
16962,16962,77,309,311,36
16963,16963,71,187,187,12
16964,16964,52,843,843,8
16965,16965,150,307,313,48
16966,16966,40,274,278,30
16967,16967,107,1334,1337,47
16968,16968,127,122,123,21
16969,16969,31,237,237,14
16970,16970,73,197,199,49
16971,16971,40,278,281,43
16972,16972,78,334,337,32
16973,16973,113,183,183,9
16974,16974,32,232,232,7
16975,16975,64,346,349,39
16976,16976,55,944,944,5
16977,16977,58,271,274,61
16978,16978,32,232,234,24
16979,16979,18,196,196,12
16980,16980,97,438,442,48
16981,16981,116,241,247,47
16982,16982,105,562,563,29
16983,16983,72,185,186,13
16984,16984,144,270,270,18
16985,16985,139,161,162,11
16986,16986,17,270,270,9
16987,16987,25,335,336,15
16988,16988,110,244,245,46
16989,16989,7,180,182,24
16990,16990,45,109,109,7
16991,16991,148,284,286,45
16992,16992,9,175,178,38
16993,16993,137,272,275,23
16994,16994,118,255,255,18
16995,16995,122,308,310,16
16996,16996,70,229,229,15
16997,16997,35,196,196,23
16998,16998,37,191,193,52
16999,16999,17,270,271,38
17000,17000,142,108,111,45
17001,17001,147,268,269,16
17002,17002,86,177,179,15
17003,17003,93,193,195,31
17004,17004,41,191,196,46
17005,17005,84,290,290,14
17006,17006,27,241,241,6
17007,17007,36,297,297,14
17008,17008,127,123,125,20
17009,17009,105,563,564,20
17010,17010,100,262,264,28
17011,17011,3,225,226,12
17012,17012,74,424,424,7
17013,17013,96,283,284,15
17014,17014,89,187,187,5
17015,17015,62,167,167,5
17016,17016,62,167,172,37
17017,17017,26,394,399,39
17018,17018,98,279,280,43
17019,17019,112,213,214,36
17020,17020,100,264,264,11
17021,17021,95,279,279,11
17022,17022,50,326,331,64
17023,17023,52,843,844,21
17024,17024,101,1835,1837,23
17025,17025,58,274,274,1
17026,17026,97,442,442,10
17027,17027,6,182,185,36
17028,17028,26,399,399,8
17029,17029,141,98,99,10
17030,17030,36,297,304,55
17031,17031,109,1260,1260,6
17032,17032,21,163,164,11
17033,17033,129,289,290,19
17034,17034,32,234,234,21
17035,17035,44,225,225,5
17036,17036,135,233,234,20
17037,17037,150,313,314,21
17038,17038,61,109,109,14
17039,17039,96,284,285,28
17040,17040,114,306,307,16
17041,17041,114,307,307,6
17042,17042,123,217,223,43
17043,17043,71,187,191,51
17044,17044,71,191,192,18
17045,17045,44,225,227,20
17046,17046,75,148,150,22
17047,17047,101,1837,1838,26
17048,17048,8,182,183,28
17049,17049,9,178,180,52
17050,17050,36,304,305,11
17051,17051,134,197,198,13
17052,17052,60,169,174,42
17053,17053,20,347,356,67
17054,17054,137,275,277,20
17055,17055,137,277,277,16
17056,17056,132,348,349,8
17057,17057,141,99,100,9
17058,17058,54,404,405,27
17059,17059,12,167,168,11
17060,17060,25,336,338,19
17061,17061,150,314,315,19
17062,17062,100,264,267,32
17063,17063,11,263,264,10
17064,17064,109,1260,1261,18
17065,17065,97,442,442,13
17066,17066,65,274,275,33
17067,17067,121,199,201,32
17068,17068,100,267,267,9
17069,17069,110,245,246,12
17070,17070,22,286,291,66
17071,17071,10,252,253,26
17072,17072,4,135,136,13
17073,17073,129,290,290,6
17074,17074,2,190,191,20
17075,17075,99,262,264,20
17076,17076,113,183,184,14
17077,17077,94,337,338,31
17078,17078,38,234,236,25
17079,17079,87,121,121,13
17080,17080,23,389,390,9
17081,17081,114,307,312,52
17082,17082,55,944,946,20
17083,17083,32,234,235,12
17084,17084,41,196,196,5
17085,17085,24,342,343,13
17086,17086,50,331,333,22
17087,17087,50,333,336,29
17088,17088,123,223,225,17
17089,17089,21,164,164,15
17090,17090,37,193,194,20
17091,17091,44,227,228,15
17092,17092,21,164,169,46
17093,17093,95,279,283,29
17094,17094,8,183,185,46
17095,17095,111,253,254,15
17096,17096,138,176,177,13
17097,17097,66,210,211,27
17098,17098,84,290,291,9
17099,17099,51,766,767,13
17100,17100,30,333,333,14
17101,17101,144,270,272,18
17102,17102,33,173,173,13
17103,17103,22,291,293,21
17104,17104,39,194,194,11
17105,17105,5,147,147,9
17106,17106,125,284,291,53
17107,17107,13,328,328,27
17108,17108,10,253,253,7
17109,17109,48,1314,1315,7
17110,17110,113,184,190,42
17111,17111,63,195,196,22
17112,17112,52,844,844,13
17113,17113,81,232,233,21
17114,17114,78,337,340,22
17115,17115,71,192,193,34
17116,17116,64,349,350,14
17117,17117,89,187,188,24
17118,17118,101,1838,1839,16
17119,17119,116,247,247,30
17120,17120,67,238,238,8
17121,17121,46,1704,1704,8
17122,17122,26,399,401,23
17123,17123,130,361,362,17
17124,17124,96,285,285,8
17125,17125,55,946,947,23
17126,17126,112,214,215,11
17127,17127,12,168,171,21
17128,17128,58,274,274,12
17129,17129,97,442,445,39
17130,17130,92,305,311,52
17131,17131,150,315,315,6
17132,17132,86,179,179,5
17133,17133,102,1256,1258,26
17134,17134,63,196,196,12
17135,17135,22,293,295,21
17136,17136,127,125,126,13
17137,17137,127,126,127,13
17138,17138,66,211,212,16
17139,17139,75,150,151,16
17140,17140,83,340,340,6
17141,17141,49,877,877,4
17142,17142,117,160,160,7
17143,17143,64,350,354,32
17144,17144,77,311,312,39
17145,17145,71,193,193,12
17146,17146,148,286,286,14
17147,17147,3,226,228,43
17148,17148,30,333,335,60
17149,17149,90,192,192,25
17150,17150,150,315,315,5
17151,17151,134,198,200,15
17152,17152,114,312,314,23
17153,17153,149,181,182,25
17154,17154,46,1704,1704,4
17155,17155,144,272,272,4
17156,17156,107,1337,1337,10
17157,17157,90,192,194,36
17158,17158,40,281,282,14
17159,17159,96,285,285,13
17160,17160,34,157,157,9
17161,17161,145,296,299,41
17162,17162,46,1704,1708,29
17163,17163,91,240,240,13
17164,17164,52,844,845,18
17165,17165,150,315,321,44
17166,17166,40,282,283,26
17167,17167,107,1337,1343,50
17168,17168,127,127,128,13
17169,17169,108,2400,2400,7
17170,17170,61,109,110,20
17171,17171,119,217,219,25
17172,17172,11,264,264,3
17173,17173,141,100,101,12
17174,17174,36,305,313,57
17175,17175,109,1261,1262,17
17176,17176,95,283,284,12
17177,17177,11,264,264,8
17178,17178,106,922,925,56
17179,17179,135,234,234,7
17180,17180,94,338,339,15
17181,17181,74,424,424,9
17182,17182,149,182,185,27
17183,17183,122,310,313,33
17184,17184,7,182,184,45
17185,17185,65,275,278,46
17186,17186,133,201,203,24
17187,17187,32,235,236,14
17188,17188,2,191,193,25
17189,17189,128,195,195,18
17190,17190,42,253,253,3
17191,17191,110,246,252,54
17192,17192,81,233,233,20
17193,17193,72,186,187,10
17194,17194,120,189,189,5
17195,17195,89,188,189,15
17196,17196,150,321,323,26
17197,17197,139,162,164,28
17198,17198,56,164,166,22
17199,17199,99,264,265,19
17200,17200,26,401,402,12
17201,17201,147,269,269,16
17202,17202,62,172,174,61
17203,17203,94,339,339,17
17204,17204,52,845,851,54
17205,17205,136,316,316,16
17206,17206,94,339,339,1
17207,17207,81,233,234,32
17208,17208,73,199,199,9
17209,17209,71,193,194,43
17210,17210,16,152,153,23
17211,17211,14,251,251,16
17212,17212,110,252,252,4
17213,17213,124,224,229,50
17214,17214,91,240,244,36
17215,17215,9,180,185,50
17216,17216,4,136,136,8
17217,17217,16,153,154,12
17218,17218,106,925,926,20
17219,17219,88,257,259,36
17220,17220,9,185,186,13
17221,17221,128,195,195,17
17222,17222,83,340,341,13
17223,17223,16,154,159,55
17224,17224,144,272,274,18
17225,17225,40,283,283,17
17226,17226,40,283,284,13
17227,17227,26,402,403,22
17228,17228,142,111,113,18
17229,17229,63,196,197,11
17230,17230,148,286,286,1
17231,17231,25,338,339,23
17232,17232,110,252,255,54
17233,17233,7,184,184,14
17234,17234,11,264,265,12
17235,17235,109,1262,1263,19
17236,17236,71,194,194,18
17237,17237,109,1263,1263,8
17238,17238,25,339,345,45
17239,17239,65,278,278,17
17240,17240,86,179,180,16
17241,17241,149,185,185,9
17242,17242,33,173,174,11
17243,17243,44,228,228,7
17244,17244,109,1263,1263,13
17245,17245,67,238,245,52
17246,17246,125,291,293,23
17247,17247,105,564,565,14
17248,17248,129,290,290,10
17249,17249,59,229,229,7
17250,17250,79,106,108,17
17251,17251,136,316,316,21
17252,17252,84,291,291,13
17253,17253,143,236,236,8
17254,17254,42,253,254,30
17255,17255,49,877,883,54
17256,17256,68,365,367,20
17257,17257,21,169,169,2
17258,17258,39,194,196,44
17259,17259,1,107,107,19
17260,17260,95,284,284,7
17261,17261,72,187,189,19
17262,17262,46,1708,1710,28
17263,17263,13,328,329,48
17264,17264,29,167,169,25
17265,17265,116,247,249,26
17266,17266,97,445,446,18
17267,17267,104,607,608,23
17268,17268,121,201,203,39
17269,17269,100,267,267,8
17270,17270,14,251,251,6
17271,17271,73,199,201,18
17272,17272,131,198,200,22
17273,17273,110,255,257,17
17274,17274,36,313,314,20
17275,17275,16,159,162,28
17276,17276,45,109,114,51
17277,17277,11,265,267,18
17278,17278,123,225,225,9
17279,17279,103,554,554,4
17280,17280,116,249,252,43
17281,17281,29,169,171,21
17282,17282,145,299,301,15
17283,17283,117,160,160,3
17284,17284,44,228,228,20
17285,17285,114,314,317,32
17286,17286,104,608,611,47
17287,17287,22,295,296,14
17288,17288,12,171,171,13
17289,17289,3,228,229,13
17290,17290,74,424,426,24
17291,17291,63,197,197,7
17292,17292,36,314,315,18
17293,17293,85,179,179,6
17294,17294,132,349,351,23
17295,17295,113,190,191,18
17296,17296,87,121,121,5
17297,17297,141,101,102,14
17298,17298,110,257,257,1
17299,17299,46,1710,1710,11
17300,17300,68,367,368,22
17301,17301,80,270,272,21
17302,17302,111,254,255,15
17303,17303,2,193,195,29
17304,17304,94,339,340,19
17305,17305,113,191,191,18
17306,17306,29,171,172,15
17307,17307,83,341,341,7
17308,17308,97,446,447,14
17309,17309,1,107,110,41
17310,17310,36,315,318,52
17311,17311,112,215,219,63
17312,17312,7,184,185,9
17313,17313,77,312,313,13
17314,17314,19,185,189,53
17315,17315,76,197,198,28
17316,17316,9,186,186,12
17317,17317,106,926,926,4
17318,17318,108,2400,2402,49
17319,17319,49,883,886,25
17320,17320,64,354,354,13
17321,17321,102,1258,1261,21
17322,17322,54,405,406,14
17323,17323,40,284,285,22
17324,17324,40,285,287,25
17325,17325,142,113,115,16
17326,17326,63,197,198,15
17327,17327,44,228,229,18
17328,17328,21,169,171,42
17329,17329,95,284,286,35
17330,17330,8,185,192,54
17331,17331,111,255,255,8
17332,17332,24,343,344,18
17333,17333,128,195,195,25
17334,17334,144,274,276,24
17335,17335,13,329,330,12
17336,17336,15,88,89,13
17337,17337,144,276,276,5
17338,17338,128,195,196,44
17339,17339,70,229,231,58
17340,17340,62,174,175,14
17341,17341,95,286,286,1
17342,17342,11,267,268,16
17343,17343,106,926,933,54
17344,17344,145,301,302,15
17345,17345,20,356,357,14
17346,17346,24,344,345,19
17347,17347,89,189,190,19
17348,17348,17,271,271,1
17349,17349,64,354,357,38
17350,17350,55,947,948,15
17351,17351,58,274,277,53
17352,17352,32,236,237,14
17353,17353,135,234,234,5
17354,17354,125,293,294,14
17355,17355,79,108,112,30
17356,17356,10,253,254,43
17357,17357,128,196,196,16
17358,17358,113,191,191,5
17359,17359,122,313,315,31
17360,17360,28,157,159,17
17361,17361,111,255,256,10
17362,17362,25,345,346,11
17363,17363,136,316,318,41
17364,17364,23,390,392,19
17365,17365,50,336,337,15
17366,17366,47,374,375,17
17367,17367,148,286,286,13
17368,17368,110,257,257,7
17369,17369,149,185,185,11
17370,17370,41,196,200,49
17371,17371,125,294,294,10
17372,17372,123,225,226,9
17373,17373,103,554,554,14
17374,17374,138,177,178,10
17375,17375,63,198,204,56
17376,17376,69,105,105,8
17377,17377,7,185,185,7
17378,17378,26,403,406,62
17379,17379,8,192,192,15
17380,17380,54,406,406,14
17381,17381,123,226,234,58
17382,17382,97,447,448,13
17383,17383,77,313,313,5
17384,17384,113,191,192,13
17385,17385,84,291,292,24
17386,17386,29,172,175,28
17387,17387,93,195,198,53
17388,17388,122,315,315,17
17389,17389,135,234,235,18
17390,17390,77,313,315,51
17391,17391,70,231,233,38
17392,17392,54,406,409,39
17393,17393,23,392,393,18
17394,17394,116,252,254,17
17395,17395,119,219,221,24
17396,17396,148,286,287,26
17397,17397,6,185,185,4
17398,17398,43,290,290,21
17399,17399,95,286,287,16
17400,17400,73,201,203,28
17401,17401,69,105,106,20
17402,17402,6,185,186,19
17403,17403,32,237,240,26
17404,17404,20,357,357,29
17405,17405,106,933,939,48
17406,17406,97,448,451,51
17407,17407,46,1710,1711,17
17408,17408,6,186,186,12
17409,17409,100,267,269,23
17410,17410,95,287,289,22
17411,17411,73,203,203,22
17412,17412,69,106,106,21
17413,17413,34,157,157,5
17414,17414,149,185,189,45
17415,17415,19,189,190,16
17416,17416,115,136,136,10
17417,17417,148,287,290,27
17418,17418,130,362,363,17
17419,17419,114,317,319,20
17420,17420,59,229,230,14
17421,17421,75,151,152,30
17422,17422,80,272,274,27
17423,17423,35,196,196,13
17424,17424,143,236,237,15
17425,17425,11,268,269,36
17426,17426,96,285,288,40
17427,17427,97,451,451,8
17428,17428,142,115,116,16
17429,17429,143,237,239,15
17430,17430,11,269,272,38
17431,17431,96,288,289,29
17432,17432,22,296,297,13
17433,17433,142,116,117,12
17434,17434,89,190,191,21
17435,17435,48,1315,1322,59
17436,17436,33,174,175,19
17437,17437,130,363,364,13
17438,17438,98,280,284,39
17439,17439,30,335,336,15
17440,17440,22,297,299,25
17441,17441,42,254,254,1
17442,17442,40,287,287,3
17443,17443,76,198,199,27
17444,17444,140,91,91,3
17445,17445,139,164,165,10
17446,17446,147,269,273,43
17447,17447,38,236,237,49
17448,17448,149,189,190,11
17449,17449,13,330,330,2
17450,17450,149,190,190,13
17451,17451,66,212,217,51
17452,17452,28,159,161,39
17453,17453,53,675,677,21
17454,17454,5,147,147,5
17455,17455,102,1261,1261,8
17456,17456,104,611,612,12
17457,17457,14,251,251,6
17458,17458,144,276,277,20
17459,17459,21,171,173,56
17460,17460,67,245,248,60
17461,17461,53,677,678,9
17462,17462,36,318,318,15
17463,17463,68,368,369,28
17464,17464,150,323,324,29
17465,17465,139,165,165,19
17466,17466,17,271,273,15
17467,17467,128,196,201,42
17468,17468,119,221,221,14
17469,17469,132,351,352,11
17470,17470,74,426,426,7
17471,17471,148,290,294,48
17472,17472,4,136,136,8
17473,17473,131,200,200,1
17474,17474,47,375,379,44
17475,17475,26,406,406,11
17476,17476,11,272,273,9
17477,17477,46,1711,1711,10
17478,17478,36,318,320,26
17479,17479,117,160,162,26
17480,17480,39,196,196,9
17481,17481,5,147,147,12
17482,17482,36,320,326,49
17483,17483,13,330,331,25
17484,17484,10,254,255,8
17485,17485,78,340,341,11
17486,17486,125,294,295,20
17487,17487,86,180,183,29
17488,17488,6,186,187,12
17489,17489,17,273,274,12
17490,17490,108,2402,2403,16
17491,17491,89,191,191,9
17492,17492,74,426,426,4
17493,17493,118,255,259,68
17494,17494,42,254,258,35
17495,17495,81,234,236,23
17496,17496,138,178,178,6
17497,17497,95,289,289,9
17498,17498,11,273,273,4
17499,17499,47,379,380,57
17500,17500,135,235,236,15
17501,17501,140,91,91,15
17502,17502,43,290,291,26
17503,17503,105,565,566,18
17504,17504,97,451,451,24
17505,17505,3,229,229,16
17506,17506,144,277,280,25
17507,17507,23,393,394,13
17508,17508,147,273,273,10
17509,17509,80,274,275,11
17510,17510,32,240,240,10
17511,17511,113,192,194,23
17512,17512,24,345,349,40
17513,17513,31,237,237,17
17514,17514,50,337,338,13
17515,17515,57,152,152,20
17516,17516,1,110,113,21
17517,17517,150,324,325,10
17518,17518,15,89,89,11
17519,17519,100,269,271,22
17520,17520,114,319,324,44
17521,17521,104,612,615,56
17522,17522,22,299,299,3
17523,17523,140,91,91,8
17524,17524,93,198,199,14
17525,17525,14,251,254,25
17526,17526,32,240,240,7
17527,17527,39,196,196,10
17528,17528,5,147,147,7
17529,17529,80,275,279,49
17530,17530,13,331,331,26
17531,17531,10,255,255,12
17532,17532,58,277,277,3
17533,17533,97,451,453,16
17534,17534,25,346,350,35
17535,17535,26,406,406,10
17536,17536,107,1343,1345,20
17537,17537,95,289,290,17
17538,17538,78,341,343,21
17539,17539,44,229,229,5
17540,17540,64,357,358,25
17541,17541,59,230,232,20
17542,17542,26,406,407,12
17543,17543,111,256,261,44
17544,17544,108,2403,2404,14
17545,17545,18,196,198,25
17546,17546,36,326,326,17
17547,17547,51,767,768,16
17548,17548,39,196,196,9
17549,17549,140,91,92,20
17550,17550,71,194,197,50
17551,17551,115,136,138,18
17552,17552,36,326,326,5
17553,17553,111,261,261,8
17554,17554,2,195,195,26
17555,17555,94,340,343,27
17556,17556,113,194,196,22
17557,17557,29,175,175,5
17558,17558,135,236,237,13
17559,17559,104,615,619,49
17560,17560,50,338,341,28
17561,17561,129,290,293,35
17562,17562,98,284,284,8
17563,17563,80,279,281,17
17564,17564,74,426,428,20
17565,17565,87,121,123,45
17566,17566,72,189,190,23
17567,17567,97,453,453,9
17568,17568,24,349,352,28
17569,17569,17,274,274,15
17570,17570,107,1345,1346,12
17571,17571,54,409,411,43
17572,17572,92,311,312,28
17573,17573,100,271,273,29
17574,17574,115,138,138,8
17575,17575,94,343,348,39
17576,17576,133,203,207,50
17577,17577,94,348,350,17
17578,17578,13,331,332,21
17579,17579,37,194,194,7
17580,17580,14,254,254,11
17581,17581,18,198,198,20
17582,17582,85,179,181,25
17583,17583,27,241,241,9
17584,17584,101,1839,1841,21
17585,17585,138,178,187,68
17586,17586,31,237,239,24
17587,17587,32,240,241,17
17588,17588,144,280,280,7
17589,17589,78,343,343,9
17590,17590,103,554,555,13
17591,17591,89,191,192,14
17592,17592,113,196,197,14
17593,17593,13,332,336,32
17594,17594,89,192,201,62
17595,17595,9,186,187,31
17596,17596,64,358,358,13
17597,17597,7,185,185,13
17598,17598,26,407,416,67
17599,17599,14,254,254,7
17600,17600,12,171,172,12
17601,17601,102,1261,1262,29
17602,17602,53,678,681,63
17603,17603,114,324,327,24
17604,17604,39,196,196,17
17605,17605,5,147,147,8
17606,17606,80,281,285,57
17607,17607,13,336,337,31
17608,17608,10,255,256,17
17609,17609,6,187,188,22
17610,17610,32,241,243,21
17611,17611,65,278,280,24
17612,17612,106,939,943,48
17613,17613,97,453,455,56
17614,17614,86,183,184,22
17615,17615,62,175,177,19
17616,17616,15,89,89,26
17617,17617,50,341,341,6
17618,17618,44,229,229,9
17619,17619,28,161,163,41
17620,17620,46,1711,1712,47
17621,17621,1,113,116,54
17622,17622,85,181,181,12
17623,17623,68,369,371,18
17624,17624,43,291,291,11
17625,17625,65,280,281,17
17626,17626,7,185,187,48
17627,17627,144,280,281,16
17628,17628,4,136,136,8
17629,17629,1,116,117,18
17630,17630,27,241,242,22
17631,17631,100,273,273,8
17632,17632,138,187,188,13
17633,17633,103,555,561,52
17634,17634,52,851,852,21
17635,17635,101,1841,1843,15
17636,17636,58,277,277,6
17637,17637,97,455,456,41
17638,17638,35,196,196,5
17639,17639,56,166,167,36
17640,17640,22,299,300,12
17641,17641,51,768,768,11
17642,17642,25,350,350,27
17643,17643,71,197,201,46
17644,17644,71,201,203,16
17645,17645,117,162,162,11
17646,17646,113,197,197,5
17647,17647,10,256,256,7
17648,17648,116,254,254,15
17649,17649,65,281,282,52
17650,17650,139,165,165,1
17651,17651,44,229,229,11
17652,17652,64,358,359,19
17653,17653,59,232,232,7
17654,17654,61,110,110,5
17655,17655,121,203,203,5
17656,17656,132,352,352,12
17657,17657,126,247,250,25
17658,17658,133,207,207,9
17659,17659,108,2404,2404,2
17660,17660,61,110,112,17
17661,17661,119,221,222,26
17662,17662,11,273,273,14
17663,17663,19,190,191,16
17664,17664,41,200,202,40
17665,17665,9,187,189,23
17666,17666,19,191,192,17
17667,17667,76,199,201,25
17668,17668,147,273,273,9
17669,17669,95,290,291,14
17670,17670,59,232,232,22
17671,17671,84,292,297,46
17672,17672,108,2404,2407,24
17673,17673,103,561,561,8
17674,17674,56,167,167,11
17675,17675,51,768,769,11
17676,17676,137,277,278,11
17677,17677,70,233,234,21
17678,17678,137,278,280,35
17679,17679,27,242,245,22
17680,17680,25,350,351,15
17681,17681,74,428,434,55
17682,17682,139,165,166,44
17683,17683,89,201,201,6
17684,17684,36,326,326,12
17685,17685,44,229,232,46
17686,17686,17,274,275,16
17687,17687,31,239,239,21
17688,17688,4,136,137,20
17689,17689,2,195,195,6
17690,17690,75,152,152,21
17691,17691,101,1843,1844,34
17692,17692,125,295,296,28
17693,17693,28,163,164,15
17694,17694,71,203,203,4
17695,17695,139,166,167,44
17696,17696,53,681,682,52
17697,17697,61,112,113,12
17698,17698,99,265,265,13
17699,17699,83,341,345,44
17700,17700,123,234,236,24
17701,17701,84,297,298,13
17702,17702,9,189,190,31
17703,17703,107,1346,1348,30
17704,17704,37,194,196,26
17705,17705,75,152,152,20
17706,17706,43,291,291,14
17707,17707,45,114,114,11
17708,17708,58,277,283,48
17709,17709,137,280,280,25
17710,17710,111,261,262,18
17711,17711,12,172,174,61
17712,17712,10,256,256,12
17713,17713,114,327,328,7
17714,17714,23,394,395,22
17715,17715,92,312,313,10
17716,17716,147,273,273,11
17717,17717,18,198,202,55
17718,17718,148,294,294,11
17719,17719,100,273,274,21
17720,17720,55,948,954,50
17721,17721,6,188,193,45
17722,17722,109,1263,1266,25
17723,17723,130,364,364,10
17724,17724,113,197,197,8
17725,17725,10,256,257,8
17726,17726,116,254,255,14
17727,17727,29,175,176,43
17728,17728,139,167,167,9
17729,17729,130,364,364,1
17730,17730,16,162,164,27
17731,17731,86,184,188,43
17732,17732,133,207,209,24
17733,17733,141,102,104,54
17734,17734,48,1322,1326,35
17735,17735,24,352,352,11
17736,17736,44,232,233,14
17737,17737,2,195,201,43
17738,17738,133,209,213,29
17739,17739,21,173,175,21
17740,17740,140,92,94,16
17741,17741,76,201,207,47
17742,17742,134,200,203,50
17743,17743,61,113,114,18
17744,17744,35,196,197,20
17745,17745,109,1266,1267,14
17746,17746,49,886,886,7
17747,17747,117,162,162,7
17748,17748,91,244,246,26
17749,17749,77,315,318,29
17750,17750,71,203,204,18
17751,17751,44,233,234,17
17752,17752,2,201,204,40
17753,17753,129,293,295,22
17754,17754,21,175,175,9
17755,17755,113,197,198,12
17756,17756,10,257,258,17
17757,17757,116,255,255,14
17758,17758,65,282,287,51
17759,17759,139,167,167,13
17760,17760,109,1267,1267,11
17761,17761,129,295,297,17
17762,17762,17,275,278,37
17763,17763,74,434,434,7
17764,17764,49,886,886,6
17765,17765,80,285,286,27
17766,17766,94,350,352,31
17767,17767,109,1267,1270,53
17768,17768,29,176,179,21
17769,17769,136,318,320,35
17770,17770,91,246,247,19
17771,17771,50,341,341,5
17772,17772,14,254,255,32
17773,17773,87,123,124,10
17774,17774,147,273,273,4
17775,17775,129,297,298,9
17776,17776,141,104,107,23
17777,17777,126,250,253,22
17778,17778,57,152,152,22
17779,17779,18,202,203,9
17780,17780,82,285,286,9
17781,17781,128,201,204,30
17782,17782,51,769,774,44
17783,17783,143,239,240,19
17784,17784,28,164,167,24
17785,17785,99,265,265,13
17786,17786,35,197,200,58
17787,17787,58,283,284,18
17788,17788,95,291,291,4
17789,17789,11,273,274,11
17790,17790,106,943,944,51
17791,17791,135,237,237,6
17792,17792,145,302,303,8
17793,17793,121,203,206,26
17794,17794,148,294,294,25
17795,17795,60,174,174,17
17796,17796,93,199,200,34
17797,17797,124,229,229,17
17798,17798,138,188,189,16
17799,17799,144,281,281,12
17800,17800,23,395,397,25
17801,17801,147,273,273,6
17802,17802,80,286,287,10
17803,17803,103,561,561,10
17804,17804,138,189,191,22
17805,17805,63,204,209,52
17806,17806,69,106,106,12
17807,17807,33,175,176,10
17808,17808,147,273,277,50
17809,17809,103,561,562,10
17810,17810,78,343,345,25
17811,17811,35,200,200,7
17812,17812,137,280,280,17
17813,17813,100,274,276,38
17814,17814,141,107,107,9
17815,17815,142,117,117,7
17816,17816,126,253,256,34
17817,17817,94,352,355,23
17818,17818,88,259,259,13
17819,17819,111,262,262,9
17820,17820,71,204,206,22
17821,17821,150,325,326,11
17822,17822,57,152,153,13
17823,17823,40,287,288,8
17824,17824,21,175,180,37
17825,17825,17,278,280,21
17826,17826,31,239,240,31
17827,17827,4,137,138,8
17828,17828,116,255,255,19
17829,17829,119,222,224,37
17830,17830,148,294,295,27
17831,17831,127,128,128,8
17832,17832,66,217,219,25
17833,17833,75,152,153,26
17834,17834,83,345,345,11
17835,17835,74,434,435,18
17836,17836,148,295,297,48
17837,17837,4,138,138,8
17838,17838,70,234,234,1
17839,17839,113,198,201,51
17840,17840,6,193,194,15
17841,17841,138,191,192,15
17842,17842,28,167,167,8
17843,17843,136,320,323,51
17844,17844,34,157,160,26
17845,17845,50,341,343,24
17846,17846,76,207,209,45
17847,17847,131,200,201,55
17848,17848,43,291,296,38
17849,17849,98,284,284,13
17850,17850,77,318,318,5
17851,17851,148,297,300,46
17852,17852,135,237,239,48
17853,17853,14,255,259,31
17854,17854,102,1262,1264,24
17855,17855,113,201,202,14
17856,17856,10,258,259,11
17857,17857,116,255,256,23
17858,17858,65,287,292,45
17859,17859,139,167,167,8
17860,17860,137,280,280,7
17861,17861,35,200,200,8
17862,17862,130,364,369,46
17863,17863,68,371,372,16
17864,17864,3,229,229,13
17865,17865,131,201,201,13
17866,17866,3,229,230,29
17867,17867,92,313,314,14
17868,17868,103,562,563,16
17869,17869,127,128,129,20
17870,17870,52,852,853,12
17871,17871,90,194,196,23
17872,17872,102,1264,1266,29
17873,17873,73,203,204,25
17874,17874,52,853,855,19
17875,17875,100,276,279,24
17876,17876,65,292,296,39
17877,17877,19,192,194,25
17878,17878,55,954,956,21
17879,17879,123,236,236,10
17880,17880,76,209,210,11
17881,17881,31,240,243,40
17882,17882,77,318,323,44
17883,17883,123,236,242,55
17884,17884,128,204,206,18
17885,17885,92,314,314,7
17886,17886,12,174,174,9
17887,17887,109,1270,1272,27
17888,17888,70,234,235,35
17889,17889,38,237,238,14
17890,17890,58,284,284,15
17891,17891,23,397,397,7
17892,17892,2,204,209,63
17893,17893,136,323,324,9
17894,17894,7,187,187,9
17895,17895,129,298,301,50
17896,17896,59,232,234,21
17897,17897,46,1712,1716,44
17898,17898,80,287,288,13
17899,17899,113,202,204,19
17900,17900,97,456,459,35
17901,17901,123,242,242,9
17902,17902,114,328,329,19
17903,17903,41,202,210,62
17904,17904,97,459,459,7
17905,17905,46,1716,1716,3
17906,17906,133,213,214,21
17907,17907,97,459,462,25
17908,17908,84,298,298,23
17909,17909,94,355,357,15
17910,17910,86,188,189,9
17911,17911,10,259,260,16
17912,17912,10,260,263,51
17913,17913,57,153,155,19
17914,17914,128,206,207,9
17915,17915,80,288,288,9
17916,17916,1,117,117,10
17917,17917,87,124,126,50
17918,17918,72,190,190,15
17919,17919,58,284,285,18
17920,17920,23,397,398,15
17921,17921,2,209,216,57
17922,17922,136,324,324,4
17923,17923,11,274,274,8
17924,17924,109,1272,1272,9
17925,17925,71,206,206,6
17926,17926,85,181,182,12
17927,17927,51,774,777,26
17928,17928,97,462,466,31
17929,17929,150,326,326,7
17930,17930,52,855,855,10
17931,17931,134,203,203,26
17932,17932,75,153,153,21
17933,17933,61,114,116,27
17934,17934,32,243,243,13
17935,17935,40,288,288,17
17936,17936,40,288,291,34
17937,17937,17,280,284,32
17938,17938,127,129,132,26
17939,17939,95,291,291,5
17940,17940,17,284,284,11
17941,17941,64,359,363,41
17942,17942,119,224,224,2
17943,17943,132,352,352,4
17944,17944,137,280,281,16
17945,17945,100,279,282,43
17946,17946,141,107,107,9
17947,17947,44,234,235,15
17948,17948,75,153,155,17
17949,17949,101,1844,1846,17
17950,17950,8,192,195,25
17951,17951,9,190,197,59
17952,17952,36,326,326,13
17953,17953,24,352,352,16
17954,17954,128,207,207,31
17955,17955,144,281,282,29
17956,17956,13,337,338,11
17957,17957,67,248,249,18
17958,17958,82,286,287,15
17959,17959,15,89,93,50
17960,17960,72,190,190,27
17961,17961,77,323,324,13
17962,17962,140,94,94,4
17963,17963,127,132,133,26
17964,17964,105,566,566,12
17965,17965,100,282,284,27
17966,17966,3,230,230,15
17967,17967,96,289,290,8
17968,17968,34,160,161,13
17969,17969,145,303,306,42
17970,17970,46,1716,1719,27
17971,17971,91,247,247,5
17972,17972,18,203,203,5
17973,17973,106,944,945,21
17974,17974,128,207,210,33
17975,17975,51,777,778,54
17976,17976,143,240,241,12
17977,17977,105,566,566,8
17978,17978,86,189,190,19
17979,17979,126,256,256,14
17980,17980,7,187,192,47
17981,17981,115,138,140,39
17982,17982,31,243,244,9
17983,17983,104,619,620,19
17984,17984,5,147,148,12
17985,17985,102,1266,1267,17
17986,17986,126,256,256,3
17987,17987,61,116,117,14
17988,17988,100,284,292,55
17989,17989,45,114,117,34
17990,17990,15,93,94,15
17991,17991,17,284,285,8
17992,17992,88,259,266,55
17993,17993,148,300,301,21
17994,17994,61,117,117,12
17995,17995,121,206,207,9
17996,17996,132,352,354,19
17997,17997,126,256,258,28
17998,17998,135,239,240,20
17999,17999,108,2407,2410,22
18000,18000,118,259,261,20
18001,18001,119,224,230,56
18002,18002,30,336,339,29
18003,18003,2,216,217,8
18004,18004,65,296,297,17
18005,18005,74,435,437,29
18006,18006,140,94,96,26
18007,18007,8,195,197,19
18008,18008,86,190,190,10
18009,18009,93,200,201,27
18010,18010,41,210,217,52
18011,18011,84,298,299,18
18012,18012,27,245,245,10
18013,18013,49,886,886,7
18014,18014,80,288,288,17
18015,18015,94,357,359,20
18016,18016,109,1272,1279,54
18017,18017,29,179,180,19
18018,18018,136,324,326,40
18019,18019,91,247,248,18
18020,18020,146,170,171,13
18021,18021,55,956,958,18
18022,18022,22,300,301,20
18023,18023,108,2410,2410,13
18024,18024,61,117,118,19
18025,18025,25,351,354,30
18026,18026,41,217,219,40
18027,18027,108,2410,2410,26
18028,18028,129,301,308,52
18029,18029,119,230,232,18
18030,18030,25,354,354,15
18031,18031,74,437,440,55
18032,18032,139,167,169,38
18033,18033,89,201,202,12
18034,18034,109,1279,1279,8
18035,18035,25,354,355,43
18036,18036,65,297,300,24
18037,18037,86,190,192,24
18038,18038,149,190,191,17
18039,18039,33,176,176,15
18040,18040,131,201,201,15
18041,18041,64,363,366,44
18042,18042,38,238,243,47
18043,18043,17,285,286,12
18044,18044,95,291,291,4
18045,18045,11,274,274,4
18046,18046,106,945,949,58
18047,18047,114,329,330,19
18048,18048,39,196,197,14
18049,18049,102,1267,1272,39
18050,18050,29,180,185,44
18051,18051,114,330,330,13
18052,18052,100,292,292,11
18053,18053,52,855,855,4
18054,18054,102,1272,1276,36
18055,18055,144,282,283,11
18056,18056,112,219,219,12
18057,18057,12,174,176,19
18058,18058,3,230,231,15
18059,18059,74,440,441,26
18060,18060,63,209,210,15
18061,18061,36,326,327,14
18062,18062,133,214,215,9
18063,18063,125,296,299,63
18064,18064,79,112,120,58
18065,18065,124,229,230,30
18066,18066,5,148,148,9
18067,18067,137,281,281,2
18068,18068,109,1279,1284,52
18069,18069,11,274,277,41
18070,18070,35,200,200,9
18071,18071,73,204,204,6
18072,18072,125,299,302,40
18073,18073,81,236,237,42
18074,18074,92,314,315,25
18075,18075,36,327,331,30
18076,18076,95,291,294,27
18077,18077,65,300,300,3
18078,18078,100,292,295,60
18079,18079,45,117,119,33
18080,18080,15,94,94,8
18081,18081,4,138,140,17
18082,18082,1,117,118,9
18083,18083,27,245,249,32
18084,18084,100,295,296,11
18085,18085,19,194,194,5
18086,18086,41,219,220,39
18087,18087,9,197,198,17
18088,18088,59,234,234,14
18089,18089,81,237,237,14
18090,18090,37,196,198,27
18091,18091,131,201,202,19
18092,18092,134,203,204,48
18093,18093,38,243,249,47
18094,18094,149,191,191,5
18095,18095,93,201,201,3
18096,18096,29,185,190,39
18097,18097,142,117,120,29
18098,18098,45,119,120,59
18099,18099,96,290,291,16
18100,18100,3,231,233,22
18101,18101,108,2410,2410,8
18102,18102,82,287,288,17
18103,18103,126,258,259,15
18104,18104,56,167,168,11
18105,18105,106,949,954,46
18106,18106,69,106,107,16
18107,18107,122,315,315,21
18108,18108,65,300,301,29
18109,18109,83,345,349,29
18110,18110,144,283,283,13
18111,18111,97,466,467,24
18112,18112,104,620,623,26
18113,18113,121,207,209,37
18114,18114,100,296,296,5
18115,18115,124,230,230,6
18116,18116,82,288,291,50
18117,18117,59,234,235,18
18118,18118,23,398,398,12
18119,18119,61,118,119,11
18120,18120,25,355,356,26
18121,18121,41,220,225,43
18122,18122,108,2410,2412,24
18123,18123,129,308,312,44
18124,18124,119,232,233,26
18125,18125,49,886,887,14
18126,18126,80,288,289,18
18127,18127,94,359,361,27
18128,18128,109,1284,1286,63
18129,18129,29,190,191,15
18130,18130,136,326,329,40
18131,18131,91,248,249,8
18132,18132,65,301,302,14
18133,18133,4,140,143,47
18134,18134,35,200,201,21
18135,18135,114,330,332,21
18136,18136,21,180,181,9
18137,18137,97,467,469,21
18138,18138,32,243,245,21
18139,18139,72,190,191,10
18140,18140,134,204,205,16
18141,18141,131,202,204,19
18142,18142,48,1326,1327,8
18143,18143,112,219,224,53
18144,18144,38,249,254,42
18145,18145,133,215,215,5
18146,18146,52,855,855,10
18147,18147,40,291,292,18
18148,18148,65,302,305,32
18149,18149,46,1719,1721,21
18150,18150,55,958,961,22
18151,18151,123,242,243,12
18152,18152,118,261,261,6
18153,18153,15,94,99,57
18154,18154,72,191,193,25
18155,18155,77,324,324,10
18156,18156,109,1286,1286,5
18157,18157,134,205,211,49
18158,18158,65,305,307,23
18159,18159,124,230,232,21
18160,18160,149,191,192,15
18161,18161,33,176,177,13
18162,18162,119,233,233,9
18163,18163,78,345,351,50
18164,18164,145,306,306,10
18165,18165,2,217,217,10
18166,18166,32,245,245,10
18167,18167,113,204,206,20
18168,18168,24,352,355,44
18169,18169,31,244,245,16
18170,18170,95,294,294,9
18171,18171,84,299,306,64
18172,18172,147,277,278,28
18173,18173,49,887,891,61
18174,18174,18,203,204,15
18175,18175,47,380,380,17
18176,18176,148,301,303,16
18177,18177,110,257,258,12
18178,18178,65,307,308,15
18179,18179,25,356,358,18
18180,18180,92,315,319,65
18181,18181,14,259,261,21
18182,18182,53,682,682,8
18183,18183,72,193,193,15
18184,18184,70,235,236,40
18185,18185,5,148,149,22
18186,18186,3,233,234,8
18187,18187,86,192,192,15
18188,18188,93,201,203,25
18189,18189,41,225,232,54
18190,18190,84,306,308,19
18191,18191,27,249,250,17
18192,18192,5,149,150,19
18193,18193,89,202,204,21
18194,18194,116,256,261,36
18195,18195,67,249,250,12
18196,18196,137,281,282,17
18197,18197,70,236,237,26
18198,18198,137,282,286,47
18199,18199,27,250,250,17
18200,18200,131,204,204,10
18201,18201,64,366,368,39
18202,18202,38,254,259,55
18203,18203,149,192,192,6
18204,18204,147,278,279,24
18205,18205,99,265,265,18
18206,18206,35,201,204,47
18207,18207,58,285,286,11
18208,18208,86,192,194,19
18209,18209,93,203,206,23
18210,18210,41,232,237,45
18211,18211,84,308,309,12
18212,18212,27,250,251,11
18213,18213,32,245,246,11
18214,18214,64,368,372,40
18215,18215,55,961,961,12
18216,18216,58,286,288,62
18217,18217,32,246,248,17
18218,18218,137,286,286,11
18219,18219,41,237,238,32
18220,18220,141,107,107,13
18221,18221,86,194,195,9
18222,18222,118,261,267,52
18223,18223,59,235,237,32
18224,18224,117,162,164,20
18225,18225,48,1327,1327,6
18226,18226,113,206,210,47
18227,18227,63,210,211,20
18228,18228,40,292,292,5
18229,18229,76,210,212,24
18230,18230,140,96,96,10
18231,18231,14,261,261,5
18232,18232,18,204,205,23
18233,18233,85,182,184,31
18234,18234,27,251,251,3
18235,18235,84,309,309,6
18236,18236,13,338,339,11
18237,18237,84,309,312,27
18238,18238,67,250,252,52
18239,18239,68,372,373,19
18240,18240,72,193,194,13
18241,18241,84,312,313,26
18242,18242,32,248,250,19
18243,18243,24,355,355,18
18244,18244,96,291,294,30
18245,18245,16,164,164,16
18246,18246,147,279,280,12
18247,18247,129,312,313,14
18248,18248,141,107,110,25
18249,18249,126,259,259,15
18250,18250,57,155,157,26
18251,18251,36,331,332,19
18252,18252,68,373,376,35
18253,18253,150,326,328,23
18254,18254,139,169,170,13
18255,18255,105,566,567,12
18256,18256,116,261,261,23
18257,18257,108,2412,2414,19
18258,18258,7,192,192,7
18259,18259,40,292,294,36
18260,18260,120,189,190,57
18261,18261,136,329,336,53
18262,18262,6,194,194,3
18263,18263,112,224,225,13
18264,18264,101,1846,1852,48
18265,18265,125,302,303,35
18266,18266,28,167,167,14
18267,18267,83,349,349,6
18268,18268,99,265,266,26
18269,18269,10,263,264,21
18270,18270,45,120,121,16
18271,18271,147,280,280,8
18272,18272,62,177,177,14
18273,18273,78,351,353,22
18274,18274,50,343,343,11
18275,18275,95,294,295,16
18276,18276,103,563,568,55
18277,18277,52,855,857,21
18278,18278,101,1852,1853,25
18279,18279,57,157,158,18
18280,18280,59,237,240,27
18281,18281,91,249,252,32
18282,18282,107,1348,1349,39
18283,18283,62,177,179,16
18284,18284,95,295,295,11
18285,18285,11,277,277,8
18286,18286,106,954,958,53
18287,18287,135,240,240,10
18288,18288,131,204,205,13
18289,18289,39,197,201,34
18290,18290,92,319,321,23
18291,18291,103,568,568,3
18292,18292,113,210,210,9
18293,18293,122,315,317,25
18294,18294,28,167,167,13
18295,18295,51,778,780,17
18296,18296,30,339,340,11
18297,18297,144,283,285,26
18298,18298,33,177,179,19
18299,18299,22,301,302,15
18300,18300,67,252,252,3
18301,18301,113,210,211,26
18302,18302,24,355,358,47
18303,18303,31,245,245,14
18304,18304,21,181,182,11
18305,18305,92,321,322,23
18306,18306,97,469,469,10
18307,18307,146,171,171,13
18308,18308,2,217,219,20
18309,18309,34,161,162,14
18310,18310,117,164,165,18
18311,18311,145,306,309,42
18312,18312,85,184,184,9
18313,18313,117,165,165,19
18314,18314,144,285,287,22
18315,18315,118,267,269,22
18316,18316,2,219,222,68
18317,18317,128,210,210,9
18318,18318,69,107,107,1
18319,18319,84,313,314,15
18320,18320,2,222,223,13
18321,18321,102,1276,1278,30
18322,18322,126,259,259,23
18323,18323,58,288,289,13
18324,18324,22,302,303,21
18325,18325,70,237,241,40
18326,18326,78,353,354,38
18327,18327,14,261,261,10
18328,18328,97,469,472,24
18329,18329,63,211,213,22
18330,18330,39,201,204,21
18331,18331,108,2414,2416,23
18332,18332,1,118,118,8
18333,18333,89,204,204,15
18334,18334,10,264,264,10
18335,18335,34,162,162,5
18336,18336,58,289,290,18
18337,18337,22,303,303,4
18338,18338,28,167,167,7
18339,18339,65,308,308,22
18340,18340,59,240,242,33
18341,18341,24,358,362,48
18342,18342,5,150,151,11
18343,18343,50,343,344,20
18344,18344,84,314,316,21
18345,18345,134,211,215,32
18346,18346,58,290,291,17
18347,18347,48,1327,1327,14
18348,18348,32,250,252,18
18349,18349,78,354,355,13
18350,18350,119,233,234,14
18351,18351,70,241,242,42
18352,18352,117,165,167,21
18353,18353,51,780,782,19
18354,18354,103,568,570,55
18355,18355,77,324,326,40
18356,18356,85,184,186,17
18357,18357,81,237,239,22
18358,18358,150,328,329,11
18359,18359,149,192,192,8
18360,18360,89,204,204,8
18361,18361,126,259,260,13
18362,18362,132,354,360,55
18363,18363,77,326,328,28
18364,18364,121,209,210,17
18365,18365,83,349,354,50
18366,18366,48,1327,1330,30
18367,18367,27,251,251,6
18368,18368,41,238,238,4
18369,18369,28,167,167,9
18370,18370,37,198,200,27
18371,18371,22,303,305,24
18372,18372,57,158,158,18
18373,18373,78,355,355,3
18374,18374,18,205,206,10
18375,18375,82,291,292,8
18376,18376,59,242,243,20
18377,18377,55,961,963,22
18378,18378,64,372,372,6
18379,18379,116,261,263,21
18380,18380,138,192,192,23
18381,18381,146,171,171,3
18382,18382,1,118,119,16
18383,18383,4,143,143,11
18384,18384,41,238,243,40
18385,18385,104,623,625,49
18386,18386,112,225,225,16
18387,18387,28,167,168,9
18388,18388,53,682,684,20
18389,18389,98,284,284,7
18390,18390,121,210,211,29
18391,18391,9,198,199,47
18392,18392,34,162,163,12
18393,18393,16,164,166,52
18394,18394,9,199,200,21
18395,18395,87,126,126,12
18396,18396,73,204,205,11
18397,18397,95,295,296,17
18398,18398,142,120,120,7
18399,18399,9,200,200,8
18400,18400,42,258,259,23
18401,18401,132,360,363,41
18402,18402,146,171,173,36
18403,18403,50,344,344,4
18404,18404,9,200,200,6
18405,18405,49,891,897,54
18406,18406,78,355,357,29
18407,18407,12,176,176,7
18408,18408,51,782,783,39
18409,18409,78,357,358,11
18410,18410,33,179,185,49
18411,18411,133,215,215,13
18412,18412,26,416,416,6
18413,18413,76,212,217,40
18414,18414,123,243,244,16
18415,18415,34,163,165,22
18416,18416,20,357,357,7
18417,18417,41,243,244,20
18418,18418,10,264,264,7
18419,18419,25,358,358,8
18420,18420,78,358,361,27
18421,18421,83,354,358,35
18422,18422,50,344,346,17
18423,18423,21,182,185,30
18424,18424,64,372,376,47
18425,18425,27,251,253,32
18426,18426,116,263,264,18
18427,18427,115,140,140,23
18428,18428,65,308,308,15
18429,18429,63,213,216,25
18430,18430,51,783,783,4
18431,18431,78,361,365,35
18432,18432,51,783,784,15
18433,18433,51,784,786,26
18434,18434,72,194,198,32
18435,18435,5,151,152,10
18436,18436,107,1349,1349,8
18437,18437,60,174,179,59
18438,18438,89,204,204,16
18439,18439,24,362,362,3
18440,18440,95,296,299,24
18441,18441,129,313,315,15
18442,18442,96,294,296,22
18443,18443,123,244,249,47
18444,18444,37,200,200,10
18445,18445,12,176,176,12
18446,18446,46,1721,1723,21
18447,18447,106,958,959,18
18448,18448,26,416,418,21
18449,18449,134,215,218,24
18450,18450,117,167,167,5
18451,18451,51,786,787,14
18452,18452,112,225,226,21
18453,18453,4,143,144,31
18454,18454,4,144,145,10
18455,18455,140,96,96,6
18456,18456,67,252,252,19
18457,18457,16,166,170,48
18458,18458,73,205,207,18
18459,18459,26,418,420,29
18460,18460,69,107,107,6
18461,18461,90,196,197,21
18462,18462,89,204,204,17
18463,18463,82,292,292,9
18464,18464,130,369,369,11
18465,18465,11,277,278,17
18466,18466,111,262,262,13
18467,18467,74,441,445,44
18468,18468,86,195,195,5
18469,18469,91,252,256,30
18470,18470,5,152,152,14
18471,18471,48,1330,1330,6
18472,18472,99,266,266,18
18473,18473,8,197,198,29
18474,18474,79,120,122,15
18475,18475,28,168,174,44
18476,18476,130,369,369,1
18477,18477,135,240,241,11
18478,18478,113,211,211,4
18479,18479,57,158,159,21
18480,18480,90,197,200,28
18481,18481,19,194,195,17
18482,18482,110,258,258,2
18483,18483,110,258,261,24
18484,18484,109,1286,1287,14
18485,18485,76,217,217,17
18486,18486,127,133,135,24
18487,18487,109,1287,1292,50
18488,18488,130,369,375,57
18489,18489,123,249,256,59
18490,18490,87,126,126,7
18491,18491,4,145,145,11
18492,18492,59,243,243,15
18493,18493,121,211,213,34
18494,18494,17,286,286,14
18495,18495,80,289,289,16
18496,18496,31,245,245,11
18497,18497,129,315,317,17
18498,18498,78,365,368,52
18499,18499,150,329,335,47
18500,18500,9,200,201,13
18501,18501,26,420,421,13
18502,18502,36,332,332,8
18503,18503,23,398,399,22
18504,18504,3,234,235,16
18505,18505,17,286,288,20
18506,18506,120,190,192,20
18507,18507,64,376,382,44
18508,18508,89,204,205,22
18509,18509,31,245,247,30
18510,18510,73,207,208,17
18511,18511,74,445,451,50
18512,18512,18,206,207,12
18513,18513,18,207,208,20
18514,18514,33,185,185,7
18515,18515,58,291,292,16
18516,18516,46,1723,1724,16
18517,18517,7,192,193,7
18518,18518,112,226,227,27
18519,18519,49,897,897,11
18520,18520,97,472,476,36
18521,18521,80,289,290,9
18522,18522,64,382,383,16
18523,18523,144,287,289,18
18524,18524,26,421,422,16
18525,18525,14,261,262,15
18526,18526,22,305,310,47
18527,18527,140,96,96,16
18528,18528,23,399,401,19
18529,18529,93,206,206,5
18530,18530,138,192,194,23
18531,18531,18,208,208,7
18532,18532,133,215,215,6
18533,18533,100,296,304,58
18534,18534,52,857,864,57
18535,18535,144,289,292,23
18536,18536,85,186,188,36
18537,18537,30,340,342,22
18538,18538,119,234,237,37
18539,18539,113,211,211,10
18540,18540,71,206,207,10
18541,18541,63,216,218,17
18542,18542,96,296,296,6
18543,18543,131,205,205,4
18544,18544,99,266,266,14
18545,18545,46,1724,1724,10
18546,18546,56,168,171,44
18547,18547,116,264,264,15
18548,18548,80,290,291,21
18549,18549,45,121,121,5
18550,18550,100,304,307,23
18551,18551,132,363,364,14
18552,18552,129,317,317,7
18553,18553,148,303,304,14
18554,18554,117,167,167,19
18555,18555,50,346,346,6
18556,18556,45,121,123,27
18557,18557,77,328,328,4
18558,18558,92,322,322,7
18559,18559,33,185,185,8
18560,18560,11,278,278,3
18561,18561,114,332,333,14
18562,18562,40,294,298,39
18563,18563,135,241,242,19
18564,18564,137,286,286,10
18565,18565,65,308,313,44
18566,18566,20,357,358,10
18567,18567,95,299,300,9
18568,18568,52,864,864,8
18569,18569,91,256,256,4
18570,18570,1,119,120,17
18571,18571,111,262,263,10
18572,18572,89,205,207,26
18573,18573,116,264,264,20
18574,18574,148,304,305,10
18575,18575,129,317,318,8
18576,18576,74,451,452,12
18577,18577,23,401,401,21
18578,18578,6,194,194,22
18579,18579,57,159,162,27
18580,18580,71,207,208,20
18581,18581,91,256,256,10
18582,18582,128,210,211,14
18583,18583,23,401,402,15
18584,18584,92,322,323,16
18585,18585,34,165,169,33
18586,18586,125,303,304,23
18587,18587,48,1330,1332,55
18588,18588,59,243,245,30
18589,18589,111,263,265,25
18590,18590,91,256,257,12
18591,18591,17,288,289,37
18592,18592,107,1349,1350,10
18593,18593,54,411,414,24
18594,18594,140,96,96,15
18595,18595,76,217,218,19
18596,18596,3,235,236,43
18597,18597,27,253,255,29
18598,18598,35,204,209,47
18599,18599,68,376,376,3
18600,18600,5,152,152,12
18601,18601,150,335,336,38
18602,18602,97,476,477,23
18603,18603,90,200,201,29
18604,18604,132,364,364,22
18605,18605,5,152,153,19
18606,18606,102,1278,1279,13
18607,18607,97,477,478,45
18608,18608,28,174,175,23
18609,18609,122,317,317,8
18610,18610,6,194,195,9
18611,18611,106,959,963,54
18612,18612,33,185,185,3
18613,18613,130,375,383,54
18614,18614,73,208,209,21
18615,18615,25,358,359,15
18616,18616,73,209,209,10
18617,18617,2,223,223,11
18618,18618,144,292,292,3
18619,18619,144,292,292,13
18620,18620,17,289,291,20
18621,18621,77,328,332,44
18622,18622,27,255,255,25
18623,18623,74,452,452,10
18624,18624,125,304,306,33
18625,18625,109,1292,1297,58
18626,18626,5,153,153,10
18627,18627,126,260,260,8
18628,18628,91,257,261,31
18629,18629,36,332,333,35
18630,18630,11,278,278,6
18631,18631,2,223,223,6
18632,18632,138,194,194,19
18633,18633,121,213,216,42
18634,18634,130,383,383,5
18635,18635,87,126,126,9
18636,18636,50,346,346,10
18637,18637,148,305,309,44
18638,18638,78,368,368,9
18639,18639,71,208,209,29
18640,18640,64,383,384,34
18641,18641,74,452,453,17
18642,18642,9,201,203,19
18643,18643,23,402,402,11
18644,18644,17,291,293,27
18645,18645,40,298,298,2
18646,18646,20,358,358,8
18647,18647,61,119,120,20
18648,18648,139,170,171,29
18649,18649,51,787,787,14
18650,18650,116,264,266,23
18651,18651,22,310,311,19
18652,18652,127,135,135,17
18653,18653,27,255,258,39
18654,18654,120,192,199,63
18655,18655,135,242,242,10
18656,18656,119,237,237,4
18657,18657,39,204,206,50
18658,18658,80,291,292,46
18659,18659,12,176,176,11
18660,18660,71,209,211,23
18661,18661,137,286,287,10
18662,18662,39,206,206,8
18663,18663,95,300,301,12
18664,18664,74,453,454,23
18665,18665,98,284,285,13
18666,18666,12,176,177,14
18667,18667,70,242,246,43
18668,18668,32,252,253,17
18669,18669,119,237,239,15
18670,18670,11,278,279,17
18671,18671,82,292,292,14
18672,18672,82,292,299,61
18673,18673,41,244,245,12
18674,18674,25,359,360,21
18675,18675,127,135,136,16
18676,18676,26,422,425,24
18677,18677,89,207,207,5
18678,18678,4,145,145,11
18679,18679,139,171,171,12
18680,18680,143,241,243,17
18681,18681,95,301,304,32
18682,18682,114,333,334,11
18683,18683,68,376,380,66
18684,18684,71,211,212,15
18685,18685,29,191,192,20
18686,18686,23,402,405,26
18687,18687,23,405,406,22
18688,18688,145,309,312,35
18689,18689,3,236,242,44
18690,18690,116,266,269,28
18691,18691,68,380,381,12
18692,18692,26,425,426,20
18693,18693,25,360,361,14
18694,18694,145,312,312,13
18695,18695,74,454,455,25
18696,18696,72,198,198,16
18697,18697,28,175,176,18
18698,18698,135,242,243,20
18699,18699,39,206,206,8
18700,18700,2,223,223,17
18701,18701,129,318,318,2
18702,18702,20,358,358,6
18703,18703,58,292,295,36
18704,18704,119,239,241,20
18705,18705,124,232,233,17
18706,18706,93,206,207,24
18707,18707,71,212,213,18
18708,18708,129,318,323,58
18709,18709,51,787,790,31
18710,18710,85,188,189,16
18711,18711,145,312,314,38
18712,18712,104,625,626,14
18713,18713,34,169,170,15
18714,18714,140,96,97,15
18715,18715,4,145,145,13
18716,18716,96,296,297,47
18717,18717,127,136,139,25
18718,18718,102,1279,1280,11
18719,18719,100,307,307,9
18720,18720,46,1724,1727,24
18721,18721,117,167,167,13
18722,18722,117,167,170,26
18723,18723,43,296,297,12
18724,18724,26,426,433,59
18725,18725,137,287,288,13
18726,18726,31,247,249,55
18727,18727,39,206,208,20
18728,18728,63,218,220,64
18729,18729,17,293,294,19
18730,18730,27,258,259,34
18731,18731,9,203,204,18
18732,18732,108,2416,2417,50
18733,18733,132,364,364,7
18734,18734,20,358,359,9
18735,18735,35,209,209,5
18736,18736,84,316,320,32
18737,18737,64,384,389,48
18738,18738,132,364,364,10
18739,18739,129,323,324,11
18740,18740,136,336,336,15
18741,18741,111,265,267,16
18742,18742,14,262,262,13
18743,18743,26,433,433,13
18744,18744,91,261,264,26
18745,18745,64,389,389,8
18746,18746,78,368,368,15
18747,18747,32,253,253,7
18748,18748,7,193,194,21
18749,18749,114,334,335,26
18750,18750,120,199,199,2
18751,18751,12,177,180,41
18752,18752,131,205,206,14
18753,18753,84,320,322,57
18754,18754,137,288,288,16
18755,18755,64,389,390,20
18756,18756,35,209,209,11
18757,18757,128,211,211,9
18758,18758,17,294,294,1
18759,18759,44,235,235,8
18760,18760,73,209,212,24
18761,18761,49,897,897,7
18762,18762,119,241,243,22
18763,18763,7,194,194,11
18764,18764,97,478,478,20
18765,18765,3,242,244,34
18766,18766,90,201,204,40
18767,18767,44,235,235,6
18768,18768,17,294,295,20
18769,18769,94,361,362,29
18770,18770,147,280,280,13
18771,18771,40,298,299,10
18772,18772,99,266,267,21
18773,18773,91,264,264,15
18774,18774,17,295,296,17
18775,18775,39,208,208,17
18776,18776,33,185,186,15
18777,18777,73,212,212,12
18778,18778,3,244,247,33
18779,18779,36,333,340,54
18780,18780,109,1297,1297,7
18781,18781,15,99,100,36
18782,18782,82,299,306,60
18783,18783,146,173,175,17
18784,18784,104,626,627,47
18785,18785,127,139,140,16
18786,18786,37,200,201,18
18787,18787,144,292,292,24
18788,18788,1,120,120,13
18789,18789,113,211,216,47
18790,18790,86,195,196,19
18791,18791,34,170,172,20
18792,18792,125,306,306,10
18793,18793,60,179,179,5
18794,18794,28,176,176,23
18795,18795,72,198,199,13
18796,18796,32,253,254,12
18797,18797,142,120,122,21
18798,18798,32,254,256,23
18799,18799,7,194,194,18
18800,18800,64,390,393,41
18801,18801,108,2417,2418,18
18802,18802,121,216,217,32
18803,18803,24,362,362,17
18804,18804,112,227,228,28
18805,18805,94,362,362,18
18806,18806,30,342,345,36
18807,18807,67,252,252,10
18808,18808,137,288,289,18
18809,18809,14,262,265,22
18810,18810,103,570,571,15
18811,18811,76,218,219,28
18812,18812,78,368,370,33
18813,18813,38,259,261,23
18814,18814,72,199,200,16
18815,18815,26,433,433,6
18816,18816,86,196,196,15
18817,18817,54,414,414,10
18818,18818,32,256,256,10
18819,18819,120,199,204,68
18820,18820,113,216,217,15
18821,18821,9,204,205,11
18822,18822,109,1297,1297,12
18823,18823,23,406,407,12
18824,18824,85,189,190,22
18825,18825,70,246,247,32
18826,18826,52,864,864,5
18827,18827,32,256,256,18
18828,18828,18,208,208,11
18829,18829,95,304,304,11
18830,18830,67,252,257,54
18831,18831,75,155,158,30
18832,18832,64,393,393,5
18833,18833,93,207,209,40
18834,18834,7,194,195,14
18835,18835,141,110,110,18
18836,18836,84,322,324,25
18837,18837,53,684,690,60
18838,18838,7,195,199,42
18839,18839,13,339,340,40
18840,18840,147,280,280,3
18841,18841,60,179,182,29
18842,18842,89,207,209,19
18843,18843,17,296,297,13
18844,18844,60,182,183,49
18845,18845,70,247,247,5
18846,18846,139,171,176,40
18847,18847,131,206,206,7
18848,18848,26,433,438,67
18849,18849,18,208,209,16
18850,18850,77,332,337,38
18851,18851,107,1350,1354,37
18852,18852,3,247,251,45
18853,18853,106,963,967,52
18854,18854,66,219,219,4
18855,18855,26,438,439,13
18856,18856,3,251,252,17
18857,18857,137,289,292,37
18858,18858,54,414,415,17
18859,18859,149,192,194,33
18860,18860,129,324,325,16
18861,18861,139,176,176,16
18862,18862,13,340,340,21
18863,18863,78,370,376,44
18864,18864,102,1280,1281,25
18865,18865,62,179,182,28
18866,18866,6,195,197,17
18867,18867,100,307,309,35
18868,18868,53,690,690,12
18869,18869,117,170,171,16
18870,18870,108,2418,2419,16
18871,18871,147,280,280,6
18872,18872,97,478,479,49
18873,18873,141,110,110,1
18874,18874,103,571,572,55
18875,18875,16,170,171,9
18876,18876,108,2419,2420,19
18877,18877,37,201,207,67
18878,18878,5,153,155,15
18879,18879,1,120,122,17
18880,18880,120,204,205,12
18881,18881,63,220,223,25
18882,18882,106,967,971,40
18883,18883,145,314,315,28
18884,18884,80,292,294,17
18885,18885,107,1354,1354,18
18886,18886,146,175,176,14
18887,18887,123,256,257,14
18888,18888,22,311,311,19
18889,18889,109,1297,1301,42
18890,18890,8,198,200,21
18891,18891,136,336,336,4
18892,18892,93,209,209,14
18893,18893,2,223,224,11
18894,18894,85,190,190,10
18895,18895,102,1281,1283,33
18896,18896,13,340,340,14
18897,18897,87,126,134,61
18898,18898,17,297,299,19
18899,18899,71,213,214,13
18900,18900,8,200,201,31
18901,18901,134,218,220,28
18902,18902,117,171,171,12
18903,18903,69,107,107,7
18904,18904,15,100,101,52
18905,18905,63,223,226,25
18906,18906,2,224,227,43
18907,18907,124,233,234,15
18908,18908,32,256,261,46
18909,18909,120,205,205,9
18910,18910,49,897,899,21
18911,18911,81,239,239,10
18912,18912,28,176,176,3
18913,18913,14,265,266,20
18914,18914,45,123,125,37
18915,18915,32,261,261,4
18916,18916,7,199,202,30
18917,18917,121,217,220,25
18918,18918,26,439,440,23
18919,18919,150,336,336,15
18920,18920,76,219,219,9
18921,18921,97,479,479,20
18922,18922,25,361,364,37
18923,18923,74,455,457,24
18924,18924,7,202,207,37
18925,18925,38,261,263,18
18926,18926,144,292,293,20
18927,18927,95,304,307,30
18928,18928,131,206,210,44
18929,18929,143,243,243,11
18930,18930,28,176,180,42
18931,18931,3,252,252,7
18932,18932,17,299,305,47
18933,18933,73,212,212,6
18934,18934,2,227,229,18
18935,18935,117,171,171,17
18936,18936,78,376,380,31
18937,18937,35,209,209,7
18938,18938,91,264,265,26
18939,18939,140,97,97,12
18940,18940,121,220,223,38
18941,18941,68,381,382,20
18942,18942,53,690,691,24
18943,18943,102,1283,1283,7
18944,18944,130,383,384,42
18945,18945,19,195,196,12
18946,18946,95,307,308,22
18947,18947,125,306,311,62
18948,18948,56,171,174,30
18949,18949,85,190,190,17
18950,18950,119,243,243,14
18951,18951,18,209,210,9
18952,18952,150,336,337,9
18953,18953,150,337,342,41
18954,18954,74,457,465,59
18955,18955,128,211,211,18
18956,18956,78,380,381,13
18957,18957,124,234,234,17
18958,18958,127,140,141,9
18959,18959,70,247,247,19
18960,18960,60,183,185,16
18961,18961,8,201,203,18
18962,18962,78,381,382,11
18963,18963,32,261,263,16
18964,18964,70,247,247,5
18965,18965,97,479,483,34
18966,18966,147,280,280,10
18967,18967,19,196,196,8
18968,18968,65,313,316,29
18969,18969,70,247,249,43
18970,18970,10,264,267,23
18971,18971,46,1727,1728,11
18972,18972,50,346,346,3
18973,18973,65,316,318,46
18974,18974,17,305,305,7
18975,18975,50,346,346,12
18976,18976,119,243,243,6
18977,18977,74,465,466,14
18978,18978,100,309,311,18
18979,18979,118,269,272,52
18980,18980,5,155,156,15
18981,18981,32,263,264,23
18982,18982,36,340,340,9
18983,18983,44,235,236,46
18984,18984,108,2420,2421,12
18985,18985,1,122,124,19
18986,18986,27,259,261,18
18987,18987,83,358,360,41
18988,18988,25,364,364,8
18989,18989,24,362,363,8
18990,18990,13,340,343,27
18991,18991,59,245,249,34
18992,18992,16,171,171,14
18993,18993,144,293,293,14
18994,18994,64,393,393,7
18995,18995,75,158,159,22
18996,18996,118,272,273,13
18997,18997,25,364,369,36
18998,18998,91,265,265,15
18999,18999,143,243,243,13
19000,19000,25,369,372,41
19001,19001,48,1332,1332,8
19002,19002,78,382,384,28
19003,19003,119,243,249,56
19004,19004,76,219,221,23
19005,19005,144,293,293,23
19006,19006,49,899,902,50
19007,19007,13,343,343,13
19008,19008,100,311,312,8
19009,19009,105,567,567,15
19010,19010,142,122,122,12
19011,19011,84,324,327,32
19012,19012,119,249,250,17
19013,19013,92,323,323,18
19014,19014,81,239,240,24
19015,19015,83,360,360,15
19016,19016,41,245,245,14
19017,19017,28,180,180,20
19018,19018,73,212,213,15
19019,19019,113,217,218,33
19020,19020,80,294,294,21
19021,19021,85,190,190,27
19022,19022,144,293,294,12
19023,19023,141,110,110,3
19024,19024,123,257,261,29
19025,19025,84,327,330,26
19026,19026,89,209,209,26
19027,19027,50,346,347,11
19028,19028,128,211,212,19
19029,19029,5,156,156,7
19030,19030,112,228,228,29
19031,19031,150,342,342,13
19032,19032,150,342,342,10
19033,19033,122,317,322,42
19034,19034,116,269,271,31
19035,19035,3,252,252,12
19036,19036,127,141,142,14
19037,19037,58,295,300,57
19038,19038,81,240,242,26
19039,19039,140,97,97,4
19040,19040,92,323,323,9
19041,19041,118,273,275,46
19042,19042,128,212,213,20
19043,19043,90,204,205,20
19044,19044,2,229,233,30
19045,19045,1,124,124,9
19046,19046,46,1728,1729,14
19047,19047,24,363,364,10
19048,19048,89,209,210,14
19049,19049,47,380,382,46
19050,19050,131,210,211,26
19051,19051,55,963,963,3
19052,19052,113,218,218,10
19053,19053,91,265,265,5
19054,19054,91,265,265,10
19055,19055,87,134,135,31
19056,19056,27,261,261,8
19057,19057,103,572,572,1
19058,19058,108,2421,2423,25
19059,19059,89,210,210,4
19060,19060,90,205,209,30
19061,19061,1,124,125,11
19062,19062,124,234,235,14
19063,19063,132,364,365,13
19064,19064,110,261,261,9
19065,19065,110,261,266,57
19066,19066,49,902,906,53
19067,19067,11,279,285,42
19068,19068,7,207,208,17
19069,19069,129,325,330,43
19070,19070,128,213,214,23
19071,19071,84,330,332,24
19072,19072,101,1853,1854,16
19073,19073,126,260,262,19
19074,19074,105,567,570,36
19075,19075,81,242,245,41
19076,19076,148,309,309,12
19077,19077,98,285,285,1
19078,19078,12,180,182,29
19079,19079,111,267,269,50
19080,19080,129,330,337,50
19081,19081,144,294,296,22
19082,19082,35,209,210,14
19083,19083,130,384,384,12
19084,19084,87,135,135,2
19085,19085,40,299,300,23
19086,19086,22,311,313,47
19087,19087,64,393,393,16
19088,19088,97,483,484,33
19089,19089,71,214,217,27
19090,19090,42,259,260,17
19091,19091,40,300,304,33
19092,19092,112,228,231,29
19093,19093,23,407,407,9
19094,19094,26,440,440,9
19095,19095,57,162,164,24
19096,19096,52,864,869,55
19097,19097,115,140,142,14
19098,19098,57,164,166,27
19099,19099,147,280,280,3
19100,19100,96,297,298,41
19101,19101,3,252,254,33
19102,19102,91,265,270,65
19103,19103,52,869,869,7
19104,19104,95,308,310,24
19105,19105,58,300,301,13
19106,19106,89,210,210,23
19107,19107,64,393,395,35
19108,19108,87,135,136,15
19109,19109,38,263,263,21
19110,19110,77,337,343,53
19111,19111,62,182,184,15
19112,19112,74,466,469,30
19113,19113,38,263,264,41
19114,19114,132,365,365,9
19115,19115,67,257,261,53
19116,19116,57,166,167,17
19117,19117,42,260,260,7
19118,19118,144,296,297,22
19119,19119,125,311,314,29
19120,19120,78,384,384,21
19121,19121,124,235,236,10
19122,19122,92,323,327,46
19123,19123,108,2423,2423,17
19124,19124,78,384,386,22
19125,19125,89,210,211,19
19126,19126,52,869,870,15
19127,19127,64,395,397,42
19128,19128,135,243,245,18
19129,19129,130,384,384,5
19130,19130,25,372,377,40
19131,19131,22,313,315,27
19132,19132,32,264,265,16
19133,19133,40,304,304,5
19134,19134,65,318,320,21
19135,19135,54,415,416,29
19136,19136,10,267,268,15
19137,19137,106,971,973,54
19138,19138,49,906,914,57
19139,19139,129,337,337,1
19140,19140,133,215,216,11
19141,19141,7,208,208,8
19142,19142,137,292,292,10
19143,19143,17,305,305,7
19144,19144,38,264,266,22
19145,19145,8,203,205,22
19146,19146,123,261,261,8
19147,19147,67,261,262,17
19148,19148,108,2423,2424,14
19149,19149,150,342,342,15
19150,19150,149,194,195,7
19151,19151,108,2424,2425,15
19152,19152,94,362,364,23
19153,19153,29,192,193,27
19154,19154,19,196,197,15
19155,19155,105,570,571,17
19156,19156,104,627,629,27
19157,19157,3,254,255,39
19158,19158,21,185,186,25
19159,19159,73,213,216,28
19160,19160,28,180,182,19
19161,19161,92,327,329,20
19162,19162,83,360,360,8
19163,19163,48,1332,1334,23
19164,19164,111,269,270,12
19165,19165,109,1301,1302,12
19166,19166,97,484,488,49
19167,19167,25,377,379,21
19168,19168,104,629,635,44
19169,19169,125,314,316,15
19170,19170,26,440,440,18
19171,19171,39,208,213,50
19172,19172,123,261,262,16
19173,19173,2,233,238,38
19174,19174,110,266,267,17
19175,19175,141,110,110,13
19176,19176,31,249,252,32
19177,19177,65,320,320,16
19178,19178,27,261,261,3
19179,19179,116,271,272,18
19180,19180,47,382,382,9
19181,19181,115,142,145,25
19182,19182,76,221,221,10
19183,19183,131,211,211,3
19184,19184,133,216,219,22
19185,19185,117,171,171,21
19186,19186,65,320,322,19
19187,19187,147,280,283,29
19188,19188,89,211,213,49
19189,19189,78,386,386,6
19190,19190,98,285,287,32
19191,19191,40,304,308,46
19192,19192,11,285,291,41
19193,19193,130,384,385,35
19194,19194,5,156,156,7
19195,19195,96,298,299,17
19196,19196,56,174,177,28
19197,19197,73,216,216,6
19198,19198,123,262,262,4
19199,19199,78,386,386,27
19200,19200,46,1729,1729,3
19201,19201,41,245,248,44
19202,19202,124,236,237,15
19203,19203,116,272,275,41
19204,19204,137,292,293,16
19205,19205,107,1354,1354,11
19206,19206,141,110,110,12
19207,19207,138,194,194,18
19208,19208,100,312,313,19
19209,19209,87,136,139,53
19210,19210,76,221,221,20
19211,19211,19,197,197,7
19212,19212,96,299,300,10
19213,19213,24,364,364,12
19214,19214,39,213,213,8
19215,19215,128,214,215,24
19216,19216,150,342,345,45
19217,19217,17,305,305,18
19218,19218,4,145,147,31
19219,19219,64,397,402,39
19220,19220,24,364,365,25
19221,19221,22,315,319,55
19222,19222,67,262,265,24
19223,19223,86,196,197,15
19224,19224,94,364,365,19
19225,19225,133,219,221,34
19226,19226,127,142,144,18
19227,19227,73,216,216,3
19228,19228,78,386,387,25
19229,19229,59,249,250,14
19230,19230,26,440,449,67
19231,19231,142,122,122,16
19232,19232,35,210,210,10
19233,19233,20,359,360,18
19234,19234,69,107,108,11
19235,19235,146,176,176,11
19236,19236,25,379,383,55
19237,19237,102,1283,1284,23
19238,19238,126,262,262,26
19239,19239,79,122,127,54
19240,19240,51,790,792,19
19241,19241,2,238,242,36
19242,19242,147,283,284,20
19243,19243,71,217,220,29
19244,19244,75,159,160,23
19245,19245,60,185,189,45
19246,19246,50,347,350,31
19247,19247,64,402,402,6
19248,19248,64,402,403,14
19249,19249,105,571,573,16
19250,19250,97,488,489,13
19251,19251,111,270,273,39
19252,19252,22,319,320,20
19253,19253,97,489,489,20
19254,19254,144,297,298,23
19255,19255,119,250,253,32
19256,19256,78,387,390,28
19257,19257,125,316,318,24
19258,19258,140,97,98,14
19259,19259,106,973,979,57
19260,19260,96,300,304,47
19261,19261,44,236,241,49
19262,19262,22,320,323,58
19263,19263,126,262,264,17
19264,19264,11,291,292,32
19265,19265,118,275,275,9
19266,19266,86,197,197,16
19267,19267,130,385,388,65
19268,19268,95,310,311,12
19269,19269,64,403,405,22
19270,19270,70,249,250,40
19271,19271,19,197,201,48
19272,19272,145,315,319,43
19273,19273,66,219,221,21
19274,19274,68,382,382,12
19275,19275,56,177,179,25
19276,19276,5,156,157,8
19277,19277,145,319,320,33
19278,19278,113,218,219,19
19279,19279,118,275,276,15
19280,19280,86,197,198,20
19281,19281,37,207,207,8
19282,19282,11,292,294,38
19283,19283,29,193,196,47
19284,19284,23,407,408,16
19285,19285,51,792,794,14
19286,19286,127,144,146,25
19287,19287,123,262,262,3
19288,19288,100,313,314,39
19289,19289,24,365,365,18
19290,19290,88,266,270,42
19291,19291,132,365,367,54
19292,19292,110,267,267,5
19293,19293,150,345,345,12
19294,19294,91,270,275,51
19295,19295,24,365,366,33
19296,19296,13,343,344,26
19297,19297,78,390,390,21
19298,19298,108,2425,2428,28
19299,19299,125,318,319,14
19300,19300,24,366,371,47
19301,19301,14,266,269,28
19302,19302,85,190,191,30
19303,19303,109,1302,1303,13
19304,19304,42,260,261,18
19305,19305,94,365,369,31
19306,19306,91,275,276,13
19307,19307,74,469,470,30
19308,19308,50,350,351,14
19309,19309,111,273,273,18
19310,19310,14,269,269,7
19311,19311,39,213,215,21
19312,19312,140,98,98,2
19313,19313,149,195,195,5
19314,19314,34,172,173,35
19315,19315,139,176,178,25
19316,19316,14,269,273,32
19317,19317,78,390,391,12
19318,19318,144,298,299,21
19319,19319,67,265,266,12
19320,19320,150,345,345,5
19321,19321,85,191,192,18
19322,19322,48,1334,1334,9
19323,19323,78,391,391,9
19324,19324,65,322,325,49
19325,19325,112,231,232,20
19326,19326,38,266,268,50
19327,19327,127,146,146,17
19328,19328,66,221,221,3
19329,19329,135,245,246,15
19330,19330,116,275,276,22
19331,19331,78,391,391,12
19332,19332,99,267,268,18
19333,19333,13,344,345,22
19334,19334,123,262,262,8
19335,19335,147,284,289,34
19336,19336,78,391,392,10
19337,19337,74,470,478,56
19338,19338,87,139,140,41
19339,19339,95,311,312,20
19340,19340,142,122,128,41
19341,19341,95,312,312,11
19342,19342,41,248,248,15
19343,19343,110,267,268,14
19344,19344,50,351,358,65
19345,19345,108,2428,2428,14
19346,19346,54,416,416,9
19347,19347,60,189,196,55
19348,19348,95,312,314,24
19349,19349,15,101,107,49
19350,19350,50,358,358,10
19351,19351,64,405,407,23
19352,19352,40,308,308,13
19353,19353,147,289,289,4
19354,19354,101,1854,1855,9
19355,19355,62,184,191,52
19356,19356,43,297,302,37
19357,19357,114,335,336,22
19358,19358,22,323,323,10
19359,19359,150,345,345,12
19360,19360,60,196,198,18
19361,19361,104,635,639,48
19362,19362,2,242,243,19
19363,19363,14,273,273,19
19364,19364,14,273,273,10
19365,19365,130,388,391,40
19366,19366,97,489,495,62
19367,19367,27,261,263,24
19368,19368,105,573,575,43
19369,19369,71,220,220,5
19370,19370,119,253,254,20
19371,19371,36,340,343,49
19372,19372,108,2428,2428,4
19373,19373,83,360,365,38
19374,19374,82,306,306,15
19375,19375,40,308,311,50
19376,19376,150,345,346,9
19377,19377,118,276,281,51
19378,19378,77,343,344,12
19379,19379,24,371,372,18
19380,19380,148,309,310,22
19381,19381,23,408,410,32
19382,19382,148,310,318,57
19383,19383,11,294,294,21
19384,19384,1,125,125,9
19385,19385,14,273,279,49
19386,19386,66,221,222,22
19387,19387,114,336,342,49
19388,19388,37,207,209,15
19389,19389,38,268,272,53
19390,19390,81,245,246,11
19391,19391,18,210,213,23
19392,19392,64,407,410,23
19393,19393,26,449,452,51
19394,19394,130,391,393,21
19395,19395,138,194,195,23
19396,19396,101,1855,1857,55
19397,19397,129,337,338,25
19398,19398,130,393,393,7
19399,19399,109,1303,1304,15
19400,19400,101,1857,1857,12
19401,19401,54,416,417,33
19402,19402,106,979,981,38
19403,19403,71,220,220,16
19404,19404,36,343,343,11
19405,19405,110,268,269,17
19406,19406,46,1729,1731,24
19407,19407,48,1334,1336,15
19408,19408,41,248,248,23
19409,19409,89,213,216,38
19410,19410,24,372,372,21
19411,19411,39,215,218,49
19412,19412,5,157,158,18
19413,19413,112,232,233,22
19414,19414,58,301,301,3
19415,19415,68,382,385,25
19416,19416,134,220,223,25
19417,19417,59,250,251,22
19418,19418,5,158,158,10
19419,19419,33,186,186,3
19420,19420,14,279,279,13
19421,19421,136,336,337,39
19422,19422,40,311,312,21
19423,19423,35,210,210,11
19424,19424,143,243,243,3
19425,19425,43,302,302,6
19426,19426,19,201,202,42
19427,19427,147,289,289,6
19428,19428,92,329,330,14
19429,19429,5,158,159,24
19430,19430,97,495,495,20
19431,19431,50,358,361,40
19432,19432,22,323,324,15
19433,19433,75,160,161,28
19434,19434,17,305,307,20
19435,19435,117,171,173,18
19436,19436,93,209,213,32
19437,19437,116,276,276,15
19438,19438,83,365,370,40
19439,19439,82,306,306,10
19440,19440,11,294,294,4
19441,19441,147,289,296,55
19442,19442,138,195,196,22
19443,19443,9,205,207,17
19444,19444,108,2428,2428,15
19445,19445,130,393,394,17
19446,19446,90,209,210,14
19447,19447,80,294,298,48
19448,19448,76,221,223,22
19449,19449,86,198,202,36
19450,19450,71,220,221,37
19451,19451,68,385,386,16
19452,19452,113,219,219,8
19453,19453,123,262,265,22
19454,19454,5,159,159,9
19455,19455,117,173,175,17
19456,19456,64,410,413,35
19457,19457,101,1857,1858,25
19458,19458,134,223,223,10
19459,19459,4,147,148,21
19460,19460,32,265,265,7
19461,19461,76,223,225,20
19462,19462,27,263,264,13
19463,19463,97,495,499,33
19464,19464,53,691,693,28
19465,19465,5,159,159,13
19466,19466,26,452,453,22
19467,19467,106,981,985,30
19468,19468,52,870,870,8
19469,19469,94,369,369,8
19470,19470,77,344,345,54
19471,19471,10,268,268,11
19472,19472,54,417,417,21
19473,19473,60,198,202,60
19474,19474,98,287,287,4
19475,19475,73,216,217,9
19476,19476,71,221,224,47
19477,19477,5,159,159,10
19478,19478,48,1336,1336,8
19479,19479,95,314,314,10
19480,19480,145,320,321,17
19481,19481,60,202,202,10
19482,19482,32,265,266,20
19483,19483,34,173,174,23
19484,19484,3,255,256,12
19485,19485,126,264,264,12
19486,19486,62,191,195,46
19487,19487,55,963,963,7
19488,19488,25,383,387,34
19489,19489,105,575,578,38
19490,19490,93,213,215,17
19491,19491,3,256,257,13
19492,19492,145,321,325,39
19493,19493,32,266,267,13
19494,19494,131,211,211,4
19495,19495,36,343,345,51
19496,19496,49,914,917,22
19497,19497,79,127,129,31
19498,19498,24,372,372,14
19499,19499,59,251,252,23
19500,19500,4,148,149,17
19501,19501,132,367,368,46
19502,19502,123,265,265,11
19503,19503,1,125,125,13
19504,19504,34,174,177,28
19505,19505,64,413,413,1
19506,19506,129,338,342,53
19507,19507,106,985,985,9
19508,19508,19,202,203,14
19509,19509,68,386,387,22
19510,19510,132,368,369,13
19511,19511,78,392,392,13
19512,19512,99,268,269,30
19513,19513,116,276,276,12
19514,19514,126,264,265,13
19515,19515,25,387,387,4
19516,19516,119,254,254,20
19517,19517,139,178,178,10
19518,19518,114,342,348,45
19519,19519,130,394,395,13
19520,19520,7,208,209,15
19521,19521,123,265,265,8
19522,19522,88,270,275,65
19523,19523,74,478,484,52
19524,19524,125,319,321,16
19525,19525,60,202,203,22
19526,19526,75,161,162,23
19527,19527,126,265,265,7
19528,19528,124,237,238,16
19529,19529,132,369,373,47
19530,19530,110,269,271,32
19531,19531,102,1284,1289,38
19532,19532,56,179,180,15
19533,19533,27,264,264,5
19534,19534,138,196,198,15
19535,19535,85,192,193,20
19536,19536,78,392,392,10
19537,19537,94,369,370,28
19538,19538,82,306,306,15
19539,19539,96,304,305,18
19540,19540,78,392,392,11
19541,19541,150,346,348,25
19542,19542,68,387,389,29
19543,19543,100,314,315,19
19544,19544,105,578,579,35
19545,19545,3,257,260,53
19546,19546,7,209,211,19
19547,19547,118,281,281,15
19548,19548,11,294,296,39
19549,19549,109,1304,1306,15
19550,19550,88,275,277,22
19551,19551,71,224,225,54
19552,19552,10,268,269,14
19553,19553,118,281,285,42
19554,19554,33,186,187,17
19555,19555,128,215,217,65
19556,19556,97,499,499,21
19557,19557,81,246,246,7
19558,19558,104,639,642,58
19559,19559,16,171,176,49
19560,19560,71,225,227,27
19561,19561,40,312,315,34
19562,19562,146,176,177,14
19563,19563,51,794,798,34
19564,19564,147,296,296,6
19565,19565,73,217,217,14
19566,19566,118,285,285,21
19567,19567,16,176,176,10
19568,19568,81,246,246,8
19569,19569,80,298,299,12
19570,19570,96,305,307,34
19571,19571,86,202,204,21
19572,19572,114,348,348,2
19573,19573,122,322,322,18
19574,19574,61,120,121,21
19575,19575,12,182,184,20
19576,19576,46,1731,1732,11
19577,19577,110,271,271,8
19578,19578,113,219,220,15
19579,19579,74,484,487,48
19580,19580,58,301,303,21
19581,19581,102,1289,1291,30
19582,19582,80,299,300,20
19583,19583,49,917,917,16
19584,19584,126,265,268,24
19585,19585,80,300,303,27
19586,19586,59,252,252,11
19587,19587,93,215,215,15
19588,19588,9,207,208,14
19589,19589,40,315,317,42
19590,19590,76,225,228,54
19591,19591,67,266,268,15
19592,19592,87,140,144,57
19593,19593,130,395,397,27
19594,19594,105,579,582,21
19595,19595,94,370,372,25
19596,19596,17,307,309,19
19597,19597,137,293,293,10
19598,19598,138,198,198,11
19599,19599,131,211,211,16
19600,19600,90,210,215,36
19601,19601,148,318,320,23
19602,19602,48,1336,1338,19
19603,19603,42,261,264,26
19604,19604,41,248,255,50
19605,19605,57,167,168,13
19606,19606,4,149,150,19
19607,19607,41,255,263,57
19608,19608,20,360,361,13
19609,19609,114,348,348,7
19610,19610,86,204,205,32
19611,19611,43,302,302,15
19612,19612,85,193,193,15
19613,19613,10,269,269,5
19614,19614,39,218,222,29
19615,19615,102,1291,1292,35
19616,19616,4,150,150,14
19617,19617,67,268,269,13
19618,19618,55,963,963,18
19619,19619,124,238,240,16
19620,19620,48,1338,1342,37
19621,19621,65,325,326,17
19622,19622,35,210,210,20
19623,19623,2,243,243,7
19624,19624,64,413,414,14
19625,19625,107,1354,1355,40
19626,19626,6,197,197,12
19627,19627,111,273,273,10
19628,19628,51,798,799,12
19629,19629,24,372,375,51
19630,19630,126,268,271,27
19631,19631,98,287,289,24
19632,19632,54,417,417,12
19633,19633,89,216,217,14
19634,19634,25,387,392,40
19635,19635,59,252,253,23
19636,19636,43,302,306,37
19637,19637,17,309,311,20
19638,19638,107,1355,1355,4
19639,19639,89,217,218,17
19640,19640,36,345,346,15
19641,19641,19,203,204,45
19642,19642,48,1342,1343,18
19643,19643,149,195,197,20
19644,19644,130,397,397,3
19645,19645,104,642,645,56
19646,19646,26,453,457,39
19647,19647,59,253,255,25
19648,19648,61,121,121,9
19649,19649,54,417,417,20
19650,19650,91,276,276,9
19651,19651,86,205,207,16
19652,19652,40,317,319,15
19653,19653,58,303,307,56
19654,19654,26,457,459,48
19655,19655,54,417,417,10
19656,19656,45,125,126,17
19657,19657,28,182,183,22
19658,19658,96,307,308,14
19659,19659,53,693,693,11
19660,19660,94,372,374,17
19661,19661,80,303,303,8
19662,19662,25,392,394,22
19663,19663,136,337,337,4
19664,19664,9,208,208,7
19665,19665,18,213,215,24
19666,19666,147,296,298,33
19667,19667,26,459,459,5
19668,19668,124,240,240,2
19669,19669,141,110,110,6
19670,19670,93,215,216,12
19671,19671,104,645,646,25
19672,19672,14,279,280,15
19673,19673,3,260,262,35
19674,19674,94,374,375,8
19675,19675,62,195,196,15
19676,19676,77,345,350,50
19677,19677,135,246,247,20
19678,19678,140,98,98,6
19679,19679,130,397,401,53
19680,19680,50,361,363,15
19681,19681,8,205,208,31
19682,19682,81,246,246,7
19683,19683,108,2428,2428,12
19684,19684,13,345,350,42
19685,19685,29,196,200,53
19686,19686,21,186,187,9
19687,19687,47,382,382,6
19688,19688,94,375,375,20
19689,19689,12,184,185,19
19690,19690,49,917,921,57
19691,19691,150,348,351,48
19692,19692,134,223,224,12
19693,19693,73,217,218,20
19694,19694,118,285,286,13
19695,19695,26,459,460,12
19696,19696,46,1732,1733,15
19697,19697,58,307,308,47
19698,19698,113,220,221,10
19699,19699,74,487,488,14
19700,19700,13,350,350,5
19701,19701,64,414,414,13
19702,19702,71,227,228,24
19703,19703,136,337,337,6
19704,19704,104,646,647,17
19705,19705,40,319,320,37
19706,19706,116,276,280,31
19707,19707,116,280,282,29
19708,19708,81,246,248,24
19709,19709,54,417,417,8
19710,19710,112,233,235,24
19711,19711,141,110,110,8
19712,19712,106,985,986,56
19713,19713,26,460,462,68
19714,19714,120,205,209,54
19715,19715,95,314,315,17
19716,19716,81,248,250,18
19717,19717,68,389,392,55
19718,19718,106,986,989,40
19719,19719,35,210,210,12
19720,19720,10,269,270,9
19721,19721,99,269,270,8
19722,19722,96,308,313,39
19723,19723,58,308,308,11
19724,19724,123,265,268,55
19725,19725,97,499,501,59
19726,19726,90,215,216,34
19727,19727,23,410,411,19
19728,19728,124,240,241,38
19729,19729,28,183,186,23
19730,19730,7,211,217,46
19731,19731,26,462,470,68
19732,19732,149,197,198,14
19733,19733,78,392,395,56
19734,19734,71,228,232,47
19735,19735,80,303,304,43
19736,19736,127,146,147,19
19737,19737,76,228,228,11
19738,19738,85,193,193,16
19739,19739,116,282,283,8
19740,19740,62,196,196,8
19741,19741,96,313,313,31
19742,19742,74,488,488,6
19743,19743,13,350,354,33
19744,19744,50,363,369,56
19745,19745,30,345,346,14
19746,19746,122,322,328,50
19747,19747,18,215,217,34
19748,19748,75,162,162,24
19749,19749,22,324,327,42
19750,19750,127,147,147,9
19751,19751,58,308,314,46
19752,19752,135,247,247,15
19753,19753,107,1355,1355,11
19754,19754,54,417,422,42
19755,19755,87,144,146,26
19756,19756,33,187,187,16
19757,19757,92,330,332,19
19758,19758,127,147,148,14
19759,19759,117,175,176,17
19760,19760,56,180,180,18
19761,19761,8,208,210,31
19762,19762,60,203,207,47
19763,19763,108,2428,2428,10
19764,19764,76,228,228,16
19765,19765,106,989,990,10
19766,19766,50,369,370,12
19767,19767,116,283,284,24
19768,19768,72,200,201,15
19769,19769,59,255,259,32
19770,19770,53,693,695,28
19771,19771,122,328,329,15
19772,19772,96,313,314,17
19773,19773,90,216,220,38
19774,19774,26,470,471,14
19775,19775,130,401,401,15
19776,19776,143,243,246,23
19777,19777,118,286,292,53
19778,19778,22,327,329,18
19779,19779,135,247,248,22
19780,19780,100,315,315,8
19781,19781,43,306,307,16
19782,19782,86,207,210,36
19783,19783,40,320,320,5
19784,19784,19,204,204,10
19785,19785,149,198,200,46
19786,19786,72,201,201,13
19787,19787,30,346,347,41
19788,19788,106,990,993,48
19789,19789,93,216,218,22
19790,19790,38,272,272,9
19791,19791,114,348,353,48
19792,19792,84,332,334,30
19793,19793,41,263,266,43
19794,19794,59,259,260,13
19795,19795,131,211,212,13
19796,19796,13,354,358,37
19797,19797,33,187,188,16
19798,19798,28,186,187,22
19799,19799,80,304,310,46
19800,19800,38,272,278,44
19801,19801,48,1343,1351,62
19802,19802,7,217,218,20
19803,19803,81,250,251,15
19804,19804,26,471,473,18
19805,19805,26,473,473,7
19806,19806,21,187,188,27
19807,19807,63,226,227,15
19808,19808,41,266,270,36
19809,19809,43,307,307,10
19810,19810,119,254,255,27
19811,19811,133,221,221,9
19812,19812,96,314,315,9
19813,19813,85,193,193,6
19814,19814,32,267,268,17
19815,19815,88,277,278,15
19816,19816,113,221,221,14
19817,19817,109,1306,1307,12
19818,19818,39,222,222,13
19819,19819,93,218,221,25
19820,19820,130,401,403,17
19821,19821,7,218,218,11
19822,19822,64,414,415,43
19823,19823,12,185,185,8
19824,19824,109,1307,1309,24
19825,19825,73,218,219,24
19826,19826,143,246,252,58
19827,19827,74,488,490,49
19828,19828,37,209,214,57
19829,19829,58,314,314,6
19830,19830,72,201,201,6
19831,19831,137,293,297,39
19832,19832,78,395,395,12
19833,19833,72,201,203,20
19834,19834,67,269,271,31
19835,19835,121,223,224,14
19836,19836,139,178,182,40
19837,19837,4,150,151,23
19838,19838,64,415,415,19
19839,19839,20,361,363,22
19840,19840,5,159,159,7
19841,19841,2,243,243,4
19842,19842,132,373,373,19
19843,19843,101,1858,1861,27
19844,19844,91,276,277,15
19845,19845,46,1733,1734,14
19846,19846,96,315,316,31
19847,19847,118,292,292,9
19848,19848,10,270,271,25
19849,19849,144,299,300,21
19850,19850,97,501,503,29
19851,19851,114,353,359,50
19852,19852,96,316,316,7
19853,19853,46,1734,1736,20
19854,19854,133,221,222,18
19855,19855,113,221,223,26
19856,19856,88,278,281,21
19857,19857,122,329,331,26
19858,19858,52,870,872,16
19859,19859,36,346,350,36
19860,19860,12,185,185,11
19861,19861,80,310,310,18
19862,19862,112,235,238,59
19863,19863,36,350,351,14
19864,19864,6,197,197,2
19865,19865,108,2428,2429,21
19866,19866,56,180,181,17
19867,19867,81,251,252,22
19868,19868,58,314,314,15
19869,19869,108,2429,2431,47
19870,19870,86,210,211,15
19871,19871,25,394,396,23
19872,19872,110,271,271,6
19873,19873,118,292,293,19
19874,19874,111,273,273,6
19875,19875,17,311,312,15
19876,19876,63,227,228,17
19877,19877,71,232,234,24
19878,19878,92,332,332,23
19879,19879,104,647,651,51
19880,19880,122,331,331,7
19881,19881,124,241,241,11
19882,19882,127,148,149,13
19883,19883,141,110,113,29
19884,19884,55,963,965,27
19885,19885,74,490,491,11
19886,19886,86,211,212,11
19887,19887,126,271,277,49
19888,19888,90,220,221,14
19889,19889,12,185,186,12
19890,19890,130,403,404,19
19891,19891,36,351,352,30
19892,19892,4,151,151,11
19893,19893,58,314,316,21
19894,19894,107,1355,1361,47
19895,19895,127,149,151,17
19896,19896,29,200,200,8
19897,19897,72,203,204,11
19898,19898,24,375,380,49
19899,19899,41,270,271,28
19900,19900,71,234,236,20
19901,19901,39,222,223,23
19902,19902,37,214,216,46
19903,19903,96,316,316,14
19904,19904,109,1309,1309,7
19905,19905,119,255,255,21
19906,19906,136,337,338,10
19907,19907,95,315,318,26
19908,19908,14,280,283,33
19909,19909,41,271,274,46
19910,19910,42,264,265,7
19911,19911,35,210,211,15
19912,19912,100,315,315,9
19913,19913,84,334,336,24
19914,19914,17,312,313,18
19915,19915,128,217,221,32
19916,19916,48,1351,1352,15
19917,19917,84,336,336,11
19918,19918,42,265,266,15
19919,19919,38,278,279,46
19920,19920,117,176,176,16
19921,19921,39,223,226,24
19922,19922,76,228,229,15
19923,19923,138,198,199,13
19924,19924,28,187,188,13
19925,19925,126,277,279,17
19926,19926,38,279,280,21
19927,19927,74,491,494,26
19928,19928,130,404,405,20
19929,19929,134,224,224,12
19930,19930,150,351,351,16
19931,19931,13,358,359,12
19932,19932,148,320,323,26
19933,19933,32,268,269,41
19934,19934,28,188,188,9
19935,19935,10,271,271,7
19936,19936,150,351,351,3
19937,19937,94,375,378,25
19938,19938,131,212,214,17
19939,19939,61,121,121,11
19940,19940,111,273,277,42
19941,19941,39,226,227,15
19942,19942,96,316,319,39
19943,19943,38,280,288,55
19944,19944,58,316,316,22
19945,19945,11,296,296,16
19946,19946,130,405,405,8
19947,19947,117,176,176,12
19948,19948,133,222,222,8
19949,19949,67,271,273,45
19950,19950,53,695,698,30
19951,19951,24,380,381,11
19952,19952,59,260,263,29
19953,19953,74,494,497,53
19954,19954,144,300,300,5
19955,19955,26,473,474,12
19956,19956,22,329,329,14
19957,19957,94,378,379,25
19958,19958,40,320,320,1
19959,19959,49,921,921,13
19960,19960,74,497,498,33
19961,19961,118,293,293,9
19962,19962,77,350,353,33
19963,19963,144,300,302,27
19964,19964,100,315,317,22
19965,19965,117,176,177,20
19966,19966,133,222,223,10
19967,19967,36,352,353,45
19968,19968,61,121,121,12
19969,19969,26,474,475,28
19970,19970,102,1292,1295,34
19971,19971,108,2431,2431,10
19972,19972,24,381,382,12
19973,19973,24,382,383,13
19974,19974,140,98,99,12
19975,19975,147,298,298,9
19976,19976,100,317,318,15
19977,19977,142,128,129,16
19978,19978,130,405,406,20
19979,19979,99,270,273,53
19980,19980,94,379,381,17
19981,19981,74,498,499,42
19982,19982,6,197,199,23
19983,19983,133,223,225,24
19984,19984,31,252,252,6
19985,19985,29,200,206,42
19986,19986,22,329,329,20
19987,19987,20,363,364,16
19988,19988,29,206,208,18
19989,19989,106,993,996,52
19990,19990,21,188,190,16
19991,19991,28,188,189,18
19992,19992,133,225,226,15
19993,19993,49,921,921,18
19994,19994,84,336,338,22
19995,19995,83,370,370,9
19996,19996,77,353,353,10
19997,19997,130,406,407,7
19998,19998,108,2431,2432,11
19999,19999,39,227,229,45
20000,20000,83,370,371,14
20001,20001,18,217,217,12
20002,20002,138,199,200,9
20003,20003,54,422,423,18
20004,20004,48,1352,1352,4
20005,20005,106,996,1003,52
20006,20006,115,145,145,1
20007,20007,72,204,204,12
20008,20008,26,475,475,8
20009,20009,117,177,178,23
20010,20010,17,313,315,49
20011,20011,106,1003,1003,14
20012,20012,64,415,415,9
20013,20013,128,221,224,32
20014,20014,80,310,310,13
20015,20015,14,283,285,33
20016,20016,53,698,701,25
20017,20017,47,382,387,43
20018,20018,12,186,187,13
20019,20019,108,2432,2434,22
20020,20020,62,196,197,23
20021,20021,108,2434,2440,54
20022,20022,73,219,219,10
20023,20023,85,193,194,14
20024,20024,101,1861,1861,17
20025,20025,41,274,275,18
20026,20026,136,338,342,33
20027,20027,124,241,243,24
20028,20028,3,262,265,36
20029,20029,148,323,325,68
20030,20030,23,411,411,11
20031,20031,3,265,267,46
20032,20032,97,503,506,45
20033,20033,64,415,420,44
20034,20034,27,264,265,18
20035,20035,71,236,237,8
20036,20036,136,342,344,59
20037,20037,138,200,201,18
20038,20038,149,200,201,13
20039,20039,67,273,274,20
20040,20040,29,208,211,36
20041,20041,92,332,332,18
20042,20042,101,1861,1865,34
20043,20043,25,396,396,24
20044,20044,92,332,333,22
20045,20045,14,285,285,3
20046,20046,122,331,332,23
20047,20047,114,359,360,20
20048,20048,32,269,270,7
20049,20049,51,799,800,14
20050,20050,137,297,301,35
20051,20051,95,318,318,1
20052,20052,100,318,318,4
20053,20053,15,107,112,58
20054,20054,82,306,312,56
20055,20055,98,289,291,29
20056,20056,133,226,230,53
20057,20057,112,238,238,15
20058,20058,5,159,160,8
20059,20059,3,267,268,9
20060,20060,102,1295,1296,21
20061,20061,22,329,331,50
20062,20062,78,395,396,35
20063,20063,71,237,238,14
20064,20064,26,475,481,49
20065,20065,36,353,353,9
20066,20066,105,582,582,6
20067,20067,114,360,360,7
20068,20068,74,499,500,7
20069,20069,65,326,327,15
20070,20070,39,229,229,17
20071,20071,7,218,218,8
20072,20072,145,325,326,18
20073,20073,91,277,277,15
20074,20074,39,229,231,18
20075,20075,10,271,272,15
20076,20076,32,270,270,6
20077,20077,46,1736,1737,17
20078,20078,103,572,576,60
20079,20079,17,315,315,12
20080,20080,11,296,296,13
20081,20081,78,396,398,20
20082,20082,16,176,179,45
20083,20083,39,231,231,2
20084,20084,23,411,414,46
20085,20085,31,252,255,61
20086,20086,83,371,373,28
20087,20087,127,151,151,13
20088,20088,148,325,326,31
20089,20089,26,481,485,44
20090,20090,127,151,153,23
20091,20091,108,2440,2443,49
20092,20092,90,221,222,33
20093,20093,73,219,220,16
20094,20094,42,266,267,18
20095,20095,102,1296,1297,12
20096,20096,83,373,375,44
20097,20097,98,291,293,32
20098,20098,21,190,191,19
20099,20099,17,315,315,15
20100,20100,99,273,276,24
20101,20101,59,263,264,19
20102,20102,1,125,125,1
20103,20103,59,264,265,13
20104,20104,144,302,302,11
20105,20105,74,500,506,63
20106,20106,23,414,414,11
20107,20107,117,178,180,17
20108,20108,3,268,268,4
20109,20109,114,360,363,28
20110,20110,5,160,160,8
20111,20111,65,327,328,20
20112,20112,143,252,252,7
20113,20113,67,274,275,11
20114,20114,74,506,507,10
20115,20115,99,276,280,34
20116,20116,3,268,268,9
20117,20117,134,224,226,25
20118,20118,23,414,414,4
20119,20119,133,230,233,23
20120,20120,11,296,296,7
20121,20121,73,220,220,9
20122,20122,59,265,268,27
20123,20123,32,270,271,15
20124,20124,53,701,702,26
20125,20125,2,243,244,20
20126,20126,104,651,652,42
20127,20127,150,351,351,7
20128,20128,107,1361,1362,43
20129,20129,137,301,302,9
20130,20130,25,396,399,24
20131,20131,108,2443,2448,51
20132,20132,123,268,268,4
20133,20133,98,293,293,10
20134,20134,7,218,221,45
20135,20135,33,188,189,16
20136,20136,119,255,257,26
20137,20137,82,312,314,30
20138,20138,130,407,413,65
20139,20139,144,302,304,21
20140,20140,123,268,268,8
20141,20141,2,244,244,6
20142,20142,129,342,344,17
20143,20143,32,271,271,12
20144,20144,31,255,257,52
20145,20145,9,208,210,15
20146,20146,101,1865,1865,20
20147,20147,131,214,215,23
20148,20148,67,275,276,18
20149,20149,12,187,188,16
20150,20150,94,381,382,13
20151,20151,120,209,214,58
20152,20152,27,265,266,23
20153,20153,64,420,422,28
20154,20154,15,112,115,56
20155,20155,107,1362,1365,41
20156,20156,125,321,322,24
20157,20157,7,221,226,44
20158,20158,26,485,486,10
20159,20159,2,244,247,38
20160,20160,114,363,364,16
20161,20161,78,398,398,14
20162,20162,35,211,214,59
20163,20163,13,359,362,24
20164,20164,118,293,295,20
20165,20165,93,221,221,16
20166,20166,150,351,352,9
20167,20167,5,160,160,3
20168,20168,115,145,146,47
20169,20169,28,189,189,13
20170,20170,129,344,345,33
20171,20171,36,353,354,13
20172,20172,54,423,424,13
20173,20173,43,307,308,30
20174,20174,74,507,508,9
20175,20175,147,298,298,5
20176,20176,26,486,486,12
20177,20177,69,108,108,7
20178,20178,133,233,233,6
20179,20179,1,125,127,19
20180,20180,43,308,311,30
20181,20181,144,304,305,14
20182,20182,87,146,147,12
20183,20183,99,280,281,42
20184,20184,64,422,422,4
20185,20185,143,252,253,28
20186,20186,50,370,371,16
20187,20187,36,354,354,16
20188,20188,112,238,239,12
20189,20189,111,277,279,19
20190,20190,113,223,224,17
20191,20191,93,221,223,23
20192,20192,36,354,359,37
20193,20193,20,364,367,24
20194,20194,45,126,127,12
20195,20195,38,288,293,58
20196,20196,78,398,400,29
20197,20197,77,353,355,36
20198,20198,73,220,220,3
20199,20199,114,364,364,15
20200,20200,30,347,349,36
20201,20201,55,965,968,45
20202,20202,74,508,508,23
20203,20203,130,413,415,48
20204,20204,15,115,116,15
20205,20205,36,359,359,4
20206,20206,50,371,372,13
20207,20207,46,1737,1737,5
20208,20208,17,315,315,17
20209,20209,80,310,313,52
20210,20210,21,191,196,46
20211,20211,28,189,189,20
20212,20212,3,268,272,63
20213,20213,96,319,320,16
20214,20214,89,218,218,4
20215,20215,7,226,226,10
20216,20216,22,331,332,12
20217,20217,98,293,293,2
20218,20218,122,332,335,28
20219,20219,84,338,344,48
20220,20220,36,359,359,18
20221,20221,98,293,293,11
20222,20222,36,359,360,19
20223,20223,109,1309,1309,2
20224,20224,104,652,658,47
20225,20225,41,275,279,43
20226,20226,112,239,242,28
20227,20227,95,318,320,25
20228,20228,54,424,424,14
20229,20229,111,279,279,19
20230,20230,149,201,201,3
20231,20231,100,318,321,31
20232,20232,86,212,213,31
20233,20233,48,1352,1356,36
20234,20234,32,271,271,17
20235,20235,45,127,127,10
20236,20236,113,224,224,9
20237,20237,84,344,345,18
20238,20238,3,272,273,43
20239,20239,24,383,384,14
20240,20240,121,224,225,11
20241,20241,59,268,269,17
20242,20242,93,223,223,8
20243,20243,26,486,488,54
20244,20244,124,243,245,20
20245,20245,24,384,385,14
20246,20246,141,113,114,47
20247,20247,82,314,317,25
20248,20248,116,284,286,24
20249,20249,24,385,386,18
20250,20250,54,424,425,18
20251,20251,81,252,254,39
20252,20252,51,800,802,30
20253,20253,36,360,367,57
20254,20254,102,1297,1297,5
20255,20255,23,414,415,11
20256,20256,102,1297,1301,33
20257,20257,103,576,578,17
20258,20258,91,277,278,11
20259,20259,19,204,204,18
20260,20260,99,281,282,23
20261,20261,27,266,267,24
20262,20262,64,422,424,22
20263,20263,124,245,245,9
20264,20264,130,415,419,57
20265,20265,144,305,305,3
20266,20266,61,121,121,5
20267,20267,49,921,923,52
20268,20268,50,372,374,17
20269,20269,124,245,245,5
20270,20270,98,293,295,26
20271,20271,100,321,321,16
20272,20272,40,320,321,31
20273,20273,127,153,154,21
20274,20274,74,508,509,12
20275,20275,28,189,189,6
20276,20276,86,213,216,32
20277,20277,93,223,224,15
20278,20278,126,279,281,23
20279,20279,128,224,224,4
20280,20280,63,228,229,22
20281,20281,58,316,316,8
20282,20282,8,210,216,59
20283,20283,78,400,401,32
20284,20284,32,271,272,16
20285,20285,53,702,703,18
20286,20286,71,238,240,24
20287,20287,72,204,204,1
20288,20288,63,229,230,12
20289,20289,70,250,255,44
20290,20290,24,386,387,14
20291,20291,2,247,248,21
20292,20292,133,233,238,44
20293,20293,2,248,248,9
20294,20294,7,226,227,13
20295,20295,137,302,307,47
20296,20296,11,296,297,8
20297,20297,147,298,298,3
20298,20298,24,387,390,49
20299,20299,39,231,233,22
20300,20300,112,242,242,11
20301,20301,14,285,289,38
20302,20302,75,162,163,13
20303,20303,25,399,401,20
20304,20304,100,321,321,7
20305,20305,80,313,314,13
20306,20306,98,295,298,48
20307,20307,70,255,259,41
20308,20308,40,321,322,13
20309,20309,45,127,128,35
20310,20310,77,355,363,58
20311,20311,71,240,241,24
20312,20312,72,204,204,5
20313,20313,95,320,320,10
20314,20314,81,254,257,37
20315,20315,138,201,203,21
20316,20316,132,373,379,52
20317,20317,70,259,259,5
20318,20318,4,151,151,14
20319,20319,34,177,179,20
20320,20320,43,311,315,40
20321,20321,129,345,348,33
20322,20322,95,320,322,33
20323,20323,5,160,160,2
20324,20324,8,216,218,48
20325,20325,145,326,327,23
20326,20326,111,279,280,19
20327,20327,67,276,277,22
20328,20328,37,216,216,12
20329,20329,25,401,405,32
20330,20330,59,269,269,16
20331,20331,18,217,218,14
20332,20332,124,245,245,2
20333,20333,8,218,221,27
20334,20334,128,224,224,20
20335,20335,124,245,247,15
20336,20336,12,188,189,31
20337,20337,92,333,333,9
20338,20338,80,314,320,57
20339,20339,85,194,195,15
20340,20340,23,415,417,41
20341,20341,61,121,121,19
20342,20342,139,182,182,4
20343,20343,73,220,222,21
20344,20344,10,272,272,7
20345,20345,7,227,229,40
20346,20346,94,382,382,9
20347,20347,86,216,217,15
20348,20348,116,286,287,12
20349,20349,92,333,337,39
20350,20350,33,189,189,1
20351,20351,20,367,370,28
20352,20352,148,326,328,34
20353,20353,43,315,316,9
20354,20354,63,230,231,14
20355,20355,88,281,282,12
20356,20356,33,189,190,9
20357,20357,9,210,213,56
20358,20358,75,163,164,13
20359,20359,145,327,328,22
20360,20360,72,204,204,6
20361,20361,65,328,328,4
20362,20362,50,374,375,12
20363,20363,34,179,179,10
20364,20364,80,320,320,8
20365,20365,127,154,154,10
20366,20366,68,392,392,5
20367,20367,98,298,298,15
20368,20368,95,322,323,31
20369,20369,98,298,301,27
20370,20370,106,1003,1004,19
20371,20371,24,390,391,19
20372,20372,106,1004,1005,24
20373,20373,114,364,369,42
20374,20374,120,214,215,26
20375,20375,110,271,272,26
20376,20376,35,214,216,51
20377,20377,70,259,259,3
20378,20378,114,369,369,14
20379,20379,138,203,204,16
20380,20380,126,281,283,24
20381,20381,147,298,298,14
20382,20382,13,362,364,26
20383,20383,2,248,248,9
20384,20384,32,272,272,9
20385,20385,49,923,923,10
20386,20386,36,367,369,17
20387,20387,109,1309,1313,47
20388,20388,27,267,267,9
20389,20389,140,99,101,27
20390,20390,54,425,427,16
20391,20391,27,267,269,39
20392,20392,38,293,296,23
20393,20393,59,269,270,19
20394,20394,33,190,192,19
20395,20395,94,382,384,26
20396,20396,123,268,269,11
20397,20397,48,1356,1356,6
20398,20398,50,375,376,17
20399,20399,61,121,121,2
20400,20400,42,267,268,11
20401,20401,27,269,271,21
20402,20402,109,1313,1317,32
20403,20403,14,289,290,16
20404,20404,83,375,379,33
20405,20405,75,164,166,20
20406,20406,111,280,281,17
20407,20407,140,101,103,25
20408,20408,95,323,323,3
20409,20409,25,405,408,39
20410,20410,48,1356,1361,62
20411,20411,17,315,317,49
20412,20412,71,241,243,18
20413,20413,96,320,322,25
20414,20414,39,233,233,21
20415,20415,35,216,218,47
20416,20416,130,419,420,21
20417,20417,45,128,128,24
20418,20418,114,369,369,3
20419,20419,51,802,805,35
20420,20420,105,582,582,5
20421,20421,18,218,221,24
20422,20422,11,297,298,22
20423,20423,104,658,661,55
20424,20424,113,224,224,11
20425,20425,22,332,334,49
20426,20426,73,222,224,22
20427,20427,8,221,226,41
20428,20428,123,269,270,15
20429,20429,25,408,410,29
20430,20430,78,401,401,14
20431,20431,117,180,180,3
20432,20432,91,278,279,22
20433,20433,3,273,275,19
20434,20434,17,317,318,22
20435,20435,122,335,335,10
20436,20436,111,281,281,9
20437,20437,110,272,273,11
20438,20438,28,189,189,7
20439,20439,149,201,202,45
20440,20440,22,334,336,16
20441,20441,97,506,511,44
20442,20442,9,213,213,14
20443,20443,9,213,214,9
20444,20444,4,151,153,19
20445,20445,61,121,124,24
20446,20446,27,271,272,31
20447,20447,11,298,299,11
20448,20448,27,272,274,17
20449,20449,84,345,346,27
20450,20450,13,364,367,31
20451,20451,138,204,204,11
20452,20452,5,160,160,11
20453,20453,68,392,393,16
20454,20454,23,417,420,22
20455,20455,73,224,225,16
20456,20456,82,317,318,25
20457,20457,58,316,316,6
20458,20458,88,282,289,53
20459,20459,58,316,317,14
20460,20460,110,273,274,12
20461,20461,121,225,231,60
20462,20462,138,204,206,20
20463,20463,50,376,377,13
20464,20464,46,1737,1738,10
20465,20465,68,393,398,56
20466,20466,55,968,968,13
20467,20467,122,335,335,15
20468,20468,127,154,154,2
20469,20469,105,582,583,12
20470,20470,148,328,329,42
20471,20471,90,222,226,30
20472,20472,104,661,666,54
20473,20473,133,238,240,22
20474,20474,33,192,192,15
20475,20475,28,189,189,4
20476,20476,50,377,379,32
20477,20477,87,147,148,17
20478,20478,61,124,125,10
20479,20479,66,222,223,22
20480,20480,46,1738,1738,8
20481,20481,74,509,510,37
20482,20482,52,872,872,25
20483,20483,5,160,160,8
20484,20484,51,805,805,5
20485,20485,7,229,230,12
20486,20486,33,192,195,21
20487,20487,52,872,873,11
20488,20488,82,318,326,62
20489,20489,131,215,216,14
20490,20490,84,346,348,18
20491,20491,130,420,421,8
20492,20492,129,348,352,30
20493,20493,65,328,332,34
20494,20494,100,321,322,56
20495,20495,46,1738,1739,21
20496,20496,121,231,231,13
20497,20497,78,401,401,10
20498,20498,3,275,279,43
20499,20499,134,226,229,33
20500,20500,88,289,289,8
20501,20501,113,224,228,39
20502,20502,83,379,379,7
20503,20503,17,318,318,10
20504,20504,141,114,116,27
20505,20505,90,226,228,26
20506,20506,39,233,233,10
20507,20507,8,226,229,40
20508,20508,77,363,364,10
20509,20509,66,223,225,30
20510,20510,94,384,384,24
20511,20511,117,180,180,15
20512,20512,56,181,184,44
20513,20513,54,427,427,15
20514,20514,53,703,704,12
20515,20515,33,195,195,13
20516,20516,31,257,265,63
20517,20517,146,177,178,18
20518,20518,104,666,666,2
20519,20519,107,1365,1369,42
20520,20520,46,1739,1739,12
20521,20521,131,216,217,7
20522,20522,24,391,391,18
20523,20523,63,231,231,16
20524,20524,37,216,216,10
20525,20525,51,805,807,23
20526,20526,89,218,218,7
20527,20527,64,424,426,23
20528,20528,145,328,332,34
20529,20529,116,287,290,35
20530,20530,111,281,282,26
20531,20531,18,221,221,22
20532,20532,106,1005,1009,49
20533,20533,84,348,349,10
20534,20534,144,305,306,18
20535,20535,32,272,272,10
20536,20536,78,401,401,2
20537,20537,149,202,202,22
20538,20538,94,384,384,11
20539,20539,83,379,382,33
20540,20540,14,290,291,22
20541,20541,143,253,255,32
20542,20542,22,336,337,24
20543,20543,46,1739,1739,17
20544,20544,62,197,200,26
20545,20545,1,127,127,3
20546,20546,6,199,203,46
20547,20547,103,578,578,12
20548,20548,132,379,381,30
20549,20549,32,272,272,15
20550,20550,144,306,307,27
20551,20551,52,873,874,30
20552,20552,27,274,275,14
20553,20553,78,401,402,24
20554,20554,149,202,206,38
20555,20555,80,320,320,18
20556,20556,100,322,323,39
20557,20557,110,274,274,3
20558,20558,83,382,383,10
20559,20559,150,352,355,29
20560,20560,55,968,969,15
20561,20561,94,384,385,13
20562,20562,138,206,206,15
20563,20563,104,666,667,30
20564,20564,5,160,161,9
20565,20565,26,488,489,29
20566,20566,37,216,217,8
20567,20567,72,204,205,11
20568,20568,134,229,230,11
20569,20569,102,1301,1302,10
20570,20570,22,337,337,13
20571,20571,125,322,322,16
20572,20572,76,229,235,46
20573,20573,8,229,229,9
20574,20574,1,127,128,10
20575,20575,47,387,391,40
20576,20576,149,206,206,6
20577,20577,7,230,232,21
20578,20578,1,128,128,16
20579,20579,85,195,195,2
20580,20580,123,270,274,54
20581,20581,148,329,330,9
20582,20582,21,196,198,43
20583,20583,25,410,414,34
20584,20584,23,420,422,20
20585,20585,51,807,810,29
20586,20586,143,255,256,13
20587,20587,131,217,218,14
20588,20588,30,349,349,15
20589,20589,46,1739,1739,9
20590,20590,114,369,372,25
20591,20591,30,349,353,59
20592,20592,94,385,385,26
20593,20593,104,667,667,7
20594,20594,102,1302,1306,30
20595,20595,109,1317,1317,8
20596,20596,118,295,296,20
20597,20597,89,218,219,14
20598,20598,150,355,357,38
20599,20599,90,228,229,19
20600,20600,64,426,430,47
20601,20601,69,108,110,19
20602,20602,28,189,189,12
20603,20603,58,317,321,52
20604,20604,43,316,318,47
20605,20605,26,489,491,48
20606,20606,141,116,117,9
20607,20607,135,248,249,11
20608,20608,128,224,224,21
20609,20609,32,272,274,46
20610,20610,91,279,279,14
20611,20611,104,667,667,20
20612,20612,71,243,243,12
20613,20613,107,1369,1370,16
20614,20614,46,1739,1742,29
20615,20615,94,385,388,30
20616,20616,144,307,308,15
20617,20617,104,667,670,29
20618,20618,32,274,274,4
20619,20619,123,274,274,4
20620,20620,67,277,279,17
20621,20621,87,148,148,11
20622,20622,92,337,337,18
20623,20623,131,218,221,32
20624,20624,30,353,355,24
20625,20625,135,249,251,17
20626,20626,91,279,281,34
20627,20627,114,372,372,12
20628,20628,114,372,374,23
20629,20629,145,332,336,43
20630,20630,102,1306,1310,37
20631,20631,46,1742,1743,34
20632,20632,138,206,207,10
20633,20633,45,128,129,14
20634,20634,102,1310,1310,10
20635,20635,128,224,227,28
20636,20636,107,1370,1372,21
20637,20637,18,221,221,20
20638,20638,33,195,197,33
20639,20639,73,225,225,6
20640,20640,81,257,257,8
20641,20641,93,224,224,5
20642,20642,124,247,248,14
20643,20643,117,180,181,22
20644,20644,121,231,233,29
20645,20645,135,251,251,11
20646,20646,141,117,118,10
20647,20647,130,421,423,20
20648,20648,114,374,380,46
20649,20649,23,422,424,18
20650,20650,116,290,293,35
20651,20651,78,402,402,13
20652,20652,97,511,512,35
20653,20653,49,923,927,43
20654,20654,38,296,299,52
20655,20655,94,388,388,6
20656,20656,33,197,197,14
20657,20657,6,203,206,23
20658,20658,34,179,179,5
20659,20659,78,402,402,7
20660,20660,134,230,232,47
20661,20661,88,289,289,3
20662,20662,80,320,325,34
20663,20663,43,318,322,39
20664,20664,58,321,325,57
20665,20665,147,298,299,15
20666,20666,72,205,206,15
20667,20667,30,355,356,10
20668,20668,121,233,235,18
20669,20669,140,103,103,11
20670,20670,126,283,284,46
20671,20671,40,322,323,46
20672,20672,9,214,214,15
20673,20673,102,1310,1311,25
20674,20674,52,874,875,17
20675,20675,67,279,282,51
20676,20676,104,670,673,32
20677,20677,96,322,322,15
20678,20678,38,299,302,41
20679,20679,70,259,259,10
20680,20680,42,268,269,15
20681,20681,9,214,217,23
20682,20682,131,221,222,7
20683,20683,104,673,676,23
20684,20684,81,257,257,14
20685,20685,79,129,129,9
20686,20686,3,279,280,14
20687,20687,75,166,167,13
20688,20688,80,325,330,57
20689,20689,40,323,324,18
20690,20690,141,118,118,1
20691,20691,144,308,309,12
20692,20692,20,370,371,23
20693,20693,124,248,248,7
20694,20694,101,1865,1866,14
20695,20695,26,491,493,33
20696,20696,101,1866,1867,27
20697,20697,38,302,306,48
20698,20698,31,265,265,9
20699,20699,111,282,286,52
20700,20700,75,167,168,26
20701,20701,13,367,371,36
20702,20702,43,322,322,4
20703,20703,26,493,497,61
20704,20704,117,181,182,15
20705,20705,54,427,429,46
20706,20706,131,222,223,10
20707,20707,23,424,426,16
20708,20708,95,323,323,6
20709,20709,61,125,125,3
20710,20710,36,369,369,10
20711,20711,4,153,153,16
20712,20712,102,1311,1312,16
20713,20713,75,168,170,28
20714,20714,94,388,389,14
20715,20715,71,243,244,19
20716,20716,100,323,324,11
20717,20717,98,301,301,8
20718,20718,84,349,350,11
20719,20719,89,219,220,23
20720,20720,109,1317,1317,6
20721,20721,145,336,337,17
20722,20722,75,170,170,15
20723,20723,95,323,324,26
20724,20724,58,325,328,52
20725,20725,46,1743,1745,19
20726,20726,96,322,324,18
20727,20727,144,309,309,12
20728,20728,112,242,242,14
20729,20729,113,228,228,9
20730,20730,126,284,286,22
20731,20731,22,337,341,33
20732,20732,119,257,260,27
20733,20733,129,352,354,22
20734,20734,123,274,275,15
20735,20735,105,583,584,12
20736,20736,141,118,118,10
20737,20737,41,279,280,22
20738,20738,133,240,240,9
20739,20739,59,270,270,16
20740,20740,1,128,129,14
20741,20741,139,182,183,34
20742,20742,25,414,415,19
20743,20743,38,306,306,20
20744,20744,97,512,513,14
20745,20745,45,129,130,14
20746,20746,41,280,283,52
20747,20747,27,275,277,39
20748,20748,32,274,274,25
20749,20749,9,217,223,57
20750,20750,52,875,876,13
20751,20751,100,324,324,5
20752,20752,149,206,209,35
20753,20753,130,423,423,1
20754,20754,48,1361,1361,19
20755,20755,26,497,497,6
20756,20756,146,178,179,18
20757,20757,127,154,155,19
20758,20758,8,229,229,9
20759,20759,11,299,300,14
20760,20760,87,148,149,13
20761,20761,44,241,242,15
20762,20762,84,350,350,1
20763,20763,54,429,430,12
20764,20764,78,402,403,18
20765,20765,22,341,341,15
20766,20766,102,1312,1313,34
20767,20767,12,189,193,41
20768,20768,108,2448,2449,20
20769,20769,73,225,225,4
20770,20770,17,318,320,18
20771,20771,135,251,251,11
20772,20772,30,356,357,14
20773,20773,105,584,584,11
20774,20774,11,300,300,15
20775,20775,67,282,284,19
20776,20776,138,207,207,5
20777,20777,64,430,437,52
20778,20778,21,198,201,21
20779,20779,112,242,243,11
20780,20780,68,398,400,26
20781,20781,112,243,243,27
20782,20782,11,300,303,24
20783,20783,63,231,232,27
20784,20784,22,341,341,30
20785,20785,138,207,208,13
20786,20786,30,357,358,17
20787,20787,93,224,229,51
20788,20788,64,437,439,59
20789,20789,131,223,223,18
20790,20790,84,350,350,8
20791,20791,27,277,277,6
20792,20792,20,371,371,7
20793,20793,44,242,242,5
20794,20794,86,217,217,14
20795,20795,3,280,281,10
20796,20796,100,324,325,28
20797,20797,121,235,237,27
20798,20798,115,146,149,26
20799,20799,35,218,219,11
20800,20800,30,358,364,65
20801,20801,44,242,242,8
20802,20802,78,403,403,10
20803,20803,66,225,227,15
20804,20804,46,1745,1745,14
20805,20805,136,344,344,23
20806,20806,76,235,235,16
20807,20807,76,235,237,46
20808,20808,44,242,246,29
20809,20809,54,430,435,40
20810,20810,123,275,275,11
20811,20811,72,206,206,12
20812,20812,2,248,249,19
20813,20813,78,403,403,1
20814,20814,104,676,680,56
20815,20815,86,217,217,5
20816,20816,51,810,813,41
20817,20817,95,324,325,11
20818,20818,64,439,441,41
20819,20819,66,227,228,12
20820,20820,24,391,392,16
20821,20821,110,274,276,43
20822,20822,71,244,244,1
20823,20823,144,309,310,23
20824,20824,65,332,335,25
20825,20825,9,223,225,31
20826,20826,10,272,273,35
20827,20827,7,232,238,43
20828,20828,145,337,338,15
20829,20829,132,381,381,8
20830,20830,104,680,680,5
20831,20831,143,256,257,20
20832,20832,61,125,125,9
20833,20833,98,301,303,27
20834,20834,53,704,704,7
20835,20835,128,227,228,21
20836,20836,20,371,372,14
20837,20837,105,584,588,30
20838,20838,122,335,335,12
20839,20839,96,324,326,28
20840,20840,13,371,373,20
20841,20841,97,513,518,37
20842,20842,95,325,326,14
20843,20843,91,281,282,13
20844,20844,130,423,426,44
20845,20845,21,201,201,8
20846,20846,109,1317,1319,30
20847,20847,75,170,171,25
20848,20848,22,341,342,12
20849,20849,82,326,329,52
20850,20850,56,184,184,12
20851,20851,97,518,521,47
20852,20852,32,274,275,15
20853,20853,39,233,234,50
20854,20854,83,383,387,47
20855,20855,144,310,310,17
20856,20856,110,276,276,8
20857,20857,149,209,209,6
20858,20858,25,415,416,14
20859,20859,41,283,286,35
20860,20860,12,193,194,12
20861,20861,14,291,292,13
20862,20862,102,1313,1314,13
20863,20863,98,303,304,9
20864,20864,45,130,132,30
20865,20865,30,364,364,19
20866,20866,47,391,393,47
20867,20867,142,129,132,31
20868,20868,118,296,302,60
20869,20869,100,325,327,18
20870,20870,83,387,388,23
20871,20871,29,211,211,17
20872,20872,119,260,266,57
20873,20873,124,248,249,13
20874,20874,89,220,222,30
20875,20875,78,403,403,5
20876,20876,7,238,238,14
20877,20877,94,389,391,18
20878,20878,81,257,258,14
20879,20879,132,381,384,45
20880,20880,78,403,406,36
20881,20881,86,217,217,1
20882,20882,23,426,428,47
20883,20883,11,303,307,37
20884,20884,104,680,681,34
20885,20885,98,304,305,13
20886,20886,132,384,385,49
20887,20887,119,266,266,8
20888,20888,76,237,237,1
20889,20889,86,217,221,33
20890,20890,59,270,271,17
20891,20891,26,497,499,25
20892,20892,25,416,416,12
20893,20893,124,249,249,15
20894,20894,97,521,521,7
20895,20895,131,223,223,7
20896,20896,112,243,243,18
20897,20897,135,251,252,11
20898,20898,75,171,173,31
20899,20899,46,1745,1746,13
20900,20900,4,153,154,16
20901,20901,5,161,161,13
20902,20902,61,125,125,5
20903,20903,42,269,269,13
20904,20904,48,1361,1362,13
20905,20905,32,275,277,22
20906,20906,107,1372,1373,21
20907,20907,4,154,154,8
20908,20908,64,441,446,43
20909,20909,58,328,329,42
20910,20910,21,201,202,12
20911,20911,14,292,292,7
20912,20912,107,1373,1376,50
20913,20913,48,1362,1365,68
20914,20914,145,338,343,40
20915,20915,119,266,268,31
20916,20916,35,219,219,6
20917,20917,80,330,335,52
20918,20918,149,209,212,32
20919,20919,3,281,282,19
20920,20920,101,1867,1869,30
20921,20921,110,276,278,53
20922,20922,24,392,393,22
20923,20923,91,282,285,31
20924,20924,144,310,311,12
20925,20925,5,161,162,16
20926,20926,96,326,326,7
20927,20927,36,369,369,7
20928,20928,35,219,219,12
20929,20929,97,521,522,22
20930,20930,25,416,419,49
20931,20931,130,426,426,7
20932,20932,84,350,350,10
20933,20933,149,212,214,22
20934,20934,22,342,343,19
20935,20935,89,222,222,8
20936,20936,106,1009,1009,10
20937,20937,54,435,435,7
20938,20938,75,173,178,54
20939,20939,25,419,420,16
20940,20940,80,335,336,16
20941,20941,26,499,499,17
20942,20942,129,354,356,24
20943,20943,22,343,343,4
20944,20944,53,704,704,16
20945,20945,67,284,284,16
20946,20946,128,228,228,10
20947,20947,23,428,430,18
20948,20948,144,311,312,22
20949,20949,121,237,237,17
20950,20950,137,307,311,35
20951,20951,32,277,279,49
20952,20952,146,179,180,11
20953,20953,129,356,357,9
20954,20954,40,324,324,16
20955,20955,102,1314,1317,26
20956,20956,71,244,245,14
20957,20957,137,311,312,17
20958,20958,95,326,329,29
20959,20959,8,229,230,24
20960,20960,100,327,329,21
20961,20961,125,322,325,48
20962,20962,82,329,329,6
20963,20963,82,329,330,15
20964,20964,100,329,330,18
20965,20965,116,293,297,33
20966,20966,138,208,209,13
20967,20967,59,271,272,16
20968,20968,119,268,269,23
20969,20969,36,369,369,12
20970,20970,117,182,183,16
20971,20971,104,681,683,18
20972,20972,18,221,221,2
20973,20973,64,446,448,26
20974,20974,101,1869,1869,20
20975,20975,51,813,816,29
20976,20976,140,103,103,13
20977,20977,149,214,218,49
20978,20978,110,278,280,28
20979,20979,63,232,232,8
20980,20980,128,228,231,30
20981,20981,100,330,330,13
20982,20982,78,406,407,13
20983,20983,81,258,258,4
20984,20984,13,373,373,4
20985,20985,36,369,369,9
20986,20986,2,249,250,13
20987,20987,10,273,273,6
20988,20988,100,330,337,57
20989,20989,145,343,348,38
20990,20990,97,522,522,20
20991,20991,90,229,231,39
20992,20992,7,238,238,14
20993,20993,101,1869,1871,21
20994,20994,78,407,410,24
20995,20995,51,816,819,51
20996,20996,99,282,284,27
20997,20997,25,420,420,26
20998,20998,39,234,234,16
20999,20999,147,299,301,17
21000,21000,79,129,129,11
21001,21001,124,249,249,20
21002,21002,89,222,222,2
21003,21003,145,348,349,24
21004,21004,54,435,436,21
21005,21005,77,364,367,58
21006,21006,109,1319,1319,10
21007,21007,148,330,332,17
21008,21008,30,364,369,42
21009,21009,19,204,206,20
21010,21010,15,116,118,27
21011,21011,118,302,303,19
21012,21012,78,410,410,17
21013,21013,64,448,449,12
21014,21014,124,249,253,37
21015,21015,95,329,329,14
21016,21016,83,388,389,15
21017,21017,32,279,280,13
21018,21018,108,2449,2452,25
21019,21019,66,228,228,6
21020,21020,100,337,343,66
21021,21021,111,286,287,44
21022,21022,78,410,412,25
21023,21023,121,237,237,8
21024,21024,117,183,183,13
21025,21025,43,322,323,10
21026,21026,134,232,233,18
21027,21027,18,221,226,61
21028,21028,83,389,391,25
21029,21029,83,391,395,37
21030,21030,12,194,194,10
21031,21031,64,449,450,17
21032,21032,107,1376,1377,49
21033,21033,62,200,202,19
21034,21034,12,194,195,13
21035,21035,85,195,195,8
21036,21036,89,222,222,13
21037,21037,22,343,343,8
21038,21038,89,222,222,7
21039,21039,35,219,219,11
21040,21040,79,129,129,10
21041,21041,150,357,359,42
21042,21042,119,269,269,15
21043,21043,127,155,156,12
21044,21044,2,250,254,33
21045,21045,113,228,229,18
21046,21046,65,335,337,24
21047,21047,5,162,163,12
21048,21048,133,240,241,32
21049,21049,49,927,928,28
21050,21050,114,380,382,21
21051,21051,109,1319,1319,8
21052,21052,85,195,196,12
21053,21053,77,367,369,34
21054,21054,139,183,184,16
21055,21055,109,1319,1319,31
21056,21056,102,1317,1317,10
21057,21057,52,876,876,14
21058,21058,32,280,281,16
21059,21059,101,1871,1874,23
21060,21060,18,226,227,14
21061,21061,77,369,372,36
21062,21062,113,229,230,9
21063,21063,28,189,189,11
21064,21064,17,320,320,16
21065,21065,99,284,286,17
21066,21066,32,281,281,6
21067,21067,116,297,297,13
21068,21068,80,336,336,10
21069,21069,138,209,211,23
21070,21070,65,337,342,54
21071,21071,95,329,332,30
21072,21072,74,510,510,13
21073,21073,74,510,510,14
21074,21074,77,372,373,16
21075,21075,64,450,452,16
21076,21076,73,225,227,18
21077,21077,65,342,344,54
21078,21078,112,243,246,30
21079,21079,119,269,272,22
21080,21080,100,343,343,10
21081,21081,89,222,223,9
21082,21082,26,499,500,9
21083,21083,25,420,423,27
21084,21084,140,103,103,6
21085,21085,30,369,370,30
21086,21086,117,183,185,19
21087,21087,45,132,132,4
21088,21088,123,275,276,13
21089,21089,145,349,350,20
21090,21090,18,227,228,16
21091,21091,111,287,287,12
21092,21092,24,393,393,16
21093,21093,127,156,156,12
21094,21094,96,326,327,38
21095,21095,89,223,225,30
21096,21096,14,292,293,37
21097,21097,101,1874,1874,2
21098,21098,97,522,523,22
21099,21099,78,412,415,44
21100,21100,26,500,503,57
21101,21101,47,393,395,43
21102,21102,77,373,373,10
21103,21103,29,211,216,40
21104,21104,74,510,514,53
21105,21105,10,273,277,30
21106,21106,73,227,230,26
21107,21107,145,350,350,4
21108,21108,97,523,525,40
21109,21109,99,286,286,21
21110,21110,10,277,277,8
21111,21111,20,372,374,56
21112,21112,35,219,220,10
21113,21113,25,423,427,31
21114,21114,111,287,287,6
21115,21115,127,156,158,18
21116,21116,137,312,313,23
21117,21117,49,928,930,20
21118,21118,56,184,184,14
21119,21119,5,163,163,11
21120,21120,40,324,325,12
21121,21121,97,525,529,34
21122,21122,101,1874,1875,23
21123,21123,8,230,231,14
21124,21124,124,253,253,15
21125,21125,42,269,270,35
21126,21126,65,344,344,20
21127,21127,90,231,235,35
21128,21128,150,359,359,9
21129,21129,95,332,332,14
21130,21130,38,306,307,57
21131,21131,114,382,383,9
21132,21132,89,225,227,18
21133,21133,43,323,324,13
21134,21134,7,238,238,10
21135,21135,115,149,150,17
21136,21136,70,259,261,28
21137,21137,73,230,230,10
21138,21138,116,297,299,24
21139,21139,37,217,217,20
21140,21140,10,277,277,5
21141,21141,106,1009,1011,22
21142,21142,92,337,341,55
21143,21143,20,374,377,29
21144,21144,148,332,333,32
21145,21145,102,1317,1320,47
21146,21146,86,221,223,25
21147,21147,107,1377,1378,18
21148,21148,26,503,503,9
21149,21149,101,1875,1879,54
21150,21150,88,289,289,8
21151,21151,131,223,224,13
21152,21152,121,237,241,38
21153,21153,22,343,345,67
21154,21154,99,286,287,20
21155,21155,31,265,266,9
21156,21156,147,301,304,24
21157,21157,31,266,266,8
21158,21158,43,324,324,14
21159,21159,76,237,237,30
21160,21160,35,220,220,15
21161,21161,50,379,379,3
21162,21162,10,277,278,12
21163,21163,21,202,206,44
21164,21164,113,230,231,15
21165,21165,16,179,181,44
21166,21166,76,237,238,13
21167,21167,101,1879,1879,14
21168,21168,60,207,210,34
21169,21169,108,2452,2454,24
21170,21170,149,218,220,24
21171,21171,17,320,321,37
21172,21172,136,344,345,16
21173,21173,150,359,361,19
21174,21174,38,307,308,23
21175,21175,75,178,184,49
21176,21176,100,343,346,55
21177,21177,67,284,284,10
21178,21178,123,276,277,13
21179,21179,59,272,275,26
21180,21180,112,246,248,17
21181,21181,59,275,275,15
21182,21182,16,181,184,50
21183,21183,34,179,179,26
21184,21184,88,289,289,15
21185,21185,109,1319,1319,20
21186,21186,126,286,288,18
21187,21187,66,228,230,16
21188,21188,101,1879,1882,33
21189,21189,40,325,326,35
21190,21190,74,514,515,11
21191,21191,112,248,248,7
21192,21192,90,235,237,27
21193,21193,113,231,231,5
21194,21194,2,254,257,44
21195,21195,121,241,244,56
21196,21196,3,282,282,2
21197,21197,84,350,351,18
21198,21198,68,400,403,24
21199,21199,126,288,288,23
21200,21200,109,1319,1319,21
21201,21201,123,277,278,13
21202,21202,76,238,241,24
21203,21203,9,225,225,4
21204,21204,61,125,127,14
21205,21205,117,185,187,15
21206,21206,17,321,322,28
21207,21207,107,1378,1378,18
21208,21208,84,351,351,8
21209,21209,96,327,328,15
21210,21210,73,230,232,24
21211,21211,97,529,530,9
21212,21212,109,1319,1320,11
21213,21213,16,184,189,47
21214,21214,98,305,305,5
21215,21215,77,373,373,7
21216,21216,2,257,258,14
21217,21217,72,206,206,11
21218,21218,102,1320,1321,31
21219,21219,37,217,220,28
21220,21220,13,373,374,14
21221,21221,24,393,395,37
21222,21222,133,241,242,22
21223,21223,48,1365,1365,1
21224,21224,48,1365,1365,21
21225,21225,82,330,331,24
21226,21226,104,683,690,54
21227,21227,131,224,226,18
21228,21228,84,351,354,28
21229,21229,119,272,273,14
21230,21230,86,223,228,36
21231,21231,133,242,244,17
21232,21232,91,285,286,16
21233,21233,144,312,312,12
21234,21234,12,195,196,36
21235,21235,43,324,325,25
21236,21236,144,312,314,25
21237,21237,138,211,213,25
21238,21238,12,196,196,14
21239,21239,126,288,289,13
21240,21240,92,341,347,55
21241,21241,75,184,184,14
21242,21242,51,819,822,34
21243,21243,23,430,432,29
21244,21244,60,210,214,32
21245,21245,142,132,133,35
21246,21246,109,1320,1320,13
21247,21247,103,578,579,15
21248,21248,115,150,151,14
21249,21249,80,336,336,11
21250,21250,18,228,229,14
21251,21251,23,432,433,16
21252,21252,43,325,328,28
21253,21253,71,245,246,19
21254,21254,135,252,252,4
21255,21255,51,822,823,16
21256,21256,8,231,232,15
21257,21257,114,383,383,8
21258,21258,127,158,158,10
21259,21259,78,415,419,37
21260,21260,31,266,269,26
21261,21261,93,229,230,28
21262,21262,130,426,431,70
21263,21263,101,1882,1883,20
21264,21264,46,1746,1747,20
21265,21265,3,282,282,2
21266,21266,114,383,383,5
21267,21267,62,202,206,57
21268,21268,111,287,288,14
21269,21269,140,103,103,8
21270,21270,26,503,504,15
21271,21271,36,369,374,53
21272,21272,97,530,531,26
21273,21273,14,293,295,18
21274,21274,53,704,706,26
21275,21275,95,332,332,9
21276,21276,3,282,283,37
21277,21277,140,103,103,6
21278,21278,47,395,398,31
21279,21279,20,377,380,29
21280,21280,111,288,289,33
21281,21281,148,333,333,13
21282,21282,18,229,229,15
21283,21283,3,283,288,46
21284,21284,80,336,336,9
21285,21285,113,231,231,14
21286,21286,116,299,300,12
21287,21287,149,220,222,27
21288,21288,41,286,286,11
21289,21289,107,1378,1383,49
21290,21290,144,314,315,15
21291,21291,102,1321,1322,35
21292,21292,127,158,159,18
21293,21293,59,275,278,41
21294,21294,35,220,221,51
21295,21295,41,286,289,46
21296,21296,77,373,373,8
21297,21297,39,234,237,51
21298,21298,1,129,130,19
21299,21299,144,315,315,6
21300,21300,64,452,454,22
21301,21301,122,335,336,15
21302,21302,84,354,355,51
21303,21303,117,187,189,18
21304,21304,62,206,206,2
21305,21305,20,380,380,17
21306,21306,129,357,357,2
21307,21307,129,357,358,12
21308,21308,64,454,455,10
21309,21309,64,455,455,20
21310,21310,85,196,198,24
21311,21311,46,1747,1748,23
21312,21312,122,336,337,27
21313,21313,88,289,289,15
21314,21314,146,180,180,12
21315,21315,129,358,358,6
21316,21316,68,403,406,36
21317,21317,82,331,333,64
21318,21318,135,252,252,13
21319,21319,23,433,438,45
21320,21320,58,329,330,11
21321,21321,148,333,335,45
21322,21322,66,230,230,11
21323,21323,86,228,229,11
21324,21324,114,383,385,20
21325,21325,104,690,690,9
21326,21326,124,253,254,21
21327,21327,94,391,392,8
21328,21328,3,288,290,20
21329,21329,150,361,365,45
21330,21330,140,103,104,16
21331,21331,96,328,328,12
21332,21332,143,257,257,16
21333,21333,150,365,371,50
21334,21334,134,233,235,18
21335,21335,21,206,206,10
21336,21336,119,273,274,8
21337,21337,84,355,356,12
21338,21338,21,206,207,13
21339,21339,9,225,225,1
21340,21340,147,304,308,55
21341,21341,9,225,227,39
21342,21342,114,385,385,12
21343,21343,136,345,349,36
21344,21344,14,295,299,45
21345,21345,90,237,239,26
21346,21346,136,349,352,52
21347,21347,93,230,232,17
21348,21348,127,159,160,17
21349,21349,67,284,284,6
21350,21350,9,227,230,29
21351,21351,86,229,229,5
21352,21352,20,380,380,10
21353,21353,86,229,229,6
21354,21354,32,281,281,16
21355,21355,22,345,346,12
21356,21356,36,374,374,4
21357,21357,53,706,707,30
21358,21358,147,308,310,21
21359,21359,46,1748,1748,2
21360,21360,86,229,231,17
21361,21361,49,930,931,9
21362,21362,126,289,293,34
21363,21363,26,504,505,19
21364,21364,84,356,356,1
21365,21365,73,232,233,16
21366,21366,3,290,291,40
21367,21367,80,336,336,11
21368,21368,105,588,591,31
21369,21369,11,307,312,42
21370,21370,40,326,332,55
21371,21371,85,198,204,44
21372,21372,31,269,270,37
21373,21373,138,213,215,22
21374,21374,112,248,250,27
21375,21375,79,129,133,42
21376,21376,22,346,348,30
21377,21377,137,313,316,31
21378,21378,125,325,327,23
21379,21379,36,374,374,6
21380,21380,83,395,398,41
21381,21381,127,160,160,10
21382,21382,95,332,333,17
21383,21383,46,1748,1752,30
21384,21384,21,207,207,4
21385,21385,109,1320,1320,9
21386,21386,53,707,709,24
21387,21387,136,352,354,26
21388,21388,136,354,354,8
21389,21389,3,291,291,8
21390,21390,138,215,216,12
21391,21391,117,189,190,15
21392,21392,25,427,427,7
21393,21393,103,579,579,3
21394,21394,12,196,196,12
21395,21395,28,189,189,6
21396,21396,99,287,288,24
21397,21397,119,274,276,30
21398,21398,81,258,259,11
21399,21399,76,241,243,16
21400,21400,10,278,278,16
21401,21401,130,431,431,9
21402,21402,150,371,373,30
21403,21403,72,206,207,23
21404,21404,59,278,278,7
21405,21405,101,1883,1883,11
21406,21406,5,163,164,9
21407,21407,58,330,331,9
21408,21408,111,289,290,14
21409,21409,80,336,340,58
21410,21410,101,1883,1884,13
21411,21411,67,284,284,9
21412,21412,42,270,274,29
21413,21413,114,385,387,44
21414,21414,9,230,232,38
21415,21415,110,280,280,14
21416,21416,119,276,277,17
21417,21417,43,328,329,13
21418,21418,1,130,131,31
21419,21419,108,2454,2457,58
21420,21420,63,232,236,63
21421,21421,62,206,206,1
21422,21422,108,2457,2458,10
21423,21423,26,505,505,9
21424,21424,109,1320,1321,22
21425,21425,86,231,231,17
21426,21426,89,227,229,59
21427,21427,108,2458,2458,6
21428,21428,72,207,208,16
21429,21429,4,154,154,11
21430,21430,16,189,190,15
21431,21431,32,281,282,24
21432,21432,56,184,187,28
21433,21433,45,132,132,9
21434,21434,97,531,535,35
21435,21435,144,315,315,15
21436,21436,19,206,207,25
21437,21437,113,231,232,13
21438,21438,121,244,245,33
21439,21439,73,233,233,14
21440,21440,96,328,333,41
21441,21441,136,354,355,16
21442,21442,123,278,278,3
21443,21443,86,231,236,49
21444,21444,123,278,279,21
21445,21445,74,515,517,22
21446,21446,132,385,387,17
21447,21447,47,398,400,42
21448,21448,145,350,351,15
21449,21449,139,184,184,1
21450,21450,23,438,439,36
21451,21451,53,709,711,26
21452,21452,99,288,289,19
21453,21453,71,246,246,16
21454,21454,11,312,312,8
21455,21455,93,232,233,21
21456,21456,2,258,258,11
21457,21457,71,246,246,18
21458,21458,82,333,336,49
21459,21459,97,535,535,18
21460,21460,147,310,310,4
21461,21461,114,387,388,11
21462,21462,53,711,713,39
21463,21463,8,232,232,8
21464,21464,123,279,280,10
21465,21465,96,333,335,32
21466,21466,50,379,379,5
21467,21467,123,280,281,13
21468,21468,2,258,258,10
21469,21469,134,235,237,15
21470,21470,50,379,379,7
21471,21471,36,374,375,12
21472,21472,59,278,285,57
21473,21473,60,214,218,35
21474,21474,18,229,230,25
21475,21475,98,305,306,15
21476,21476,26,505,505,18
21477,21477,77,373,374,44
21478,21478,148,335,337,20
21479,21479,4,154,154,10
21480,21480,132,387,387,18
21481,21481,27,277,278,30
21482,21482,128,231,234,26
21483,21483,18,230,230,19
21484,21484,54,436,437,14
21485,21485,11,312,312,6
21486,21486,11,312,312,13
21487,21487,89,229,231,22
21488,21488,5,164,165,8
21489,21489,109,1321,1322,14
21490,21490,144,315,315,1
21491,21491,82,336,342,49
21492,21492,92,347,348,23
21493,21493,78,419,420,14
21494,21494,1,131,131,9
21495,21495,95,333,333,13
21496,21496,78,420,421,38
21497,21497,119,277,277,5
21498,21498,85,204,206,18
21499,21499,128,234,235,19
21500,21500,100,346,348,25
21501,21501,46,1752,1752,2
21502,21502,143,257,257,9
21503,21503,100,348,348,7
21504,21504,84,356,362,49
21505,21505,112,250,251,15
21506,21506,37,220,222,16
21507,21507,137,316,318,24
21508,21508,51,823,827,51
21509,21509,135,252,253,16
21510,21510,94,392,393,27
21511,21511,50,379,382,63
21512,21512,60,218,219,12
21513,21513,107,1383,1383,13
21514,21514,147,310,310,2
21515,21515,35,221,227,55
21516,21516,147,310,317,53
21517,21517,136,355,357,20
21518,21518,75,184,186,22
21519,21519,78,421,425,32
21520,21520,102,1322,1324,32
21521,21521,95,333,334,13
21522,21522,143,257,258,16
21523,21523,36,375,375,9
21524,21524,114,388,390,42
21525,21525,5,165,165,2
21526,21526,16,190,190,14
21527,21527,63,236,239,53
21528,21528,55,969,970,13
21529,21529,28,189,189,7
21530,21530,39,237,244,51
21531,21531,5,165,165,6
21532,21532,77,374,376,54
21533,21533,101,1884,1887,29
21534,21534,44,246,247,27
21535,21535,86,236,239,26
21536,21536,95,334,337,30
21537,21537,94,393,395,17
21538,21538,64,455,456,26
21539,21539,81,259,260,23
21540,21540,125,327,328,22
21541,21541,60,219,224,56
21542,21542,132,387,387,10
21543,21543,20,380,386,48
21544,21544,145,351,355,42
21545,21545,125,328,331,26
21546,21546,49,931,937,64
21547,21547,24,395,395,11
21548,21548,33,197,197,17
21549,21549,118,303,306,51
21550,21550,57,168,169,24
21551,21551,74,517,518,28
21552,21552,138,216,216,21
21553,21553,95,337,340,26
21554,21554,124,254,255,21
21555,21555,10,278,279,14
21556,21556,35,227,229,49
21557,21557,135,253,254,10
21558,21558,142,133,133,18
21559,21559,66,230,233,25
21560,21560,21,207,207,5
21561,21561,28,189,190,14
21562,21562,104,690,690,10
21563,21563,30,370,371,22
21564,21564,29,216,217,11
21565,21565,14,299,299,8
21566,21566,55,970,970,7
21567,21567,59,285,286,23
21568,21568,131,226,227,13
21569,21569,149,222,222,12
21570,21570,134,237,237,8
21571,21571,119,277,279,17
21572,21572,110,280,280,4
21573,21573,8,232,232,8
21574,21574,112,251,252,17
21575,21575,8,232,232,6
21576,21576,133,244,246,29
21577,21577,2,258,262,30
21578,21578,9,232,237,41
21579,21579,4,154,154,12
21580,21580,96,335,335,9
21581,21581,89,231,232,11
21582,21582,85,206,207,13
21583,21583,74,518,520,53
21584,21584,14,299,300,16
21585,21585,118,306,311,37
21586,21586,2,262,265,31
21587,21587,104,690,695,45
21588,21588,44,247,253,43
21589,21589,71,246,250,41
21590,21590,132,387,387,10
21591,21591,75,186,189,26
21592,21592,144,315,318,26
21593,21593,106,1011,1012,50
21594,21594,96,335,339,33
21595,21595,66,233,233,11
21596,21596,53,713,713,23
21597,21597,54,437,438,11
21598,21598,58,331,332,13
21599,21599,147,317,317,5
21600,21600,120,215,223,60
21601,21601,131,227,233,53
21602,21602,67,284,286,19
21603,21603,55,970,971,23
21604,21604,108,2458,2458,11
21605,21605,105,591,592,19
21606,21606,73,233,234,13
21607,21607,99,289,290,17
21608,21608,25,427,430,29
21609,21609,132,387,388,16
21610,21610,81,260,266,48
21611,21611,109,1322,1327,54
21612,21612,97,535,535,9
21613,21613,80,340,342,21
21614,21614,35,229,230,18
21615,21615,56,187,189,25
21616,21616,81,266,267,12
21617,21617,146,180,181,12
21618,21618,137,318,318,10
21619,21619,94,395,396,16
21620,21620,40,332,333,12
21621,21621,3,291,292,9
21622,21622,73,234,235,18
21623,21623,95,340,341,12
21624,21624,126,293,293,23
21625,21625,99,290,291,14
21626,21626,149,222,227,37
21627,21627,59,286,287,18
21628,21628,60,224,225,11
21629,21629,82,342,348,59
21630,21630,80,342,343,18
21631,21631,25,430,431,47
21632,21632,58,332,332,6
21633,21633,14,300,300,15
21634,21634,71,250,252,22
21635,21635,55,971,973,21
21636,21636,9,237,237,14
21637,21637,56,189,189,10
21638,21638,136,357,358,16
21639,21639,40,333,334,17
21640,21640,71,252,253,35
21641,21641,70,261,261,21
21642,21642,13,374,375,22
21643,21643,95,341,342,20
21644,21644,90,239,242,40
21645,21645,24,395,396,13
21646,21646,23,439,442,53
21647,21647,61,127,128,8
21648,21648,95,342,343,26
21649,21649,38,308,311,39
21650,21650,134,237,237,12
21651,21651,71,253,255,18
21652,21652,71,255,255,1
21653,21653,12,196,197,22
21654,21654,36,375,375,8
21655,21655,88,289,294,60
21656,21656,101,1887,1888,15
21657,21657,71,255,255,18
21658,21658,93,233,233,13
21659,21659,141,118,118,4
21660,21660,79,133,138,38
21661,21661,125,331,332,13
21662,21662,58,332,334,41
21663,21663,127,160,161,27
21664,21664,66,233,235,22
21665,21665,71,255,256,18
21666,21666,85,207,213,47
21667,21667,57,169,171,21
21668,21668,68,406,407,9
21669,21669,59,287,289,28
21670,21670,147,317,317,7
21671,21671,26,505,505,24
21672,21672,5,165,165,6
21673,21673,125,332,335,23
21674,21674,136,358,363,52
21675,21675,25,431,432,23
21676,21676,100,348,349,15
21677,21677,39,244,245,13
21678,21678,40,334,334,11
21679,21679,149,227,229,38
21680,21680,143,258,260,23
21681,21681,93,233,234,30
21682,21682,100,349,352,31
21683,21683,29,217,217,20
21684,21684,22,348,355,56
21685,21685,26,505,509,37
21686,21686,61,128,128,5
21687,21687,61,128,130,17
21688,21688,71,256,257,25
21689,21689,1,131,133,19
21690,21690,122,337,338,18
21691,21691,14,300,304,31
21692,21692,90,242,243,32
21693,21693,78,425,425,5
21694,21694,33,197,197,9
21695,21695,103,579,586,59
21696,21696,22,355,356,13
21697,21697,142,133,133,21
21698,21698,40,334,335,40
21699,21699,69,110,111,11
21700,21700,81,267,270,28
21701,21701,44,253,253,8
21702,21702,61,130,131,12
21703,21703,7,238,239,20
21704,21704,71,257,260,29
21705,21705,104,695,696,24
21706,21706,122,338,340,18
21707,21707,9,237,240,32
21708,21708,3,292,295,37
21709,21709,54,438,439,13
21710,21710,131,233,235,16
21711,21711,70,261,261,4
21712,21712,127,161,162,11
21713,21713,18,230,230,17
21714,21714,94,396,398,16
21715,21715,135,254,254,5
21716,21716,128,235,238,31
21717,21717,94,398,398,20
21718,21718,110,280,285,54
21719,21719,73,235,235,10
21720,21720,76,243,244,10
21721,21721,37,222,222,5
21722,21722,57,171,171,7
21723,21723,22,356,357,15
21724,21724,59,289,289,13
21725,21725,45,132,132,7
21726,21726,114,390,392,27
21727,21727,16,190,190,21
21728,21728,14,304,304,9
21729,21729,35,230,230,6
21730,21730,84,362,363,14
21731,21731,118,311,312,56
21732,21732,68,407,407,12
21733,21733,35,230,230,7
21734,21734,109,1327,1329,27
21735,21735,40,335,337,48
21736,21736,64,456,456,7
21737,21737,100,352,353,15
21738,21738,19,207,211,53
21739,21739,84,363,367,55
21740,21740,91,286,288,24
21741,21741,121,245,250,37
21742,21742,6,206,209,51
21743,21743,56,189,190,21
21744,21744,8,232,232,9
21745,21745,136,363,363,7
21746,21746,110,285,285,19
21747,21747,3,295,295,5
21748,21748,137,318,320,34
21749,21749,21,207,209,18
21750,21750,118,312,314,45
21751,21751,63,239,240,26
21752,21752,97,535,537,31
21753,21753,108,2458,2461,25
21754,21754,99,291,293,25
21755,21755,138,216,217,10
21756,21756,49,937,938,14
21757,21757,65,344,344,14
21758,21758,75,189,189,8
21759,21759,13,375,378,25
21760,21760,90,243,246,25
21761,21761,17,322,323,36
21762,21762,78,425,425,2
21763,21763,6,209,213,52
21764,21764,121,250,253,30
21765,21765,73,235,235,6
21766,21766,6,213,220,53
21767,21767,88,294,300,46
21768,21768,26,509,510,14
21769,21769,39,245,248,50
21770,21770,79,138,139,13
21771,21771,36,375,377,56
21772,21772,28,190,190,7
21773,21773,107,1383,1389,50
21774,21774,77,376,376,15
21775,21775,26,510,511,36
21776,21776,46,1752,1757,52
21777,21777,98,306,307,28
21778,21778,149,229,230,12
21779,21779,97,537,537,10
21780,21780,27,278,279,16
21781,21781,144,318,318,17
21782,21782,25,432,437,47
21783,21783,148,337,345,57
21784,21784,26,511,511,10
21785,21785,17,323,328,36
21786,21786,24,396,397,22
21787,21787,2,265,265,2
21788,21788,118,314,319,36
21789,21789,54,439,444,40
21790,21790,143,260,261,27
21791,21791,135,254,254,12
21792,21792,41,289,290,13
21793,21793,101,1888,1888,12
21794,21794,94,398,401,27
21795,21795,65,344,347,22
21796,21796,39,248,251,44
21797,21797,39,251,252,22
21798,21798,109,1329,1331,20
21799,21799,103,586,594,62
21800,21800,107,1389,1390,9
21801,21801,125,335,335,5
21802,21802,121,253,258,57
21803,21803,18,230,230,8
21804,21804,138,217,217,6
21805,21805,13,378,378,1
21806,21806,5,165,166,17
21807,21807,139,184,185,13
21808,21808,76,244,246,24
21809,21809,7,239,239,12
21810,21810,131,235,242,53
21811,21811,2,265,267,17
21812,21812,144,318,319,12
21813,21813,112,252,253,19
21814,21814,89,232,233,17
21815,21815,5,166,167,19
21816,21816,78,425,427,22
21817,21817,100,353,353,5
21818,21818,50,382,383,19
21819,21819,136,363,368,54
21820,21820,137,320,320,18
21821,21821,67,286,286,6
21822,21822,81,270,276,41
21823,21823,75,189,192,46
21824,21824,72,208,209,15
21825,21825,31,270,270,6
21826,21826,81,276,276,12
21827,21827,65,347,348,41
21828,21828,35,230,231,10
21829,21829,13,378,378,11
21830,21830,2,267,271,58
21831,21831,82,348,349,20
21832,21832,140,104,104,8
21833,21833,30,371,379,56
21834,21834,145,355,356,36
21835,21835,126,293,296,24
21836,21836,94,401,404,24
21837,21837,24,397,398,14
21838,21838,23,442,444,37
21839,21839,117,190,191,18
21840,21840,46,1757,1757,12
21841,21841,85,213,213,9
21842,21842,125,335,336,23
21843,21843,30,379,379,12
21844,21844,124,255,258,51
21845,21845,83,398,400,20
21846,21846,22,357,357,17
21847,21847,14,304,305,18
21848,21848,83,400,400,10
21849,21849,150,373,374,19
21850,21850,92,348,349,16
21851,21851,23,444,444,10
21852,21852,89,233,235,19
21853,21853,131,242,242,9
21854,21854,69,111,113,17
21855,21855,131,242,242,10
21856,21856,3,295,296,15
21857,21857,118,319,325,56
21858,21858,40,337,341,45
21859,21859,36,377,377,15
21860,21860,91,288,288,10
21861,21861,105,592,594,16
21862,21862,102,1324,1324,10
21863,21863,36,377,380,31
21864,21864,121,258,258,24
21865,21865,36,380,380,18
21866,21866,17,328,328,7
21867,21867,147,317,317,3
21868,21868,12,197,198,13
21869,21869,137,320,320,8
21870,21870,97,537,538,31
21871,21871,51,827,827,27
21872,21872,27,279,281,38
21873,21873,109,1331,1332,17
21874,21874,44,253,255,17
21875,21875,17,328,328,10
21876,21876,88,300,301,45
21877,21877,54,444,444,16
21878,21878,17,328,328,10
21879,21879,136,368,373,56
21880,21880,114,392,398,48
21881,21881,114,398,398,6
21882,21882,76,246,247,10
21883,21883,3,296,296,1
21884,21884,23,444,447,25
21885,21885,12,198,199,25
21886,21886,108,2461,2462,11
21887,21887,69,113,114,43
21888,21888,63,240,241,12
21889,21889,39,252,254,46
21890,21890,114,398,398,13
21891,21891,90,246,247,31
21892,21892,50,383,384,14
21893,21893,45,132,133,9
21894,21894,51,827,827,2
21895,21895,13,378,379,44
21896,21896,113,232,232,13
21897,21897,96,339,341,26
21898,21898,145,356,356,5
21899,21899,48,1365,1367,26
21900,21900,12,199,200,32
21901,21901,134,237,240,24
21902,21902,46,1757,1757,14
21903,21903,34,179,179,16
21904,21904,49,938,939,12
21905,21905,104,696,697,20
21906,21906,19,211,212,16
21907,21907,147,317,318,13
21908,21908,118,325,326,23
21909,21909,58,334,335,38
21910,21910,2,271,274,31
21911,21911,67,286,286,14
21912,21912,14,305,306,12
21913,21913,47,400,404,37
21914,21914,24,398,401,22
21915,21915,74,520,525,49
21916,21916,24,401,401,15
21917,21917,147,318,319,13
21918,21918,147,319,320,13
21919,21919,129,358,358,4
21920,21920,126,296,296,5
21921,21921,98,307,310,27
21922,21922,59,289,289,8
21923,21923,51,827,830,21
21924,21924,145,356,357,10
21925,21925,59,289,293,39
21926,21926,130,431,431,12
21927,21927,127,162,163,11
21928,21928,110,285,288,50
21929,21929,150,374,375,9
21930,21930,64,456,457,14
21931,21931,11,312,314,28
21932,21932,18,230,230,1
21933,21933,127,163,163,18
21934,21934,124,258,260,15
21935,21935,117,191,192,13
21936,21936,147,320,320,3
21937,21937,126,296,297,16
21938,21938,120,223,227,29
21939,21939,100,353,353,11
21940,21940,89,235,236,11
21941,21941,35,231,233,20
21942,21942,93,234,235,15
21943,21943,25,437,438,23
21944,21944,17,328,330,26
21945,21945,114,398,398,4
21946,21946,149,230,230,24
21947,21947,119,279,279,8
21948,21948,16,190,192,47
21949,21949,126,297,298,15
21950,21950,85,213,213,9
21951,21951,82,349,350,11
21952,21952,7,239,242,41
21953,21953,42,274,275,16
21954,21954,73,235,236,11
21955,21955,58,335,338,36
21956,21956,101,1888,1889,14
21957,21957,122,340,342,21
21958,21958,71,260,263,25
21959,21959,139,185,190,38
21960,21960,114,398,399,32
21961,21961,21,209,209,8
21962,21962,15,118,119,10
21963,21963,83,400,402,48
21964,21964,26,511,511,16
21965,21965,14,306,308,17
21966,21966,14,308,308,18
21967,21967,59,293,295,32
21968,21968,62,206,207,15
21969,21969,42,275,278,32
21970,21970,150,375,375,6
21971,21971,24,401,401,15
21972,21972,92,349,350,23
21973,21973,111,290,291,38
21974,21974,97,538,542,42
21975,21975,127,163,163,10
21976,21976,28,190,192,23
21977,21977,25,438,439,18
21978,21978,57,171,172,22
21979,21979,99,293,294,20
21980,21980,40,341,342,25
21981,21981,123,281,288,54
21982,21982,81,276,277,13
21983,21983,95,343,344,14
21984,21984,144,319,319,4
21985,21985,88,301,307,54
21986,21986,120,227,228,10
21987,21987,50,384,387,37
21988,21988,19,212,215,49
21989,21989,116,300,305,39
21990,21990,63,241,243,20
21991,21991,119,279,279,5
21992,21992,89,236,237,11
21993,21993,32,282,283,18
21994,21994,91,288,288,7
21995,21995,136,373,374,15
21996,21996,44,255,255,11
21997,21997,94,404,405,24
21998,21998,108,2462,2462,5
21999,21999,68,407,408,22
22000,22000,67,286,287,49
22001,22001,92,350,356,47
22002,22002,139,190,193,45
22003,22003,80,343,344,18
22004,22004,127,163,164,20
22005,22005,12,200,201,38
22006,22006,86,239,242,44
22007,22007,135,254,254,19
22008,22008,95,344,345,25
22009,22009,89,237,238,17
22010,22010,36,380,381,15
22011,22011,26,511,512,16
22012,22012,123,288,288,10
22013,22013,95,345,347,37
22014,22014,147,320,320,8
22015,22015,15,119,119,13
22016,22016,74,525,526,14
22017,22017,89,238,239,12
22018,22018,121,258,260,26
22019,22019,43,329,329,5
22020,22020,10,279,284,46
22021,22021,55,973,973,5
22022,22022,126,298,298,10
22023,22023,143,261,261,15
22024,22024,142,133,133,13
22025,22025,97,542,543,14
22026,22026,26,512,514,17
22027,22027,5,167,167,3
22028,22028,89,239,240,18
22029,22029,131,242,244,16
22030,22030,12,201,202,20
22031,22031,107,1390,1396,50
22032,22032,71,263,264,20
22033,22033,73,236,237,14
22034,22034,76,247,247,14
22035,22035,97,543,543,2
22036,22036,50,387,387,14
22037,22037,3,296,296,7
22038,22038,64,457,457,7
22039,22039,49,939,940,13
22040,22040,30,379,380,22
22041,22041,64,457,458,15
22042,22042,11,314,314,4
22043,22043,4,154,158,37
22044,22044,82,350,351,15
22045,22045,55,973,974,15
22046,22046,41,290,293,55
22047,22047,84,367,367,3
22048,22048,95,347,351,57
22049,22049,147,320,322,28
22050,22050,85,213,213,8
22051,22051,60,225,225,15
22052,22052,148,345,346,17
22053,22053,61,131,133,16
22054,22054,7,242,242,7
22055,22055,92,356,358,59
22056,22056,68,408,409,20
22057,22057,82,351,351,3
22058,22058,124,260,261,12
22059,22059,31,270,271,13
22060,22060,106,1012,1014,51
22061,22061,14,308,311,26
22062,22062,99,294,295,23
22063,22063,69,114,115,17
22064,22064,130,431,436,52
22065,22065,81,277,277,7
22066,22066,141,118,118,1
22067,22067,95,351,354,31
22068,22068,148,346,346,14
22069,22069,46,1757,1762,65
22070,22070,24,401,402,17
22071,22071,36,381,384,54
22072,22072,8,232,233,19
22073,22073,78,427,427,8
22074,22074,41,293,293,23
22075,22075,48,1367,1367,4
22076,22076,102,1324,1326,31
22077,22077,23,447,450,39
22078,22078,9,240,245,47
22079,22079,16,192,192,17
22080,22080,97,543,546,26
22081,22081,132,388,390,21
22082,22082,93,235,235,11
22083,22083,95,354,354,3
22084,22084,97,546,549,21
22085,22085,26,514,517,34
22086,22086,117,192,193,19
22087,22087,95,354,354,11
22088,22088,44,255,255,5
22089,22089,99,295,296,25
22090,22090,89,240,241,8
22091,22091,9,245,245,7
22092,22092,84,367,369,29
22093,22093,119,279,282,29
22094,22094,100,353,353,14
22095,22095,124,261,262,23
22096,22096,35,233,233,11
22097,22097,140,104,104,3
22098,22098,111,291,292,16
22099,22099,14,311,311,11
22100,22100,23,450,451,18
22101,22101,37,222,226,32
22102,22102,28,192,192,8
22103,22103,136,374,376,20
22104,22104,23,451,453,44
22105,22105,70,261,263,36
22106,22106,62,207,207,9
22107,22107,74,526,526,10
22108,22108,135,254,254,15
22109,22109,137,320,320,15
22110,22110,64,458,459,12
22111,22111,101,1889,1891,18
22112,22112,98,310,313,45
22113,22113,4,158,158,6
22114,22114,145,357,358,18
22115,22115,26,517,518,20
22116,22116,49,940,940,4
22117,22117,4,158,158,5
22118,22118,44,255,258,39
22119,22119,97,549,549,2
22120,22120,58,338,339,20
22121,22121,111,292,294,17
22122,22122,139,193,199,50
22123,22123,134,240,241,19
22124,22124,67,287,292,49
22125,22125,26,518,519,15
22126,22126,41,293,294,14
22127,22127,117,193,194,13
22128,22128,89,241,242,58
22129,22129,25,439,441,41
22130,22130,108,2462,2462,9
22131,22131,89,242,243,33
22132,22132,92,358,364,55
22133,22133,38,311,315,58
22134,22134,56,190,190,24
22135,22135,81,277,277,8
22136,22136,10,284,289,54
22137,22137,103,594,598,54
22138,22138,64,459,463,44
22139,22139,124,262,264,22
22140,22140,99,296,300,46
22141,22141,91,288,292,36
22142,22142,110,288,294,46
22143,22143,108,2462,2464,21
22144,22144,21,209,210,18
22145,22145,47,404,405,19
22146,22146,75,192,192,16
22147,22147,132,390,390,10
22148,22148,73,237,238,16
22149,22149,35,233,236,27
22150,22150,126,298,298,8
22151,22151,72,209,217,58
22152,22152,28,192,192,16
22153,22153,66,235,235,5
22154,22154,129,358,359,20
22155,22155,132,390,390,10
22156,22156,117,194,195,23
22157,22157,27,281,283,14
22158,22158,17,330,330,5
22159,22159,58,339,339,7
22160,22160,64,463,463,8
22161,22161,110,294,294,17
22162,22162,84,369,370,24
22163,22163,75,192,194,16
22164,22164,147,322,325,30
22165,22165,108,2464,2466,31
22166,22166,80,344,348,57
22167,22167,95,354,355,8
22168,22168,136,376,378,22
22169,22169,78,427,428,23
22170,22170,1,133,133,4
22171,22171,64,463,465,22
22172,22172,138,217,217,11
22173,22173,11,314,315,15
22174,22174,18,230,231,15
22175,22175,89,243,243,1
22176,22176,119,282,283,26
22177,22177,59,295,297,24
22178,22178,93,235,239,29
22179,22179,89,243,244,19
22180,22180,26,519,520,28
22181,22181,8,233,234,23
22182,22182,101,1891,1892,14
22183,22183,99,300,302,17
22184,22184,114,399,399,1
22185,22185,74,526,533,55
22186,22186,118,326,328,27
22187,22187,58,339,340,13
22188,22188,78,428,429,29
22189,22189,65,348,349,21
22190,22190,78,429,430,11
22191,22191,18,231,233,28
22192,22192,31,271,274,32
22193,22193,3,296,296,7
22194,22194,133,246,246,14
22195,22195,31,274,278,33
22196,22196,59,297,297,18
22197,22197,148,346,346,22
22198,22198,17,330,332,17
22199,22199,65,349,350,53
22200,22200,17,332,332,6
22201,22201,77,376,379,62
22202,22202,43,329,329,7
22203,22203,26,520,521,18
22204,22204,17,332,333,18
22205,22205,110,294,294,5
22206,22206,120,228,228,14
22207,22207,127,164,164,22
22208,22208,18,233,235,23
22209,22209,141,118,119,10
22210,22210,92,364,366,21
22211,22211,109,1332,1333,12
22212,22212,71,264,264,3
22213,22213,125,336,338,26
22214,22214,132,390,390,15
22215,22215,34,179,179,19
22216,22216,71,264,264,7
22217,22217,137,320,322,16
22218,22218,25,441,445,35
22219,22219,2,274,275,12
22220,22220,1,133,134,13
22221,22221,92,366,368,39
22222,22222,109,1333,1334,22
22223,22223,5,167,169,18
22224,22224,95,355,356,10
22225,22225,137,322,324,26
22226,22226,46,1762,1763,17
22227,22227,85,213,213,9
22228,22228,99,302,303,23
22229,22229,23,453,456,30
22230,22230,145,358,360,17
22231,22231,26,521,521,11
22232,22232,132,390,391,21
22233,22233,129,359,366,49
22234,22234,73,238,238,1
22235,22235,110,294,298,53
22236,22236,37,226,226,21
22237,22237,84,370,372,21
22238,22238,84,372,373,13
22239,22239,100,353,355,20
22240,22240,130,436,437,14
22241,22241,119,283,283,2
22242,22242,72,217,220,28
22243,22243,69,115,116,8
22244,22244,119,283,286,55
22245,22245,149,230,232,47
22246,22246,14,311,311,5
22247,22247,42,278,278,4
22248,22248,137,324,326,25
22249,22249,43,329,331,39
22250,22250,96,341,346,35
22251,22251,97,549,549,10
22252,22252,118,328,331,47
22253,22253,70,263,266,42
22254,22254,29,217,219,21
22255,22255,131,244,246,19
22256,22256,150,375,375,14
22257,22257,94,405,408,26
22258,22258,25,445,452,48
22259,22259,77,379,382,42
22260,22260,80,348,349,20
22261,22261,22,357,357,10
22262,22262,146,181,181,2
22263,22263,3,296,300,40
22264,22264,7,242,243,19
22265,22265,109,1334,1334,12
22266,22266,15,119,119,13
22267,22267,116,305,307,16
22268,22268,82,351,353,57
22269,22269,38,315,316,43
22270,22270,47,405,407,45
22271,22271,75,194,194,4
22272,22272,97,549,550,9
22273,22273,36,384,384,5
22274,22274,32,283,283,8
22275,22275,92,368,371,39
22276,22276,77,382,382,8
22277,22277,82,353,361,60
22278,22278,143,261,262,15
22279,22279,64,465,468,37
22280,22280,67,292,292,15
22281,22281,59,297,300,25
22282,22282,76,247,250,26
22283,22283,148,346,346,13
22284,22284,35,236,242,59
22285,22285,26,521,521,8
22286,22286,78,430,435,36
22287,22287,85,213,213,3
22288,22288,48,1367,1368,14
22289,22289,97,550,550,3
22290,22290,96,346,346,8
22291,22291,127,164,164,4
22292,22292,105,594,594,14
22293,22293,103,598,606,61
22294,22294,104,697,698,27
22295,22295,141,119,121,20
22296,22296,98,313,314,12
22297,22297,27,283,284,42
22298,22298,116,307,308,26
22299,22299,96,346,348,23
22300,22300,46,1763,1763,12
22301,22301,86,242,244,34
22302,22302,64,468,469,15
22303,22303,51,830,831,16
22304,22304,52,876,877,13
22305,22305,23,456,457,11
22306,22306,5,169,170,15
22307,22307,90,247,251,32
22308,22308,74,533,535,45
22309,22309,82,361,365,62
22310,22310,29,219,220,15
22311,22311,90,251,255,34
22312,22312,20,386,389,58
22313,22313,73,238,239,18
22314,22314,148,346,348,58
22315,22315,89,244,245,13
22316,22316,95,356,357,21
22317,22317,97,550,553,25
22318,22318,13,379,380,22
22319,22319,36,384,385,15
22320,22320,18,235,236,13
22321,22321,89,245,247,16
22322,22322,71,264,264,11
22323,22323,58,340,340,22
22324,22324,46,1763,1763,17
22325,22325,74,535,536,13
22326,22326,136,378,383,39
22327,22327,5,170,171,13
22328,22328,109,1334,1334,10
22329,22329,59,300,303,26
22330,22330,84,373,373,12
22331,22331,84,373,373,7
22332,22332,134,241,243,17
22333,22333,92,371,375,39
22334,22334,37,226,228,48
22335,22335,49,940,942,17
22336,22336,100,355,357,25
22337,22337,95,357,360,27
22338,22338,39,254,255,23
22339,22339,98,314,314,10
22340,22340,34,179,179,5
22341,22341,143,262,263,7
22342,22342,85,213,215,19
22343,22343,7,243,243,2
22344,22344,11,315,316,37
22345,22345,107,1396,1402,42
22346,22346,129,366,368,54
22347,22347,84,373,375,21
22348,22348,143,263,263,16
22349,22349,64,469,471,48
22350,22350,135,254,254,6
22351,22351,126,298,298,16
22352,22352,106,1014,1019,53
22353,22353,11,316,317,13
22354,22354,50,387,389,22
22355,22355,96,348,350,39
22356,22356,37,228,229,19
22357,22357,21,210,212,16
22358,22358,72,220,220,7
22359,22359,76,250,251,23
22360,22360,4,158,158,9
22361,22361,136,383,386,31
22362,22362,107,1402,1403,27
22363,22363,1,134,134,1
22364,22364,150,375,375,12
22365,22365,110,298,299,56
22366,22366,13,380,381,12
22367,22367,39,255,256,19
22368,22368,34,179,180,23
22369,22369,99,303,304,24
22370,22370,107,1403,1407,53
22371,22371,141,121,122,13
22372,22372,46,1763,1766,31
22373,22373,78,435,438,35
22374,22374,137,326,327,17
22375,22375,121,260,261,24
22376,22376,118,331,331,13
22377,22377,51,831,837,51
22378,22378,74,536,538,22
22379,22379,77,382,387,48
22380,22380,130,437,438,20
22381,22381,130,438,441,29
22382,22382,126,298,299,19
22383,22383,124,264,267,49
22384,22384,100,357,357,5
22385,22385,24,402,402,14
22386,22386,130,441,441,5
22387,22387,99,304,306,16
22388,22388,124,267,267,8
22389,22389,131,246,247,20
22390,22390,92,375,379,36
22391,22391,21,212,212,6
22392,22392,108,2466,2466,13
22393,22393,49,942,942,14
22394,22394,11,317,318,14
22395,22395,41,294,299,44
22396,22396,145,360,361,20
22397,22397,23,457,457,10
22398,22398,9,245,250,37
22399,22399,37,229,230,17
22400,22400,89,247,248,17
22401,22401,36,385,386,18
22402,22402,115,151,151,7
22403,22403,33,197,198,16
22404,22404,144,319,321,22
22405,22405,44,258,261,46
22406,22406,14,311,314,31
22407,22407,8,234,235,11
22408,22408,133,246,247,35
22409,22409,128,238,239,23
22410,22410,119,286,286,3
22411,22411,89,248,248,19
22412,22412,128,239,242,26
22413,22413,143,263,265,27
22414,22414,17,333,336,25
22415,22415,1,134,134,13
22416,22416,42,278,280,36
22417,22417,62,207,212,65
22418,22418,40,342,342,10
22419,22419,98,314,314,10
22420,22420,136,386,387,32
22421,22421,131,247,251,32
22422,22422,131,251,258,50
22423,22423,78,438,440,27
22424,22424,105,594,596,16
22425,22425,105,596,597,11
22426,22426,64,471,477,59
22427,22427,149,232,234,21
22428,22428,72,220,220,22
22429,22429,11,318,318,16
22430,22430,25,452,453,27
22431,22431,150,375,380,50
22432,22432,136,387,388,10
22433,22433,116,308,309,34
22434,22434,36,386,386,8
22435,22435,55,974,975,13
22436,22436,135,254,254,11
22437,22437,28,192,193,17
22438,22438,44,261,261,22
22439,22439,43,331,333,37
22440,22440,8,235,237,16
22441,22441,147,325,325,1
22442,22442,52,877,879,22
22443,22443,99,306,309,25
22444,22444,58,340,345,53
22445,22445,35,242,243,10
22446,22446,102,1326,1327,17
22447,22447,103,606,608,53
22448,22448,91,292,294,38
22449,22449,13,381,383,30
22450,22450,91,294,295,32
22451,22451,120,228,236,66
22452,22452,98,314,314,10
22453,22453,13,383,386,22
22454,22454,88,307,307,4
22455,22455,65,350,353,27
22456,22456,38,316,316,16
22457,22457,16,192,196,33
22458,22458,28,193,193,16
22459,22459,138,217,217,11
22460,22460,80,349,349,18
22461,22461,122,342,342,16
22462,22462,27,284,284,2
22463,22463,128,242,248,53
22464,22464,126,299,300,24
22465,22465,133,247,249,51
22466,22466,19,215,215,11
22467,22467,125,338,340,24
22468,22468,101,1892,1893,13
22469,22469,119,286,287,21
22470,22470,35,243,244,11
22471,22471,35,244,246,18
22472,22472,70,266,267,22
22473,22473,9,250,252,34
22474,22474,113,232,233,8
22475,22475,21,212,212,14
22476,22476,92,379,381,55
22477,22477,130,441,448,57
22478,22478,54,444,445,14
22479,22479,106,1019,1023,47
22480,22480,117,195,195,8
22481,22481,49,942,943,17
22482,22482,89,248,248,15
22483,22483,51,837,838,11
22484,22484,35,246,246,13
22485,22485,74,538,538,8
22486,22486,126,300,303,43
22487,22487,123,288,289,12
22488,22488,55,975,975,4
22489,22489,34,180,183,26
22490,22490,37,230,233,50
22491,22491,102,1327,1328,24
22492,22492,78,440,441,52
22493,22493,86,244,245,19
22494,22494,147,325,325,14
22495,22495,58,345,346,16
22496,22496,135,254,255,16
22497,22497,73,239,240,10
22498,22498,74,538,543,61
22499,22499,94,408,412,48
22500,22500,119,287,288,16
22501,22501,5,171,171,5
22502,22502,13,386,387,13
22503,22503,73,240,241,11
22504,22504,39,256,258,25
22505,22505,25,453,454,35
22506,22506,142,133,135,23
22507,22507,44,261,262,7
22508,22508,130,448,448,1
22509,22509,22,357,359,17
22510,22510,76,251,252,25
22511,22511,100,357,360,52
22512,22512,90,255,257,27
22513,22513,81,277,280,46
22514,22514,111,294,295,49
22515,22515,59,303,303,13
22516,22516,52,879,879,9
22517,22517,36,386,387,14
22518,22518,84,375,376,21
22519,22519,43,333,333,3
22520,22520,97,553,553,13
22521,22521,48,1368,1368,7
22522,22522,53,713,716,33
22523,22523,35,246,246,6
22524,22524,1,134,135,10
22525,22525,115,151,152,19
22526,22526,107,1407,1408,16
22527,22527,1,135,136,10
22528,22528,83,402,405,28
22529,22529,54,445,445,9
22530,22530,15,119,123,52
22531,22531,46,1766,1768,26
22532,22532,146,181,183,16
22533,22533,128,248,248,3
22534,22534,90,257,260,27
22535,22535,96,350,353,23
22536,22536,13,387,389,25
22537,22537,41,299,301,54
22538,22538,81,280,281,14
22539,22539,89,248,249,17
22540,22540,43,333,333,8
22541,22541,131,258,259,26
22542,22542,102,1328,1329,28
22543,22543,107,1408,1412,39
22544,22544,59,303,303,3
22545,22545,21,212,212,21
22546,22546,18,236,238,19
22547,22547,145,361,364,26
22548,22548,9,252,252,6
22549,22549,11,318,318,11
22550,22550,53,716,716,9
22551,22551,116,309,311,27
22552,22552,144,321,323,23
22553,22553,85,215,217,16
22554,22554,59,303,304,34
22555,22555,111,295,295,10
22556,22556,97,553,556,58
22557,22557,31,278,280,19
22558,22558,72,220,221,12
22559,22559,129,368,369,18
22560,22560,104,698,698,8
22561,22561,82,365,368,51
22562,22562,12,202,206,37
22563,22563,42,280,280,9
22564,22564,110,299,301,19
22565,22565,144,323,323,5
22566,22566,39,258,259,13
22567,22567,7,243,248,48
22568,22568,117,195,196,13
22569,22569,56,190,192,35
22570,22570,64,477,477,3
22571,22571,22,359,362,24
22572,22572,93,239,242,24
22573,22573,67,292,297,51
22574,22574,20,389,392,31
22575,22575,82,368,370,56
22576,22576,122,342,345,22
22577,22577,130,448,448,5
22578,22578,92,381,381,17
22579,22579,18,238,244,66
22580,22580,23,457,457,13
22581,22581,103,608,608,14
22582,22582,142,135,136,17
22583,22583,33,198,198,7
22584,22584,94,412,413,12
22585,22585,64,477,478,18
22586,22586,134,243,246,57
22587,22587,112,253,253,17
22588,22588,128,248,249,11
22589,22589,97,556,558,37
22590,22590,108,2466,2468,37
22591,22591,42,280,284,41
22592,22592,89,249,250,14
22593,22593,54,445,447,20
22594,22594,28,193,194,28
22595,22595,92,381,384,42
22596,22596,56,192,199,52
22597,22597,44,262,266,46
22598,22598,109,1334,1336,39
22599,22599,77,387,394,52
22600,22600,110,301,305,50
22601,22601,136,388,389,42
22602,22602,109,1336,1339,56
22603,22603,44,266,268,15
22604,22604,57,172,173,39
22605,22605,78,441,441,4
22606,22606,22,362,366,54
22607,22607,149,234,234,13
22608,22608,64,478,481,51
22609,22609,97,558,558,6
22610,22610,129,369,374,54
22611,22611,77,394,394,4
22612,22612,64,481,481,5
22613,22613,21,212,214,24
22614,22614,131,259,259,13
22615,22615,91,295,299,58
22616,22616,14,314,314,22
22617,22617,5,171,171,7
22618,22618,46,1768,1768,15
22619,22619,97,558,560,42
22620,22620,116,311,312,25
22621,22621,39,259,259,12
22622,22622,46,1768,1769,12
22623,22623,36,387,388,13
22624,22624,108,2468,2469,18
22625,22625,116,312,315,28
22626,22626,142,136,136,6
22627,22627,5,171,172,12
22628,22628,116,315,317,16
22629,22629,65,353,354,14
22630,22630,114,399,402,33
22631,22631,22,366,367,20
22632,22632,150,380,381,21
22633,22633,35,246,247,19
22634,22634,21,214,214,2
22635,22635,16,196,196,15
22636,22636,27,284,287,26
22637,22637,98,314,314,12
22638,22638,121,261,264,37
22639,22639,123,289,289,18
22640,22640,126,303,305,18
22641,22641,20,392,393,11
22642,22642,23,457,460,39
22643,22643,14,314,314,16
22644,22644,21,214,215,8
22645,22645,55,975,976,17
22646,22646,51,838,838,1
22647,22647,26,521,522,14
22648,22648,65,354,355,17
22649,22649,71,264,265,15
22650,22650,54,447,448,22
22651,22651,122,345,346,22
22652,22652,105,597,602,36
22653,22653,57,173,174,25
22654,22654,3,300,303,46
22655,22655,120,236,239,25
22656,22656,47,407,407,11
22657,22657,131,259,260,14
22658,22658,83,405,409,37
22659,22659,144,323,323,2
22660,22660,19,215,215,8
22661,22661,78,441,442,12
22662,22662,26,522,525,50
22663,22663,23,460,462,26
22664,22664,126,305,306,24
22665,22665,96,353,359,54
22666,22666,131,260,262,23
22667,22667,43,333,334,15
22668,22668,74,543,544,21
22669,22669,27,287,289,43
22670,22670,64,481,487,43
22671,22671,42,284,284,17
22672,22672,39,259,259,11
22673,22673,91,299,300,18
22674,22674,129,374,374,11
22675,22675,113,233,235,16
22676,22676,73,241,242,11
22677,22677,119,288,291,27
22678,22678,50,389,389,10
22679,22679,50,389,389,1
22680,22680,114,402,403,49
22681,22681,63,243,243,7
22682,22682,28,194,194,6
22683,22683,37,233,234,11
22684,22684,80,349,351,17
22685,22685,150,381,382,20
22686,22686,26,525,527,52
22687,22687,136,389,390,14
22688,22688,116,317,317,12
22689,22689,135,255,257,22
22690,22690,83,409,411,18
22691,22691,27,289,289,10
22692,22692,104,698,700,24
22693,22693,107,1412,1415,28
22694,22694,144,323,324,14
22695,22695,68,409,410,11
22696,22696,98,314,315,12
22697,22697,44,268,270,22
22698,22698,106,1023,1028,50
22699,22699,86,245,245,9
22700,22700,107,1415,1420,43
22701,22701,76,252,255,29
22702,22702,51,838,840,32
22703,22703,137,327,327,17
22704,22704,17,336,338,21
22705,22705,118,331,335,43
22706,22706,40,342,343,35
22707,22707,80,351,351,11
22708,22708,23,462,464,19
22709,22709,138,217,217,1
22710,22710,23,464,464,14
22711,22711,51,840,840,4
22712,22712,127,164,166,25
22713,22713,127,166,168,18
22714,22714,70,267,267,6
22715,22715,146,183,188,38
22716,22716,55,976,982,43
22717,22717,24,402,403,40
22718,22718,147,325,326,10
22719,22719,89,250,251,9
22720,22720,27,289,289,16
22721,22721,15,123,124,9
22722,22722,87,149,151,24
22723,22723,113,235,235,5
22724,22724,65,355,360,39
22725,22725,126,306,308,23
22726,22726,138,217,217,5
22727,22727,85,217,217,11
22728,22728,11,318,321,40
22729,22729,33,198,198,25
22730,22730,81,281,281,16
22731,22731,68,410,414,35
22732,22732,105,602,603,13
22733,22733,91,300,303,24
22734,22734,82,370,373,57
22735,22735,113,235,235,11
22736,22736,21,215,218,24
22737,22737,137,327,330,36
22738,22738,114,403,405,15
22739,22739,100,360,362,15
22740,22740,104,700,701,56
22741,22741,73,242,242,8
22742,22742,38,316,322,46
22743,22743,119,291,291,5
22744,22744,123,289,290,8
22745,22745,94,413,416,24
22746,22746,149,234,234,13
22747,22747,28,194,195,14
22748,22748,4,158,159,9
22749,22749,39,259,261,17
22750,22750,108,2469,2471,21
22751,22751,53,716,717,25
22752,22752,90,260,261,38
22753,22753,23,464,465,9
22754,22754,23,465,466,13
22755,22755,74,544,548,35
22756,22756,83,411,411,24
22757,22757,35,247,247,6
22758,22758,102,1329,1330,36
22759,22759,24,403,403,7
22760,22760,14,314,317,29
22761,22761,18,244,245,16
22762,22762,108,2471,2471,20
22763,22763,64,487,487,14
22764,22764,123,290,296,54
22765,22765,85,217,218,21
22766,22766,133,249,249,16
22767,22767,81,281,286,34
22768,22768,77,394,399,35
22769,22769,99,309,309,25
22770,22770,13,389,391,39
22771,22771,148,348,350,32
22772,22772,132,391,392,12
22773,22773,84,376,378,19
22774,22774,71,265,265,2
22775,22775,26,527,528,22
22776,22776,51,840,841,9
22777,22777,109,1339,1339,1
22778,22778,56,199,199,1
22779,22779,42,284,286,25
22780,22780,111,295,297,46
22781,22781,7,248,248,1
22782,22782,77,399,400,22
22783,22783,43,334,338,36
22784,22784,98,315,315,4
22785,22785,11,321,322,15
22786,22786,90,261,263,29
22787,22787,147,326,327,12
22788,22788,93,242,242,29
22789,22789,59,304,305,20
22790,22790,119,291,292,52
22791,22791,32,283,283,16
22792,22792,9,252,253,46
22793,22793,94,416,417,19
22794,22794,61,133,134,13
22795,22795,39,261,261,14
22796,22796,97,560,562,31
22797,22797,114,405,406,37
22798,22798,24,403,404,9
22799,22799,80,351,355,49
22800,22800,105,603,604,20
22801,22801,150,382,387,42
22802,22802,31,280,284,34
22803,22803,14,317,317,4
22804,22804,84,378,385,47
22805,22805,92,384,390,45
22806,22806,65,360,361,14
22807,22807,41,301,308,54
22808,22808,94,417,418,31
22809,22809,18,245,246,17
22810,22810,47,407,407,13
22811,22811,27,289,292,30
22812,22812,97,562,563,12
22813,22813,74,548,549,24
22814,22814,34,183,183,10
22815,22815,1,136,137,43
22816,22816,89,251,251,11
22817,22817,29,220,222,18
22818,22818,51,841,841,17
22819,22819,127,168,172,30
22820,22820,131,262,262,8
22821,22821,14,317,319,34
22822,22822,12,206,207,19
22823,22823,99,309,310,23
22824,22824,44,270,270,3
22825,22825,61,134,135,10
22826,22826,78,442,443,11
22827,22827,19,215,215,15
22828,22828,44,270,270,2
22829,22829,8,237,238,27
22830,22830,99,310,311,18
22831,22831,20,393,395,51
22832,22832,81,286,288,17
22833,22833,84,385,385,19
22834,22834,66,235,235,8
22835,22835,73,242,243,19
22836,22836,5,172,172,2
22837,22837,1,137,138,20
22838,22838,84,385,388,24
22839,22839,108,2471,2472,17
22840,22840,31,284,288,38
22841,22841,96,359,362,34
22842,22842,51,841,847,46
22843,22843,1,138,138,10
22844,22844,150,387,387,6
22845,22845,68,414,414,7
22846,22846,97,563,567,31
22847,22847,78,443,443,4
22848,22848,25,454,456,17
22849,22849,70,267,267,3
22850,22850,129,374,376,20
22851,22851,6,220,226,47
22852,22852,11,322,328,47
22853,22853,83,411,413,22
22854,22854,37,234,236,27
22855,22855,115,152,153,20
22856,22856,139,199,201,15
22857,22857,61,135,135,10
22858,22858,36,388,388,4
22859,22859,73,243,244,9
22860,22860,92,390,390,7
22861,22861,144,324,324,7
22862,22862,150,387,389,24
22863,22863,50,389,392,31
22864,22864,94,418,419,20
22865,22865,121,264,267,38
22866,22866,2,275,275,18
22867,22867,119,292,292,20
22868,22868,47,407,410,43
22869,22869,112,253,253,6
22870,22870,46,1769,1770,11
22871,22871,101,1893,1896,35
22872,22872,80,355,357,57
22873,22873,106,1028,1032,48
22874,22874,37,236,242,63
22875,22875,83,413,414,15
22876,22876,63,243,245,20
22877,22877,86,245,246,19
22878,22878,59,305,306,23
22879,22879,96,362,362,5
22880,22880,76,255,257,41
22881,22881,122,346,347,19
22882,22882,10,289,290,14
22883,22883,68,414,420,67
22884,22884,124,267,267,3
22885,22885,86,246,246,11
22886,22886,19,215,216,21
22887,22887,27,292,292,4
22888,22888,102,1330,1330,24
22889,22889,12,207,211,33
22890,22890,72,221,221,7
22891,22891,13,391,392,9
22892,22892,54,448,448,12
22893,22893,65,361,362,16
22894,22894,40,343,348,49
22895,22895,130,448,449,20
22896,22896,59,306,307,31
22897,22897,144,324,325,12
22898,22898,149,234,237,25
22899,22899,100,362,363,28
22900,22900,28,195,195,6
22901,22901,144,325,326,14
22902,22902,100,363,363,7
22903,22903,3,303,308,63
22904,22904,97,567,568,14
22905,22905,35,247,253,53
22906,22906,39,261,262,16
22907,22907,117,196,198,16
22908,22908,2,275,278,37
22909,22909,136,390,393,61
22910,22910,141,122,123,14
22911,22911,112,253,255,22
22912,22912,150,389,391,22
22913,22913,99,311,312,23
22914,22914,116,317,319,18
22915,22915,65,362,364,32
22916,22916,127,172,173,18
22917,22917,80,357,363,57
22918,22918,81,288,288,1
22919,22919,86,246,248,16
22920,22920,132,392,392,13
22921,22921,67,297,302,37
22922,22922,5,172,172,8
22923,22923,43,338,339,10
22924,22924,89,251,253,18
22925,22925,82,373,374,11
22926,22926,112,255,258,23
22927,22927,18,246,246,14
22928,22928,100,363,367,41
22929,22929,123,296,296,8
22930,22930,5,172,172,5
22931,22931,14,319,323,33
22932,22932,127,173,174,17
22933,22933,6,226,226,11
22934,22934,49,943,944,21
22935,22935,3,308,310,34
22936,22936,97,568,568,3
22937,22937,73,244,244,3
22938,22938,14,323,330,60
22939,22939,102,1330,1332,32
22940,22940,80,363,368,50
22941,22941,77,400,402,34
22942,22942,124,267,268,13
22943,22943,73,244,245,16
22944,22944,129,376,376,20
22945,22945,49,944,946,14
22946,22946,71,265,266,13
22947,22947,99,312,315,28
22948,22948,35,253,257,59
22949,22949,137,330,331,11
22950,22950,114,406,409,38
22951,22951,59,307,310,28
22952,22952,40,348,349,20
22953,22953,108,2472,2474,24
22954,22954,63,245,245,10
22955,22955,64,487,493,53
22956,22956,25,456,457,20
22957,22957,59,310,312,22
22958,22958,94,419,420,14
22959,22959,5,172,172,5
22960,22960,120,239,241,29
22961,22961,118,335,337,54
22962,22962,108,2474,2482,57
22963,22963,37,242,243,16
22964,22964,101,1896,1899,39
22965,22965,64,493,498,48
22966,22966,109,1339,1340,15
22967,22967,147,327,327,16
22968,22968,28,195,195,12
22969,22969,113,235,235,12
22970,22970,7,248,254,47
22971,22971,71,266,266,14
22972,22972,72,221,222,13
22973,22973,29,222,222,12
22974,22974,72,222,223,9
22975,22975,14,330,331,15
22976,22976,114,409,411,49
22977,22977,129,376,376,3
22978,22978,65,364,366,21
22979,22979,144,326,327,13
22980,22980,129,376,379,46
22981,22981,123,296,298,15
22982,22982,25,457,459,26
22983,22983,35,257,258,13
22984,22984,139,201,201,6
22985,22985,83,414,415,17
22986,22986,78,443,444,30
22987,22987,83,415,415,6
22988,22988,95,360,361,11
22989,22989,140,104,105,18
22990,22990,63,245,245,13
22991,22991,23,466,469,32
22992,22992,80,368,375,59
22993,22993,32,283,284,13
22994,22994,6,226,226,7
22995,22995,129,379,380,9
22996,22996,88,307,307,4
22997,22997,30,380,385,39
22998,22998,44,270,274,38
22999,22999,65,366,366,6
23000,23000,106,1032,1033,48
23001,23001,3,310,314,57
23002,23002,62,212,217,50
23003,23003,89,253,254,8
23004,23004,137,331,331,16
23005,23005,111,297,300,26
23006,23006,48,1368,1373,55
23007,23007,100,367,370,25
23008,23008,26,528,532,55
23009,23009,112,258,259,22
23010,23010,6,226,226,17
23011,23011,67,302,303,11
23012,23012,100,370,370,13
23013,23013,113,235,235,22
23014,23014,149,237,237,7
23015,23015,10,290,291,13
23016,23016,44,274,274,4
23017,23017,130,449,450,16
23018,23018,150,391,392,13
23019,23019,71,266,267,14
23020,23020,119,292,292,4
23021,23021,95,361,363,16
23022,23022,113,235,238,27
23023,23023,6,226,227,10
23024,23024,14,331,331,9
23025,23025,97,568,569,17
23026,23026,65,366,370,31
23027,23027,76,257,257,5
23028,23028,148,350,354,47
23029,23029,137,331,333,20
23030,23030,142,136,137,31
23031,23031,97,569,572,24
23032,23032,41,308,314,47
23033,23033,122,347,347,14
23034,23034,73,245,246,17
23035,23035,32,284,284,2
23036,23036,74,549,555,46
23037,23037,99,315,318,21
23038,23038,143,265,266,18
23039,23039,92,390,395,45
23040,23040,53,717,718,17
23041,23041,102,1332,1335,34
23042,23042,5,172,173,11
23043,23043,30,385,385,2
23044,23044,86,248,249,26
23045,23045,80,375,375,7
23046,23046,74,555,555,4
23047,23047,28,195,195,9
23048,23048,147,327,329,18
23049,23049,71,267,267,1
23050,23050,16,196,199,23
23051,23051,32,284,284,13
23052,23052,83,415,415,10
23053,23053,11,328,328,9
23054,23054,74,555,555,8
23055,23055,132,392,397,43
23056,23056,11,328,328,12
23057,23057,64,498,501,25
23058,23058,79,139,141,19
23059,23059,131,262,264,31
23060,23060,24,404,404,5
23061,23061,95,363,365,20
23062,23062,37,243,244,16
23063,23063,139,201,202,39
23064,23064,130,450,454,39
23065,23065,117,198,199,9
23066,23066,99,318,322,31
23067,23067,140,105,106,16
23068,23068,34,183,183,13
23069,23069,2,278,279,12
23070,23070,102,1335,1336,33
23071,23071,78,444,446,17
23072,23072,62,217,217,23
23073,23073,38,322,324,24
23074,23074,114,411,413,24
23075,23075,138,217,217,7
23076,23076,34,183,184,10
23077,23077,73,246,246,7
23078,23078,23,469,470,14
23079,23079,50,392,402,68
23080,23080,25,459,463,49
23081,23081,144,327,328,16
23082,23082,65,370,371,25
23083,23083,128,249,250,14
23084,23084,105,604,605,47
23085,23085,55,982,983,13
23086,23086,93,242,244,34
23087,23087,7,254,255,19
23088,23088,131,264,265,13
23089,23089,97,572,575,50
23090,23090,78,446,450,29
23091,23091,143,266,266,24
23092,23092,146,188,188,9
23093,23093,78,450,450,13
23094,23094,119,292,300,64
23095,23095,141,123,123,1
23096,23096,95,365,365,12
23097,23097,111,300,300,11
23098,23098,71,267,267,8
23099,23099,106,1033,1033,7
23100,23100,54,448,448,12
23101,23101,142,137,138,13
23102,23102,124,268,268,8
23103,23103,101,1899,1901,27
23104,23104,62,217,218,30
23105,23105,104,701,704,57
23106,23106,102,1336,1337,21
23107,23107,71,267,269,25
23108,23108,84,388,388,16
23109,23109,80,375,376,15
23110,23110,10,291,295,36
23111,23111,12,211,211,13
23112,23112,40,349,351,34
23113,23113,23,470,471,29
23114,23114,91,303,305,27
23115,23115,15,124,125,14
23116,23116,81,288,289,36
23117,23117,25,463,463,13
23118,23118,39,262,266,45
23119,23119,24,404,408,30
23120,23120,7,255,260,54
23121,23121,26,532,532,16
23122,23122,41,314,321,52
23123,23123,52,879,882,64
23124,23124,113,238,241,36
23125,23125,132,397,397,8
23126,23126,116,319,321,31
23127,23127,35,258,259,9
23128,23128,122,347,353,55
23129,23129,119,300,301,13
23130,23130,45,133,133,9
23131,23131,100,370,370,4
23132,23132,58,346,350,32
23133,23133,64,501,502,9
23134,23134,114,413,414,14
23135,23135,92,395,396,16
23136,23136,31,288,290,21
23137,23137,64,502,502,10
23138,23138,12,211,213,41
23139,23139,36,388,389,22
23140,23140,17,338,339,18
23141,23141,85,218,223,42
23142,23142,71,269,272,24
23143,23143,2,279,283,33
23144,23144,36,389,389,7
23145,23145,67,303,305,55
23146,23146,142,138,139,14
23147,23147,106,1033,1034,12
23148,23148,98,315,315,1
23149,23149,102,1337,1339,23
23150,23150,115,153,153,2
23151,23151,70,267,272,54
23152,23152,50,402,403,15
23153,23153,7,260,263,46
23154,23154,84,388,389,26
23155,23155,46,1770,1771,11
23156,23156,131,265,267,19
23157,23157,97,575,576,13
23158,23158,30,385,386,30
23159,23159,132,397,398,27
23160,23160,92,396,398,41
23161,23161,93,244,245,10
23162,23162,8,238,239,11
23163,23163,14,331,335,35
23164,23164,148,354,355,14
23165,23165,54,448,448,7
23166,23166,117,199,200,22
23167,23167,10,295,295,13
23168,23168,65,371,372,14
23169,23169,36,389,391,19
23170,23170,127,174,174,12
23171,23171,104,704,704,6
23172,23172,94,420,423,28
23173,23173,146,188,188,16
23174,23174,2,283,285,21
23175,23175,50,403,404,12
23176,23176,113,241,243,16
23177,23177,26,532,534,56
23178,23178,6,227,232,43
23179,23179,52,882,884,19
23180,23180,20,395,396,7
23181,23181,91,305,305,5
23182,23182,44,274,277,38
23183,23183,114,414,416,22
23184,23184,72,223,223,4
23185,23185,65,372,373,17
23186,23186,19,216,218,22
23187,23187,33,198,199,15
23188,23188,33,199,201,28
23189,23189,13,392,395,31
23190,23190,13,395,397,20
23191,23191,39,266,266,12
23192,23192,94,423,423,20
23193,23193,12,213,213,15
23194,23194,127,174,176,19
23195,23195,107,1420,1421,39
23196,23196,129,380,382,20
23197,23197,131,267,267,22
23198,23198,107,1421,1423,16
23199,23199,111,300,300,8
23200,23200,137,333,334,41
23201,23201,4,159,162,26
23202,23202,39,266,268,22
23203,23203,121,267,268,20
23204,23204,27,292,293,9
23205,23205,89,254,254,15
23206,23206,5,173,174,13
23207,23207,95,365,365,22
23208,23208,71,272,274,46
23209,23209,148,355,358,24
23210,23210,130,454,457,47
23211,23211,23,471,473,44
23212,23212,118,337,339,21
23213,23213,104,704,705,15
23214,23214,140,106,107,10
23215,23215,131,267,267,11
23216,23216,95,365,368,31
23217,23217,136,393,395,15
23218,23218,35,259,261,52
23219,23219,148,358,362,64
23220,23220,32,284,284,13
23221,23221,97,576,577,35
23222,23222,112,259,259,17
23223,23223,40,351,351,5
23224,23224,62,218,220,24
23225,23225,45,133,133,7
23226,23226,117,200,200,10
23227,23227,58,350,351,15
23228,23228,84,389,390,22
23229,23229,44,277,278,40
23230,23230,12,213,213,7
23231,23231,23,473,479,44
23232,23232,81,289,290,40
23233,23233,46,1771,1772,48
23234,23234,92,398,399,24
23235,23235,3,314,314,4
23236,23236,2,285,288,29
23237,23237,98,315,315,2
23238,23238,17,339,342,30
23239,23239,14,335,335,9
23240,23240,143,266,266,11
23241,23241,83,415,419,38
23242,23242,70,272,276,41
23243,23243,123,298,299,16
23244,23244,17,342,343,16
23245,23245,94,423,426,25
23246,23246,78,450,450,12
23247,23247,133,249,253,53
23248,23248,7,263,270,55
23249,23249,82,374,379,62
23250,23250,129,382,382,7
23251,23251,17,343,346,24
23252,23252,93,245,246,11
23253,23253,107,1423,1426,26
23254,23254,21,218,219,42
23255,23255,134,246,246,4
23256,23256,104,705,709,31
23257,23257,78,450,453,25
23258,23258,59,312,316,35
23259,23259,147,329,330,27
23260,23260,139,202,205,39
23261,23261,46,1772,1773,18
23262,23262,49,946,946,1
23263,23263,149,237,241,43
23264,23264,13,397,397,5
23265,23265,98,315,318,39
23266,23266,95,368,372,32
23267,23267,76,257,264,49
23268,23268,48,1373,1380,62
23269,23269,51,847,850,44
23270,23270,135,257,258,12
23271,23271,2,288,290,36
23272,23272,98,318,321,40
23273,23273,97,577,577,6
23274,23274,53,718,719,11
23275,23275,76,264,264,7
23276,23276,8,239,241,19
23277,23277,131,267,271,30
23278,23278,74,555,556,11
23279,23279,24,408,408,9
23280,23280,95,372,374,23
23281,23281,36,391,391,8
23282,23282,104,709,717,56
23283,23283,14,335,335,9
23284,23284,26,534,534,13
23285,23285,131,271,272,16
23286,23286,128,250,251,25
23287,23287,138,217,218,20
23288,23288,40,351,351,8
23289,23289,5,174,174,4
23290,23290,100,370,370,8
23291,23291,145,364,366,22
23292,23292,17,346,346,11
23293,23293,143,266,267,9
23294,23294,133,253,254,19
23295,23295,78,453,455,52
23296,23296,113,243,243,22
23297,23297,125,340,341,20
23298,23298,138,218,218,6
23299,23299,37,244,246,17
23300,23300,55,983,983,3
23301,23301,134,246,246,19
23302,23302,123,299,301,20
23303,23303,18,246,247,11
23304,23304,19,218,218,18
23305,23305,83,419,420,13
23306,23306,32,284,284,5
23307,23307,58,351,352,42
23308,23308,90,263,265,25
23309,23309,25,463,466,25
23310,23310,87,151,157,46
23311,23311,40,351,357,53
23312,23312,101,1901,1901,13
23313,23313,83,420,422,36
23314,23314,121,268,269,39
23315,23315,29,222,223,19
23316,23316,57,174,176,24
23317,23317,35,261,262,12
23318,23318,150,392,392,18
23319,23319,32,284,286,23
23320,23320,74,556,557,18
23321,23321,86,249,251,18
23322,23322,135,258,258,13
23323,23323,118,339,340,17
23324,23324,71,274,275,24
23325,23325,43,339,340,13
23326,23326,91,305,305,13
23327,23327,71,275,276,14
23328,23328,17,346,346,9
23329,23329,91,305,310,49
23330,23330,102,1339,1339,27
23331,23331,97,577,578,29
23332,23332,33,201,204,26
23333,23333,34,184,184,17
23334,23334,97,578,579,14
23335,23335,57,176,177,16
23336,23336,85,223,224,18
23337,23337,32,286,287,21
23338,23338,73,246,248,32
23339,23339,2,290,292,21
23340,23340,31,290,290,12
23341,23341,106,1034,1034,11
23342,23342,11,328,329,17
23343,23343,81,290,294,37
23344,23344,138,218,218,16
23345,23345,44,278,278,6
23346,23346,134,246,247,20
23347,23347,1,138,139,14
23348,23348,30,386,386,4
23349,23349,95,374,374,6
23350,23350,142,139,140,13
23351,23351,149,241,248,49
23352,23352,39,268,270,53
23353,23353,21,219,219,11
23354,23354,72,223,223,10
23355,23355,78,455,455,13
23356,23356,4,162,164,15
23357,23357,24,408,408,7
23358,23358,84,390,392,26
23359,23359,141,123,124,14
23360,23360,144,328,328,7
23361,23361,81,294,297,25
23362,23362,33,204,205,20
23363,23363,84,392,392,4
23364,23364,96,362,364,43
23365,23365,47,410,412,43
23366,23366,125,341,343,20
23367,23367,57,177,178,11
23368,23368,107,1426,1430,49
23369,23369,87,157,158,50
23370,23370,143,267,267,7
23371,23371,14,335,337,16
23372,23372,21,219,220,25
23373,23373,118,340,342,16
23374,23374,96,364,366,46
23375,23375,42,286,287,15
23376,23376,26,534,534,3
23377,23377,78,455,458,32
23378,23378,114,416,417,15
23379,23379,10,295,295,9
23380,23380,50,404,404,5
23381,23381,68,420,422,26
23382,23382,34,184,186,24
23383,23383,75,194,195,28
23384,23384,64,502,503,15
23385,23385,92,399,399,8
23386,23386,70,276,277,32
23387,23387,36,391,391,14
23388,23388,93,246,246,21
23389,23389,106,1034,1036,56
23390,23390,23,479,483,45
23391,23391,25,466,467,16
23392,23392,3,314,315,17
23393,23393,37,246,247,24
23394,23394,72,223,224,22
23395,23395,109,1340,1341,20
23396,23396,92,399,400,18
23397,23397,104,717,719,57
23398,23398,22,367,369,35
23399,23399,88,307,312,60
23400,23400,51,850,852,20
23401,23401,150,392,394,25
23402,23402,148,362,362,12
23403,23403,64,503,503,16
23404,23404,94,426,427,13
23405,23405,20,396,400,44
23406,23406,57,178,180,22
23407,23407,59,316,316,26
23408,23408,44,278,279,13
23409,23409,7,270,276,47
23410,23410,105,605,605,4
23411,23411,118,342,345,52
23412,23412,100,370,371,28
23413,23413,50,404,404,1
23414,23414,2,292,297,47
23415,23415,140,107,107,2
23416,23416,38,324,324,10
23417,23417,131,272,272,13
23418,23418,78,458,458,9
23419,23419,136,395,402,52
23420,23420,140,107,107,3
23421,23421,56,199,200,13
23422,23422,150,394,396,17
23423,23423,21,220,221,17
23424,23424,14,337,340,34
23425,23425,124,268,270,15
23426,23426,41,321,327,55
23427,23427,149,248,249,20
23428,23428,113,243,248,40
23429,23429,135,258,260,22
23430,23430,149,249,251,47
23431,23431,128,251,253,53
23432,23432,54,448,451,30
23433,23433,40,357,362,44
23434,23434,127,176,177,14
23435,23435,94,427,427,11
23436,23436,26,534,536,29
23437,23437,70,277,278,12
23438,23438,68,422,426,33
23439,23439,76,264,264,10
23440,23440,36,391,396,56
23441,23441,7,276,276,7
23442,23442,102,1339,1341,25
23443,23443,64,503,504,11
23444,23444,6,232,235,46
23445,23445,30,386,388,20
23446,23446,41,327,328,29
23447,23447,90,265,266,27
23448,23448,150,396,398,18
23449,23449,54,451,452,14
23450,23450,134,247,249,23
23451,23451,39,270,271,14
23452,23452,87,158,163,56
23453,23453,46,1773,1774,18
23454,23454,140,107,107,11
23455,23455,40,362,362,2
23456,23456,7,276,276,13
23457,23457,150,398,398,3
23458,23458,82,379,379,5
23459,23459,84,392,393,16
23460,23460,81,297,302,39
23461,23461,76,264,265,13
23462,23462,96,366,369,31
23463,23463,149,251,254,27
23464,23464,13,397,397,10
23465,23465,111,300,302,20
23466,23466,78,458,459,26
23467,23467,148,362,364,31
23468,23468,10,295,295,14
23469,23469,98,321,325,29
23470,23470,95,374,374,1
23471,23471,22,369,369,6
23472,23472,97,579,580,13
23473,23473,24,408,409,17
23474,23474,84,393,395,51
23475,23475,43,340,340,6
23476,23476,101,1901,1902,21
23477,23477,27,293,293,9
23478,23478,150,398,399,14
23479,23479,47,412,412,17
23480,23480,49,946,947,12
23481,23481,64,504,505,17
23482,23482,100,371,373,23
23483,23483,148,364,364,10
23484,23484,83,422,424,19
23485,23485,110,305,306,20
23486,23486,93,246,246,15
23487,23487,145,366,367,14
23488,23488,142,140,141,7
23489,23489,68,426,426,8
23490,23490,124,270,271,19
23491,23491,18,247,247,6
23492,23492,149,254,254,8
23493,23493,46,1774,1775,13
23494,23494,100,373,373,3
23495,23495,108,2482,2484,22
23496,23496,50,404,404,2
23497,23497,7,276,278,43
23498,23498,12,213,214,34
23499,23499,66,235,243,62
23500,23500,114,417,419,24
23501,23501,52,884,887,22
23502,23502,22,369,369,10
23503,23503,22,369,370,22
23504,23504,129,382,382,6
23505,23505,92,400,400,18
23506,23506,131,272,273,22
23507,23507,52,887,887,8
23508,23508,136,402,402,12
23509,23509,36,396,398,30
23510,23510,30,388,389,29
23511,23511,7,278,279,15
23512,23512,17,346,349,28
23513,23513,55,983,983,12
23514,23514,78,459,459,13
23515,23515,116,321,323,37
23516,23516,27,293,293,12
23517,23517,68,426,427,26
23518,23518,83,424,428,36
23519,23519,115,153,153,21
23520,23520,26,536,537,10
23521,23521,76,265,267,25
23522,23522,60,225,231,58
23523,23523,31,290,292,20
23524,23524,133,254,256,32
23525,23525,147,330,334,33
23526,23526,85,224,228,29
23527,23527,29,223,225,20
23528,23528,24,409,411,50
23529,23529,146,188,188,11
23530,23530,24,411,411,27
23531,23531,148,364,365,22
23532,23532,39,271,273,22
23533,23533,77,402,402,14
23534,23534,144,328,330,25
23535,23535,40,362,363,27
23536,23536,94,427,429,26
23537,23537,14,340,342,29
23538,23538,97,580,580,12
23539,23539,113,248,249,25
23540,23540,4,164,164,18
23541,23541,101,1902,1904,19
23542,23542,81,302,303,21
23543,23543,21,221,228,56
23544,23544,96,369,369,5
23545,23545,81,303,305,20
23546,23546,62,220,220,12
23547,23547,33,205,209,32
23548,23548,125,343,345,51
23549,23549,125,345,349,37
23550,23550,53,719,720,10
23551,23551,129,382,382,4
23552,23552,3,315,316,44
23553,23553,116,323,324,33
23554,23554,97,580,581,8
23555,23555,63,245,248,62
23556,23556,12,214,215,20
23557,23557,104,719,719,12
23558,23558,102,1341,1342,11
23559,23559,5,174,174,12
23560,23560,140,107,107,7
23561,23561,22,370,373,56
23562,23562,81,305,305,13
23563,23563,125,349,352,36
23564,23564,25,467,468,13
23565,23565,92,400,400,18
23566,23566,138,218,219,15
23567,23567,89,254,260,51
23568,23568,39,273,279,52
23569,23569,127,177,178,12
23570,23570,5,174,174,7
23571,23571,31,292,295,31
23572,23572,42,287,288,29
23573,23573,15,125,125,11
23574,23574,84,395,397,51
23575,23575,88,312,312,16
23576,23576,20,400,401,28
23577,23577,104,719,721,59
23578,23578,89,260,261,21
23579,23579,43,340,340,13
23580,23580,74,557,562,44
23581,23581,46,1775,1777,30
23582,23582,95,374,375,22
23583,23583,76,267,269,17
23584,23584,48,1380,1380,19
23585,23585,85,228,228,12
23586,23586,18,247,247,6
23587,23587,149,254,254,5
23588,23588,54,452,454,23
23589,23589,64,505,505,5
23590,23590,36,398,398,5
23591,23591,144,330,332,26
23592,23592,37,247,252,56
23593,23593,5,174,174,7
23594,23594,27,293,297,32
23595,23595,118,345,348,35
23596,23596,146,188,188,16
23597,23597,117,200,202,14
23598,23598,128,253,254,26
23599,23599,147,334,335,10
23600,23600,12,215,217,15
23601,23601,102,1342,1344,31
23602,23602,74,562,563,33
23603,23603,8,241,241,3
23604,23604,49,947,947,9
23605,23605,37,252,253,15
23606,23606,89,261,267,48
23607,23607,72,224,225,19
23608,23608,110,306,306,5
23609,23609,122,353,356,25
23610,23610,150,399,401,45
23611,23611,136,402,404,30
23612,23612,3,316,316,4
23613,23613,21,228,229,32
23614,23614,25,468,468,4
23615,23615,7,279,281,36
23616,23616,120,241,244,26
23617,23617,129,382,384,24
23618,23618,78,459,461,25
23619,23619,150,401,405,30
23620,23620,19,218,221,54
23621,23621,40,363,363,16
23622,23622,108,2484,2486,21
23623,23623,83,428,429,14
23624,23624,100,373,375,29
23625,23625,117,202,202,7
23626,23626,60,231,232,15
23627,23627,17,349,350,13
23628,23628,17,350,350,12
23629,23629,64,505,505,12
23630,23630,7,281,286,49
23631,23631,51,852,853,20
23632,23632,34,186,187,22
23633,23633,74,563,564,14
23634,23634,101,1904,1904,20
23635,23635,97,581,582,25
23636,23636,123,301,302,13
23637,23637,32,287,287,8
23638,23638,122,356,356,7
23639,23639,7,286,286,14
23640,23640,114,419,419,10
23641,23641,137,334,340,43
23642,23642,130,457,458,8
23643,23643,134,249,250,49
23644,23644,7,286,286,3
23645,23645,49,947,947,5
23646,23646,122,356,356,7
23647,23647,20,401,402,15
23648,23648,75,195,197,17
23649,23649,18,247,249,14
23650,23650,74,564,564,7
23651,23651,142,141,142,23
23652,23652,108,2486,2494,57
23653,23653,14,342,344,19
23654,23654,58,352,354,36
23655,23655,129,384,384,3
23656,23656,50,404,405,19
23657,23657,36,398,400,21
23658,23658,107,1430,1434,43
23659,23659,35,262,265,22
23660,23660,61,135,136,13
23661,23661,78,461,465,38
23662,23662,112,259,259,10
23663,23663,128,254,256,34
23664,23664,107,1434,1441,55
23665,23665,11,329,332,46
23666,23666,87,163,163,7
23667,23667,142,142,143,12
23668,23668,107,1441,1442,31
23669,23669,144,332,335,22
23670,23670,81,305,305,16
23671,23671,33,209,210,13
23672,23672,137,340,343,29
23673,23673,140,107,108,9
23674,23674,96,369,373,38
23675,23675,24,411,411,16
23676,23676,21,229,235,44
23677,23677,53,720,722,23
23678,23678,53,722,723,19
23679,23679,28,195,198,41
23680,23680,134,250,251,17
23681,23681,91,310,311,28
23682,23682,97,582,583,16
23683,23683,125,352,358,50
23684,23684,97,583,588,35
23685,23685,14,344,345,14
23686,23686,145,367,372,45
23687,23687,101,1904,1904,18
23688,23688,76,269,271,16
23689,23689,82,379,385,58
23690,23690,74,564,573,62
23691,23691,92,400,400,15
23692,23692,82,385,387,57
23693,23693,4,164,164,13
23694,23694,26,537,540,51
23695,23695,26,540,540,11
23696,23696,100,375,377,66
23697,23697,44,279,282,39
23698,23698,23,483,484,13
23699,23699,41,328,328,14
23700,23700,78,465,468,23
23701,23701,67,305,309,47
23702,23702,108,2494,2496,20
23703,23703,51,853,855,52
23704,23704,95,375,376,25
23705,23705,129,384,386,18
23706,23706,121,269,272,32
23707,23707,82,387,389,52
23708,23708,36,400,400,5
23709,23709,36,400,400,4
23710,23710,6,235,236,16
23711,23711,122,356,357,18
23712,23712,46,1777,1779,24
23713,23713,117,202,202,6
23714,23714,8,241,242,46
23715,23715,51,855,858,29
23716,23716,7,286,294,54
23717,23717,78,468,471,33
23718,23718,63,248,248,18
23719,23719,83,429,433,31
23720,23720,114,419,421,15
23721,23721,94,429,431,22
23722,23722,23,484,485,17
23723,23723,35,265,272,53
23724,23724,45,133,134,28
23725,23725,117,202,203,18
23726,23726,78,471,472,14
23727,23727,38,324,325,20
23728,23728,17,350,350,12
23729,23729,127,178,180,19
23730,23730,102,1344,1347,27
23731,23731,121,272,275,38
23732,23732,148,365,367,15
23733,23733,147,335,339,47
23734,23734,28,198,199,42
23735,23735,43,340,340,18
23736,23736,131,273,273,1
23737,23737,32,287,287,4
23738,23738,92,400,402,19
23739,23739,27,297,298,17
23740,23740,8,242,244,23
23741,23741,83,433,434,16
23742,23742,142,143,143,16
23743,23743,51,858,860,16
23744,23744,26,540,545,49
23745,23745,3,316,321,41
23746,23746,28,199,201,16
23747,23747,144,335,336,18
23748,23748,108,2496,2496,8
23749,23749,149,254,255,24
23750,23750,14,345,345,7
23751,23751,121,275,277,46
23752,23752,72,225,227,19
23753,23753,13,397,401,45
23754,23754,78,472,473,14
23755,23755,34,187,188,19
23756,23756,102,1347,1348,25
23757,23757,64,505,507,18
23758,23758,15,125,125,17
23759,23759,117,203,204,11
23760,23760,78,473,474,14
23761,23761,137,343,343,3
23762,23762,132,398,404,57
23763,23763,72,227,228,16
23764,23764,21,235,236,17
23765,23765,44,282,287,38
23766,23766,69,116,118,21
23767,23767,40,363,368,39
23768,23768,74,573,573,8
23769,23769,68,427,431,63
23770,23770,16,199,202,24
23771,23771,16,202,207,55
23772,23772,78,474,474,17
23773,23773,138,219,219,14
23774,23774,103,608,608,16
23775,23775,77,402,402,7
23776,23776,16,207,207,22
23777,23777,14,345,347,27
23778,23778,22,373,374,25
23779,23779,124,271,272,15
23780,23780,97,588,591,27
23781,23781,25,468,468,22
23782,23782,140,108,108,11
23783,23783,70,278,281,25
23784,23784,84,397,398,37
23785,23785,70,281,282,14
23786,23786,74,573,579,47
23787,23787,25,468,468,5
23788,23788,5,174,174,9
23789,23789,116,324,325,39
23790,23790,105,605,605,10
23791,23791,148,367,370,48
23792,23792,8,244,249,48
23793,23793,58,354,362,59
23794,23794,80,376,378,57
23795,23795,129,386,386,15
23796,23796,43,340,340,20
23797,23797,9,253,253,17
23798,23798,13,401,402,15
23799,23799,33,210,211,13
23800,23800,54,454,454,6
23801,23801,90,266,266,32
23802,23802,112,259,262,54
23803,23803,122,357,359,19
23804,23804,92,402,404,23
23805,23805,119,301,302,15
23806,23806,9,253,257,32
23807,23807,115,153,156,40
23808,23808,107,1442,1444,51
23809,23809,71,276,277,13
23810,23810,3,321,322,15
23811,23811,102,1348,1348,12
23812,23812,136,404,411,64
23813,23813,79,141,143,43
23814,23814,75,197,198,17
23815,23815,93,246,246,9
23816,23816,44,287,287,5
23817,23817,125,358,359,28
23818,23818,28,201,202,12
23819,23819,40,368,372,35
23820,23820,27,298,298,8
23821,23821,47,412,413,15
23822,23822,77,402,403,34
23823,23823,59,316,318,31
23824,23824,65,373,379,51
23825,23825,142,143,144,20
23826,23826,150,405,406,13
23827,23827,145,372,374,24
23828,23828,97,591,592,13
23829,23829,102,1348,1351,33
23830,23830,78,474,474,6
23831,23831,139,205,205,9
23832,23832,27,298,301,27
23833,23833,75,198,203,48
23834,23834,42,288,288,10
23835,23835,32,287,287,10
23836,23836,2,297,302,58
23837,23837,79,143,146,29
23838,23838,117,204,206,17
23839,23839,34,188,189,21
23840,23840,20,402,404,16
23841,23841,149,255,255,8
23842,23842,97,592,594,45
23843,23843,59,318,321,30
23844,23844,45,134,134,8
23845,23845,72,228,228,8
23846,23846,32,287,287,14
23847,23847,44,287,288,12
23848,23848,123,302,304,16
23849,23849,74,579,579,16
23850,23850,142,144,145,15
23851,23851,127,180,180,9
23852,23852,94,431,431,2
23853,23853,18,249,250,12
23854,23854,34,189,190,21
23855,23855,17,350,352,17
23856,23856,67,309,310,11
23857,23857,136,411,412,32
23858,23858,137,343,344,17
23859,23859,17,352,353,12
23860,23860,13,402,403,13
23861,23861,79,146,147,17
23862,23862,64,507,507,17
23863,23863,89,267,267,6
23864,23864,23,485,486,16
23865,23865,22,374,376,18
23866,23866,34,190,192,28
23867,23867,28,202,203,19
23868,23868,135,260,261,17
23869,23869,74,579,585,43
23870,23870,43,340,341,15
23871,23871,38,325,327,50
23872,23872,120,244,244,6
23873,23873,51,860,861,23
23874,23874,95,376,376,9
23875,23875,64,507,509,30
23876,23876,10,295,295,15
23877,23877,108,2496,2500,49
23878,23878,126,308,309,18
23879,23879,125,359,363,37
23880,23880,91,311,313,17
23881,23881,120,244,247,26
23882,23882,102,1351,1351,22
23883,23883,126,309,312,34
23884,23884,106,1036,1036,16
23885,23885,1,139,139,11
23886,23886,113,249,251,22
23887,23887,7,294,294,5
23888,23888,32,287,287,2
23889,23889,94,431,432,16
23890,23890,28,203,204,10
23891,23891,34,192,193,12
23892,23892,140,108,109,21
23893,23893,95,376,377,12
23894,23894,86,251,252,17
23895,23895,9,257,259,19
23896,23896,5,174,174,15
23897,23897,69,118,119,9
23898,23898,79,147,149,28
23899,23899,65,379,379,19
23900,23900,137,344,344,10
23901,23901,77,403,409,47
23902,23902,79,149,150,11
23903,23903,63,248,251,26
23904,23904,61,136,137,9
23905,23905,94,432,433,10
23906,23906,140,109,109,4
23907,23907,7,294,294,6
23908,23908,29,225,227,31
23909,23909,74,585,585,8
23910,23910,77,409,410,15
23911,23911,105,605,607,32
23912,23912,42,288,290,39
23913,23913,119,302,304,22
23914,23914,9,259,260,34
23915,23915,89,267,267,10
23916,23916,53,723,723,13
23917,23917,56,200,203,22
23918,23918,100,377,378,26
23919,23919,22,376,381,46
23920,23920,73,248,250,32
23921,23921,46,1779,1779,1
23922,23922,23,486,489,22
23923,23923,87,163,164,15
23924,23924,80,378,378,17
23925,23925,112,262,263,14
23926,23926,131,273,274,35
23927,23927,8,249,256,51
23928,23928,115,156,156,22
23929,23929,46,1779,1781,18
23930,23930,4,164,164,1
23931,23931,130,458,458,1
23932,23932,65,379,380,37
23933,23933,68,431,432,40
23934,23934,49,947,947,11
23935,23935,35,272,273,17
23936,23936,26,545,548,33
23937,23937,108,2500,2500,12
23938,23938,14,347,348,12
23939,23939,52,887,889,17
23940,23940,108,2500,2500,9
23941,23941,86,252,254,29
23942,23942,97,594,594,15
23943,23943,113,251,253,24
23944,23944,75,203,203,7
23945,23945,90,266,267,39
23946,23946,91,313,314,14
23947,23947,3,322,323,15
23948,23948,129,386,393,55
23949,23949,21,236,237,21
23950,23950,40,372,373,13
23951,23951,56,203,203,10
23952,23952,114,421,421,2
23953,23953,2,302,303,36
23954,23954,89,267,267,7
23955,23955,22,381,383,16
23956,23956,24,411,412,14
23957,23957,53,723,730,55
23958,23958,111,302,303,31
23959,23959,2,303,305,19
23960,23960,87,164,164,18
23961,23961,15,125,125,13
23962,23962,122,359,359,1
23963,23963,76,271,273,19
23964,23964,11,332,332,8
23965,23965,72,228,228,6
23966,23966,56,203,204,26
23967,23967,119,304,304,5
23968,23968,12,217,218,35
23969,23969,82,389,392,24
23970,23970,131,274,275,9
23971,23971,103,608,612,62
23972,23972,128,256,258,23
23973,23973,136,412,414,55
23974,23974,24,412,413,20
23975,23975,63,251,254,27
23976,23976,98,325,326,26
23977,23977,40,373,376,27
23978,23978,116,325,326,19
23979,23979,45,134,134,13
23980,23980,123,304,312,66
23981,23981,140,109,109,10
23982,23982,16,207,207,15
23983,23983,140,109,111,19
23984,23984,141,124,124,17
23985,23985,149,255,255,9
23986,23986,137,344,344,7
23987,23987,64,509,510,14
23988,23988,4,164,165,14
23989,23989,104,721,722,35
23990,23990,131,275,277,23
23991,23991,84,398,399,20
23992,23992,46,1781,1782,13
23993,23993,50,405,406,13
23994,23994,150,406,408,17
23995,23995,119,304,306,20
23996,23996,62,220,222,19
23997,23997,136,414,422,62
23998,23998,134,251,251,8
23999,23999,130,458,464,46
24000,24000,145,374,378,45
24001,24001,48,1380,1383,61
24002,24002,105,607,610,34
24003,24003,36,400,401,21
24004,24004,130,464,465,19
24005,24005,143,267,269,18
24006,24006,145,378,379,11
24007,24007,49,947,947,14
24008,24008,23,489,490,14
24009,24009,35,273,275,15
24010,24010,64,510,511,33
24011,24011,9,260,261,11
24012,24012,32,287,288,16
24013,24013,101,1904,1904,15
24014,24014,108,2500,2503,25
24015,24015,148,370,373,33
24016,24016,2,305,305,30
24017,24017,65,380,381,37
24018,24018,32,288,288,5
24019,24019,59,321,323,22
24020,24020,147,339,339,8
24021,24021,2,305,305,9
24022,24022,147,339,345,55
24023,24023,82,392,394,22
24024,24024,26,548,550,22
24025,24025,121,277,279,24
24026,24026,18,250,250,5
24027,24027,91,314,314,13
24028,24028,55,983,983,16
24029,24029,19,221,225,48
24030,24030,129,393,393,6
24031,24031,91,314,323,61
24032,24032,84,399,402,24
24033,24033,125,363,363,21
24034,24034,23,490,491,39
24035,24035,20,404,404,12
24036,24036,3,323,327,34
24037,24037,139,205,205,1
24038,24038,95,377,377,10
24039,24039,24,413,415,28
24040,24040,143,269,269,9
24041,24041,49,947,948,34
24042,24042,119,306,307,11
24043,24043,25,468,471,50
24044,24044,114,421,423,22
24045,24045,13,403,406,23
24046,24046,50,406,406,14
24047,24047,58,362,365,58
24048,24048,142,145,148,32
24049,24049,39,279,279,2
24050,24050,120,247,247,6
24051,24051,95,377,385,62
24052,24052,16,207,210,42
24053,24053,102,1351,1351,10
24054,24054,4,165,165,5
24055,24055,123,312,314,27
24056,24056,36,401,402,19
24057,24057,129,393,397,31
24058,24058,39,279,279,12
24059,24059,130,465,465,11
24060,24060,121,279,281,30
24061,24061,99,322,323,17
24062,24062,112,263,267,39
24063,24063,86,254,257,31
24064,24064,91,323,324,10
24065,24065,68,432,436,60
24066,24066,131,277,278,17
24067,24067,40,376,376,7
24068,24068,142,148,151,29
24069,24069,29,227,228,15
24070,24070,135,261,265,52
24071,24071,35,275,277,24
24072,24072,104,722,722,7
24073,24073,150,408,408,5
24074,24074,101,1904,1905,15
24075,24075,24,415,416,35
24076,24076,31,295,299,33
24077,24077,81,305,306,30
24078,24078,10,295,296,15
24079,24079,90,267,271,38
24080,24080,116,326,327,28
24081,24081,41,328,332,47
24082,24082,72,228,229,13
24083,24083,136,422,428,64
24084,24084,54,454,454,12
24085,24085,114,423,423,20
24086,24086,52,889,889,14
24087,24087,74,585,586,10
24088,24088,61,137,137,6
24089,24089,141,124,124,5
24090,24090,92,404,404,7
24091,24091,131,278,279,10
24092,24092,24,416,416,24
24093,24093,95,385,385,2
24094,24094,1,139,140,21
24095,24095,84,402,402,7
24096,24096,128,258,258,17
24097,24097,23,491,493,46
24098,24098,58,365,365,3
24099,24099,58,365,365,14
24100,24100,74,586,589,25
24101,24101,124,272,274,17
24102,24102,100,378,378,22
24103,24103,77,410,411,9
24104,24104,18,250,250,5
24105,24105,81,306,310,32
24106,24106,119,307,308,9
24107,24107,93,246,249,21
24108,24108,4,165,165,14
24109,24109,91,324,326,17
24110,24110,137,344,345,10
24111,24111,18,250,251,18
24112,24112,89,267,270,51
24113,24113,111,303,304,10
24114,24114,125,363,363,19
24115,24115,18,251,251,8
24116,24116,84,402,402,8
24117,24117,13,406,410,28
24118,24118,9,261,266,48
24119,24119,91,326,327,48
24120,24120,100,378,379,18
24121,24121,32,288,288,2
24122,24122,83,434,436,20
24123,24123,23,493,494,13
24124,24124,10,296,296,13
24125,24125,148,373,375,22
24126,24126,59,323,323,18
24127,24127,1,140,140,9
24128,24128,89,270,270,7
24129,24129,73,250,251,16
24130,24130,131,279,283,31
24131,24131,3,327,329,15
24132,24132,15,125,125,4
24133,24133,83,436,438,19
24134,24134,109,1341,1342,20
24135,24135,91,327,330,35
24136,24136,126,312,314,20
24137,24137,5,174,174,6
24138,24138,87,164,164,3
24139,24139,150,408,410,28
24140,24140,14,348,348,30
24141,24141,145,379,382,28
24142,24142,33,211,211,11
24143,24143,12,218,220,41
24144,24144,91,330,332,21
24145,24145,32,288,289,15
24146,24146,113,253,255,30
24147,24147,3,329,330,41
24148,24148,70,282,282,6
24149,24149,127,180,181,19
24150,24150,138,219,219,7
24151,24151,44,288,288,7
24152,24152,143,269,270,29
24153,24153,104,722,723,21
24154,24154,16,210,211,19
24155,24155,67,310,312,19
24156,24156,8,256,258,28
24157,24157,36,402,404,17
24158,24158,90,271,271,20
24159,24159,78,474,477,45
24160,24160,4,165,165,19
24161,24161,14,348,348,8
24162,24162,17,353,353,9
24163,24163,13,410,412,28
24164,24164,64,511,512,13
24165,24165,39,279,281,21
24166,24166,132,404,405,21
24167,24167,106,1036,1037,15
24168,24168,126,314,314,27
24169,24169,14,348,349,12
24170,24170,86,257,257,8
24171,24171,62,222,223,17
24172,24172,117,206,207,14
24173,24173,72,229,230,12
24174,24174,123,314,315,16
24175,24175,126,314,315,22
24176,24176,10,296,297,29
24177,24177,26,550,551,17
24178,24178,112,267,268,32
24179,24179,50,406,408,65
24180,24180,78,477,481,35
24181,24181,11,332,333,23
24182,24182,25,471,472,21
24183,24183,43,341,345,39
24184,24184,26,551,551,9
24185,24185,84,402,403,46
24186,24186,114,423,425,16
24187,24187,31,299,299,2
24188,24188,13,412,416,42
24189,24189,144,336,337,21
24190,24190,24,416,419,26
24191,24191,92,404,404,18
24192,24192,5,174,174,21
24193,24193,17,353,354,22
24194,24194,50,408,409,8
24195,24195,51,861,864,28
24196,24196,129,397,397,7
24197,24197,53,730,732,27
24198,24198,126,315,315,11
24199,24199,44,288,289,11
24200,24200,137,345,346,15
24201,24201,108,2503,2503,15
24202,24202,36,404,408,55
24203,24203,133,256,259,43
24204,24204,39,281,281,6
24205,24205,129,397,398,15
24206,24206,147,345,345,6
24207,24207,89,270,272,19
24208,24208,9,266,266,4
24209,24209,94,433,436,23
24210,24210,42,290,292,30
24211,24211,84,403,407,33
24212,24212,96,373,375,24
24213,24213,106,1037,1037,12
24214,24214,121,281,282,13
24215,24215,123,315,315,5
24216,24216,93,249,251,25
24217,24217,103,612,614,18
24218,24218,92,404,404,12
24219,24219,25,472,474,43
24220,24220,9,266,266,9
24221,24221,6,236,237,12
24222,24222,105,610,613,45
24223,24223,37,253,255,24
24224,24224,9,266,267,23
24225,24225,144,337,339,16
24226,24226,40,376,379,47
24227,24227,97,594,595,16
24228,24228,64,512,513,13
24229,24229,68,436,437,23
24230,24230,71,277,277,6
24231,24231,127,181,181,12
24232,24232,82,394,395,12
24233,24233,53,732,739,58
24234,24234,62,223,227,53
24235,24235,130,465,472,53
24236,24236,149,255,255,22
24237,24237,132,405,410,40
24238,24238,12,220,223,37
24239,24239,84,407,410,46
24240,24240,6,237,237,9
24241,24241,43,345,346,17
24242,24242,126,315,317,42
24243,24243,120,247,247,6
24244,24244,63,254,260,63
24245,24245,13,416,418,23
24246,24246,88,312,315,66
24247,24247,107,1444,1444,10
24248,24248,28,204,206,39
24249,24249,97,595,598,50
24250,24250,130,472,472,9
24251,24251,57,180,182,28
24252,24252,75,203,205,16
24253,24253,113,255,256,9
24254,24254,61,137,138,22
24255,24255,26,551,552,49
24256,24256,31,299,300,35
24257,24257,119,308,310,18
24258,24258,99,323,324,19
24259,24259,60,232,237,53
24260,24260,16,211,218,47
24261,24261,121,282,283,61
24262,24262,92,404,408,38
24263,24263,73,251,253,16
24264,24264,11,333,335,24
24265,24265,19,225,227,24
24266,24266,78,481,482,38
24267,24267,24,419,420,18
24268,24268,32,289,290,15
24269,24269,2,305,306,15
24270,24270,12,223,226,30
24271,24271,10,297,297,14
24272,24272,131,283,283,17
24273,24273,10,297,304,53
24274,24274,44,289,289,1
24275,24275,71,277,279,23
24276,24276,147,345,349,55
24277,24277,132,410,414,48
24278,24278,144,339,339,8
24279,24279,94,436,437,16
24280,24280,82,395,396,15
24281,24281,82,396,397,15
24282,24282,6,237,239,15
24283,24283,112,268,269,9
24284,24284,145,382,383,23
24285,24285,116,327,330,24
24286,24286,129,398,400,47
24287,24287,38,327,330,39
24288,24288,22,383,385,54
24289,24289,97,598,598,14
24290,24290,85,228,229,42
24291,24291,26,552,556,30
24292,24292,68,437,438,29
24293,24293,52,889,890,13
24294,24294,44,289,290,8
24295,24295,83,438,438,6
24296,24296,61,138,140,44
24297,24297,9,267,269,16
24298,24298,93,251,251,14
24299,24299,49,948,951,60
24300,24300,95,385,388,25
24301,24301,58,365,365,12
24302,24302,94,437,438,17
24303,24303,52,890,890,13
24304,24304,36,408,409,11
24305,24305,99,324,326,26
24306,24306,16,218,219,18
24307,24307,16,219,221,16
24308,24308,63,260,262,21
24309,24309,144,339,341,18
24310,24310,110,306,309,55
24311,24311,30,389,391,64
24312,24312,71,279,280,14
24313,24313,29,228,228,6
24314,24314,20,404,410,57
24315,24315,53,739,743,27
24316,24316,33,211,211,9
24317,24317,26,556,556,9
24318,24318,73,253,254,27
24319,24319,49,951,951,8
24320,24320,38,330,336,55
24321,24321,68,438,438,19
24322,24322,98,326,326,7
24323,24323,48,1383,1391,65
24324,24324,25,474,477,40
24325,24325,57,182,187,47
24326,24326,10,304,304,20
24327,24327,119,310,313,25
24328,24328,33,211,211,4
24329,24329,49,951,951,13
24330,24330,110,309,310,15
24331,24331,116,330,332,31
24332,24332,78,482,483,17
24333,24333,113,256,257,16
24334,24334,51,864,864,20
24335,24335,18,251,251,5
24336,24336,67,312,314,15
24337,24337,27,301,302,21
24338,24338,76,273,276,24
24339,24339,108,2503,2503,11
24340,24340,101,1905,1905,2
24341,24341,80,378,380,18
24342,24342,5,174,174,8
24343,24343,77,411,414,47
24344,24344,135,265,265,7
24345,24345,121,283,283,8
24346,24346,129,400,405,45
24347,24347,132,414,417,42
24348,24348,100,379,380,22
24349,24349,97,598,599,16
24350,24350,7,294,294,3
24351,24351,42,292,292,17
24352,24352,125,363,367,43
24353,24353,86,257,258,17
24354,24354,143,270,270,6
24355,24355,142,151,154,25
24356,24356,46,1782,1784,28
24357,24357,125,367,370,25
24358,24358,147,349,353,33
24359,24359,23,494,497,23
24360,24360,113,257,257,10
24361,24361,59,323,324,15
24362,24362,95,388,388,6
24363,24363,122,359,360,13
24364,24364,138,219,220,21
24365,24365,5,174,175,11
24366,24366,20,410,411,50
24367,24367,132,417,420,25
24368,24368,102,1351,1353,38
24369,24369,64,513,513,15
24370,24370,17,354,355,16
24371,24371,49,951,953,19
24372,24372,28,206,211,48
24373,24373,64,513,515,24
24374,24374,28,211,217,47
24375,24375,22,385,389,33
24376,24376,40,379,380,13
24377,24377,10,304,309,38
24378,24378,48,1391,1392,12
24379,24379,31,300,301,29
24380,24380,26,556,556,15
24381,24381,90,271,271,17
24382,24382,69,119,119,4
24383,24383,10,309,312,52
24384,24384,100,380,380,5
24385,24385,94,438,439,10
24386,24386,124,274,275,15
24387,24387,40,380,384,30
24388,24388,64,515,517,57
24389,24389,123,315,315,9
24390,24390,81,310,312,18
24391,24391,121,283,285,17
24392,24392,92,408,410,22
24393,24393,74,589,592,30
24394,24394,118,348,350,51
24395,24395,50,409,412,31
24396,24396,113,257,257,17
24397,24397,25,477,478,21
24398,24398,94,439,442,32
24399,24399,104,723,723,12
24400,24400,128,258,261,31
24401,24401,44,290,291,13
24402,24402,12,226,227,11
24403,24403,117,207,208,8
24404,24404,32,290,290,19
24405,24405,32,290,292,23
24406,24406,131,283,288,51
24407,24407,89,272,275,60
24408,24408,3,330,330,14
24409,24409,2,306,310,38
24410,24410,112,269,270,18
24411,24411,82,397,398,53
24412,24412,83,438,439,25
24413,24413,22,389,390,16
24414,24414,59,324,324,5
24415,24415,113,257,260,45
24416,24416,83,439,444,46
24417,24417,3,330,331,11
24418,24418,135,265,266,12
24419,24419,75,205,207,28
24420,24420,36,409,409,14
24421,24421,119,313,313,6
24422,24422,82,398,398,3
24423,24423,131,288,289,16
24424,24424,25,478,483,41
24425,24425,95,388,389,63
24426,24426,110,310,313,48
24427,24427,52,890,894,54
24428,24428,99,326,328,21
24429,24429,55,983,983,8
24430,24430,107,1444,1447,41
24431,24431,102,1353,1354,26
24432,24432,93,251,251,4
24433,24433,32,292,294,24
24434,24434,76,276,277,20
24435,24435,129,405,411,56
24436,24436,149,255,255,15
24437,24437,99,328,330,41
24438,24438,58,365,367,17
24439,24439,44,291,296,46
24440,24440,1,140,142,17
24441,24441,40,384,385,26
24442,24442,96,375,375,10
24443,24443,126,317,317,13
24444,24444,133,259,260,13
24445,24445,59,324,327,34
24446,24446,144,341,344,27
24447,24447,114,425,426,12
24448,24448,144,344,347,29
24449,24449,94,442,445,30
24450,24450,35,277,278,12
24451,24451,85,229,229,13
24452,24452,105,613,613,1
24453,24453,30,391,394,47
24454,24454,95,389,390,25
24455,24455,67,314,314,11
24456,24456,99,330,330,24
24457,24457,99,330,331,18
24458,24458,27,302,303,14
24459,24459,96,375,377,25
24460,24460,7,294,294,15
24461,24461,63,262,262,17
24462,24462,35,278,278,8
24463,24463,86,258,259,13
24464,24464,74,592,592,16
24465,24465,142,154,155,11
24466,24466,108,2503,2504,18
24467,24467,114,426,428,19
24468,24468,90,271,271,9
24469,24469,36,409,410,13
24470,24470,97,599,600,13
24471,24471,137,346,347,18
24472,24472,100,380,380,14
24473,24473,134,251,253,18
24474,24474,124,275,275,6
24475,24475,98,326,326,14
24476,24476,128,261,262,21
24477,24477,47,413,417,47
24478,24478,139,205,205,9
24479,24479,149,255,256,9
24480,24480,82,398,399,15
24481,24481,92,410,411,23
24482,24482,33,211,212,16
24483,24483,71,280,281,16
24484,24484,95,390,391,10
24485,24485,46,1784,1784,4
24486,24486,33,212,213,10
24487,24487,108,2504,2505,13
24488,24488,41,332,339,49
24489,24489,3,331,333,37
24490,24490,109,1342,1343,14
24491,24491,72,230,230,3
24492,24492,58,367,370,43
24493,24493,17,355,356,26
24494,24494,64,517,519,19
24495,24495,98,326,326,8
24496,24496,52,894,894,10
24497,24497,123,315,315,4
24498,24498,108,2505,2505,5
24499,24499,57,187,188,32
24500,24500,141,124,124,8
24501,24501,111,304,306,21
24502,24502,32,294,297,38
24503,24503,126,317,318,10
24504,24504,69,119,122,23
24505,24505,131,289,290,29
24506,24506,73,254,255,19
24507,24507,54,454,455,14
24508,24508,81,312,312,8
24509,24509,102,1354,1354,7
24510,24510,78,483,484,13
24511,24511,17,356,357,19
24512,24512,14,349,349,13
24513,24513,7,294,295,8
24514,24514,104,723,723,4
24515,24515,110,313,317,56
24516,24516,64,519,520,24
24517,24517,98,326,327,40
24518,24518,19,227,232,50
24519,24519,40,385,385,23
24520,24520,93,251,253,17
24521,24521,132,420,420,12
24522,24522,97,600,601,38
24523,24523,71,281,283,28
24524,24524,103,614,617,57
24525,24525,127,181,182,12
24526,24526,113,260,262,20
24527,24527,85,229,230,18
24528,24528,47,417,419,22
24529,24529,77,414,419,66
24530,24530,65,381,382,21
24531,24531,64,520,521,25
24532,24532,89,275,275,11
24533,24533,95,391,391,7
24534,24534,53,743,745,29
24535,24535,100,380,381,14
24536,24536,80,380,384,50
24537,24537,76,277,278,19
24538,24538,144,347,348,15
24539,24539,11,335,336,9
24540,24540,68,438,439,22
24541,24541,12,227,228,13
24542,24542,50,412,415,28
24543,24543,129,411,411,4
24544,24544,5,175,176,23
24545,24545,134,253,256,26
24546,24546,62,227,227,22
24547,24547,11,336,337,10
24548,24548,91,332,334,49
24549,24549,128,262,264,20
24550,24550,7,295,296,12
24551,24551,83,444,444,7
24552,24552,43,346,347,25
24553,24553,86,259,259,15
24554,24554,128,264,270,60
24555,24555,117,208,208,12
24556,24556,148,375,377,23
24557,24557,30,394,395,47
24558,24558,27,303,306,21
24559,24559,144,348,350,23
24560,24560,104,723,726,28
24561,24561,33,213,215,24
24562,24562,43,347,348,35
24563,24563,76,278,279,21
24564,24564,84,410,413,25
24565,24565,56,204,205,28
24566,24566,69,122,124,23
24567,24567,20,411,411,5
24568,24568,25,483,484,20
24569,24569,31,301,303,58
24570,24570,59,327,328,16
24571,24571,118,350,354,28
24572,24572,64,521,521,7
24573,24573,5,176,176,4
24574,24574,73,255,256,14
24575,24575,116,332,334,32
24576,24576,135,266,268,17
24577,24577,96,377,377,1
24578,24578,2,310,314,62
24579,24579,75,207,210,30
24580,24580,116,334,337,28
24581,24581,119,313,315,27
24582,24582,139,205,207,33
24583,24583,1,142,143,19
24584,24584,63,262,263,25
24585,24585,115,156,156,12
24586,24586,46,1784,1784,3
24587,24587,140,111,111,5
24588,24588,122,360,362,25
24589,24589,136,428,431,33
24590,24590,86,259,260,8
24591,24591,11,337,341,46
24592,24592,64,521,526,45
24593,24593,100,381,383,27
24594,24594,120,247,250,26
24595,24595,143,270,271,13
24596,24596,41,339,340,51
24597,24597,17,357,357,9
24598,24598,142,155,155,5
24599,24599,120,250,257,57
24600,24600,51,864,867,31
24601,24601,130,472,474,17
24602,24602,150,410,417,51
24603,24603,82,399,399,10
24604,24604,76,279,279,9
24605,24605,136,431,432,17
24606,24606,39,281,285,48
24607,24607,35,278,279,23
24608,24608,83,444,445,13
24609,24609,7,296,297,20
24610,24610,91,334,335,11
24611,24611,35,279,282,56
24612,24612,119,315,315,18
24613,24613,40,385,388,47
24614,24614,27,306,307,33
24615,24615,150,417,417,3
24616,24616,125,370,372,18
24617,24617,132,420,421,8
24618,24618,46,1784,1785,21
24619,24619,109,1343,1344,11
24620,24620,90,271,274,33
24621,24621,97,601,606,39
24622,24622,119,315,319,39
24623,24623,42,292,294,25
24624,24624,24,420,421,15
24625,24625,8,258,259,37
24626,24626,100,383,383,11
24627,24627,43,348,348,4
24628,24628,138,220,221,17
24629,24629,8,259,261,14
24630,24630,99,331,331,14
24631,24631,131,290,294,48
24632,24632,40,388,388,6
24633,24633,101,1905,1907,26
24634,24634,107,1447,1449,17
24635,24635,126,318,318,10
24636,24636,59,328,329,18
24637,24637,55,983,986,50
24638,24638,72,230,233,23
24639,24639,55,986,986,5
24640,24640,3,333,333,17
24641,24641,84,413,413,8
24642,24642,109,1344,1346,19
24643,24643,36,410,410,8
24644,24644,73,256,256,8
24645,24645,98,327,329,28
24646,24646,64,526,527,9
24647,24647,14,349,352,33
24648,24648,77,419,420,13
24649,24649,85,230,230,7
24650,24650,22,390,390,4
24651,24651,124,275,278,38
24652,24652,136,432,432,18
24653,24653,8,261,263,54
24654,24654,116,337,337,26
24655,24655,86,260,260,13
24656,24656,140,111,111,7
24657,24657,112,270,271,18
24658,24658,123,315,316,13
24659,24659,102,1354,1358,34
24660,24660,58,370,371,22
24661,24661,5,176,177,15
24662,24662,8,263,264,15
24663,24663,76,279,279,6
24664,24664,10,312,312,9
24665,24665,79,150,151,21
24666,24666,83,445,447,24
24667,24667,39,285,285,14
24668,24668,3,333,334,12
24669,24669,94,445,446,17
24670,24670,85,230,231,21
24671,24671,80,384,385,14
24672,24672,17,357,361,41
24673,24673,97,606,606,9
24674,24674,125,372,379,55
24675,24675,3,334,335,12
24676,24676,146,188,190,21
24677,24677,28,217,217,9
24678,24678,34,193,193,7
24679,24679,108,2505,2506,17
24680,24680,74,592,593,27
24681,24681,33,215,215,9
24682,24682,131,294,294,17
24683,24683,56,205,205,12
24684,24684,40,388,390,39
24685,24685,33,215,215,3
24686,24686,141,124,125,19
24687,24687,119,319,319,10
24688,24688,124,278,279,17
24689,24689,71,283,286,40
24690,24690,147,353,356,27
24691,24691,86,260,261,9
24692,24692,102,1358,1360,36
24693,24693,124,279,280,16
24694,24694,11,341,342,15
24695,24695,32,297,297,8
24696,24696,50,415,415,8
24697,24697,132,421,423,41
24698,24698,97,606,606,13
24699,24699,50,415,415,5
24700,24700,31,303,304,25
24701,24701,127,182,182,15
24702,24702,84,413,417,31
24703,24703,145,383,384,17
24704,24704,108,2506,2507,25
24705,24705,71,286,288,22
24706,24706,60,237,238,31
24707,24707,56,205,206,12
24708,24708,117,208,209,14
24709,24709,85,231,231,7
24710,24710,118,354,357,56
24711,24711,147,356,357,22
24712,24712,73,256,257,11
24713,24713,97,606,607,13
24714,24714,48,1392,1392,7
24715,24715,81,312,313,27
24716,24716,131,294,294,8
24717,24717,134,256,256,14
24718,24718,28,217,217,18
24719,24719,111,306,307,14
24720,24720,54,455,456,37
24721,24721,144,350,350,5
24722,24722,86,261,266,39
24723,24723,81,313,314,33
24724,24724,144,350,351,24
24725,24725,105,613,618,48
24726,24726,89,275,277,26
24727,24727,97,607,608,26
24728,24728,81,314,315,18
24729,24729,100,383,385,20
24730,24730,84,417,418,28
24731,24731,136,432,433,12
24732,24732,64,527,527,16
24733,24733,38,336,336,6
24734,24734,134,256,257,13
24735,24735,133,260,264,49
24736,24736,56,206,207,15
24737,24737,149,256,256,2
24738,24738,20,411,414,57
24739,24739,147,357,358,12
24740,24740,71,288,291,23
24741,24741,103,617,623,58
24742,24742,24,421,422,16
24743,24743,60,238,238,12
24744,24744,18,251,258,57
24745,24745,100,385,386,22
24746,24746,128,270,271,13
24747,24747,5,177,177,7
24748,24748,36,410,410,5
24749,24749,43,348,348,11
24750,24750,123,316,317,26
24751,24751,20,414,417,49
24752,24752,86,266,268,17
24753,24753,113,262,264,15
24754,24754,12,228,228,7
24755,24755,86,268,268,6
24756,24756,86,268,268,9
24757,24757,117,209,209,8
24758,24758,64,527,528,14
24759,24759,10,312,319,50
24760,24760,20,417,419,49
24761,24761,81,315,315,13
24762,24762,122,362,362,23
24763,24763,36,410,411,14
24764,24764,99,331,332,22
24765,24765,103,623,630,57
24766,24766,78,484,487,23
24767,24767,78,487,488,21
24768,24768,54,456,457,18
24769,24769,39,285,288,51
24770,24770,72,233,235,27
24771,24771,17,361,362,42
24772,24772,12,228,228,2
24773,24773,60,238,240,57
24774,24774,113,264,264,7
24775,24775,126,318,319,17
24776,24776,64,528,529,17
24777,24777,133,264,267,25
24778,24778,100,386,386,9
24779,24779,114,428,428,14
24780,24780,75,210,210,4
24781,24781,116,337,339,19
24782,24782,6,239,242,50
24783,24783,135,268,268,15
24784,24784,76,279,279,17
24785,24785,59,329,331,21
24786,24786,40,390,391,13
24787,24787,76,279,279,14
24788,24788,91,335,340,37
24789,24789,98,329,329,7
24790,24790,110,317,319,46
24791,24791,24,422,424,20
24792,24792,23,497,499,41
24793,24793,132,423,424,11
24794,24794,129,411,411,10
24795,24795,52,894,894,14
24796,24796,31,304,307,26
24797,24797,55,986,988,16
24798,24798,61,140,140,4
24799,24799,69,124,125,11
24800,24800,16,221,224,43
24801,24801,140,111,113,17
24802,24802,93,253,254,17
24803,24803,22,390,394,49
24804,24804,113,264,265,17
24805,24805,71,291,291,12
24806,24806,117,209,210,11
24807,24807,73,257,257,6
24808,24808,27,307,307,7
24809,24809,4,165,166,12
24810,24810,50,415,416,12
24811,24811,24,424,424,12
24812,24812,89,277,277,15
24813,24813,49,953,954,21
24814,24814,70,282,283,17
24815,24815,17,362,363,24
24816,24816,17,363,363,9
24817,24817,99,332,334,23
24818,24818,122,362,363,17
24819,24819,31,307,309,14
24820,24820,108,2507,2507,19
24821,24821,150,417,417,6
24822,24822,57,188,188,7
24823,24823,57,188,190,24
24824,24824,83,447,448,13
24825,24825,34,193,193,10
24826,24826,6,242,243,39
24827,24827,62,227,230,53
24828,24828,94,446,449,22
24829,24829,30,395,395,17
24830,24830,28,217,219,41
24831,24831,77,420,422,49
24832,24832,81,315,318,36
24833,24833,86,268,273,49
24834,24834,97,608,609,14
24835,24835,55,988,990,24
24836,24836,35,282,282,16
24837,24837,78,488,488,9
24838,24838,82,399,399,15
24839,24839,18,258,259,13
24840,24840,85,231,231,5
24841,24841,134,257,257,25
24842,24842,85,231,232,23
24843,24843,41,340,341,18
24844,24844,87,164,169,45
24845,24845,113,265,266,15
24846,24846,141,125,125,9
24847,24847,35,282,286,48
24848,24848,56,207,208,9
24849,24849,58,371,377,51
24850,24850,47,419,419,13
24851,24851,66,243,243,3
24852,24852,47,419,420,44
24853,24853,131,294,295,40
24854,24854,33,215,215,3
24855,24855,115,156,156,1
24856,24856,44,296,297,15
24857,24857,70,283,286,28
24858,24858,91,340,342,15
24859,24859,35,286,286,5
24860,24860,20,419,422,24
24861,24861,126,319,321,20
24862,24862,67,314,315,9
24863,24863,106,1037,1037,6
24864,24864,99,334,335,17
24865,24865,127,182,182,6
24866,24866,123,317,318,18
24867,24867,77,422,422,10
24868,24868,49,954,954,6
24869,24869,15,125,128,33
24870,24870,91,342,345,30
24871,24871,136,433,435,26
24872,24872,97,609,611,33
24873,24873,34,193,193,18
24874,24874,140,113,114,17
24875,24875,55,990,991,10
24876,24876,8,264,264,9
24877,24877,121,285,289,38
24878,24878,7,297,297,2
24879,24879,64,529,531,19
24880,24880,49,954,954,7
24881,24881,116,339,341,36
24882,24882,47,420,421,20
24883,24883,128,271,272,22
24884,24884,131,295,297,26
24885,24885,96,377,379,44
24886,24886,32,297,298,12
24887,24887,150,417,417,9
24888,24888,113,266,267,8
24889,24889,16,224,226,18
24890,24890,130,474,474,3
24891,24891,35,286,287,47
24892,24892,93,254,257,31
24893,24893,3,335,335,2
24894,24894,54,457,457,18
24895,24895,79,151,157,53
24896,24896,9,269,273,39
24897,24897,150,417,417,7
24898,24898,1,143,145,17
24899,24899,132,424,424,14
24900,24900,23,499,499,15
24901,24901,58,377,380,62
24902,24902,24,424,426,25
24903,24903,108,2507,2512,62
24904,24904,122,363,364,38
24905,24905,113,267,270,28
24906,24906,46,1785,1788,29
24907,24907,124,280,280,6
24908,24908,84,418,420,15
24909,24909,118,357,359,16
24910,24910,101,1907,1908,16
24911,24911,72,235,236,9
24912,24912,136,435,435,8
24913,24913,124,280,280,9
24914,24914,130,474,477,45
24915,24915,37,255,255,7
24916,24916,50,416,416,8
24917,24917,34,193,196,33
24918,24918,18,259,260,14
24919,24919,35,287,292,52
24920,24920,82,399,399,2
24921,24921,75,210,211,21
24922,24922,95,391,391,2
24923,24923,31,309,309,17
24924,24924,61,140,140,8
24925,24925,116,341,341,21
24926,24926,56,208,211,31
24927,24927,88,315,321,61
24928,24928,52,894,897,54
24929,24929,79,157,158,9
24930,24930,129,411,411,6
24931,24931,42,294,294,1
24932,24932,134,257,258,29
24933,24933,45,134,134,8
24934,24934,89,277,277,18
24935,24935,71,291,292,14
24936,24936,45,134,134,6
24937,24937,118,359,359,25
24938,24938,38,336,337,24
24939,24939,130,477,477,2
24940,24940,130,477,480,45
24941,24941,53,745,746,25
24942,24942,147,358,358,11
24943,24943,39,288,288,15
24944,24944,74,593,600,55
24945,24945,54,457,458,11
24946,24946,8,264,268,38
24947,24947,51,867,868,31
24948,24948,30,395,396,9
24949,24949,12,228,229,12
24950,24950,39,288,291,25
24951,24951,46,1788,1788,9
24952,24952,33,215,218,26
24953,24953,36,411,411,12
24954,24954,40,391,391,2
24955,24955,97,611,611,19
24956,24956,35,292,292,11
24957,24957,18,260,262,19
24958,24958,12,229,229,10
24959,24959,57,190,190,14
24960,24960,100,386,387,13
24961,24961,68,439,443,37
24962,24962,72,236,237,11
24963,24963,41,341,342,12
24964,24964,83,448,449,44
24965,24965,94,449,449,13
24966,24966,77,422,424,27
24967,24967,21,237,238,14
24968,24968,13,418,418,9
24969,24969,16,226,226,11
24970,24970,36,411,417,50
24971,24971,25,484,488,34
24972,24972,73,257,260,29
24973,24973,115,156,157,13
24974,24974,24,426,429,24
24975,24975,138,221,221,11
24976,24976,41,342,345,22
24977,24977,146,190,192,28
24978,24978,130,480,482,20
24979,24979,10,319,319,7
24980,24980,23,499,499,5
24981,24981,54,458,459,17
24982,24982,22,394,396,20
24983,24983,109,1346,1348,17
24984,24984,110,319,321,52
24985,24985,137,347,347,12
24986,24986,84,420,423,34
24987,24987,67,315,316,45
24988,24988,105,618,619,17
24989,24989,26,556,556,11
24990,24990,119,319,322,25
24991,24991,106,1037,1037,14
24992,24992,22,396,397,17
24993,24993,102,1360,1360,21
24994,24994,116,341,343,23
24995,24995,72,237,238,15
24996,24996,108,2512,2513,13
24997,24997,131,297,297,11
24998,24998,113,270,273,47
24999,24999,13,418,423,48
25000,25000,148,377,379,21
