maintenance_id,machine_id,type_maintenance,description,date_debut,date_fin,duree,cout,operateur_id,statut,cree_par
1,9,Preventive,Controle periodique,2026-10-28T14:00:00,2026-10-28T16:28:00,148,738.56,29,TERMINEE,Systeme
2,11,Alignement machine,Alignement broche,2026-03-02T08:00:00,2026-03-02T09:54:00,114,994.6,32,TERMINEE,Systeme
3,12,Changement huile,Remplacement huide hydraulique,2026-07-22T14:00:00,2026-07-22T14:39:00,39,286.94,23,TERMINEE,Systeme
4,7,Changement huile,Vidange huile broche,2026-07-12T13:00:00,2026-07-12T14:27:00,87,365.81,13,TERMINEE,Systeme
5,2,Changement huile,Vidange huile broche,2026-01-09T11:00:00,2026-01-09T11:45:00,45,316.56,20,TERMINEE,Systeme
6,1,Changement liquide,Vidange circuit hydraulique,2026-07-28T14:00:00,2026-07-28T14:47:00,47,275.23,11,TERMINEE,Systeme
7,8,Corrective,Probleme hydraulique,2026-08-07T17:00:00,2026-08-07T20:42:00,222,2630.66,36,TERMINEE,Systeme
8,8,Preventive,Maintenance preventive programmee,2026-06-28T16:00:00,2026-06-28T18:02:00,122,349.07,3,TERMINEE,Systeme
9,2,Changement huile,Remplacement huide hydraulique,2025-06-29T09:00:00,2025-06-29T10:16:00,76,216.09,19,TERMINEE,Systeme
10,11,Remplacement roulement,Changement roulement axe Z,2026-01-09T15:00:00,2026-01-09T19:36:00,276,1551.38,31,TERMINEE,Systeme
11,12,Preventive,Revision generale planifiee,2026-11-12T10:00:00,2026-11-12T11:48:00,108,931.62,24,TERMINEE,Systeme
12,10,Corrective,Probleme hydraulique,2026-02-17T16:00:00,2026-02-18T02:40:00,640,2759.13,43,TERMINEE,Systeme
13,1,Preventive,Maintenance preventive programmee,2025-05-03T18:00:00,2025-05-03T19:31:00,91,1437.19,34,TERMINEE,Systeme
14,5,Changement huile,Remplacement huide hydraulique,2025-02-09T11:00:00,2025-02-09T11:48:00,48,189.73,37,TERMINEE,Systeme
15,5,Corrective,Panne servo-moteur,2026-06-04T14:00:00,2026-06-04T16:16:00,136,640.42,18,TERMINEE,Systeme
16,6,Preventive,Maintenance preventive programmee,2026-03-18T12:00:00,2026-03-18T14:36:00,156,247.09,37,TERMINEE,Systeme
17,6,Changement liquide,Remplacement liquide de refroidissement,2026-04-27T11:00:00,2026-04-27T12:24:00,84,180.47,8,TERMINEE,Systeme
18,12,Inspection,Verification geometrie,2025-12-19T07:00:00,2025-12-19T07:39:00,39,425.74,42,TERMINEE,Systeme
19,5,Preventive,Revision generale planifiee,2025-10-16T13:00:00,2025-10-16T15:01:00,121,254.72,37,TERMINEE,Systeme
20,8,Alignement machine,Alignement broche,2026-01-21T17:00:00,2026-01-21T18:13:00,73,1068.12,26,TERMINEE,Systeme
21,12,Changement huile,Vidange huile broche,2026-05-30T13:00:00,2026-05-30T14:14:00,74,344.62,9,TERMINEE,Systeme
22,8,Nettoyage,Depoussierage systeme,2025-03-04T09:00:00,2025-03-04T09:34:00,34,147.6,3,TERMINEE,Systeme
23,2,Preventive,Controle periodique,2026-02-16T10:00:00,2026-02-16T11:45:00,105,326.06,20,TERMINEE,Systeme
24,5,Changement huile,Remplacement huide hydraulique,2026-08-29T15:00:00,2026-08-29T15:30:00,30,243.0,34,TERMINEE,Systeme
25,7,Alignement machine,Alignement broche,2026-09-28T13:00:00,2026-09-28T14:33:00,93,639.95,5,TERMINEE,Systeme
26,5,Nettoyage,Nettoyage complet machine,2025-04-02T10:00:00,2025-04-02T10:43:00,43,66.97,44,TERMINEE,Systeme
27,10,Corrective,Probleme hydraulique,2026-04-18T17:00:00,2026-04-18T23:41:00,401,4121.16,44,TERMINEE,Systeme
28,12,Changement huile,Remplacement huide hydraulique,2025-07-04T18:00:00,2025-07-04T19:28:00,88,270.02,39,TERMINEE,Systeme
29,12,Corrective,Reparation broche,2026-10-22T11:00:00,2026-10-22T20:18:00,558,1085.59,10,TERMINEE,Systeme
30,11,Preventive,Revision generale planifiee,2026-10-18T06:00:00,2026-10-18T07:42:00,102,549.68,6,TERMINEE,Systeme
31,4,Preventive,Controle periodique,2026-03-06T06:00:00,2026-03-06T08:36:00,156,1226.43,42,TERMINEE,Systeme
32,12,Nettoyage,Depoussierage systeme,2025-05-18T11:00:00,2025-05-18T11:26:00,26,133.08,13,TERMINEE,Systeme
33,12,Changement huile,Vidange huile broche,2025-06-05T16:00:00,2025-06-05T17:00:00,60,146.25,23,TERMINEE,Systeme
34,8,Corrective,Defaut electricite,2025-12-30T10:00:00,2025-12-30T14:16:00,256,2254.05,18,TERMINEE,Systeme
35,1,Changement huile,Vidange huile broche,2026-06-19T18:00:00,2026-06-19T18:58:00,58,375.53,39,TERMINEE,Systeme
36,9,Preventive,Controle periodique,2025-04-19T14:00:00,2025-04-19T15:02:00,62,1269.54,16,TERMINEE,Systeme
37,2,Preventive,Controle periodique,2026-01-24T06:00:00,2026-01-24T07:29:00,89,784.9,40,TERMINEE,Systeme
38,9,Corrective,Defaut capteur,2025-08-09T12:00:00,2025-08-09T15:30:00,210,1193.23,41,TERMINEE,Systeme
39,7,Alignement machine,Alignement broche,2025-09-02T15:00:00,2025-09-02T16:18:00,78,455.32,13,TERMINEE,Systeme
40,1,Nettoyage,Depoussierage systeme,2026-04-08T15:00:00,2026-04-08T15:43:00,43,163.27,21,TERMINEE,Systeme
41,6,Changement huile,Vidange huile broche,2026-04-27T13:00:00,2026-04-27T14:24:00,84,348.38,41,TERMINEE,Systeme
42,5,Alignement machine,Calibration axes,2025-11-10T11:00:00,2025-11-10T13:17:00,137,1102.66,32,TERMINEE,Systeme
43,3,Alignement machine,Alignement broche,2026-03-20T14:00:00,2026-03-20T15:36:00,96,609.8,3,TERMINEE,Systeme
44,2,Corrective,Reparation broche,2026-01-08T12:00:00,2026-01-08T16:44:00,284,3348.43,14,TERMINEE,Systeme
45,10,Alignement machine,Calibration axes,2026-01-05T18:00:00,2026-01-05T20:35:00,155,668.71,37,TERMINEE,Systeme
46,4,Nettoyage,Depoussierage systeme,2025-06-05T16:00:00,2025-06-05T16:50:00,50,92.84,28,TERMINEE,Systeme
47,5,Changement huile,Vidange huile broche,2025-09-17T12:00:00,2025-09-17T13:24:00,84,188.01,10,TERMINEE,Systeme
48,6,Preventive,Revision generale planifiee,2025-12-15T12:00:00,2025-12-15T15:51:00,231,1148.48,30,TERMINEE,Systeme
49,7,Corrective,Defaut capteur,2025-04-07T10:00:00,2025-04-07T17:40:00,460,3206.39,21,TERMINEE,Systeme
50,7,Changement liquide,Remplacement liquide de refroidissement,2026-03-26T12:00:00,2026-03-26T13:20:00,80,158.59,20,TERMINEE,Systeme
51,2,Changement liquide,Vidange circuit hydraulique,2026-03-08T07:00:00,2026-03-08T07:49:00,49,251.06,37,TERMINEE,Systeme
52,5,Changement huile,Remplacement huide hydraulique,2026-02-08T15:00:00,2026-02-08T15:38:00,38,293.06,5,TERMINEE,Systeme
53,4,Preventive,Controle periodique,2025-12-13T14:00:00,2025-12-13T17:01:00,181,1452.6,40,TERMINEE,Systeme
54,3,Inspection,Inspection visuelle,2026-04-09T18:00:00,2026-04-09T18:39:00,39,386.06,14,TERMINEE,Systeme
55,10,Nettoyage,Depoussierage systeme,2026-05-09T15:00:00,2026-05-09T15:56:00,56,50.62,41,TERMINEE,Systeme
56,10,Remplacement roulement,Remplacement roulement broche,2025-02-19T14:00:00,2025-02-19T17:11:00,191,2243.63,26,TERMINEE,Systeme
57,7,Corrective,Reparation broche,2025-08-24T13:00:00,2025-08-25T00:13:00,673,2154.14,16,TERMINEE,Systeme
58,8,Preventive,Revision generale planifiee,2025-03-01T15:00:00,2025-03-01T18:07:00,187,1139.54,14,TERMINEE,Systeme
59,6,Changement huile,Remplacement huide hydraulique,2026-08-19T09:00:00,2026-08-19T09:53:00,53,388.05,23,TERMINEE,Systeme
60,12,Nettoyage,Depoussierage systeme,2025-08-01T11:00:00,2025-08-01T11:23:00,23,153.55,5,TERMINEE,Systeme
61,6,Preventive,Controle periodique,2026-03-08T08:00:00,2026-03-08T11:49:00,229,995.76,15,TERMINEE,Systeme
62,7,Remplacement roulement,Changement roulement axe Z,2026-03-07T17:00:00,2026-03-07T19:44:00,164,1173.72,32,TERMINEE,Systeme
63,1,Remplacement roulement,Changement roulement axe Z,2026-01-02T10:00:00,2026-01-02T13:57:00,237,2253.25,1,TERMINEE,Systeme
64,11,Nettoyage,Nettoyage complet machine,2026-06-27T07:00:00,2026-06-27T07:51:00,51,108.51,44,TERMINEE,Systeme
65,5,Alignement machine,Alignement broche,2025-07-29T14:00:00,2025-07-29T15:43:00,103,589.06,4,TERMINEE,Systeme
66,7,Changement liquide,Remplacement liquide de refroidissement,2025-05-18T15:00:00,2025-05-18T15:44:00,44,203.2,33,TERMINEE,Systeme
67,6,Changement huile,Remplacement huide hydraulique,2025-08-12T06:00:00,2025-08-12T06:34:00,34,103.43,32,TERMINEE,Systeme
68,5,Changement huile,Vidange huile broche,2025-07-20T08:00:00,2025-07-20T09:24:00,84,124.94,14,TERMINEE,Systeme
69,2,Alignement machine,Calibration axes,2026-07-10T09:00:00,2026-07-10T11:33:00,153,823.39,28,TERMINEE,Systeme
70,10,Preventive,Maintenance preventive programmee,2025-08-28T14:00:00,2025-08-28T17:08:00,188,499.87,6,TERMINEE,Systeme
71,4,Changement huile,Vidange huile broche,2025-10-23T08:00:00,2025-10-23T08:37:00,37,115.68,3,TERMINEE,Systeme
72,7,Preventive,Controle periodique,2026-01-31T12:00:00,2026-01-31T15:13:00,193,327.39,15,TERMINEE,Systeme
73,4,Changement huile,Vidange huile broche,2026-01-05T09:00:00,2026-01-05T10:26:00,86,300.49,37,TERMINEE,Systeme
74,7,Preventive,Controle periodique,2025-05-21T07:00:00,2025-05-21T10:33:00,213,1376.78,6,TERMINEE,Systeme
75,2,Preventive,Revision generale planifiee,2026-07-07T09:00:00,2026-07-07T11:02:00,122,581.33,10,TERMINEE,Systeme
76,3,Nettoyage,Depoussierage systeme,2025-12-28T16:00:00,2025-12-28T16:55:00,55,101.62,24,TERMINEE,Systeme
77,9,Changement huile,Remplacement huide hydraulique,2026-03-10T14:00:00,2026-03-10T15:20:00,80,126.66,19,TERMINEE,Systeme
78,9,Changement huile,Vidange huile broche,2026-11-27T18:00:00,2026-11-27T19:00:00,60,210.81,9,TERMINEE,Systeme
79,4,Nettoyage,Depoussierage systeme,2025-06-21T11:00:00,2025-06-21T11:26:00,26,82.32,3,TERMINEE,Systeme
80,3,Nettoyage,Nettoyage complet machine,2025-02-20T15:00:00,2025-02-20T15:58:00,58,61.11,6,TERMINEE,Systeme
81,8,Nettoyage,Depoussierage systeme,2025-06-24T16:00:00,2025-06-24T16:57:00,57,189.13,20,TERMINEE,Systeme
82,9,Nettoyage,Depoussierage systeme,2026-06-07T11:00:00,2026-06-07T11:29:00,29,128.51,5,TERMINEE,Systeme
83,2,Preventive,Controle periodique,2025-03-26T06:00:00,2025-03-26T07:07:00,67,689.68,31,TERMINEE,Systeme
84,9,Changement huile,Vidange huile broche,2025-12-05T06:00:00,2025-12-05T07:09:00,69,255.19,34,TERMINEE,Systeme
85,11,Remplacement roulement,Changement roulement axe Z,2026-05-01T08:00:00,2026-05-01T10:43:00,163,2730.15,32,TERMINEE,Systeme
86,3,Remplacement roulement,Remplacement roulement broche,2026-02-11T17:00:00,2026-02-11T20:13:00,193,1121.08,17,TERMINEE,Systeme
87,11,Preventive,Revision generale planifiee,2025-06-21T13:00:00,2025-06-21T15:54:00,174,230.09,10,TERMINEE,Systeme
88,3,Nettoyage,Nettoyage complet machine,2025-02-28T08:00:00,2025-02-28T08:51:00,51,157.12,7,TERMINEE,Systeme
89,11,Changement huile,Vidange huile broche,2025-10-05T14:00:00,2025-10-05T15:24:00,84,364.74,28,TERMINEE,Systeme
90,9,Changement liquide,Remplacement liquide de refroidissement,2026-05-20T06:00:00,2026-05-20T07:33:00,93,591.68,5,TERMINEE,Systeme
91,3,Nettoyage,Nettoyage complet machine,2026-08-21T11:00:00,2026-08-21T11:32:00,32,134.12,42,TERMINEE,Systeme
92,10,Corrective,Panne servo-moteur,2025-02-06T13:00:00,2025-02-06T19:47:00,407,3614.87,37,TERMINEE,Systeme
93,12,Corrective,Defaut capteur,2025-10-16T12:00:00,2025-10-16T22:06:00,606,2105.82,28,TERMINEE,Systeme
94,6,Nettoyage,Depoussierage systeme,2026-07-27T06:00:00,2026-07-27T06:56:00,56,173.22,33,TERMINEE,Systeme
95,10,Preventive,Controle periodique,2026-03-13T08:00:00,2026-03-13T11:19:00,199,373.96,29,TERMINEE,Systeme
96,12,Nettoyage,Nettoyage complet machine,2025-10-16T10:00:00,2025-10-16T10:31:00,31,158.81,23,TERMINEE,Systeme
97,9,Changement huile,Remplacement huide hydraulique,2025-08-02T08:00:00,2025-08-02T09:03:00,63,267.06,19,TERMINEE,Systeme
98,2,Changement huile,Vidange huile broche,2025-04-16T10:00:00,2025-04-16T11:15:00,75,105.64,3,TERMINEE,Systeme
99,1,Nettoyage,Nettoyage complet machine,2025-03-26T17:00:00,2025-03-26T17:25:00,25,134.07,2,TERMINEE,Systeme
100,4,Nettoyage,Depoussierage systeme,2026-07-21T15:00:00,2026-07-21T15:43:00,43,160.24,3,TERMINEE,Systeme
101,7,Corrective,Probleme hydraulique,2026-09-01T16:00:00,2026-09-02T00:27:00,507,959.0,17,TERMINEE,Systeme
102,9,Nettoyage,Depoussierage systeme,2025-03-04T14:00:00,2025-03-04T14:27:00,27,72.41,27,TERMINEE,Systeme
103,12,Inspection,Controle metrologique,2025-08-28T16:00:00,2025-08-28T16:17:00,17,302.35,1,TERMINEE,Systeme
104,10,Changement liquide,Remplacement liquide de refroidissement,2026-02-25T07:00:00,2026-02-25T07:47:00,47,422.32,1,TERMINEE,Systeme
105,7,Changement liquide,Vidange circuit hydraulique,2026-03-22T18:00:00,2026-03-22T19:45:00,105,255.6,18,TERMINEE,Systeme
106,1,Preventive,Maintenance preventive programmee,2025-11-11T12:00:00,2025-11-11T15:49:00,229,1427.12,27,TERMINEE,Systeme
107,12,Changement huile,Vidange huile broche,2025-01-06T18:00:00,2025-01-06T18:46:00,46,100.21,26,TERMINEE,Systeme
108,12,Changement huile,Remplacement huide hydraulique,2026-07-22T16:00:00,2026-07-22T17:08:00,68,286.79,37,TERMINEE,Systeme
109,6,Preventive,Revision generale planifiee,2025-06-02T15:00:00,2025-06-02T16:44:00,104,467.86,9,TERMINEE,Systeme
110,4,Preventive,Controle periodique,2025-05-14T11:00:00,2025-05-14T12:58:00,118,987.24,16,TERMINEE,Systeme
111,10,Remplacement roulement,Changement roulement axe Z,2025-11-26T10:00:00,2025-11-26T12:38:00,158,1753.5,44,TERMINEE,Systeme
112,5,Preventive,Revision generale planifiee,2025-07-23T11:00:00,2025-07-23T12:12:00,72,253.02,7,TERMINEE,Systeme
113,4,Preventive,Revision generale planifiee,2026-02-07T09:00:00,2026-02-07T11:32:00,152,1092.2,26,TERMINEE,Systeme
114,5,Preventive,Controle periodique,2026-03-30T15:00:00,2026-03-30T17:50:00,170,530.95,38,TERMINEE,Systeme
115,2,Corrective,Reparation broche,2026-03-10T13:00:00,2026-03-10T20:11:00,431,646.61,26,TERMINEE,Systeme
116,1,Corrective,Probleme hydraulique,2025-10-27T18:00:00,2025-10-27T23:06:00,306,4495.4,45,TERMINEE,Systeme
117,1,Changement huile,Vidange huile broche,2025-03-18T16:00:00,2025-03-18T17:18:00,78,233.98,26,TERMINEE,Systeme
118,8,Preventive,Controle periodique,2025-03-22T14:00:00,2025-03-22T16:38:00,158,1443.61,40,TERMINEE,Systeme
119,8,Changement huile,Remplacement huide hydraulique,2025-09-20T12:00:00,2025-09-20T13:03:00,63,370.02,7,TERMINEE,Systeme
120,5,Changement liquide,Remplacement liquide de refroidissement,2025-07-21T13:00:00,2025-07-21T13:54:00,54,335.69,25,TERMINEE,Systeme
121,5,Corrective,Reparation broche,2025-09-30T07:00:00,2025-09-30T12:03:00,303,4845.76,29,TERMINEE,Systeme
122,10,Changement liquide,Vidange circuit hydraulique,2025-06-22T07:00:00,2025-06-22T08:34:00,94,297.17,45,TERMINEE,Systeme
123,5,Changement huile,Remplacement huide hydraulique,2026-07-17T06:00:00,2026-07-17T07:14:00,74,213.13,6,TERMINEE,Systeme
124,8,Corrective,Defaut electricite,2026-04-12T12:00:00,2026-04-12T21:51:00,591,4778.0,18,TERMINEE,Systeme
125,2,Changement liquide,Remplacement liquide de refroidissement,2026-03-28T10:00:00,2026-03-28T11:29:00,89,192.66,42,TERMINEE,Systeme
126,4,Nettoyage,Depoussierage systeme,2026-10-09T09:00:00,2026-10-09T09:57:00,57,87.89,14,TERMINEE,Systeme
127,8,Inspection,Verification geometrie,2026-02-22T13:00:00,2026-02-22T13:26:00,26,300.38,17,TERMINEE,Systeme
128,8,Preventive,Revision generale planifiee,2025-07-11T18:00:00,2025-07-11T19:27:00,87,472.72,44,TERMINEE,Systeme
129,6,Alignement machine,Alignement broche,2026-11-27T10:00:00,2026-11-27T11:55:00,115,508.49,27,TERMINEE,Systeme
130,10,Remplacement roulement,Remplacement roulement broche,2025-01-22T08:00:00,2025-01-22T09:37:00,97,1307.03,32,TERMINEE,Systeme
131,11,Remplacement roulement,Remplacement roulement broche,2025-05-12T16:00:00,2025-05-12T18:49:00,169,2520.19,4,TERMINEE,Systeme
132,1,Changement liquide,Remplacement liquide de refroidissement,2026-09-16T07:00:00,2026-09-16T08:24:00,84,293.27,37,TERMINEE,Systeme
133,12,Corrective,Reparation broche,2025-08-27T16:00:00,2025-08-28T02:48:00,648,3943.11,39,TERMINEE,Systeme
134,9,Inspection,Controle metrologique,2025-04-16T15:00:00,2025-04-16T15:35:00,35,153.79,29,TERMINEE,Systeme
135,1,Corrective,Probleme hydraulique,2025-10-15T15:00:00,2025-10-15T22:06:00,426,2832.37,20,TERMINEE,Systeme
136,5,Preventive,Revision generale planifiee,2025-12-13T18:00:00,2025-12-13T20:59:00,179,206.87,37,TERMINEE,Systeme
137,8,Changement huile,Vidange huile broche,2025-01-24T12:00:00,2025-01-24T13:16:00,76,328.56,6,TERMINEE,Systeme
138,8,Inspection,Inspection visuelle,2025-01-18T09:00:00,2025-01-18T09:45:00,45,192.47,22,TERMINEE,Systeme
139,6,Remplacement roulement,Remplacement roulement broche,2025-08-31T08:00:00,2025-08-31T09:44:00,104,2322.09,20,TERMINEE,Systeme
140,8,Corrective,Reparation broche,2025-04-22T14:00:00,2025-04-22T20:17:00,377,4826.63,38,TERMINEE,Systeme
141,7,Inspection,Inspection visuelle,2025-05-12T15:00:00,2025-05-12T15:16:00,16,167.13,20,TERMINEE,Systeme
142,6,Nettoyage,Nettoyage complet machine,2026-05-24T10:00:00,2026-05-24T10:46:00,46,143.71,41,TERMINEE,Systeme
143,12,Changement huile,Vidange huile broche,2026-03-01T06:00:00,2026-03-01T07:24:00,84,256.89,34,TERMINEE,Systeme
144,2,Nettoyage,Depoussierage systeme,2026-09-02T14:00:00,2026-09-02T14:51:00,51,186.45,29,TERMINEE,Systeme
145,1,Corrective,Probleme hydraulique,2026-11-06T11:00:00,2026-11-06T17:26:00,386,2884.9,5,TERMINEE,Systeme
146,4,Preventive,Revision generale planifiee,2025-07-07T10:00:00,2025-07-07T13:25:00,205,677.65,8,TERMINEE,Systeme
147,12,Inspection,Verification geometrie,2026-10-07T13:00:00,2026-10-07T13:26:00,26,238.2,45,TERMINEE,Systeme
148,8,Preventive,Revision generale planifiee,2026-06-25T09:00:00,2026-06-25T11:12:00,132,1233.09,28,TERMINEE,Systeme
149,4,Preventive,Maintenance preventive programmee,2025-12-14T18:00:00,2025-12-14T21:18:00,198,1071.08,33,TERMINEE,Systeme
150,6,Preventive,Controle periodique,2026-07-15T16:00:00,2026-07-15T19:13:00,193,821.2,30,TERMINEE,Systeme
151,2,Corrective,Panne servo-moteur,2025-06-05T12:00:00,2025-06-05T14:24:00,144,1570.92,34,TERMINEE,Systeme
152,3,Preventive,Revision generale planifiee,2026-07-18T10:00:00,2026-07-18T12:38:00,158,336.65,25,TERMINEE,Systeme
153,2,Changement liquide,Remplacement liquide de refroidissement,2025-07-14T09:00:00,2025-07-14T09:54:00,54,493.68,36,TERMINEE,Systeme
154,6,Preventive,Controle periodique,2026-04-01T18:00:00,2026-04-01T20:57:00,177,1098.39,30,TERMINEE,Systeme
155,6,Changement huile,Remplacement huide hydraulique,2026-03-26T10:00:00,2026-03-26T10:34:00,34,132.04,41,TERMINEE,Systeme
156,1,Changement liquide,Remplacement liquide de refroidissement,2026-03-29T08:00:00,2026-03-29T08:57:00,57,261.66,12,TERMINEE,Systeme
157,9,Inspection,Verification geometrie,2026-06-28T08:00:00,2026-06-28T08:20:00,20,329.67,6,TERMINEE,Systeme
158,12,Preventive,Controle periodique,2026-06-08T15:00:00,2026-06-08T17:30:00,150,1434.97,30,TERMINEE,Systeme
159,7,Inspection,Inspection visuelle,2026-11-02T15:00:00,2026-11-02T15:20:00,20,439.12,15,TERMINEE,Systeme
160,2,Changement huile,Remplacement huide hydraulique,2026-11-08T17:00:00,2026-11-08T18:18:00,78,183.61,11,TERMINEE,Systeme
161,11,Inspection,Inspection visuelle,2026-02-07T17:00:00,2026-02-07T17:30:00,30,226.25,11,TERMINEE,Systeme
162,4,Corrective,Panne servo-moteur,2025-03-02T18:00:00,2025-03-03T01:05:00,425,3683.96,8,TERMINEE,Systeme
163,11,Changement huile,Remplacement huide hydraulique,2026-01-15T10:00:00,2026-01-15T11:06:00,66,348.17,18,TERMINEE,Systeme
164,9,Preventive,Maintenance preventive programmee,2026-06-09T14:00:00,2026-06-09T16:29:00,149,1182.06,7,TERMINEE,Systeme
165,6,Preventive,Maintenance preventive programmee,2026-12-01T07:00:00,2026-12-01T09:57:00,177,956.16,2,TERMINEE,Systeme
166,9,Corrective,Panne servo-moteur,2025-07-19T15:00:00,2025-07-19T21:12:00,372,2172.58,33,TERMINEE,Systeme
167,1,Changement huile,Remplacement huide hydraulique,2026-10-16T16:00:00,2026-10-16T16:48:00,48,239.19,22,TERMINEE,Systeme
168,9,Nettoyage,Nettoyage complet machine,2025-06-25T13:00:00,2025-06-25T13:29:00,29,96.1,11,TERMINEE,Systeme
169,7,Nettoyage,Depoussierage systeme,2025-04-15T16:00:00,2025-04-15T16:45:00,45,166.96,17,TERMINEE,Systeme
170,7,Changement huile,Vidange huile broche,2026-07-30T13:00:00,2026-07-30T13:38:00,38,235.17,4,TERMINEE,Systeme
171,12,Changement huile,Vidange huile broche,2025-02-22T08:00:00,2025-02-22T09:30:00,90,372.58,34,TERMINEE,Systeme
172,3,Changement huile,Remplacement huide hydraulique,2026-03-02T16:00:00,2026-03-02T17:27:00,87,282.8,3,TERMINEE,Systeme
173,7,Alignement machine,Alignement broche,2026-11-01T18:00:00,2026-11-01T20:21:00,141,1105.43,25,TERMINEE,Systeme
174,6,Changement huile,Remplacement huide hydraulique,2026-05-12T09:00:00,2026-05-12T10:04:00,64,365.57,35,TERMINEE,Systeme
175,10,Nettoyage,Nettoyage complet machine,2025-10-03T17:00:00,2025-10-03T17:21:00,21,152.25,11,TERMINEE,Systeme
176,1,Changement huile,Vidange huile broche,2026-07-28T11:00:00,2026-07-28T12:24:00,84,299.26,24,TERMINEE,Systeme
177,5,Nettoyage,Depoussierage systeme,2026-03-08T16:00:00,2026-03-08T16:57:00,57,173.32,15,TERMINEE,Systeme
178,6,Preventive,Maintenance preventive programmee,2025-02-28T06:00:00,2025-02-28T07:01:00,61,571.8,24,TERMINEE,Systeme
179,12,Remplacement roulement,Changement roulement axe Z,2025-08-25T15:00:00,2025-08-25T19:06:00,246,1965.47,21,TERMINEE,Systeme
180,5,Nettoyage,Depoussierage systeme,2025-01-07T14:00:00,2025-01-07T14:42:00,42,58.88,27,TERMINEE,Systeme
181,9,Nettoyage,Nettoyage complet machine,2026-06-06T13:00:00,2026-06-06T13:45:00,45,57.7,2,TERMINEE,Systeme
182,6,Preventive,Revision generale planifiee,2026-01-22T16:00:00,2026-01-22T20:00:00,240,1367.75,40,TERMINEE,Systeme
183,8,Preventive,Maintenance preventive programmee,2025-05-09T11:00:00,2025-05-09T12:21:00,81,1205.58,29,TERMINEE,Systeme
184,1,Inspection,Controle metrologique,2026-08-17T06:00:00,2026-08-17T06:18:00,18,133.8,8,TERMINEE,Systeme
185,6,Preventive,Maintenance preventive programmee,2025-08-03T18:00:00,2025-08-03T21:56:00,236,234.8,21,TERMINEE,Systeme
186,2,Remplacement roulement,Remplacement roulement broche,2026-09-13T11:00:00,2026-09-13T14:15:00,195,2409.02,7,TERMINEE,Systeme
187,4,Alignement machine,Calibration axes,2026-08-31T07:00:00,2026-08-31T09:29:00,149,823.37,34,TERMINEE,Systeme
188,2,Preventive,Revision generale planifiee,2026-09-11T17:00:00,2026-09-11T19:35:00,155,1057.01,6,TERMINEE,Systeme
189,10,Inspection,Controle metrologique,2026-11-28T06:00:00,2026-11-28T06:36:00,36,105.93,23,TERMINEE,Systeme
190,12,Changement liquide,Remplacement liquide de refroidissement,2026-01-25T07:00:00,2026-01-25T08:16:00,76,518.91,36,TERMINEE,Systeme
191,10,Inspection,Inspection visuelle,2025-05-20T18:00:00,2025-05-20T18:24:00,24,167.97,7,TERMINEE,Systeme
192,4,Preventive,Maintenance preventive programmee,2025-03-14T15:00:00,2025-03-14T16:54:00,114,557.28,43,TERMINEE,Systeme
193,9,Changement huile,Vidange huile broche,2025-10-04T10:00:00,2025-10-04T11:03:00,63,295.64,16,TERMINEE,Systeme
194,3,Changement huile,Remplacement huide hydraulique,2026-08-02T15:00:00,2026-08-02T16:05:00,65,278.0,43,TERMINEE,Systeme
195,9,Nettoyage,Nettoyage complet machine,2025-12-29T08:00:00,2025-12-29T08:28:00,28,149.01,15,TERMINEE,Systeme
196,2,Changement huile,Remplacement huide hydraulique,2026-09-23T14:00:00,2026-09-23T15:06:00,66,313.2,14,TERMINEE,Systeme
197,12,Preventive,Maintenance preventive programmee,2025-05-23T18:00:00,2025-05-23T19:42:00,102,717.12,34,TERMINEE,Systeme
198,11,Preventive,Revision generale planifiee,2025-03-23T17:00:00,2025-03-23T18:53:00,113,578.08,39,TERMINEE,Systeme
199,10,Corrective,Probleme hydraulique,2025-12-01T13:00:00,2025-12-01T15:03:00,123,4030.54,1,TERMINEE,Systeme
200,8,Corrective,Panne servo-moteur,2026-03-14T14:00:00,2026-03-14T20:24:00,384,1646.26,3,TERMINEE,Systeme
201,1,Remplacement roulement,Changement roulement axe Z,2025-06-03T16:00:00,2025-06-03T17:39:00,99,1599.97,5,TERMINEE,Systeme
202,12,Alignement machine,Calibration axes,2025-01-08T12:00:00,2025-01-08T14:51:00,171,1072.77,8,TERMINEE,Systeme
203,12,Alignement machine,Alignement broche,2026-07-13T08:00:00,2026-07-13T10:09:00,129,756.45,30,TERMINEE,Systeme
204,7,Corrective,Probleme hydraulique,2026-05-03T10:00:00,2026-05-03T18:56:00,536,570.11,40,TERMINEE,Systeme
205,11,Changement huile,Remplacement huide hydraulique,2025-06-24T07:00:00,2025-06-24T07:44:00,44,371.71,16,TERMINEE,Systeme
206,6,Corrective,Panne servo-moteur,2026-07-17T09:00:00,2026-07-17T15:15:00,375,3703.18,12,TERMINEE,Systeme
207,4,Nettoyage,Nettoyage complet machine,2025-11-10T11:00:00,2025-11-10T11:34:00,34,169.74,9,TERMINEE,Systeme
208,10,Corrective,Reparation broche,2026-05-17T09:00:00,2026-05-17T18:31:00,571,3945.77,34,TERMINEE,Systeme
209,8,Corrective,Reparation broche,2025-09-09T17:00:00,2025-09-09T21:31:00,271,2537.06,1,TERMINEE,Systeme
210,4,Preventive,Revision generale planifiee,2026-11-09T16:00:00,2026-11-09T17:04:00,64,282.58,39,TERMINEE,Systeme
211,10,Inspection,Controle metrologique,2026-05-11T10:00:00,2026-05-11T10:39:00,39,119.24,10,TERMINEE,Systeme
212,3,Corrective,Defaut electricite,2026-01-22T09:00:00,2026-01-22T20:28:00,688,1991.34,4,TERMINEE,Systeme
213,10,Corrective,Panne servo-moteur,2025-04-29T10:00:00,2025-04-29T18:44:00,524,2255.22,4,TERMINEE,Systeme
214,1,Corrective,Defaut capteur,2026-10-14T06:00:00,2026-10-14T15:01:00,541,4199.09,39,TERMINEE,Systeme
215,12,Alignement machine,Calibration axes,2025-02-16T12:00:00,2025-02-16T14:12:00,132,524.01,38,TERMINEE,Systeme
216,9,Inspection,Inspection visuelle,2025-11-30T12:00:00,2025-11-30T12:23:00,23,432.23,6,TERMINEE,Systeme
217,11,Preventive,Maintenance preventive programmee,2025-07-24T11:00:00,2025-07-24T12:06:00,66,642.19,17,TERMINEE,Systeme
218,7,Preventive,Controle periodique,2026-05-17T06:00:00,2026-05-17T07:29:00,89,279.27,32,TERMINEE,Systeme
219,5,Changement huile,Remplacement huide hydraulique,2025-08-23T11:00:00,2025-08-23T11:34:00,34,124.36,42,TERMINEE,Systeme
220,11,Preventive,Revision generale planifiee,2025-03-16T15:00:00,2025-03-16T17:15:00,135,792.78,13,TERMINEE,Systeme
221,3,Changement huile,Vidange huile broche,2026-07-25T06:00:00,2026-07-25T07:23:00,83,335.49,41,TERMINEE,Systeme
222,5,Inspection,Controle metrologique,2025-09-22T10:00:00,2025-09-22T10:23:00,23,205.75,37,TERMINEE,Systeme
223,5,Inspection,Verification geometrie,2026-01-06T06:00:00,2026-01-06T06:26:00,26,181.08,5,TERMINEE,Systeme
224,10,Preventive,Controle periodique,2025-06-15T10:00:00,2025-06-15T12:57:00,177,544.28,38,TERMINEE,Systeme
225,9,Preventive,Revision generale planifiee,2026-02-11T17:00:00,2026-02-11T19:54:00,174,1474.63,6,TERMINEE,Systeme
226,9,Preventive,Maintenance preventive programmee,2025-10-21T09:00:00,2025-10-21T12:31:00,211,927.04,19,TERMINEE,Systeme
227,12,Corrective,Reparation broche,2026-05-13T07:00:00,2026-05-13T11:51:00,291,4715.68,39,TERMINEE,Systeme
228,11,Inspection,Inspection visuelle,2025-01-25T17:00:00,2025-01-25T17:20:00,20,392.91,29,TERMINEE,Systeme
229,5,Inspection,Verification geometrie,2026-02-24T16:00:00,2026-02-24T16:41:00,41,450.41,2,TERMINEE,Systeme
230,7,Remplacement roulement,Remplacement roulement broche,2025-02-27T07:00:00,2025-02-27T08:32:00,92,1205.38,21,TERMINEE,Systeme
231,2,Preventive,Revision generale planifiee,2026-04-23T09:00:00,2026-04-23T12:14:00,194,1067.84,13,TERMINEE,Systeme
232,7,Changement huile,Vidange huile broche,2025-11-19T16:00:00,2025-11-19T16:34:00,34,259.96,8,TERMINEE,Systeme
233,5,Preventive,Controle periodique,2026-06-15T15:00:00,2026-06-15T17:12:00,132,241.54,44,TERMINEE,Systeme
234,1,Alignement machine,Alignement broche,2025-10-26T14:00:00,2025-10-26T15:05:00,65,892.53,23,TERMINEE,Systeme
235,11,Changement huile,Vidange huile broche,2026-05-05T11:00:00,2026-05-05T12:11:00,71,268.19,43,TERMINEE,Systeme
236,7,Nettoyage,Depoussierage systeme,2026-06-12T16:00:00,2026-06-12T16:42:00,42,170.6,11,TERMINEE,Systeme
237,12,Preventive,Controle periodique,2025-02-12T18:00:00,2025-02-12T19:04:00,64,1316.38,34,TERMINEE,Systeme
238,12,Preventive,Revision generale planifiee,2025-11-25T18:00:00,2025-11-25T21:39:00,219,885.82,2,TERMINEE,Systeme
239,9,Corrective,Defaut capteur,2025-03-22T12:00:00,2025-03-22T15:50:00,230,3519.75,29,TERMINEE,Systeme
240,3,Changement huile,Vidange huile broche,2025-04-06T14:00:00,2025-04-06T14:59:00,59,234.78,33,TERMINEE,Systeme
241,10,Corrective,Probleme hydraulique,2025-09-13T06:00:00,2025-09-13T13:56:00,476,4763.22,20,TERMINEE,Systeme
242,4,Changement liquide,Vidange circuit hydraulique,2025-01-17T14:00:00,2025-01-17T15:28:00,88,281.31,14,TERMINEE,Systeme
243,3,Inspection,Controle metrologique,2026-06-10T14:00:00,2026-06-10T14:38:00,38,401.02,17,TERMINEE,Systeme
244,7,Changement huile,Vidange huile broche,2026-05-01T17:00:00,2026-05-01T17:38:00,38,302.08,11,TERMINEE,Systeme
245,4,Inspection,Controle metrologique,2026-01-14T11:00:00,2026-01-14T11:44:00,44,100.81,30,TERMINEE,Systeme
246,9,Remplacement roulement,Changement roulement axe Z,2026-11-26T17:00:00,2026-11-26T20:25:00,205,1601.09,33,TERMINEE,Systeme
247,12,Preventive,Maintenance preventive programmee,2025-09-08T18:00:00,2025-09-08T21:57:00,237,1350.06,31,TERMINEE,Systeme
248,4,Corrective,Probleme hydraulique,2026-05-09T10:00:00,2026-05-09T17:53:00,473,2974.04,26,TERMINEE,Systeme
249,11,Preventive,Maintenance preventive programmee,2026-05-11T17:00:00,2026-05-11T20:27:00,207,1443.5,31,TERMINEE,Systeme
250,3,Preventive,Revision generale planifiee,2026-11-03T11:00:00,2026-11-03T14:07:00,187,695.45,10,TERMINEE,Systeme
251,8,Changement huile,Vidange huile broche,2025-04-02T16:00:00,2025-04-02T16:36:00,36,354.56,29,TERMINEE,Systeme
252,3,Preventive,Controle periodique,2025-06-16T12:00:00,2025-06-16T15:51:00,231,579.4,8,TERMINEE,Systeme
253,3,Preventive,Maintenance preventive programmee,2026-05-22T11:00:00,2026-05-22T13:05:00,125,367.84,1,TERMINEE,Systeme
254,6,Preventive,Controle periodique,2025-02-26T07:00:00,2025-02-26T08:26:00,86,1284.69,19,TERMINEE,Systeme
255,8,Preventive,Revision generale planifiee,2026-10-30T08:00:00,2026-10-30T11:27:00,207,771.3,12,TERMINEE,Systeme
256,11,Preventive,Controle periodique,2026-11-24T08:00:00,2026-11-24T09:10:00,70,261.19,36,TERMINEE,Systeme
257,8,Preventive,Maintenance preventive programmee,2025-10-18T14:00:00,2025-10-18T15:43:00,103,756.96,2,TERMINEE,Systeme
258,6,Changement liquide,Vidange circuit hydraulique,2026-08-22T10:00:00,2026-08-22T11:23:00,83,154.02,23,TERMINEE,Systeme
259,1,Corrective,Defaut capteur,2025-09-27T07:00:00,2025-09-27T11:09:00,249,2236.61,25,TERMINEE,Systeme
260,8,Alignement machine,Calibration axes,2026-11-29T09:00:00,2026-11-29T11:05:00,125,831.7,12,TERMINEE,Systeme
261,8,Preventive,Controle periodique,2025-11-24T17:00:00,2025-11-24T18:44:00,104,1224.43,19,TERMINEE,Systeme
262,1,Corrective,Reparation broche,2026-05-26T12:00:00,2026-05-26T19:45:00,465,1011.71,15,TERMINEE,Systeme
263,11,Nettoyage,Depoussierage systeme,2025-07-05T17:00:00,2025-07-05T17:53:00,53,82.18,27,TERMINEE,Systeme
264,12,Nettoyage,Nettoyage complet machine,2026-05-14T07:00:00,2026-05-14T07:57:00,57,110.88,14,TERMINEE,Systeme
265,3,Changement huile,Remplacement huide hydraulique,2026-04-03T15:00:00,2026-04-03T16:28:00,88,129.13,39,TERMINEE,Systeme
266,3,Remplacement roulement,Remplacement roulement broche,2025-01-26T14:00:00,2025-01-26T15:47:00,107,1229.2,18,TERMINEE,Systeme
267,9,Changement huile,Remplacement huide hydraulique,2025-10-31T07:00:00,2025-10-31T08:17:00,77,210.54,32,TERMINEE,Systeme
268,3,Preventive,Revision generale planifiee,2025-12-18T11:00:00,2025-12-18T12:26:00,86,311.93,22,TERMINEE,Systeme
269,7,Inspection,Controle metrologique,2025-09-10T06:00:00,2025-09-10T06:19:00,19,476.16,11,TERMINEE,Systeme
270,2,Corrective,Defaut electricite,2025-01-17T12:00:00,2025-01-17T23:14:00,674,930.99,34,TERMINEE,Systeme
271,10,Changement liquide,Vidange circuit hydraulique,2026-05-07T11:00:00,2026-05-07T11:47:00,47,224.79,42,TERMINEE,Systeme
272,10,Nettoyage,Depoussierage systeme,2025-12-13T18:00:00,2025-12-13T18:22:00,22,166.09,22,TERMINEE,Systeme
273,7,Preventive,Maintenance preventive programmee,2026-02-15T13:00:00,2026-02-15T14:28:00,88,1180.81,35,TERMINEE,Systeme
274,3,Inspection,Inspection visuelle,2025-03-14T07:00:00,2025-03-14T07:26:00,26,448.69,33,TERMINEE,Systeme
275,4,Alignement machine,Alignement broche,2026-02-01T16:00:00,2026-02-01T18:54:00,174,911.49,40,TERMINEE,Systeme
276,7,Nettoyage,Depoussierage systeme,2026-07-31T17:00:00,2026-07-31T17:37:00,37,84.08,7,TERMINEE,Systeme
277,3,Inspection,Inspection visuelle,2026-12-02T17:00:00,2026-12-02T17:30:00,30,409.77,30,TERMINEE,Systeme
278,12,Corrective,Defaut capteur,2026-07-19T12:00:00,2026-07-19T14:09:00,129,2900.09,39,TERMINEE,Systeme
279,7,Alignement machine,Alignement broche,2025-02-26T15:00:00,2025-02-26T16:52:00,112,586.96,11,TERMINEE,Systeme
280,6,Corrective,Panne servo-moteur,2025-06-24T12:00:00,2025-06-24T17:11:00,311,1516.83,31,TERMINEE,Systeme
281,6,Corrective,Probleme hydraulique,2025-08-18T11:00:00,2025-08-18T20:28:00,568,1251.32,14,TERMINEE,Systeme
282,11,Changement liquide,Vidange circuit hydraulique,2025-06-22T10:00:00,2025-06-22T10:43:00,43,409.94,37,TERMINEE,Systeme
283,4,Preventive,Controle periodique,2026-05-20T12:00:00,2026-05-20T14:13:00,133,244.49,1,TERMINEE,Systeme
284,7,Corrective,Reparation broche,2026-08-05T14:00:00,2026-08-06T01:36:00,696,4419.01,35,TERMINEE,Systeme
285,2,Corrective,Reparation broche,2026-10-01T12:00:00,2026-10-01T16:21:00,261,1548.39,25,TERMINEE,Systeme
286,10,Inspection,Inspection visuelle,2025-05-02T08:00:00,2025-05-02T08:30:00,30,470.6,18,TERMINEE,Systeme
287,1,Inspection,Verification geometrie,2025-10-16T12:00:00,2025-10-16T12:23:00,23,148.55,22,TERMINEE,Systeme
288,8,Alignement machine,Alignement broche,2026-06-25T09:00:00,2026-06-25T10:46:00,106,318.5,29,TERMINEE,Systeme
289,12,Preventive,Controle periodique,2025-10-11T13:00:00,2025-10-11T15:43:00,163,889.4,23,TERMINEE,Systeme
290,10,Inspection,Controle metrologique,2025-07-17T13:00:00,2025-07-17T13:17:00,17,416.48,11,TERMINEE,Systeme
291,2,Preventive,Controle periodique,2025-07-03T15:00:00,2025-07-03T18:05:00,185,819.81,13,TERMINEE,Systeme
292,10,Preventive,Controle periodique,2026-10-12T16:00:00,2026-10-12T17:16:00,76,1472.39,25,TERMINEE,Systeme
293,4,Preventive,Controle periodique,2025-09-05T13:00:00,2025-09-05T16:09:00,189,1083.63,27,TERMINEE,Systeme
294,6,Changement liquide,Vidange circuit hydraulique,2025-03-12T15:00:00,2025-03-12T15:41:00,41,420.48,35,TERMINEE,Systeme
295,6,Alignement machine,Calibration axes,2026-01-15T06:00:00,2026-01-15T08:25:00,145,696.3,9,TERMINEE,Systeme
296,7,Preventive,Revision generale planifiee,2025-05-29T13:00:00,2025-05-29T14:25:00,85,751.47,16,TERMINEE,Systeme
297,2,Nettoyage,Nettoyage complet machine,2025-01-09T18:00:00,2025-01-09T18:49:00,49,84.9,19,TERMINEE,Systeme
298,11,Corrective,Panne servo-moteur,2025-02-07T16:00:00,2025-02-07T18:08:00,128,2321.94,12,TERMINEE,Systeme
299,5,Remplacement roulement,Remplacement roulement broche,2025-03-02T10:00:00,2025-03-02T13:23:00,203,2884.13,40,TERMINEE,Systeme
300,9,Preventive,Maintenance preventive programmee,2025-12-24T16:00:00,2025-12-24T18:41:00,161,513.05,1,TERMINEE,Systeme
301,4,Preventive,Revision generale planifiee,2026-04-03T09:00:00,2026-04-03T12:49:00,229,491.45,34,TERMINEE,Systeme
302,11,Alignement machine,Calibration axes,2026-01-09T13:00:00,2026-01-09T14:56:00,116,1072.37,32,TERMINEE,Systeme
303,3,Preventive,Controle periodique,2025-03-25T17:00:00,2025-03-25T20:02:00,182,881.09,21,TERMINEE,Systeme
304,8,Changement liquide,Vidange circuit hydraulique,2025-03-28T11:00:00,2025-03-28T12:10:00,70,472.1,23,TERMINEE,Systeme
305,8,Nettoyage,Nettoyage complet machine,2025-08-11T11:00:00,2025-08-11T11:50:00,50,182.28,43,TERMINEE,Systeme
306,11,Preventive,Revision generale planifiee,2025-02-18T12:00:00,2025-02-18T13:42:00,102,720.24,20,TERMINEE,Systeme
307,9,Changement huile,Remplacement huide hydraulique,2025-10-12T17:00:00,2025-10-12T18:28:00,88,274.14,35,TERMINEE,Systeme
308,2,Preventive,Maintenance preventive programmee,2026-09-23T09:00:00,2026-09-23T11:05:00,125,637.73,12,TERMINEE,Systeme
309,4,Nettoyage,Depoussierage systeme,2025-05-22T18:00:00,2025-05-22T18:30:00,30,99.52,43,TERMINEE,Systeme
310,2,Inspection,Inspection visuelle,2026-07-21T10:00:00,2026-07-21T10:29:00,29,427.63,25,TERMINEE,Systeme
311,3,Preventive,Controle periodique,2026-02-17T09:00:00,2026-02-17T12:35:00,215,1295.19,8,TERMINEE,Systeme
312,3,Alignement machine,Calibration axes,2026-11-02T11:00:00,2026-11-02T13:02:00,122,307.69,26,TERMINEE,Systeme
313,10,Changement huile,Vidange huile broche,2025-07-15T18:00:00,2025-07-15T18:57:00,57,284.69,2,TERMINEE,Systeme
314,12,Preventive,Controle periodique,2026-04-29T13:00:00,2026-04-29T14:22:00,82,417.39,32,TERMINEE,Systeme
315,1,Remplacement roulement,Changement roulement axe Z,2026-07-09T06:00:00,2026-07-09T07:54:00,114,1821.25,23,TERMINEE,Systeme
316,10,Preventive,Revision generale planifiee,2025-11-01T06:00:00,2025-11-01T09:06:00,186,499.18,40,TERMINEE,Systeme
317,9,Preventive,Revision generale planifiee,2026-04-02T11:00:00,2026-04-02T12:11:00,71,469.89,35,TERMINEE,Systeme
318,2,Corrective,Defaut capteur,2026-03-31T07:00:00,2026-03-31T17:46:00,646,2769.24,16,TERMINEE,Systeme
319,12,Nettoyage,Nettoyage complet machine,2026-05-21T12:00:00,2026-05-21T12:45:00,45,190.65,12,TERMINEE,Systeme
320,2,Nettoyage,Depoussierage systeme,2025-10-18T11:00:00,2025-10-18T11:20:00,20,128.3,9,TERMINEE,Systeme
321,6,Nettoyage,Depoussierage systeme,2026-11-19T15:00:00,2026-11-19T15:21:00,21,80.9,20,TERMINEE,Systeme
322,12,Changement huile,Remplacement huide hydraulique,2026-07-28T13:00:00,2026-07-28T14:26:00,86,133.92,34,TERMINEE,Systeme
323,2,Remplacement roulement,Remplacement roulement broche,2025-02-18T06:00:00,2025-02-18T07:38:00,98,1897.72,29,TERMINEE,Systeme
324,10,Inspection,Verification geometrie,2025-01-17T08:00:00,2025-01-17T08:39:00,39,311.43,31,TERMINEE,Systeme
325,9,Remplacement roulement,Remplacement roulement broche,2025-11-21T07:00:00,2025-11-21T09:23:00,143,2305.2,14,TERMINEE,Systeme
326,7,Preventive,Revision generale planifiee,2026-02-26T16:00:00,2026-02-26T19:39:00,219,723.88,10,TERMINEE,Systeme
327,10,Inspection,Controle metrologique,2025-07-29T12:00:00,2025-07-29T12:40:00,40,330.63,7,TERMINEE,Systeme
328,1,Changement liquide,Vidange circuit hydraulique,2025-09-28T13:00:00,2025-09-28T14:44:00,104,519.67,41,TERMINEE,Systeme
329,9,Alignement machine,Calibration axes,2026-05-20T06:00:00,2026-05-20T07:26:00,86,1080.5,10,TERMINEE,Systeme
330,3,Changement huile,Vidange huile broche,2026-06-09T16:00:00,2026-06-09T16:58:00,58,307.95,11,TERMINEE,Systeme
331,1,Inspection,Controle metrologique,2026-03-16T12:00:00,2026-03-16T12:31:00,31,446.4,22,TERMINEE,Systeme
332,5,Inspection,Inspection visuelle,2025-09-15T13:00:00,2025-09-15T13:34:00,34,235.34,22,TERMINEE,Systeme
333,7,Corrective,Probleme hydraulique,2026-06-14T10:00:00,2026-06-14T13:36:00,216,1675.2,26,TERMINEE,Systeme
334,9,Nettoyage,Nettoyage complet machine,2026-05-22T09:00:00,2026-05-22T09:22:00,22,176.08,39,TERMINEE,Systeme
335,12,Changement huile,Remplacement huide hydraulique,2026-10-12T17:00:00,2026-10-12T18:08:00,68,337.82,34,TERMINEE,Systeme
336,6,Corrective,Probleme hydraulique,2026-11-26T12:00:00,2026-11-26T20:30:00,510,809.06,13,TERMINEE,Systeme
337,3,Inspection,Inspection visuelle,2025-08-04T06:00:00,2025-08-04T06:30:00,30,459.95,22,TERMINEE,Systeme
338,6,Changement liquide,Vidange circuit hydraulique,2026-07-06T13:00:00,2026-07-06T14:41:00,101,172.49,42,TERMINEE,Systeme
339,8,Preventive,Controle periodique,2025-08-20T18:00:00,2025-08-20T19:37:00,97,271.59,38,TERMINEE,Systeme
340,1,Corrective,Defaut capteur,2026-05-08T17:00:00,2026-05-09T02:20:00,560,2129.85,38,TERMINEE,Systeme
341,4,Preventive,Revision generale planifiee,2025-12-21T16:00:00,2025-12-21T19:17:00,197,460.7,9,TERMINEE,Systeme
342,9,Alignement machine,Calibration axes,2026-04-21T17:00:00,2026-04-21T19:10:00,130,763.57,9,TERMINEE,Systeme
343,2,Inspection,Controle metrologique,2026-01-21T15:00:00,2026-01-21T15:44:00,44,347.44,40,TERMINEE,Systeme
344,12,Changement huile,Vidange huile broche,2026-02-03T17:00:00,2026-02-03T18:22:00,82,158.63,40,TERMINEE,Systeme
345,8,Preventive,Controle periodique,2025-09-27T13:00:00,2025-09-27T14:04:00,64,654.45,43,TERMINEE,Systeme
346,7,Preventive,Maintenance preventive programmee,2025-08-21T10:00:00,2025-08-21T13:36:00,216,1235.81,40,TERMINEE,Systeme
347,11,Changement liquide,Vidange circuit hydraulique,2025-09-13T16:00:00,2025-09-13T16:49:00,49,566.77,5,TERMINEE,Systeme
348,1,Preventive,Maintenance preventive programmee,2026-04-29T18:00:00,2026-04-29T20:28:00,148,1222.89,21,TERMINEE,Systeme
349,11,Inspection,Verification geometrie,2025-05-25T08:00:00,2025-05-25T08:34:00,34,305.53,14,TERMINEE,Systeme
350,12,Nettoyage,Depoussierage systeme,2026-01-26T18:00:00,2026-01-26T18:52:00,52,120.75,4,TERMINEE,Systeme
351,12,Preventive,Maintenance preventive programmee,2026-01-31T13:00:00,2026-01-31T16:09:00,189,1108.03,4,TERMINEE,Systeme
352,11,Preventive,Revision generale planifiee,2025-06-05T06:00:00,2025-06-05T07:21:00,81,267.86,11,TERMINEE,Systeme
353,6,Preventive,Controle periodique,2025-07-28T11:00:00,2025-07-28T12:45:00,105,732.38,11,TERMINEE,Systeme
354,12,Corrective,Panne servo-moteur,2025-10-31T10:00:00,2025-10-31T13:18:00,198,3770.05,36,TERMINEE,Systeme
355,7,Alignement machine,Calibration axes,2026-07-18T17:00:00,2026-07-18T19:47:00,167,533.0,27,TERMINEE,Systeme
356,8,Preventive,Revision generale planifiee,2026-10-28T07:00:00,2026-10-28T08:35:00,95,627.56,5,TERMINEE,Systeme
357,1,Preventive,Controle periodique,2025-09-23T16:00:00,2025-09-23T17:39:00,99,732.41,28,TERMINEE,Systeme
358,5,Alignement machine,Alignement broche,2026-01-26T15:00:00,2026-01-26T16:18:00,78,1033.7,1,TERMINEE,Systeme
359,11,Preventive,Revision generale planifiee,2025-08-01T11:00:00,2025-08-01T14:47:00,227,300.88,40,TERMINEE,Systeme
360,4,Nettoyage,Nettoyage complet machine,2026-09-24T11:00:00,2026-09-24T11:40:00,40,155.49,13,TERMINEE,Systeme
361,5,Nettoyage,Depoussierage systeme,2026-09-22T13:00:00,2026-09-22T13:57:00,57,104.69,38,TERMINEE,Systeme
362,2,Preventive,Revision generale planifiee,2026-07-13T15:00:00,2026-07-13T16:46:00,106,995.87,29,TERMINEE,Systeme
363,5,Preventive,Maintenance preventive programmee,2026-05-31T10:00:00,2026-05-31T11:09:00,69,267.81,13,TERMINEE,Systeme
364,10,Alignement machine,Alignement broche,2026-04-29T07:00:00,2026-04-29T08:07:00,67,338.52,34,TERMINEE,Systeme
365,12,Remplacement roulement,Remplacement roulement broche,2026-01-25T14:00:00,2026-01-25T17:58:00,238,2259.34,1,TERMINEE,Systeme
366,11,Inspection,Controle metrologique,2025-02-10T10:00:00,2025-02-10T10:31:00,31,249.25,2,TERMINEE,Systeme
367,12,Changement huile,Vidange huile broche,2025-03-02T12:00:00,2025-03-02T12:38:00,38,200.95,10,TERMINEE,Systeme
368,5,Nettoyage,Nettoyage complet machine,2026-03-29T18:00:00,2026-03-29T18:33:00,33,188.85,15,TERMINEE,Systeme
369,8,Inspection,Verification geometrie,2025-05-22T09:00:00,2025-05-22T09:37:00,37,229.68,45,TERMINEE,Systeme
370,10,Corrective,Defaut electricite,2026-11-28T10:00:00,2026-11-28T12:00:00,120,1107.57,21,TERMINEE,Systeme
371,3,Changement huile,Remplacement huide hydraulique,2026-10-27T07:00:00,2026-10-27T07:48:00,48,359.43,25,TERMINEE,Systeme
372,11,Preventive,Controle periodique,2025-08-15T13:00:00,2025-08-15T16:28:00,208,1282.16,43,TERMINEE,Systeme
373,1,Remplacement roulement,Remplacement roulement broche,2026-01-27T10:00:00,2026-01-27T12:55:00,175,1756.56,1,TERMINEE,Systeme
374,11,Nettoyage,Depoussierage systeme,2025-04-29T07:00:00,2025-04-29T07:25:00,25,137.51,41,TERMINEE,Systeme
375,12,Changement huile,Remplacement huide hydraulique,2025-07-13T15:00:00,2025-07-13T16:03:00,63,255.33,4,TERMINEE,Systeme
376,7,Inspection,Verification geometrie,2026-01-13T09:00:00,2026-01-13T09:26:00,26,224.78,42,TERMINEE,Systeme
377,8,Preventive,Revision generale planifiee,2025-11-10T15:00:00,2025-11-10T16:46:00,106,1179.42,26,TERMINEE,Systeme
378,11,Remplacement roulement,Remplacement roulement broche,2025-03-30T11:00:00,2025-03-30T15:54:00,294,1342.65,18,TERMINEE,Systeme
379,4,Changement huile,Vidange huile broche,2026-04-24T11:00:00,2026-04-24T12:15:00,75,294.1,14,TERMINEE,Systeme
380,4,Corrective,Defaut capteur,2026-11-05T16:00:00,2026-11-05T21:49:00,349,2417.17,45,TERMINEE,Systeme
381,10,Nettoyage,Nettoyage complet machine,2025-09-16T07:00:00,2025-09-16T08:00:00,60,131.11,29,TERMINEE,Systeme
382,11,Preventive,Maintenance preventive programmee,2025-10-12T15:00:00,2025-10-12T18:14:00,194,746.86,40,TERMINEE,Systeme
383,4,Corrective,Panne servo-moteur,2026-07-23T08:00:00,2026-07-23T16:18:00,498,4685.35,5,TERMINEE,Systeme
384,7,Changement huile,Vidange huile broche,2025-05-09T14:00:00,2025-05-09T14:44:00,44,305.26,24,TERMINEE,Systeme
385,5,Inspection,Verification geometrie,2025-12-09T16:00:00,2025-12-09T16:29:00,29,331.46,5,TERMINEE,Systeme
386,12,Alignement machine,Alignement broche,2025-12-14T09:00:00,2025-12-14T10:03:00,63,798.25,9,TERMINEE,Systeme
387,6,Remplacement roulement,Changement roulement axe Z,2025-06-04T09:00:00,2025-06-04T13:21:00,261,1349.19,14,TERMINEE,Systeme
388,12,Nettoyage,Depoussierage systeme,2025-07-13T11:00:00,2025-07-13T11:26:00,26,89.57,23,TERMINEE,Systeme
389,3,Changement liquide,Remplacement liquide de refroidissement,2025-01-19T08:00:00,2025-01-19T08:56:00,56,532.24,12,TERMINEE,Systeme
390,5,Inspection,Verification geometrie,2026-02-08T14:00:00,2026-02-08T14:36:00,36,222.89,25,TERMINEE,Systeme
391,1,Corrective,Defaut electricite,2025-09-22T12:00:00,2025-09-22T18:21:00,381,721.43,10,TERMINEE,Systeme
392,3,Changement huile,Remplacement huide hydraulique,2025-02-27T06:00:00,2025-02-27T07:08:00,68,352.97,42,TERMINEE,Systeme
393,8,Changement huile,Remplacement huide hydraulique,2026-07-09T17:00:00,2026-07-09T17:59:00,59,392.66,7,TERMINEE,Systeme
394,10,Corrective,Panne servo-moteur,2026-04-29T14:00:00,2026-04-29T16:15:00,135,4880.53,2,TERMINEE,Systeme
395,1,Preventive,Maintenance preventive programmee,2026-10-03T16:00:00,2026-10-03T18:54:00,174,361.77,30,TERMINEE,Systeme
396,6,Nettoyage,Depoussierage systeme,2025-12-24T08:00:00,2025-12-24T08:30:00,30,161.39,36,TERMINEE,Systeme
397,2,Preventive,Controle periodique,2025-10-28T17:00:00,2025-10-28T20:27:00,207,987.69,2,TERMINEE,Systeme
398,12,Changement liquide,Remplacement liquide de refroidissement,2026-10-03T16:00:00,2026-10-03T17:37:00,97,270.09,30,TERMINEE,Systeme
399,11,Changement huile,Remplacement huide hydraulique,2026-01-20T10:00:00,2026-01-20T11:02:00,62,283.25,1,TERMINEE,Systeme
400,6,Nettoyage,Nettoyage complet machine,2026-02-13T18:00:00,2026-02-13T18:56:00,56,136.78,25,TERMINEE,Systeme
401,5,Alignement machine,Calibration axes,2026-10-12T17:00:00,2026-10-12T19:33:00,153,760.4,12,TERMINEE,Systeme
402,4,Preventive,Maintenance preventive programmee,2026-11-24T14:00:00,2026-11-24T17:25:00,205,532.92,22,TERMINEE,Systeme
403,8,Inspection,Inspection visuelle,2025-07-23T14:00:00,2025-07-23T14:16:00,16,211.25,45,TERMINEE,Systeme
404,9,Nettoyage,Depoussierage systeme,2026-02-05T07:00:00,2026-02-05T07:59:00,59,156.73,22,TERMINEE,Systeme
405,7,Preventive,Maintenance preventive programmee,2025-03-18T06:00:00,2025-03-18T08:51:00,171,1001.29,35,TERMINEE,Systeme
406,11,Corrective,Defaut electricite,2026-02-25T16:00:00,2026-02-25T21:46:00,346,2645.78,3,TERMINEE,Systeme
407,4,Corrective,Defaut electricite,2025-12-21T09:00:00,2025-12-21T18:24:00,564,1659.47,12,TERMINEE,Systeme
408,3,Inspection,Controle metrologique,2025-07-19T11:00:00,2025-07-19T11:45:00,45,379.0,41,TERMINEE,Systeme
409,8,Preventive,Revision generale planifiee,2025-03-26T12:00:00,2025-03-26T15:33:00,213,367.23,19,TERMINEE,Systeme
410,2,Preventive,Controle periodique,2026-12-01T09:00:00,2026-12-01T11:48:00,168,1297.55,29,TERMINEE,Systeme
411,7,Nettoyage,Nettoyage complet machine,2025-09-08T12:00:00,2025-09-08T12:59:00,59,199.26,39,TERMINEE,Systeme
412,12,Corrective,Reparation broche,2025-06-19T14:00:00,2025-06-20T00:31:00,631,2619.94,10,TERMINEE,Systeme
413,2,Corrective,Panne servo-moteur,2025-10-11T10:00:00,2025-10-11T14:37:00,277,3074.36,43,TERMINEE,Systeme
414,1,Changement huile,Remplacement huide hydraulique,2026-03-21T13:00:00,2026-03-21T14:22:00,82,335.89,21,TERMINEE,Systeme
415,2,Changement huile,Vidange huile broche,2025-06-08T06:00:00,2025-06-08T07:21:00,81,257.65,44,TERMINEE,Systeme
416,1,Corrective,Reparation broche,2026-07-28T18:00:00,2026-07-28T22:40:00,280,1791.54,30,TERMINEE,Systeme
417,6,Corrective,Defaut electricite,2026-04-02T18:00:00,2026-04-02T22:16:00,256,1407.11,31,TERMINEE,Systeme
418,2,Preventive,Revision generale planifiee,2026-07-31T12:00:00,2026-07-31T13:16:00,76,637.48,38,TERMINEE,Systeme
419,8,Preventive,Controle periodique,2025-11-01T14:00:00,2025-11-01T15:15:00,75,1028.03,5,TERMINEE,Systeme
420,1,Inspection,Controle metrologique,2026-06-04T10:00:00,2026-06-04T10:41:00,41,405.48,21,TERMINEE,Systeme
421,9,Preventive,Maintenance preventive programmee,2025-11-01T13:00:00,2025-11-01T16:12:00,192,1355.11,35,TERMINEE,Systeme
422,10,Changement huile,Vidange huile broche,2026-08-25T06:00:00,2026-08-25T06:39:00,39,278.56,3,TERMINEE,Systeme
423,3,Preventive,Maintenance preventive programmee,2026-07-14T16:00:00,2026-07-14T18:32:00,152,264.54,5,TERMINEE,Systeme
424,3,Preventive,Controle periodique,2026-11-05T17:00:00,2026-11-05T20:51:00,231,744.05,45,TERMINEE,Systeme
425,4,Changement huile,Remplacement huide hydraulique,2026-04-17T08:00:00,2026-04-17T08:54:00,54,192.87,17,TERMINEE,Systeme
426,6,Changement huile,Remplacement huide hydraulique,2025-10-28T08:00:00,2025-10-28T08:32:00,32,299.58,17,TERMINEE,Systeme
427,10,Corrective,Probleme hydraulique,2026-02-25T12:00:00,2026-02-25T23:22:00,682,2295.29,4,TERMINEE,Systeme
428,6,Preventive,Revision generale planifiee,2026-09-01T17:00:00,2026-09-01T19:13:00,133,522.49,5,TERMINEE,Systeme
429,2,Nettoyage,Depoussierage systeme,2026-07-25T13:00:00,2026-07-25T13:58:00,58,57.94,20,TERMINEE,Systeme
430,10,Changement huile,Vidange huile broche,2025-06-28T14:00:00,2025-06-28T14:30:00,30,348.21,14,TERMINEE,Systeme
431,10,Remplacement roulement,Changement roulement axe Z,2026-02-02T10:00:00,2026-02-02T11:44:00,104,2533.33,28,TERMINEE,Systeme
432,5,Changement huile,Vidange huile broche,2026-01-20T13:00:00,2026-01-20T14:30:00,90,241.11,44,TERMINEE,Systeme
433,12,Corrective,Panne servo-moteur,2026-02-05T15:00:00,2026-02-05T19:04:00,244,2831.99,38,TERMINEE,Systeme
434,3,Corrective,Panne servo-moteur,2026-02-16T14:00:00,2026-02-16T22:10:00,490,4790.69,4,TERMINEE,Systeme
435,11,Nettoyage,Nettoyage complet machine,2026-02-07T09:00:00,2026-02-07T09:55:00,55,79.84,6,TERMINEE,Systeme
436,1,Nettoyage,Depoussierage systeme,2026-01-21T13:00:00,2026-01-21T13:57:00,57,71.51,3,TERMINEE,Systeme
437,10,Changement huile,Remplacement huide hydraulique,2025-01-09T15:00:00,2025-01-09T16:29:00,89,164.06,36,TERMINEE,Systeme
438,11,Preventive,Revision generale planifiee,2025-11-06T17:00:00,2025-11-06T20:58:00,238,1140.58,21,TERMINEE,Systeme
439,2,Preventive,Revision generale planifiee,2026-08-27T17:00:00,2026-08-27T18:07:00,67,749.51,20,TERMINEE,Systeme
440,6,Alignement machine,Alignement broche,2026-08-22T17:00:00,2026-08-22T19:16:00,136,840.09,2,TERMINEE,Systeme
441,10,Preventive,Maintenance preventive programmee,2025-07-19T12:00:00,2025-07-19T15:03:00,183,1455.44,19,TERMINEE,Systeme
442,1,Changement huile,Remplacement huide hydraulique,2026-08-11T18:00:00,2026-08-11T19:25:00,85,310.47,38,TERMINEE,Systeme
443,10,Changement liquide,Remplacement liquide de refroidissement,2025-10-19T10:00:00,2025-10-19T11:27:00,87,306.5,13,TERMINEE,Systeme
444,6,Corrective,Defaut capteur,2025-01-19T07:00:00,2025-01-19T18:05:00,665,2862.38,16,TERMINEE,Systeme
445,8,Nettoyage,Nettoyage complet machine,2026-11-17T11:00:00,2026-11-17T11:51:00,51,103.78,5,TERMINEE,Systeme
446,12,Corrective,Probleme hydraulique,2025-07-23T16:00:00,2025-07-23T18:49:00,169,2045.15,12,TERMINEE,Systeme
447,11,Changement liquide,Vidange circuit hydraulique,2026-11-06T18:00:00,2026-11-06T18:51:00,51,241.01,15,TERMINEE,Systeme
448,8,Preventive,Revision generale planifiee,2026-06-18T18:00:00,2026-06-18T19:25:00,85,1283.25,15,TERMINEE,Systeme
449,5,Corrective,Probleme hydraulique,2026-02-02T11:00:00,2026-02-02T13:32:00,152,4252.77,40,TERMINEE,Systeme
450,9,Preventive,Controle periodique,2025-06-20T11:00:00,2025-06-20T12:51:00,111,1308.21,24,TERMINEE,Systeme
451,8,Corrective,Probleme hydraulique,2025-09-08T13:00:00,2025-09-09T00:47:00,707,1382.5,33,TERMINEE,Systeme
452,7,Alignement machine,Calibration axes,2026-11-01T11:00:00,2026-11-01T13:58:00,178,478.65,13,TERMINEE,Systeme
453,7,Preventive,Revision generale planifiee,2026-05-12T06:00:00,2026-05-12T08:07:00,127,1043.93,18,TERMINEE,Systeme
454,2,Changement huile,Remplacement huide hydraulique,2025-09-13T18:00:00,2025-09-13T19:08:00,68,374.63,8,TERMINEE,Systeme
455,10,Preventive,Revision generale planifiee,2025-05-31T12:00:00,2025-05-31T15:09:00,189,1416.69,31,TERMINEE,Systeme
456,1,Preventive,Controle periodique,2026-09-08T11:00:00,2026-09-08T14:57:00,237,224.6,9,TERMINEE,Systeme
457,9,Alignement machine,Alignement broche,2025-10-17T10:00:00,2025-10-17T11:18:00,78,1198.23,36,TERMINEE,Systeme
458,8,Changement huile,Remplacement huide hydraulique,2025-03-12T07:00:00,2025-03-12T08:10:00,70,270.81,8,TERMINEE,Systeme
459,11,Preventive,Revision generale planifiee,2025-01-04T08:00:00,2025-01-04T10:37:00,157,671.27,38,TERMINEE,Systeme
460,11,Preventive,Controle periodique,2025-09-18T16:00:00,2025-09-18T19:16:00,196,610.52,19,TERMINEE,Systeme
461,9,Preventive,Controle periodique,2025-09-03T10:00:00,2025-09-03T11:39:00,99,803.68,43,TERMINEE,Systeme
462,9,Changement huile,Vidange huile broche,2025-12-13T10:00:00,2025-12-13T11:23:00,83,104.78,42,TERMINEE,Systeme
463,4,Corrective,Panne servo-moteur,2026-08-10T13:00:00,2026-08-11T00:13:00,673,3867.66,13,TERMINEE,Systeme
464,4,Inspection,Verification geometrie,2026-02-06T16:00:00,2026-02-06T16:42:00,42,262.0,10,TERMINEE,Systeme
465,9,Nettoyage,Depoussierage systeme,2025-12-16T18:00:00,2025-12-16T18:55:00,55,87.83,36,TERMINEE,Systeme
466,7,Alignement machine,Calibration axes,2026-08-30T07:00:00,2026-08-30T08:37:00,97,923.78,44,TERMINEE,Systeme
467,2,Corrective,Reparation broche,2026-09-23T16:00:00,2026-09-24T01:35:00,575,3072.37,33,TERMINEE,Systeme
468,3,Changement huile,Vidange huile broche,2026-10-28T13:00:00,2026-10-28T14:20:00,80,310.22,22,TERMINEE,Systeme
469,5,Preventive,Maintenance preventive programmee,2026-01-17T17:00:00,2026-01-17T20:53:00,233,849.46,37,TERMINEE,Systeme
470,7,Inspection,Controle metrologique,2025-08-31T12:00:00,2025-08-31T12:30:00,30,433.6,24,TERMINEE,Systeme
471,10,Corrective,Defaut capteur,2025-12-29T10:00:00,2025-12-29T14:21:00,261,624.34,6,TERMINEE,Systeme
472,7,Nettoyage,Depoussierage systeme,2025-08-30T10:00:00,2025-08-30T10:45:00,45,162.41,32,TERMINEE,Systeme
473,10,Preventive,Controle periodique,2026-09-15T11:00:00,2026-09-15T13:55:00,175,957.82,31,TERMINEE,Systeme
474,5,Corrective,Defaut capteur,2025-01-18T15:00:00,2025-01-18T19:54:00,294,1528.83,8,TERMINEE,Systeme
475,5,Nettoyage,Depoussierage systeme,2025-02-25T13:00:00,2025-02-25T13:26:00,26,180.3,42,TERMINEE,Systeme
476,4,Preventive,Revision generale planifiee,2026-02-28T07:00:00,2026-02-28T08:34:00,94,570.46,40,TERMINEE,Systeme
477,3,Changement huile,Vidange huile broche,2025-07-08T12:00:00,2025-07-08T12:55:00,55,277.45,24,TERMINEE,Systeme
478,8,Preventive,Maintenance preventive programmee,2025-07-30T08:00:00,2025-07-30T09:14:00,74,1433.0,7,TERMINEE,Systeme
479,6,Preventive,Revision generale planifiee,2026-05-29T09:00:00,2026-05-29T10:26:00,86,505.07,40,TERMINEE,Systeme
480,9,Changement huile,Vidange huile broche,2025-05-08T06:00:00,2025-05-08T06:45:00,45,144.65,31,TERMINEE,Systeme
481,9,Inspection,Verification geometrie,2025-01-12T13:00:00,2025-01-12T13:22:00,22,219.96,5,TERMINEE,Systeme
482,6,Changement huile,Vidange huile broche,2026-06-20T06:00:00,2026-06-20T06:44:00,44,303.75,20,TERMINEE,Systeme
483,5,Preventive,Revision generale planifiee,2025-06-18T12:00:00,2025-06-18T15:45:00,225,1227.42,2,TERMINEE,Systeme
484,4,Nettoyage,Nettoyage complet machine,2026-03-10T10:00:00,2026-03-10T10:56:00,56,94.44,43,TERMINEE,Systeme
485,2,Nettoyage,Depoussierage systeme,2025-10-17T08:00:00,2025-10-17T08:36:00,36,199.89,10,TERMINEE,Systeme
486,8,Changement liquide,Remplacement liquide de refroidissement,2026-08-20T10:00:00,2026-08-20T10:41:00,41,585.15,26,TERMINEE,Systeme
487,8,Preventive,Revision generale planifiee,2025-12-21T06:00:00,2025-12-21T09:51:00,231,1185.25,20,TERMINEE,Systeme
488,3,Remplacement roulement,Changement roulement axe Z,2025-10-17T11:00:00,2025-10-17T15:22:00,262,2676.09,1,TERMINEE,Systeme
489,8,Corrective,Defaut electricite,2025-07-30T08:00:00,2025-07-30T16:57:00,537,4220.41,37,TERMINEE,Systeme
490,9,Changement huile,Vidange huile broche,2025-04-27T13:00:00,2025-04-27T14:19:00,79,297.7,6,TERMINEE,Systeme
491,6,Preventive,Maintenance preventive programmee,2026-10-21T14:00:00,2026-10-21T15:59:00,119,300.88,39,TERMINEE,Systeme
492,3,Remplacement roulement,Remplacement roulement broche,2026-04-10T08:00:00,2026-04-10T10:48:00,168,1733.85,5,TERMINEE,Systeme
493,10,Preventive,Controle periodique,2025-11-06T09:00:00,2025-11-06T12:52:00,232,910.12,4,TERMINEE,Systeme
494,8,Alignement machine,Calibration axes,2026-06-10T11:00:00,2026-06-10T12:54:00,114,654.27,9,TERMINEE,Systeme
495,7,Preventive,Revision generale planifiee,2026-09-24T14:00:00,2026-09-24T15:03:00,63,1138.67,32,TERMINEE,Systeme
496,8,Remplacement roulement,Remplacement roulement broche,2026-11-06T16:00:00,2026-11-06T20:50:00,290,2333.49,10,TERMINEE,Systeme
497,11,Preventive,Maintenance preventive programmee,2026-04-28T18:00:00,2026-04-28T19:58:00,118,1252.98,7,TERMINEE,Systeme
498,6,Corrective,Panne servo-moteur,2025-09-17T12:00:00,2025-09-17T14:09:00,129,2124.17,8,TERMINEE,Systeme
499,1,Remplacement roulement,Remplacement roulement broche,2025-11-08T18:00:00,2025-11-08T19:32:00,92,2825.1,6,TERMINEE,Systeme
500,6,Corrective,Panne servo-moteur,2025-02-19T13:00:00,2025-02-19T23:46:00,646,1861.86,24,TERMINEE,Systeme
501,12,Inspection,Inspection visuelle,2025-02-08T18:00:00,2025-02-08T18:26:00,26,157.35,10,TERMINEE,Systeme
502,4,Changement liquide,Remplacement liquide de refroidissement,2025-02-21T18:00:00,2025-02-21T19:21:00,81,168.21,31,TERMINEE,Systeme
503,1,Alignement machine,Calibration axes,2026-03-06T11:00:00,2026-03-06T12:24:00,84,393.88,5,TERMINEE,Systeme
504,2,Preventive,Revision generale planifiee,2026-09-03T12:00:00,2026-09-03T13:55:00,115,295.11,2,TERMINEE,Systeme
505,12,Remplacement roulement,Changement roulement axe Z,2026-06-09T15:00:00,2026-06-09T19:26:00,266,1123.13,35,TERMINEE,Systeme
506,1,Nettoyage,Depoussierage systeme,2026-01-01T14:00:00,2026-01-01T14:21:00,21,118.73,13,TERMINEE,Systeme
507,2,Changement huile,Vidange huile broche,2026-10-13T11:00:00,2026-10-13T12:04:00,64,365.17,39,TERMINEE,Systeme
508,6,Preventive,Controle periodique,2025-08-12T10:00:00,2025-08-12T11:55:00,115,919.88,35,TERMINEE,Systeme
509,2,Alignement machine,Calibration axes,2026-01-26T10:00:00,2026-01-26T11:35:00,95,434.09,42,TERMINEE,Systeme
510,6,Inspection,Controle metrologique,2026-06-25T06:00:00,2026-06-25T06:29:00,29,165.91,4,TERMINEE,Systeme
511,11,Preventive,Revision generale planifiee,2025-11-08T17:00:00,2025-11-08T18:14:00,74,1180.19,40,TERMINEE,Systeme
512,9,Nettoyage,Depoussierage systeme,2025-01-07T09:00:00,2025-01-07T10:00:00,60,154.02,31,TERMINEE,Systeme
513,12,Corrective,Reparation broche,2025-08-16T13:00:00,2025-08-16T21:20:00,500,508.86,3,TERMINEE,Systeme
514,6,Preventive,Controle periodique,2025-02-04T12:00:00,2025-02-04T13:45:00,105,804.1,43,TERMINEE,Systeme
515,10,Nettoyage,Nettoyage complet machine,2026-01-28T06:00:00,2026-01-28T06:53:00,53,53.26,30,TERMINEE,Systeme
516,6,Preventive,Controle periodique,2025-10-18T13:00:00,2025-10-18T14:32:00,92,1381.91,29,TERMINEE,Systeme
517,9,Preventive,Controle periodique,2025-01-13T13:00:00,2025-01-13T16:28:00,208,453.34,1,TERMINEE,Systeme
518,2,Nettoyage,Nettoyage complet machine,2026-05-29T06:00:00,2026-05-29T06:48:00,48,105.66,11,TERMINEE,Systeme
519,4,Preventive,Revision generale planifiee,2025-08-28T17:00:00,2025-08-28T20:06:00,186,602.64,30,TERMINEE,Systeme
520,5,Nettoyage,Nettoyage complet machine,2025-03-26T07:00:00,2025-03-26T07:33:00,33,72.28,14,TERMINEE,Systeme
521,8,Preventive,Controle periodique,2026-06-27T08:00:00,2026-06-27T11:28:00,208,1400.8,1,TERMINEE,Systeme
522,10,Corrective,Panne servo-moteur,2025-10-26T11:00:00,2025-10-26T15:02:00,242,4310.5,8,TERMINEE,Systeme
523,8,Preventive,Controle periodique,2026-03-10T06:00:00,2026-03-10T07:58:00,118,1387.45,1,TERMINEE,Systeme
524,1,Preventive,Maintenance preventive programmee,2025-09-14T10:00:00,2025-09-14T11:14:00,74,800.37,14,TERMINEE,Systeme
525,3,Preventive,Controle periodique,2026-06-24T06:00:00,2026-06-24T09:25:00,205,1213.73,41,TERMINEE,Systeme
526,11,Alignement machine,Alignement broche,2026-05-31T08:00:00,2026-05-31T10:20:00,140,554.77,5,TERMINEE,Systeme
527,11,Corrective,Reparation broche,2026-04-23T12:00:00,2026-04-23T14:29:00,149,4336.6,24,TERMINEE,Systeme
528,6,Preventive,Controle periodique,2026-09-11T18:00:00,2026-09-11T21:22:00,202,743.82,32,TERMINEE,Systeme
529,4,Inspection,Inspection visuelle,2026-08-05T16:00:00,2026-08-05T16:28:00,28,250.29,24,TERMINEE,Systeme
530,2,Changement huile,Vidange huile broche,2026-04-16T15:00:00,2026-04-16T15:52:00,52,335.15,40,TERMINEE,Systeme
531,2,Preventive,Revision generale planifiee,2025-07-27T11:00:00,2025-07-27T14:21:00,201,858.82,18,TERMINEE,Systeme
532,5,Corrective,Reparation broche,2025-07-19T15:00:00,2025-07-20T00:38:00,578,624.53,2,TERMINEE,Systeme
533,10,Preventive,Revision generale planifiee,2025-11-30T15:00:00,2025-11-30T16:44:00,104,769.58,12,TERMINEE,Systeme
534,4,Changement huile,Remplacement huide hydraulique,2025-09-08T12:00:00,2025-09-08T13:24:00,84,358.75,22,TERMINEE,Systeme
535,11,Preventive,Revision generale planifiee,2025-06-29T13:00:00,2025-06-29T16:37:00,217,1311.06,34,TERMINEE,Systeme
536,12,Inspection,Verification geometrie,2026-07-23T18:00:00,2026-07-23T18:37:00,37,131.25,10,TERMINEE,Systeme
537,6,Alignement machine,Alignement broche,2026-06-07T16:00:00,2026-06-07T18:28:00,148,1030.12,21,TERMINEE,Systeme
538,5,Preventive,Controle periodique,2026-04-26T18:00:00,2026-04-26T21:05:00,185,347.46,13,TERMINEE,Systeme
539,1,Inspection,Controle metrologique,2026-05-19T07:00:00,2026-05-19T07:29:00,29,176.34,45,TERMINEE,Systeme
540,2,Corrective,Defaut electricite,2026-06-25T14:00:00,2026-06-25T17:09:00,189,3956.91,27,TERMINEE,Systeme
541,9,Preventive,Maintenance preventive programmee,2025-05-14T08:00:00,2025-05-14T11:10:00,190,334.07,21,TERMINEE,Systeme
542,1,Preventive,Controle periodique,2026-11-29T06:00:00,2026-11-29T07:29:00,89,1360.44,18,TERMINEE,Systeme
543,3,Preventive,Revision generale planifiee,2025-08-11T06:00:00,2025-08-11T07:13:00,73,884.14,30,TERMINEE,Systeme
544,12,Preventive,Maintenance preventive programmee,2026-02-13T07:00:00,2026-02-13T08:55:00,115,1399.99,30,TERMINEE,Systeme
545,5,Changement liquide,Remplacement liquide de refroidissement,2025-05-30T10:00:00,2025-05-30T10:44:00,44,597.98,19,TERMINEE,Systeme
546,10,Changement huile,Vidange huile broche,2026-07-14T10:00:00,2026-07-14T10:53:00,53,265.0,42,TERMINEE,Systeme
547,6,Preventive,Maintenance preventive programmee,2025-08-16T14:00:00,2025-08-16T15:54:00,114,1205.48,7,TERMINEE,Systeme
548,5,Preventive,Revision generale planifiee,2026-02-13T16:00:00,2026-02-13T17:44:00,104,1093.51,14,TERMINEE,Systeme
549,7,Preventive,Maintenance preventive programmee,2026-10-29T11:00:00,2026-10-29T14:22:00,202,245.87,12,TERMINEE,Systeme
550,6,Changement huile,Vidange huile broche,2025-08-13T16:00:00,2025-08-13T17:23:00,83,147.49,24,TERMINEE,Systeme
551,1,Remplacement roulement,Changement roulement axe Z,2025-11-06T17:00:00,2025-11-06T19:50:00,170,1363.58,13,TERMINEE,Systeme
552,10,Corrective,Probleme hydraulique,2025-08-13T16:00:00,2025-08-13T22:49:00,409,1186.45,27,TERMINEE,Systeme
553,8,Changement huile,Remplacement huide hydraulique,2026-02-22T07:00:00,2026-02-22T08:01:00,61,298.14,37,TERMINEE,Systeme
554,7,Preventive,Controle periodique,2025-01-28T13:00:00,2025-01-28T15:40:00,160,458.87,5,TERMINEE,Systeme
555,6,Preventive,Maintenance preventive programmee,2026-09-16T09:00:00,2026-09-16T12:54:00,234,812.85,10,TERMINEE,Systeme
556,11,Preventive,Revision generale planifiee,2026-11-06T18:00:00,2026-11-06T19:40:00,100,1448.04,23,TERMINEE,Systeme
557,5,Inspection,Verification geometrie,2026-05-20T14:00:00,2026-05-20T14:36:00,36,429.6,6,TERMINEE,Systeme
558,9,Preventive,Maintenance preventive programmee,2026-03-02T07:00:00,2026-03-02T08:54:00,114,1232.65,16,TERMINEE,Systeme
559,6,Nettoyage,Nettoyage complet machine,2026-02-21T08:00:00,2026-02-21T08:53:00,53,139.57,29,TERMINEE,Systeme
560,2,Corrective,Panne servo-moteur,2025-09-05T17:00:00,2025-09-06T02:52:00,592,1197.87,39,TERMINEE,Systeme
561,1,Preventive,Maintenance preventive programmee,2025-05-04T10:00:00,2025-05-04T13:54:00,234,1290.84,32,TERMINEE,Systeme
562,11,Alignement machine,Calibration axes,2025-03-09T15:00:00,2025-03-09T16:05:00,65,602.8,44,TERMINEE,Systeme
563,12,Corrective,Panne servo-moteur,2026-05-09T14:00:00,2026-05-09T18:10:00,250,4084.39,22,TERMINEE,Systeme
564,8,Remplacement roulement,Remplacement roulement broche,2026-11-21T18:00:00,2026-11-21T21:02:00,182,1652.71,39,TERMINEE,Systeme
565,7,Nettoyage,Depoussierage systeme,2026-05-06T17:00:00,2026-05-06T17:30:00,30,148.87,9,TERMINEE,Systeme
566,3,Corrective,Probleme hydraulique,2025-11-07T14:00:00,2025-11-07T22:24:00,504,2804.65,4,TERMINEE,Systeme
567,12,Changement liquide,Vidange circuit hydraulique,2026-08-05T11:00:00,2026-08-05T12:02:00,62,351.62,32,TERMINEE,Systeme
568,10,Nettoyage,Nettoyage complet machine,2026-11-09T11:00:00,2026-11-09T11:23:00,23,190.43,38,TERMINEE,Systeme
569,8,Preventive,Maintenance preventive programmee,2026-11-08T08:00:00,2026-11-08T11:18:00,198,456.79,8,TERMINEE,Systeme
570,8,Changement liquide,Remplacement liquide de refroidissement,2025-03-16T10:00:00,2025-03-16T11:18:00,78,518.24,5,TERMINEE,Systeme
571,9,Corrective,Defaut electricite,2026-11-09T13:00:00,2026-11-09T18:11:00,311,686.45,17,TERMINEE,Systeme
572,7,Preventive,Controle periodique,2025-04-24T09:00:00,2025-04-24T12:22:00,202,720.95,32,TERMINEE,Systeme
573,2,Nettoyage,Nettoyage complet machine,2025-05-28T11:00:00,2025-05-28T11:52:00,52,68.88,27,TERMINEE,Systeme
574,2,Changement liquide,Remplacement liquide de refroidissement,2026-08-14T12:00:00,2026-08-14T13:24:00,84,504.29,44,TERMINEE,Systeme
575,4,Corrective,Panne servo-moteur,2025-06-01T12:00:00,2025-06-01T21:39:00,579,2613.88,5,TERMINEE,Systeme
576,7,Changement huile,Vidange huile broche,2025-05-13T10:00:00,2025-05-13T10:41:00,41,161.74,8,TERMINEE,Systeme
577,9,Corrective,Reparation broche,2025-06-15T08:00:00,2025-06-15T18:13:00,613,3282.91,7,TERMINEE,Systeme
578,1,Inspection,Verification geometrie,2025-12-25T16:00:00,2025-12-25T16:21:00,21,168.45,21,TERMINEE,Systeme
579,8,Preventive,Revision generale planifiee,2025-02-17T13:00:00,2025-02-17T16:42:00,222,1122.25,15,TERMINEE,Systeme
580,11,Preventive,Maintenance preventive programmee,2025-03-21T07:00:00,2025-03-21T10:13:00,193,478.9,40,TERMINEE,Systeme
581,9,Remplacement roulement,Changement roulement axe Z,2025-06-07T06:00:00,2025-06-07T09:38:00,218,1563.18,19,TERMINEE,Systeme
582,5,Inspection,Inspection visuelle,2026-09-20T11:00:00,2026-09-20T11:45:00,45,320.19,23,TERMINEE,Systeme
583,3,Nettoyage,Nettoyage complet machine,2026-11-19T13:00:00,2026-11-19T13:41:00,41,141.85,4,TERMINEE,Systeme
584,4,Corrective,Defaut electricite,2025-05-08T14:00:00,2025-05-08T22:42:00,522,3174.53,44,TERMINEE,Systeme
585,7,Changement huile,Vidange huile broche,2026-06-04T11:00:00,2026-06-04T11:47:00,47,322.69,16,TERMINEE,Systeme
586,12,Changement huile,Vidange huile broche,2025-02-13T07:00:00,2025-02-13T08:10:00,70,340.08,11,TERMINEE,Systeme
587,10,Inspection,Controle metrologique,2026-03-13T18:00:00,2026-03-13T18:31:00,31,189.2,18,TERMINEE,Systeme
588,2,Changement huile,Vidange huile broche,2025-07-15T07:00:00,2025-07-15T07:46:00,46,112.26,2,TERMINEE,Systeme
589,1,Preventive,Controle periodique,2026-07-16T17:00:00,2026-07-16T20:12:00,192,1471.38,28,TERMINEE,Systeme
590,9,Changement huile,Remplacement huide hydraulique,2026-02-04T12:00:00,2026-02-04T12:53:00,53,185.19,30,TERMINEE,Systeme
591,3,Nettoyage,Depoussierage systeme,2025-04-03T08:00:00,2025-04-03T08:33:00,33,93.61,3,TERMINEE,Systeme
592,9,Remplacement roulement,Changement roulement axe Z,2026-04-07T10:00:00,2026-04-07T13:57:00,237,1819.28,11,TERMINEE,Systeme
593,12,Preventive,Maintenance preventive programmee,2026-06-06T10:00:00,2026-06-06T13:39:00,219,1286.2,45,TERMINEE,Systeme
594,6,Nettoyage,Nettoyage complet machine,2026-07-04T09:00:00,2026-07-04T09:38:00,38,160.02,5,TERMINEE,Systeme
595,3,Inspection,Controle metrologique,2026-10-01T18:00:00,2026-10-01T18:29:00,29,194.55,7,TERMINEE,Systeme
596,1,Changement liquide,Vidange circuit hydraulique,2025-08-18T09:00:00,2025-08-18T09:57:00,57,473.93,23,TERMINEE,Systeme
597,4,Alignement machine,Alignement broche,2025-01-12T11:00:00,2025-01-12T13:50:00,170,874.73,30,TERMINEE,Systeme
598,11,Changement liquide,Remplacement liquide de refroidissement,2025-12-31T12:00:00,2025-12-31T13:33:00,93,379.28,43,TERMINEE,Systeme
599,9,Alignement machine,Calibration axes,2026-09-18T18:00:00,2026-09-18T20:31:00,151,984.59,2,TERMINEE,Systeme
600,8,Preventive,Controle periodique,2026-03-08T10:00:00,2026-03-08T12:21:00,141,668.38,45,TERMINEE,Systeme
601,10,Preventive,Maintenance preventive programmee,2026-02-04T09:00:00,2026-02-04T11:34:00,154,1348.65,43,TERMINEE,Systeme
602,8,Corrective,Probleme hydraulique,2025-01-18T18:00:00,2025-01-19T03:18:00,558,1209.96,28,TERMINEE,Systeme
603,4,Alignement machine,Calibration axes,2025-06-08T17:00:00,2025-06-08T19:34:00,154,1150.29,41,TERMINEE,Systeme
604,2,Corrective,Panne servo-moteur,2025-09-17T18:00:00,2025-09-18T03:46:00,586,879.57,8,TERMINEE,Systeme
605,11,Preventive,Revision generale planifiee,2025-04-01T09:00:00,2025-04-01T11:21:00,141,550.85,29,TERMINEE,Systeme
606,3,Preventive,Controle periodique,2026-04-28T07:00:00,2026-04-28T09:28:00,148,694.07,34,TERMINEE,Systeme
607,9,Preventive,Maintenance preventive programmee,2025-12-21T08:00:00,2025-12-21T12:00:00,240,253.84,11,TERMINEE,Systeme
608,7,Alignement machine,Alignement broche,2025-01-05T14:00:00,2025-01-05T16:35:00,155,550.62,33,TERMINEE,Systeme
609,10,Nettoyage,Depoussierage systeme,2026-05-01T13:00:00,2026-05-01T13:29:00,29,199.0,20,TERMINEE,Systeme
610,5,Preventive,Revision generale planifiee,2025-10-14T06:00:00,2025-10-14T08:13:00,133,1390.56,20,TERMINEE,Systeme
611,3,Nettoyage,Nettoyage complet machine,2025-05-08T09:00:00,2025-05-08T10:00:00,60,122.22,39,TERMINEE,Systeme
612,8,Changement huile,Vidange huile broche,2025-11-04T16:00:00,2025-11-04T16:32:00,32,301.43,34,TERMINEE,Systeme
613,4,Nettoyage,Nettoyage complet machine,2025-10-16T13:00:00,2025-10-16T13:44:00,44,110.33,38,TERMINEE,Systeme
614,1,Corrective,Defaut electricite,2025-09-27T13:00:00,2025-09-28T00:04:00,664,2381.61,2,TERMINEE,Systeme
615,1,Preventive,Maintenance preventive programmee,2025-04-28T14:00:00,2025-04-28T16:11:00,131,465.3,15,TERMINEE,Systeme
616,4,Preventive,Maintenance preventive programmee,2026-01-06T17:00:00,2026-01-06T20:01:00,181,1373.25,33,TERMINEE,Systeme
617,10,Preventive,Maintenance preventive programmee,2025-05-19T10:00:00,2025-05-19T13:56:00,236,349.24,23,TERMINEE,Systeme
618,8,Nettoyage,Depoussierage systeme,2025-12-25T09:00:00,2025-12-25T09:31:00,31,84.91,4,TERMINEE,Systeme
619,8,Preventive,Revision generale planifiee,2026-07-31T12:00:00,2026-07-31T14:07:00,127,713.17,10,TERMINEE,Systeme
620,8,Changement liquide,Remplacement liquide de refroidissement,2025-03-29T15:00:00,2025-03-29T16:12:00,72,198.63,37,TERMINEE,Systeme
621,11,Preventive,Revision generale planifiee,2025-02-20T11:00:00,2025-02-20T14:17:00,197,475.08,31,TERMINEE,Systeme
622,11,Changement huile,Vidange huile broche,2026-09-04T10:00:00,2026-09-04T11:09:00,69,105.91,37,TERMINEE,Systeme
623,7,Changement huile,Vidange huile broche,2026-04-13T08:00:00,2026-04-13T08:41:00,41,212.25,2,TERMINEE,Systeme
624,4,Inspection,Inspection visuelle,2026-02-02T08:00:00,2026-02-02T08:24:00,24,140.18,4,TERMINEE,Systeme
625,11,Preventive,Controle periodique,2026-10-10T08:00:00,2026-10-10T09:59:00,119,1043.39,29,TERMINEE,Systeme
626,12,Preventive,Revision generale planifiee,2025-04-09T11:00:00,2025-04-09T13:14:00,134,530.92,3,TERMINEE,Systeme
627,8,Changement liquide,Vidange circuit hydraulique,2025-04-06T17:00:00,2025-04-06T17:51:00,51,327.6,7,TERMINEE,Systeme
628,12,Preventive,Maintenance preventive programmee,2026-02-18T07:00:00,2026-02-18T08:28:00,88,768.05,14,TERMINEE,Systeme
629,8,Preventive,Revision generale planifiee,2025-12-27T06:00:00,2025-12-27T08:51:00,171,877.32,6,TERMINEE,Systeme
630,12,Corrective,Reparation broche,2026-07-29T10:00:00,2026-07-29T13:10:00,190,2409.52,27,TERMINEE,Systeme
631,6,Preventive,Controle periodique,2025-11-28T06:00:00,2025-11-28T08:12:00,132,624.5,13,TERMINEE,Systeme
632,1,Corrective,Defaut electricite,2025-11-26T17:00:00,2025-11-27T00:43:00,463,3935.41,41,TERMINEE,Systeme
633,2,Nettoyage,Nettoyage complet machine,2025-11-18T08:00:00,2025-11-18T08:52:00,52,62.9,26,TERMINEE,Systeme
634,8,Remplacement roulement,Remplacement roulement broche,2025-12-17T11:00:00,2025-12-17T12:34:00,94,1549.39,41,TERMINEE,Systeme
635,10,Changement liquide,Vidange circuit hydraulique,2026-10-16T09:00:00,2026-10-16T10:51:00,111,400.69,38,TERMINEE,Systeme
636,8,Changement huile,Vidange huile broche,2025-02-12T17:00:00,2025-02-12T17:39:00,39,186.24,32,TERMINEE,Systeme
637,10,Preventive,Revision generale planifiee,2025-05-26T10:00:00,2025-05-26T13:00:00,180,1493.51,4,TERMINEE,Systeme
638,12,Preventive,Maintenance preventive programmee,2026-04-28T14:00:00,2026-04-28T16:08:00,128,439.93,11,TERMINEE,Systeme
639,9,Inspection,Controle metrologique,2025-04-26T08:00:00,2025-04-26T08:20:00,20,196.11,45,TERMINEE,Systeme
640,6,Changement liquide,Remplacement liquide de refroidissement,2025-04-13T13:00:00,2025-04-13T14:35:00,95,279.31,36,TERMINEE,Systeme
641,1,Changement liquide,Vidange circuit hydraulique,2025-05-08T06:00:00,2025-05-08T07:11:00,71,471.73,8,TERMINEE,Systeme
642,6,Changement huile,Vidange huile broche,2026-03-20T07:00:00,2026-03-20T08:15:00,75,371.8,23,TERMINEE,Systeme
643,2,Changement huile,Remplacement huide hydraulique,2026-06-07T13:00:00,2026-06-07T13:44:00,44,174.22,28,TERMINEE,Systeme
644,4,Changement liquide,Remplacement liquide de refroidissement,2026-09-23T17:00:00,2026-09-23T17:41:00,41,291.54,42,TERMINEE,Systeme
645,6,Preventive,Maintenance preventive programmee,2026-06-16T08:00:00,2026-06-16T11:04:00,184,1453.22,28,TERMINEE,Systeme
646,10,Alignement machine,Alignement broche,2026-09-03T11:00:00,2026-09-03T12:52:00,112,787.48,2,TERMINEE,Systeme
647,11,Preventive,Controle periodique,2026-08-03T09:00:00,2026-08-03T12:16:00,196,220.66,37,TERMINEE,Systeme
648,2,Alignement machine,Calibration axes,2026-06-22T16:00:00,2026-06-22T18:57:00,177,743.0,30,TERMINEE,Systeme
649,8,Preventive,Revision generale planifiee,2025-02-23T06:00:00,2025-02-23T07:20:00,80,633.65,40,TERMINEE,Systeme
650,9,Nettoyage,Nettoyage complet machine,2026-06-15T17:00:00,2026-06-15T17:57:00,57,97.79,11,TERMINEE,Systeme
651,5,Remplacement roulement,Changement roulement axe Z,2026-05-20T08:00:00,2026-05-20T10:31:00,151,2257.04,44,TERMINEE,Systeme
652,3,Preventive,Revision generale planifiee,2026-08-12T11:00:00,2026-08-12T13:55:00,175,624.51,18,TERMINEE,Systeme
653,2,Preventive,Revision generale planifiee,2025-02-27T15:00:00,2025-02-27T16:19:00,79,795.48,31,TERMINEE,Systeme
654,5,Preventive,Maintenance preventive programmee,2026-11-20T08:00:00,2026-11-20T11:52:00,232,1246.43,24,TERMINEE,Systeme
655,10,Nettoyage,Nettoyage complet machine,2026-06-09T17:00:00,2026-06-09T17:41:00,41,100.39,26,TERMINEE,Systeme
656,1,Nettoyage,Depoussierage systeme,2025-11-19T12:00:00,2025-11-19T12:29:00,29,177.63,29,TERMINEE,Systeme
657,1,Preventive,Controle periodique,2026-11-15T14:00:00,2026-11-15T16:06:00,126,392.59,22,TERMINEE,Systeme
658,3,Inspection,Verification geometrie,2025-01-23T14:00:00,2025-01-23T14:26:00,26,155.04,17,TERMINEE,Systeme
659,12,Changement huile,Vidange huile broche,2025-01-17T09:00:00,2025-01-17T09:48:00,48,226.37,34,TERMINEE,Systeme
660,11,Preventive,Maintenance preventive programmee,2025-07-21T13:00:00,2025-07-21T15:14:00,134,225.4,34,TERMINEE,Systeme
661,9,Remplacement roulement,Remplacement roulement broche,2025-02-19T16:00:00,2025-02-19T18:27:00,147,2742.23,24,TERMINEE,Systeme
662,8,Preventive,Controle periodique,2026-06-01T06:00:00,2026-06-01T07:07:00,67,322.74,23,TERMINEE,Systeme
663,3,Preventive,Maintenance preventive programmee,2026-08-18T18:00:00,2026-08-18T21:17:00,197,1363.78,26,TERMINEE,Systeme
664,6,Preventive,Maintenance preventive programmee,2026-03-28T08:00:00,2026-03-28T11:41:00,221,1367.08,37,TERMINEE,Systeme
665,8,Inspection,Controle metrologique,2025-02-04T10:00:00,2025-02-04T10:38:00,38,400.27,9,TERMINEE,Systeme
666,5,Corrective,Reparation broche,2026-05-17T16:00:00,2026-05-17T22:09:00,369,783.81,23,TERMINEE,Systeme
667,7,Preventive,Revision generale planifiee,2025-07-23T06:00:00,2025-07-23T07:54:00,114,687.34,20,TERMINEE,Systeme
668,8,Corrective,Panne servo-moteur,2025-01-17T18:00:00,2025-01-18T01:00:00,420,2272.67,33,TERMINEE,Systeme
669,1,Changement huile,Remplacement huide hydraulique,2025-02-28T13:00:00,2025-02-28T14:30:00,90,369.19,29,TERMINEE,Systeme
670,1,Changement huile,Remplacement huide hydraulique,2025-10-18T15:00:00,2025-10-18T15:59:00,59,204.14,27,TERMINEE,Systeme
671,2,Preventive,Maintenance preventive programmee,2025-04-22T10:00:00,2025-04-22T13:42:00,222,557.31,16,TERMINEE,Systeme
672,11,Remplacement roulement,Changement roulement axe Z,2025-04-22T07:00:00,2025-04-22T09:48:00,168,1891.78,15,TERMINEE,Systeme
673,11,Changement huile,Remplacement huide hydraulique,2026-01-22T15:00:00,2026-01-22T15:38:00,38,272.05,8,TERMINEE,Systeme
674,4,Nettoyage,Depoussierage systeme,2025-03-05T17:00:00,2025-03-05T17:41:00,41,156.51,43,TERMINEE,Systeme
675,1,Changement liquide,Vidange circuit hydraulique,2025-07-26T17:00:00,2025-07-26T18:50:00,110,518.34,28,TERMINEE,Systeme
676,11,Preventive,Revision generale planifiee,2026-09-14T12:00:00,2026-09-14T13:43:00,103,605.44,36,TERMINEE,Systeme
677,8,Alignement machine,Alignement broche,2026-06-21T14:00:00,2026-06-21T15:51:00,111,571.97,15,TERMINEE,Systeme
678,12,Nettoyage,Nettoyage complet machine,2026-11-20T16:00:00,2026-11-20T16:41:00,41,67.02,44,TERMINEE,Systeme
679,1,Nettoyage,Depoussierage systeme,2026-04-03T08:00:00,2026-04-03T09:00:00,60,119.55,37,TERMINEE,Systeme
680,9,Corrective,Probleme hydraulique,2026-07-06T15:00:00,2026-07-06T18:30:00,210,2088.29,35,TERMINEE,Systeme
681,11,Changement huile,Remplacement huide hydraulique,2025-05-11T06:00:00,2025-05-11T06:40:00,40,237.27,34,TERMINEE,Systeme
682,9,Preventive,Revision generale planifiee,2025-11-10T17:00:00,2025-11-10T18:05:00,65,1187.86,30,TERMINEE,Systeme
683,8,Inspection,Verification geometrie,2026-06-14T12:00:00,2026-06-14T12:44:00,44,266.63,14,TERMINEE,Systeme
684,5,Remplacement roulement,Changement roulement axe Z,2026-06-11T07:00:00,2026-06-11T11:57:00,297,850.75,13,TERMINEE,Systeme
685,1,Changement huile,Remplacement huide hydraulique,2026-03-04T14:00:00,2026-03-04T15:10:00,70,179.43,19,TERMINEE,Systeme
686,12,Nettoyage,Nettoyage complet machine,2026-10-01T06:00:00,2026-10-01T06:37:00,37,92.38,5,TERMINEE,Systeme
687,10,Preventive,Maintenance preventive programmee,2026-10-04T06:00:00,2026-10-04T08:24:00,144,973.03,39,TERMINEE,Systeme
688,2,Preventive,Controle periodique,2026-02-12T18:00:00,2026-02-12T21:11:00,191,612.25,42,TERMINEE,Systeme
689,3,Remplacement roulement,Remplacement roulement broche,2025-03-23T18:00:00,2025-03-23T20:09:00,129,2375.91,41,TERMINEE,Systeme
690,9,Preventive,Maintenance preventive programmee,2026-09-19T06:00:00,2026-09-19T09:06:00,186,259.96,42,TERMINEE,Systeme
691,9,Remplacement roulement,Remplacement roulement broche,2025-08-22T08:00:00,2025-08-22T09:56:00,116,1586.25,4,TERMINEE,Systeme
692,11,Preventive,Controle periodique,2026-03-17T12:00:00,2026-03-17T15:29:00,209,253.38,26,TERMINEE,Systeme
693,9,Corrective,Defaut capteur,2026-04-29T14:00:00,2026-04-29T18:38:00,278,4753.23,8,TERMINEE,Systeme
694,7,Corrective,Defaut electricite,2026-05-22T10:00:00,2026-05-22T15:49:00,349,1971.98,19,TERMINEE,Systeme
695,1,Preventive,Revision generale planifiee,2025-09-12T17:00:00,2025-09-12T20:08:00,188,1251.1,4,TERMINEE,Systeme
696,6,Inspection,Inspection visuelle,2026-02-26T16:00:00,2026-02-26T16:21:00,21,141.65,25,TERMINEE,Systeme
697,9,Corrective,Defaut capteur,2025-04-14T06:00:00,2025-04-14T15:45:00,585,3720.96,37,TERMINEE,Systeme
698,6,Alignement machine,Calibration axes,2025-04-19T08:00:00,2025-04-19T10:14:00,134,1015.5,45,TERMINEE,Systeme
699,2,Inspection,Verification geometrie,2025-08-20T17:00:00,2025-08-20T17:22:00,22,179.79,3,TERMINEE,Systeme
700,2,Preventive,Maintenance preventive programmee,2026-04-10T09:00:00,2026-04-10T11:38:00,158,965.5,42,TERMINEE,Systeme
701,11,Preventive,Revision generale planifiee,2025-05-18T10:00:00,2025-05-18T12:04:00,124,518.66,5,TERMINEE,Systeme
702,2,Remplacement roulement,Changement roulement axe Z,2025-06-17T16:00:00,2025-06-17T19:24:00,204,1090.89,33,TERMINEE,Systeme
703,2,Nettoyage,Depoussierage systeme,2025-08-14T16:00:00,2025-08-14T16:52:00,52,74.29,22,TERMINEE,Systeme
704,6,Inspection,Verification geometrie,2025-07-30T07:00:00,2025-07-30T07:18:00,18,229.06,25,TERMINEE,Systeme
705,3,Remplacement roulement,Changement roulement axe Z,2026-04-20T08:00:00,2026-04-20T09:44:00,104,1756.28,11,TERMINEE,Systeme
706,2,Changement huile,Vidange huile broche,2026-08-20T10:00:00,2026-08-20T10:50:00,50,383.39,19,TERMINEE,Systeme
707,10,Changement liquide,Remplacement liquide de refroidissement,2026-08-17T17:00:00,2026-08-17T18:15:00,75,276.25,2,TERMINEE,Systeme
708,11,Changement huile,Vidange huile broche,2026-04-15T09:00:00,2026-04-15T10:30:00,90,341.01,15,TERMINEE,Systeme
709,9,Preventive,Revision generale planifiee,2026-05-04T13:00:00,2026-05-04T15:48:00,168,1337.71,4,TERMINEE,Systeme
710,10,Changement liquide,Remplacement liquide de refroidissement,2026-10-14T15:00:00,2026-10-14T16:12:00,72,551.72,8,TERMINEE,Systeme
711,11,Preventive,Revision generale planifiee,2025-04-07T11:00:00,2025-04-07T13:54:00,174,240.11,41,TERMINEE,Systeme
712,5,Inspection,Inspection visuelle,2026-01-11T10:00:00,2026-01-11T10:35:00,35,419.02,28,TERMINEE,Systeme
713,10,Preventive,Maintenance preventive programmee,2025-09-30T11:00:00,2025-09-30T13:16:00,136,495.15,26,TERMINEE,Systeme
714,2,Preventive,Revision generale planifiee,2025-04-27T10:00:00,2025-04-27T11:03:00,63,915.61,23,TERMINEE,Systeme
715,4,Preventive,Controle periodique,2025-10-16T14:00:00,2025-10-16T17:57:00,237,756.2,7,TERMINEE,Systeme
716,9,Corrective,Reparation broche,2025-12-17T09:00:00,2025-12-17T17:08:00,488,4425.74,19,TERMINEE,Systeme
717,1,Nettoyage,Nettoyage complet machine,2026-08-25T10:00:00,2026-08-25T10:58:00,58,73.65,29,TERMINEE,Systeme
718,8,Corrective,Defaut electricite,2025-08-27T08:00:00,2025-08-27T14:58:00,418,2212.45,7,TERMINEE,Systeme
719,11,Inspection,Verification geometrie,2025-11-18T11:00:00,2025-11-18T11:33:00,33,487.18,12,TERMINEE,Systeme
720,5,Nettoyage,Nettoyage complet machine,2025-04-26T11:00:00,2025-04-26T11:25:00,25,195.69,29,TERMINEE,Systeme
721,9,Inspection,Controle metrologique,2026-04-21T14:00:00,2026-04-21T14:15:00,15,460.15,33,TERMINEE,Systeme
722,11,Preventive,Revision generale planifiee,2025-08-01T06:00:00,2025-08-01T09:15:00,195,416.72,8,TERMINEE,Systeme
723,9,Changement liquide,Vidange circuit hydraulique,2025-09-14T06:00:00,2025-09-14T07:37:00,97,516.37,8,TERMINEE,Systeme
724,2,Corrective,Reparation broche,2026-09-29T07:00:00,2026-09-29T11:01:00,241,3446.4,39,TERMINEE,Systeme
725,1,Nettoyage,Depoussierage systeme,2025-07-24T07:00:00,2025-07-24T07:47:00,47,177.78,43,TERMINEE,Systeme
726,2,Inspection,Controle metrologique,2026-04-30T13:00:00,2026-04-30T13:21:00,21,155.02,19,TERMINEE,Systeme
727,9,Nettoyage,Nettoyage complet machine,2026-01-18T11:00:00,2026-01-18T11:23:00,23,184.38,19,TERMINEE,Systeme
728,12,Changement huile,Vidange huile broche,2026-09-17T10:00:00,2026-09-17T10:36:00,36,212.37,24,TERMINEE,Systeme
729,4,Corrective,Defaut electricite,2026-12-02T07:00:00,2026-12-02T15:38:00,518,4526.21,14,TERMINEE,Systeme
730,5,Remplacement roulement,Changement roulement axe Z,2026-06-28T07:00:00,2026-06-28T10:39:00,219,1439.25,34,TERMINEE,Systeme
731,11,Corrective,Defaut electricite,2025-05-13T13:00:00,2025-05-13T15:42:00,162,3453.53,14,TERMINEE,Systeme
732,3,Nettoyage,Depoussierage systeme,2025-11-06T16:00:00,2025-11-06T16:48:00,48,58.21,13,TERMINEE,Systeme
733,7,Preventive,Controle periodique,2026-11-11T08:00:00,2026-11-11T10:48:00,168,540.3,39,TERMINEE,Systeme
734,5,Nettoyage,Nettoyage complet machine,2025-02-18T17:00:00,2025-02-18T17:49:00,49,183.06,41,TERMINEE,Systeme
735,6,Preventive,Controle periodique,2026-05-05T11:00:00,2026-05-05T13:24:00,144,1213.74,10,TERMINEE,Systeme
736,12,Changement huile,Remplacement huide hydraulique,2026-05-12T14:00:00,2026-05-12T14:56:00,56,124.08,1,TERMINEE,Systeme
737,2,Changement liquide,Remplacement liquide de refroidissement,2026-01-14T07:00:00,2026-01-14T07:56:00,56,255.03,26,TERMINEE,Systeme
738,6,Remplacement roulement,Remplacement roulement broche,2025-10-04T14:00:00,2025-10-04T17:11:00,191,2691.62,16,TERMINEE,Systeme
739,4,Remplacement roulement,Remplacement roulement broche,2026-11-20T11:00:00,2026-11-20T13:05:00,125,1864.15,33,TERMINEE,Systeme
740,6,Preventive,Revision generale planifiee,2025-09-08T16:00:00,2025-09-08T18:01:00,121,1066.68,4,TERMINEE,Systeme
741,3,Preventive,Controle periodique,2026-03-25T18:00:00,2026-03-25T20:07:00,127,901.21,20,TERMINEE,Systeme
742,12,Preventive,Revision generale planifiee,2026-11-10T08:00:00,2026-11-10T10:35:00,155,1153.71,35,TERMINEE,Systeme
743,1,Changement liquide,Remplacement liquide de refroidissement,2026-10-22T06:00:00,2026-10-22T07:30:00,90,562.73,23,TERMINEE,Systeme
744,11,Changement huile,Vidange huile broche,2025-10-11T07:00:00,2025-10-11T08:08:00,68,306.78,9,TERMINEE,Systeme
745,6,Nettoyage,Nettoyage complet machine,2025-10-15T15:00:00,2025-10-15T15:34:00,34,121.52,7,TERMINEE,Systeme
746,4,Corrective,Defaut electricite,2025-03-18T11:00:00,2025-03-18T14:16:00,196,2790.96,7,TERMINEE,Systeme
747,2,Preventive,Controle periodique,2025-12-29T17:00:00,2025-12-29T20:27:00,207,1119.92,34,TERMINEE,Systeme
748,5,Alignement machine,Alignement broche,2026-01-20T07:00:00,2026-01-20T09:32:00,152,399.75,1,TERMINEE,Systeme
749,8,Nettoyage,Depoussierage systeme,2025-02-08T07:00:00,2025-02-08T07:57:00,57,54.78,5,TERMINEE,Systeme
750,2,Preventive,Revision generale planifiee,2026-09-24T18:00:00,2026-09-24T21:43:00,223,1130.11,5,TERMINEE,Systeme
751,1,Corrective,Reparation broche,2025-09-27T16:00:00,2025-09-28T03:01:00,661,805.64,12,TERMINEE,Systeme
752,7,Changement huile,Remplacement huide hydraulique,2025-12-15T09:00:00,2025-12-15T10:26:00,86,239.65,6,TERMINEE,Systeme
753,2,Changement liquide,Remplacement liquide de refroidissement,2026-05-16T10:00:00,2026-05-16T11:12:00,72,281.17,3,TERMINEE,Systeme
754,10,Nettoyage,Depoussierage systeme,2025-10-23T17:00:00,2025-10-23T17:39:00,39,162.07,7,TERMINEE,Systeme
755,2,Preventive,Controle periodique,2025-05-02T14:00:00,2025-05-02T17:41:00,221,580.84,10,TERMINEE,Systeme
756,2,Remplacement roulement,Changement roulement axe Z,2026-10-02T09:00:00,2026-10-02T11:22:00,142,990.18,40,TERMINEE,Systeme
757,5,Corrective,Defaut capteur,2025-11-07T13:00:00,2025-11-07T21:15:00,495,4081.88,40,TERMINEE,Systeme
758,8,Corrective,Probleme hydraulique,2025-08-22T16:00:00,2025-08-22T19:23:00,203,4938.35,9,TERMINEE,Systeme
759,12,Preventive,Maintenance preventive programmee,2026-07-03T06:00:00,2026-07-03T07:28:00,88,889.68,12,TERMINEE,Systeme
760,6,Nettoyage,Depoussierage systeme,2026-04-17T14:00:00,2026-04-17T14:41:00,41,53.4,40,TERMINEE,Systeme
761,6,Preventive,Revision generale planifiee,2025-06-09T07:00:00,2025-06-09T08:51:00,111,1361.18,40,TERMINEE,Systeme
762,5,Changement liquide,Vidange circuit hydraulique,2026-11-23T14:00:00,2026-11-23T15:49:00,109,417.61,15,TERMINEE,Systeme
763,5,Changement huile,Vidange huile broche,2025-07-14T17:00:00,2025-07-14T18:11:00,71,301.27,35,TERMINEE,Systeme
764,3,Changement huile,Remplacement huide hydraulique,2025-01-04T12:00:00,2025-01-04T12:33:00,33,198.6,11,TERMINEE,Systeme
765,5,Changement liquide,Vidange circuit hydraulique,2026-05-24T11:00:00,2026-05-24T12:32:00,92,262.17,43,TERMINEE,Systeme
766,11,Preventive,Controle periodique,2026-09-26T06:00:00,2026-09-26T08:19:00,139,709.27,29,TERMINEE,Systeme
767,5,Changement huile,Remplacement huide hydraulique,2026-07-30T16:00:00,2026-07-30T17:23:00,83,395.65,7,TERMINEE,Systeme
768,3,Changement liquide,Vidange circuit hydraulique,2025-05-31T16:00:00,2025-05-31T17:29:00,89,534.1,28,TERMINEE,Systeme
769,8,Preventive,Revision generale planifiee,2026-02-18T11:00:00,2026-02-18T12:09:00,69,1402.43,2,TERMINEE,Systeme
770,6,Changement liquide,Remplacement liquide de refroidissement,2026-10-04T08:00:00,2026-10-04T09:48:00,108,153.31,23,TERMINEE,Systeme
771,2,Changement huile,Vidange huile broche,2025-11-08T15:00:00,2025-11-08T16:10:00,70,278.36,4,TERMINEE,Systeme
772,9,Inspection,Inspection visuelle,2025-11-09T10:00:00,2025-11-09T10:30:00,30,162.11,45,TERMINEE,Systeme
773,3,Changement liquide,Remplacement liquide de refroidissement,2025-09-07T07:00:00,2025-09-07T08:19:00,79,318.27,19,TERMINEE,Systeme
774,3,Changement huile,Vidange huile broche,2026-09-30T09:00:00,2026-09-30T10:19:00,79,394.06,26,TERMINEE,Systeme
775,3,Remplacement roulement,Remplacement roulement broche,2026-02-20T13:00:00,2026-02-20T15:21:00,141,2569.17,44,TERMINEE,Systeme
776,10,Remplacement roulement,Changement roulement axe Z,2026-09-10T12:00:00,2026-09-10T16:39:00,279,1436.4,27,TERMINEE,Systeme
777,5,Changement huile,Remplacement huide hydraulique,2025-08-16T17:00:00,2025-08-16T17:33:00,33,280.53,13,TERMINEE,Systeme
778,5,Nettoyage,Nettoyage complet machine,2025-11-09T17:00:00,2025-11-09T17:21:00,21,196.36,15,TERMINEE,Systeme
779,9,Changement huile,Remplacement huide hydraulique,2026-08-10T11:00:00,2026-08-10T11:48:00,48,105.42,41,TERMINEE,Systeme
780,8,Corrective,Panne servo-moteur,2026-11-12T09:00:00,2026-11-12T17:03:00,483,682.47,15,TERMINEE,Systeme
781,8,Nettoyage,Nettoyage complet machine,2025-09-13T09:00:00,2025-09-13T09:36:00,36,83.73,28,TERMINEE,Systeme
782,8,Remplacement roulement,Changement roulement axe Z,2026-03-13T11:00:00,2026-03-13T15:46:00,286,2882.4,2,TERMINEE,Systeme
783,4,Alignement machine,Calibration axes,2026-02-26T07:00:00,2026-02-26T09:01:00,121,1070.57,4,TERMINEE,Systeme
784,3,Preventive,Maintenance preventive programmee,2025-01-03T15:00:00,2025-01-03T16:38:00,98,352.02,5,TERMINEE,Systeme
785,9,Nettoyage,Nettoyage complet machine,2025-03-22T11:00:00,2025-03-22T11:49:00,49,71.58,13,TERMINEE,Systeme
786,11,Preventive,Revision generale planifiee,2025-04-02T16:00:00,2025-04-02T18:32:00,152,377.62,7,TERMINEE,Systeme
787,5,Changement liquide,Vidange circuit hydraulique,2025-01-15T17:00:00,2025-01-15T17:45:00,45,343.13,4,TERMINEE,Systeme
788,7,Preventive,Maintenance preventive programmee,2026-05-22T09:00:00,2026-05-22T10:43:00,103,993.73,22,TERMINEE,Systeme
789,10,Remplacement roulement,Changement roulement axe Z,2026-03-05T06:00:00,2026-03-05T08:08:00,128,2164.13,14,TERMINEE,Systeme
790,10,Remplacement roulement,Remplacement roulement broche,2025-06-16T12:00:00,2025-06-16T14:33:00,153,2207.86,34,TERMINEE,Systeme
791,12,Preventive,Revision generale planifiee,2026-08-19T16:00:00,2026-08-19T18:17:00,137,1394.88,18,TERMINEE,Systeme
792,4,Preventive,Revision generale planifiee,2026-08-17T07:00:00,2026-08-17T08:07:00,67,299.06,30,TERMINEE,Systeme
793,1,Changement huile,Vidange huile broche,2025-10-22T07:00:00,2025-10-22T08:22:00,82,128.45,36,TERMINEE,Systeme
794,9,Corrective,Reparation broche,2026-10-21T18:00:00,2026-10-22T01:41:00,461,1954.76,31,TERMINEE,Systeme
795,7,Preventive,Controle periodique,2025-08-18T12:00:00,2025-08-18T14:47:00,167,1284.54,19,TERMINEE,Systeme
796,2,Nettoyage,Depoussierage systeme,2025-07-26T08:00:00,2025-07-26T08:54:00,54,139.96,40,TERMINEE,Systeme
797,11,Inspection,Controle metrologique,2025-04-16T15:00:00,2025-04-16T15:24:00,24,473.25,25,TERMINEE,Systeme
798,8,Corrective,Defaut capteur,2026-03-22T13:00:00,2026-03-22T17:10:00,250,2943.18,27,TERMINEE,Systeme
799,9,Inspection,Inspection visuelle,2026-10-04T12:00:00,2026-10-04T12:24:00,24,103.77,41,TERMINEE,Systeme
800,6,Preventive,Controle periodique,2026-04-25T06:00:00,2026-04-25T07:15:00,75,887.7,41,TERMINEE,Systeme
801,8,Changement huile,Remplacement huide hydraulique,2026-04-25T18:00:00,2026-04-25T19:02:00,62,147.25,22,TERMINEE,Systeme
802,2,Alignement machine,Alignement broche,2026-08-10T15:00:00,2026-08-10T16:55:00,115,808.46,22,TERMINEE,Systeme
803,10,Changement huile,Remplacement huide hydraulique,2026-03-02T18:00:00,2026-03-02T19:15:00,75,170.53,21,TERMINEE,Systeme
804,11,Corrective,Defaut electricite,2026-05-30T17:00:00,2026-05-31T04:22:00,682,3542.61,44,TERMINEE,Systeme
805,11,Preventive,Revision generale planifiee,2026-07-30T08:00:00,2026-07-30T09:29:00,89,443.33,12,TERMINEE,Systeme
806,7,Preventive,Controle periodique,2025-08-05T15:00:00,2025-08-05T16:54:00,114,1196.45,6,TERMINEE,Systeme
807,12,Corrective,Panne servo-moteur,2025-01-24T15:00:00,2025-01-25T00:23:00,563,4528.05,45,TERMINEE,Systeme
808,9,Preventive,Revision generale planifiee,2026-11-09T14:00:00,2026-11-09T16:11:00,131,653.23,14,TERMINEE,Systeme
809,7,Corrective,Defaut electricite,2025-04-29T11:00:00,2025-04-29T17:40:00,400,3076.61,15,TERMINEE,Systeme
810,6,Corrective,Panne servo-moteur,2025-02-08T06:00:00,2025-02-08T12:07:00,367,740.56,20,TERMINEE,Systeme
811,12,Changement huile,Vidange huile broche,2026-01-26T17:00:00,2026-01-26T18:19:00,79,301.04,33,TERMINEE,Systeme
812,7,Corrective,Defaut electricite,2026-03-24T08:00:00,2026-03-24T10:15:00,135,2199.59,3,TERMINEE,Systeme
813,7,Changement liquide,Vidange circuit hydraulique,2026-04-25T07:00:00,2026-04-25T07:48:00,48,569.97,43,TERMINEE,Systeme
814,12,Corrective,Defaut capteur,2025-12-15T10:00:00,2025-12-15T19:30:00,570,2491.57,29,TERMINEE,Systeme
815,11,Preventive,Maintenance preventive programmee,2025-07-16T10:00:00,2025-07-16T13:17:00,197,1180.03,4,TERMINEE,Systeme
816,4,Preventive,Revision generale planifiee,2026-05-20T15:00:00,2026-05-20T18:11:00,191,682.0,13,TERMINEE,Systeme
817,7,Corrective,Reparation broche,2026-05-22T14:00:00,2026-05-22T20:53:00,413,3225.21,20,TERMINEE,Systeme
818,12,Inspection,Verification geometrie,2025-12-05T17:00:00,2025-12-05T17:38:00,38,454.25,14,TERMINEE,Systeme
819,11,Changement huile,Vidange huile broche,2026-03-22T06:00:00,2026-03-22T07:00:00,60,232.64,41,TERMINEE,Systeme
820,9,Nettoyage,Nettoyage complet machine,2026-11-05T13:00:00,2026-11-05T13:45:00,45,134.07,27,TERMINEE,Systeme
821,3,Preventive,Revision generale planifiee,2026-01-31T11:00:00,2026-01-31T12:54:00,114,1049.79,38,TERMINEE,Systeme
822,6,Corrective,Probleme hydraulique,2026-09-04T11:00:00,2026-09-04T22:44:00,704,2638.85,1,TERMINEE,Systeme
823,2,Nettoyage,Nettoyage complet machine,2026-07-19T06:00:00,2026-07-19T06:23:00,23,55.7,37,TERMINEE,Systeme
824,9,Preventive,Revision generale planifiee,2025-02-24T12:00:00,2025-02-24T13:47:00,107,1466.28,16,TERMINEE,Systeme
825,12,Corrective,Probleme hydraulique,2025-08-21T13:00:00,2025-08-21T23:53:00,653,1835.95,4,TERMINEE,Systeme
826,3,Nettoyage,Nettoyage complet machine,2026-01-25T07:00:00,2026-01-25T07:50:00,50,183.92,34,TERMINEE,Systeme
827,12,Remplacement roulement,Changement roulement axe Z,2025-01-05T15:00:00,2025-01-05T18:41:00,221,1853.81,15,TERMINEE,Systeme
828,4,Alignement machine,Alignement broche,2025-09-20T16:00:00,2025-09-20T17:39:00,99,394.23,14,TERMINEE,Systeme
829,9,Changement huile,Vidange huile broche,2026-01-23T13:00:00,2026-01-23T13:54:00,54,254.14,3,TERMINEE,Systeme
830,6,Corrective,Reparation broche,2025-09-26T13:00:00,2025-09-27T00:37:00,697,570.05,34,TERMINEE,Systeme
831,11,Corrective,Panne servo-moteur,2026-02-16T06:00:00,2026-02-16T17:32:00,692,3800.61,3,TERMINEE,Systeme
832,10,Preventive,Maintenance preventive programmee,2025-07-10T07:00:00,2025-07-10T10:31:00,211,1053.35,35,TERMINEE,Systeme
833,2,Nettoyage,Depoussierage systeme,2025-09-23T13:00:00,2025-09-23T13:46:00,46,98.87,6,TERMINEE,Systeme
834,8,Alignement machine,Alignement broche,2026-01-22T16:00:00,2026-01-22T18:38:00,158,937.18,29,TERMINEE,Systeme
835,11,Changement huile,Remplacement huide hydraulique,2025-06-26T06:00:00,2025-06-26T07:30:00,90,187.48,27,TERMINEE,Systeme
836,3,Corrective,Panne servo-moteur,2025-09-28T10:00:00,2025-09-28T15:02:00,302,4630.19,16,TERMINEE,Systeme
837,3,Nettoyage,Depoussierage systeme,2025-05-26T11:00:00,2025-05-26T11:42:00,42,189.67,42,TERMINEE,Systeme
838,7,Corrective,Panne servo-moteur,2026-02-11T17:00:00,2026-02-11T21:05:00,245,624.66,15,TERMINEE,Systeme
839,8,Preventive,Revision generale planifiee,2026-02-06T11:00:00,2026-02-06T12:40:00,100,1345.51,25,TERMINEE,Systeme
840,7,Inspection,Controle metrologique,2026-07-27T13:00:00,2026-07-27T13:37:00,37,138.85,42,TERMINEE,Systeme
841,10,Changement huile,Vidange huile broche,2025-11-06T17:00:00,2025-11-06T18:13:00,73,313.02,24,TERMINEE,Systeme
842,12,Inspection,Controle metrologique,2025-04-05T13:00:00,2025-04-05T13:24:00,24,360.2,44,TERMINEE,Systeme
843,2,Remplacement roulement,Changement roulement axe Z,2025-09-02T15:00:00,2025-09-02T18:41:00,221,2020.96,14,TERMINEE,Systeme
844,7,Corrective,Defaut electricite,2025-09-12T13:00:00,2025-09-12T23:42:00,642,3279.75,15,TERMINEE,Systeme
845,7,Changement liquide,Vidange circuit hydraulique,2025-08-28T15:00:00,2025-08-28T16:01:00,61,164.39,33,TERMINEE,Systeme
846,6,Inspection,Verification geometrie,2025-05-06T06:00:00,2025-05-06T06:18:00,18,333.48,3,TERMINEE,Systeme
847,1,Preventive,Revision generale planifiee,2025-08-01T10:00:00,2025-08-01T11:41:00,101,1214.69,24,TERMINEE,Systeme
848,9,Preventive,Controle periodique,2026-05-15T09:00:00,2026-05-15T11:26:00,146,382.02,13,TERMINEE,Systeme
849,4,Alignement machine,Alignement broche,2025-10-24T07:00:00,2025-10-24T08:02:00,62,601.51,31,TERMINEE,Systeme
850,11,Changement liquide,Remplacement liquide de refroidissement,2025-03-10T14:00:00,2025-03-10T15:56:00,116,194.95,45,TERMINEE,Systeme
851,4,Preventive,Revision generale planifiee,2026-06-29T18:00:00,2026-06-29T19:23:00,83,649.51,25,TERMINEE,Systeme
852,8,Changement huile,Vidange huile broche,2026-05-03T13:00:00,2026-05-03T14:03:00,63,171.51,7,TERMINEE,Systeme
853,12,Preventive,Revision generale planifiee,2025-02-23T14:00:00,2025-02-23T16:51:00,171,1229.68,21,TERMINEE,Systeme
854,10,Preventive,Revision generale planifiee,2026-09-18T12:00:00,2026-09-18T14:03:00,123,583.83,6,TERMINEE,Systeme
855,10,Changement liquide,Vidange circuit hydraulique,2025-05-09T15:00:00,2025-05-09T16:46:00,106,549.75,42,TERMINEE,Systeme
856,10,Remplacement roulement,Remplacement roulement broche,2025-02-27T07:00:00,2025-02-27T10:53:00,233,2903.58,7,TERMINEE,Systeme
857,6,Nettoyage,Depoussierage systeme,2025-10-23T17:00:00,2025-10-23T17:51:00,51,101.79,3,TERMINEE,Systeme
858,7,Remplacement roulement,Remplacement roulement broche,2026-05-09T10:00:00,2026-05-09T12:38:00,158,1398.97,43,TERMINEE,Systeme
859,1,Inspection,Inspection visuelle,2025-01-19T12:00:00,2025-01-19T12:36:00,36,417.53,16,TERMINEE,Systeme
860,4,Nettoyage,Depoussierage systeme,2025-08-08T11:00:00,2025-08-08T11:39:00,39,55.49,28,TERMINEE,Systeme
861,6,Corrective,Panne servo-moteur,2026-10-07T07:00:00,2026-10-07T12:33:00,333,4270.2,7,TERMINEE,Systeme
862,4,Corrective,Defaut capteur,2026-02-08T06:00:00,2026-02-08T11:47:00,347,4658.8,18,TERMINEE,Systeme
863,3,Corrective,Probleme hydraulique,2025-11-11T06:00:00,2025-11-11T15:02:00,542,3973.78,19,TERMINEE,Systeme
864,7,Nettoyage,Nettoyage complet machine,2026-03-11T07:00:00,2026-03-11T07:35:00,35,59.68,12,TERMINEE,Systeme
865,6,Preventive,Controle periodique,2025-01-28T17:00:00,2025-01-28T19:18:00,138,1404.29,19,TERMINEE,Systeme
866,1,Changement liquide,Remplacement liquide de refroidissement,2025-03-18T16:00:00,2025-03-18T18:00:00,120,490.69,32,TERMINEE,Systeme
867,11,Corrective,Defaut electricite,2025-08-20T18:00:00,2025-08-21T01:38:00,458,1717.45,15,TERMINEE,Systeme
868,11,Nettoyage,Nettoyage complet machine,2025-06-21T06:00:00,2025-06-21T06:52:00,52,83.43,21,TERMINEE,Systeme
869,1,Remplacement roulement,Remplacement roulement broche,2026-03-15T08:00:00,2026-03-15T12:06:00,246,1816.85,24,TERMINEE,Systeme
870,7,Nettoyage,Nettoyage complet machine,2025-04-03T06:00:00,2025-04-03T06:33:00,33,194.12,14,TERMINEE,Systeme
871,7,Inspection,Verification geometrie,2026-01-18T10:00:00,2026-01-18T10:42:00,42,426.38,40,TERMINEE,Systeme
872,10,Alignement machine,Calibration axes,2025-03-22T18:00:00,2025-03-22T20:59:00,179,1140.94,22,TERMINEE,Systeme
873,3,Changement huile,Remplacement huide hydraulique,2026-01-07T18:00:00,2026-01-07T19:12:00,72,331.8,30,TERMINEE,Systeme
874,11,Preventive,Revision generale planifiee,2025-02-12T06:00:00,2025-02-12T07:54:00,114,877.92,17,TERMINEE,Systeme
875,4,Preventive,Maintenance preventive programmee,2025-04-29T15:00:00,2025-04-29T16:50:00,110,900.58,45,TERMINEE,Systeme
876,3,Preventive,Maintenance preventive programmee,2026-11-03T16:00:00,2026-11-03T19:36:00,216,267.37,21,TERMINEE,Systeme
877,2,Changement huile,Remplacement huide hydraulique,2025-08-21T12:00:00,2025-08-21T13:29:00,89,184.33,42,TERMINEE,Systeme
878,1,Changement liquide,Remplacement liquide de refroidissement,2025-12-22T15:00:00,2025-12-22T16:46:00,106,460.12,45,TERMINEE,Systeme
879,1,Preventive,Revision generale planifiee,2025-10-11T14:00:00,2025-10-11T15:34:00,94,1004.46,15,TERMINEE,Systeme
880,9,Preventive,Controle periodique,2026-05-28T14:00:00,2026-05-28T15:36:00,96,1325.63,33,TERMINEE,Systeme
881,11,Preventive,Controle periodique,2026-02-13T12:00:00,2026-02-13T13:47:00,107,1091.94,6,TERMINEE,Systeme
882,7,Preventive,Revision generale planifiee,2025-08-02T11:00:00,2025-08-02T14:50:00,230,1433.88,15,TERMINEE,Systeme
883,12,Preventive,Revision generale planifiee,2026-01-03T15:00:00,2026-01-03T18:04:00,184,608.79,41,TERMINEE,Systeme
884,6,Preventive,Controle periodique,2025-03-02T13:00:00,2025-03-02T15:32:00,152,679.19,29,TERMINEE,Systeme
885,8,Preventive,Controle periodique,2025-02-06T07:00:00,2025-02-06T08:04:00,64,414.91,3,TERMINEE,Systeme
886,7,Preventive,Maintenance preventive programmee,2025-04-11T16:00:00,2025-04-11T17:43:00,103,1236.09,44,TERMINEE,Systeme
887,11,Preventive,Revision generale planifiee,2026-07-09T06:00:00,2026-07-09T09:57:00,237,288.18,11,TERMINEE,Systeme
888,6,Remplacement roulement,Changement roulement axe Z,2026-02-13T18:00:00,2026-02-13T22:28:00,268,2897.1,43,TERMINEE,Systeme
889,4,Alignement machine,Alignement broche,2025-09-16T15:00:00,2025-09-16T17:07:00,127,645.44,2,TERMINEE,Systeme
890,8,Inspection,Verification geometrie,2025-11-28T14:00:00,2025-11-28T14:39:00,39,200.56,11,TERMINEE,Systeme
891,8,Remplacement roulement,Remplacement roulement broche,2026-04-11T18:00:00,2026-04-11T20:28:00,148,1072.9,28,TERMINEE,Systeme
892,8,Preventive,Controle periodique,2026-09-13T14:00:00,2026-09-13T15:28:00,88,718.89,22,TERMINEE,Systeme
893,8,Changement huile,Remplacement huide hydraulique,2025-03-23T07:00:00,2025-03-23T07:39:00,39,291.59,40,TERMINEE,Systeme
894,12,Changement liquide,Vidange circuit hydraulique,2025-10-19T13:00:00,2025-10-19T14:33:00,93,203.2,34,TERMINEE,Systeme
895,12,Preventive,Maintenance preventive programmee,2025-04-02T10:00:00,2025-04-02T12:33:00,153,462.98,35,TERMINEE,Systeme
896,6,Nettoyage,Depoussierage systeme,2026-09-19T14:00:00,2026-09-19T14:26:00,26,102.34,1,TERMINEE,Systeme
897,7,Changement liquide,Vidange circuit hydraulique,2026-10-04T16:00:00,2026-10-04T17:26:00,86,285.45,24,TERMINEE,Systeme
898,5,Changement huile,Remplacement huide hydraulique,2026-07-21T11:00:00,2026-07-21T12:28:00,88,121.67,16,TERMINEE,Systeme
899,9,Remplacement roulement,Remplacement roulement broche,2025-07-27T14:00:00,2025-07-27T17:22:00,202,2371.38,38,TERMINEE,Systeme
900,2,Changement huile,Remplacement huide hydraulique,2026-03-25T14:00:00,2026-03-25T15:05:00,65,171.27,11,TERMINEE,Systeme
901,6,Corrective,Panne servo-moteur,2025-12-07T10:00:00,2025-12-07T13:06:00,186,617.91,37,TERMINEE,Systeme
902,10,Changement huile,Vidange huile broche,2025-01-29T10:00:00,2025-01-29T10:32:00,32,315.54,16,TERMINEE,Systeme
903,5,Changement huile,Vidange huile broche,2025-09-03T06:00:00,2025-09-03T07:00:00,60,345.84,1,TERMINEE,Systeme
904,12,Preventive,Revision generale planifiee,2026-07-13T12:00:00,2026-07-13T15:00:00,180,1377.02,31,TERMINEE,Systeme
905,3,Preventive,Maintenance preventive programmee,2025-04-08T07:00:00,2025-04-08T08:32:00,92,283.77,10,TERMINEE,Systeme
906,11,Corrective,Defaut electricite,2026-07-28T06:00:00,2026-07-28T15:36:00,576,3305.76,35,TERMINEE,Systeme
907,8,Nettoyage,Depoussierage systeme,2026-10-08T09:00:00,2026-10-08T09:33:00,33,118.94,2,TERMINEE,Systeme
908,9,Preventive,Maintenance preventive programmee,2025-07-21T12:00:00,2025-07-21T14:06:00,126,234.26,26,TERMINEE,Systeme
909,1,Corrective,Defaut electricite,2025-12-30T06:00:00,2025-12-30T11:23:00,323,1321.63,32,TERMINEE,Systeme
910,12,Preventive,Maintenance preventive programmee,2025-07-15T09:00:00,2025-07-15T10:13:00,73,341.72,31,TERMINEE,Systeme
911,5,Changement huile,Vidange huile broche,2025-06-19T18:00:00,2025-06-19T19:01:00,61,118.5,23,TERMINEE,Systeme
912,7,Changement liquide,Remplacement liquide de refroidissement,2025-07-17T09:00:00,2025-07-17T10:58:00,118,577.84,41,TERMINEE,Systeme
913,3,Remplacement roulement,Changement roulement axe Z,2025-01-21T06:00:00,2025-01-21T09:50:00,230,1113.66,38,TERMINEE,Systeme
914,2,Nettoyage,Nettoyage complet machine,2025-03-31T07:00:00,2025-03-31T07:44:00,44,148.46,34,TERMINEE,Systeme
915,11,Changement huile,Remplacement huide hydraulique,2025-03-13T13:00:00,2025-03-13T14:09:00,69,281.64,32,TERMINEE,Systeme
916,1,Preventive,Revision generale planifiee,2026-04-07T10:00:00,2026-04-07T13:11:00,191,663.73,40,TERMINEE,Systeme
917,9,Corrective,Reparation broche,2025-11-25T09:00:00,2025-11-25T20:31:00,691,1211.62,12,TERMINEE,Systeme
918,10,Preventive,Controle periodique,2026-06-19T09:00:00,2026-06-19T12:55:00,235,857.16,42,TERMINEE,Systeme
919,9,Nettoyage,Nettoyage complet machine,2025-03-11T17:00:00,2025-03-11T17:55:00,55,163.54,41,TERMINEE,Systeme
920,8,Remplacement roulement,Remplacement roulement broche,2025-11-15T09:00:00,2025-11-15T10:47:00,107,1399.61,4,TERMINEE,Systeme
921,3,Corrective,Reparation broche,2025-05-30T10:00:00,2025-05-30T20:02:00,602,2382.86,28,TERMINEE,Systeme
922,4,Preventive,Controle periodique,2025-09-21T17:00:00,2025-09-21T18:01:00,61,831.55,36,TERMINEE,Systeme
923,6,Remplacement roulement,Remplacement roulement broche,2025-11-02T14:00:00,2025-11-02T17:57:00,237,1960.18,23,TERMINEE,Systeme
924,6,Preventive,Revision generale planifiee,2026-09-11T06:00:00,2026-09-11T07:25:00,85,275.92,33,TERMINEE,Systeme
925,3,Nettoyage,Depoussierage systeme,2025-12-18T13:00:00,2025-12-18T13:33:00,33,131.04,21,TERMINEE,Systeme
926,10,Preventive,Maintenance preventive programmee,2025-09-11T09:00:00,2025-09-11T10:23:00,83,1025.68,2,TERMINEE,Systeme
927,10,Preventive,Revision generale planifiee,2025-11-20T17:00:00,2025-11-20T18:32:00,92,425.54,22,TERMINEE,Systeme
928,4,Remplacement roulement,Remplacement roulement broche,2026-07-18T13:00:00,2026-07-18T17:40:00,280,2839.45,7,TERMINEE,Systeme
929,7,Preventive,Revision generale planifiee,2025-08-05T08:00:00,2025-08-05T09:38:00,98,1473.48,42,TERMINEE,Systeme
930,6,Remplacement roulement,Changement roulement axe Z,2026-09-04T13:00:00,2026-09-04T14:58:00,118,1283.8,30,TERMINEE,Systeme
931,5,Changement liquide,Vidange circuit hydraulique,2025-01-21T17:00:00,2025-01-21T17:51:00,51,458.08,33,TERMINEE,Systeme
932,8,Nettoyage,Nettoyage complet machine,2026-02-14T11:00:00,2026-02-14T11:43:00,43,198.29,36,TERMINEE,Systeme
933,3,Corrective,Defaut capteur,2025-10-03T08:00:00,2025-10-03T14:54:00,414,3477.2,33,TERMINEE,Systeme
934,4,Changement huile,Remplacement huide hydraulique,2025-11-18T07:00:00,2025-11-18T07:49:00,49,322.22,15,TERMINEE,Systeme
935,8,Corrective,Probleme hydraulique,2025-07-20T18:00:00,2025-07-20T20:57:00,177,1399.23,28,TERMINEE,Systeme
936,8,Corrective,Defaut electricite,2026-08-01T08:00:00,2026-08-01T17:01:00,541,1684.25,20,TERMINEE,Systeme
937,1,Changement huile,Remplacement huide hydraulique,2026-11-23T06:00:00,2026-11-23T07:20:00,80,180.43,42,TERMINEE,Systeme
938,3,Remplacement roulement,Changement roulement axe Z,2026-06-10T14:00:00,2026-06-10T16:46:00,166,1662.78,10,TERMINEE,Systeme
939,2,Nettoyage,Nettoyage complet machine,2026-11-25T10:00:00,2026-11-25T10:40:00,40,135.93,35,TERMINEE,Systeme
940,1,Remplacement roulement,Changement roulement axe Z,2025-10-24T10:00:00,2025-10-24T13:05:00,185,1143.86,39,TERMINEE,Systeme
941,12,Corrective,Defaut capteur,2025-02-07T12:00:00,2025-02-07T23:44:00,704,1320.33,43,TERMINEE,Systeme
942,11,Preventive,Revision generale planifiee,2025-07-08T08:00:00,2025-07-08T11:48:00,228,1219.19,1,TERMINEE,Systeme
943,12,Alignement machine,Alignement broche,2026-08-22T13:00:00,2026-08-22T15:28:00,148,784.42,17,TERMINEE,Systeme
944,7,Preventive,Revision generale planifiee,2026-09-03T18:00:00,2026-09-03T20:10:00,130,1444.9,11,TERMINEE,Systeme
945,5,Preventive,Revision generale planifiee,2025-06-27T09:00:00,2025-06-27T11:58:00,178,1341.79,44,TERMINEE,Systeme
946,4,Nettoyage,Depoussierage systeme,2026-07-06T13:00:00,2026-07-06T13:31:00,31,71.92,29,TERMINEE,Systeme
947,4,Changement huile,Remplacement huide hydraulique,2025-11-10T11:00:00,2025-11-10T12:28:00,88,382.56,19,TERMINEE,Systeme
948,9,Corrective,Panne servo-moteur,2026-04-30T12:00:00,2026-04-30T14:56:00,176,3061.61,19,TERMINEE,Systeme
949,9,Preventive,Revision generale planifiee,2026-10-25T11:00:00,2026-10-25T14:26:00,206,1245.4,36,TERMINEE,Systeme
950,2,Preventive,Controle periodique,2026-05-31T13:00:00,2026-05-31T15:30:00,150,1383.75,25,TERMINEE,Systeme
951,8,Preventive,Revision generale planifiee,2025-11-27T07:00:00,2025-11-27T08:15:00,75,1311.94,12,TERMINEE,Systeme
952,4,Preventive,Revision generale planifiee,2026-05-24T18:00:00,2026-05-24T20:20:00,140,624.05,36,TERMINEE,Systeme
953,10,Remplacement roulement,Changement roulement axe Z,2026-03-04T17:00:00,2026-03-04T20:14:00,194,1654.56,6,TERMINEE,Systeme
954,6,Changement huile,Vidange huile broche,2026-03-10T17:00:00,2026-03-10T18:22:00,82,205.63,5,TERMINEE,Systeme
955,3,Alignement machine,Calibration axes,2025-12-27T07:00:00,2025-12-27T08:07:00,67,879.05,25,TERMINEE,Systeme
956,6,Remplacement roulement,Remplacement roulement broche,2026-05-04T17:00:00,2026-05-04T21:36:00,276,2079.67,26,TERMINEE,Systeme
957,8,Alignement machine,Alignement broche,2025-02-03T16:00:00,2025-02-03T18:57:00,177,930.49,18,TERMINEE,Systeme
958,7,Preventive,Controle periodique,2025-10-24T08:00:00,2025-10-24T10:13:00,133,1426.55,33,TERMINEE,Systeme
959,9,Changement liquide,Vidange circuit hydraulique,2026-06-19T15:00:00,2026-06-19T15:42:00,42,236.01,43,TERMINEE,Systeme
960,2,Inspection,Controle metrologique,2026-03-17T11:00:00,2026-03-17T11:27:00,27,273.25,23,TERMINEE,Systeme
961,5,Preventive,Maintenance preventive programmee,2025-09-16T08:00:00,2025-09-16T10:09:00,129,1307.63,26,TERMINEE,Systeme
962,5,Preventive,Controle periodique,2026-01-13T14:00:00,2026-01-13T16:42:00,162,497.8,8,TERMINEE,Systeme
963,11,Preventive,Maintenance preventive programmee,2026-05-26T14:00:00,2026-05-26T16:19:00,139,1170.88,5,TERMINEE,Systeme
964,4,Corrective,Panne servo-moteur,2025-01-20T16:00:00,2025-01-20T18:48:00,168,4624.51,40,TERMINEE,Systeme
965,10,Preventive,Revision generale planifiee,2026-10-14T08:00:00,2026-10-14T09:07:00,67,378.94,27,TERMINEE,Systeme
966,6,Alignement machine,Calibration axes,2026-04-01T16:00:00,2026-04-01T17:55:00,115,581.3,24,TERMINEE,Systeme
967,4,Changement huile,Vidange huile broche,2025-05-10T06:00:00,2025-05-10T07:26:00,86,220.77,27,TERMINEE,Systeme
968,4,Nettoyage,Depoussierage systeme,2026-11-04T12:00:00,2026-11-04T12:55:00,55,88.03,38,TERMINEE,Systeme
969,11,Changement huile,Vidange huile broche,2026-10-12T15:00:00,2026-10-12T16:20:00,80,168.8,16,TERMINEE,Systeme
970,4,Preventive,Revision generale planifiee,2025-12-09T14:00:00,2025-12-09T15:52:00,112,1157.78,5,TERMINEE,Systeme
971,4,Preventive,Controle periodique,2025-09-28T06:00:00,2025-09-28T09:47:00,227,1347.79,40,TERMINEE,Systeme
972,11,Corrective,Defaut electricite,2026-08-08T08:00:00,2026-08-08T19:10:00,670,2522.42,6,TERMINEE,Systeme
973,2,Preventive,Maintenance preventive programmee,2025-02-16T10:00:00,2025-02-16T13:49:00,229,1395.04,28,TERMINEE,Systeme
974,2,Corrective,Probleme hydraulique,2026-02-24T08:00:00,2026-02-24T12:00:00,240,4345.61,12,TERMINEE,Systeme
975,2,Nettoyage,Nettoyage complet machine,2025-07-30T18:00:00,2025-07-30T18:38:00,38,101.37,43,TERMINEE,Systeme
976,2,Nettoyage,Depoussierage systeme,2026-03-21T16:00:00,2026-03-21T16:30:00,30,88.11,31,TERMINEE,Systeme
977,1,Preventive,Controle periodique,2026-01-07T08:00:00,2026-01-07T10:51:00,171,938.94,20,TERMINEE,Systeme
978,12,Changement huile,Vidange huile broche,2026-10-13T12:00:00,2026-10-13T12:30:00,30,218.31,28,TERMINEE,Systeme
979,9,Preventive,Controle periodique,2025-09-02T15:00:00,2025-09-02T18:01:00,181,1042.28,8,TERMINEE,Systeme
980,9,Preventive,Controle periodique,2025-03-10T10:00:00,2025-03-10T11:01:00,61,1166.25,20,TERMINEE,Systeme
981,2,Nettoyage,Depoussierage systeme,2026-01-05T16:00:00,2026-01-05T16:36:00,36,117.69,43,TERMINEE,Systeme
982,9,Nettoyage,Nettoyage complet machine,2025-04-10T12:00:00,2025-04-10T12:36:00,36,120.3,14,TERMINEE,Systeme
983,3,Preventive,Revision generale planifiee,2025-06-22T17:00:00,2025-06-22T20:45:00,225,407.76,8,TERMINEE,Systeme
984,12,Changement huile,Vidange huile broche,2025-07-13T10:00:00,2025-07-13T11:03:00,63,276.11,1,TERMINEE,Systeme
985,7,Changement liquide,Remplacement liquide de refroidissement,2025-05-28T13:00:00,2025-05-28T14:26:00,86,436.08,9,TERMINEE,Systeme
986,7,Corrective,Defaut capteur,2026-04-28T11:00:00,2026-04-28T15:30:00,270,1103.0,17,TERMINEE,Systeme
987,1,Changement liquide,Remplacement liquide de refroidissement,2025-05-15T13:00:00,2025-05-15T13:52:00,52,390.25,8,TERMINEE,Systeme
988,10,Preventive,Maintenance preventive programmee,2026-02-27T17:00:00,2026-02-27T18:53:00,113,1210.13,24,TERMINEE,Systeme
989,12,Alignement machine,Calibration axes,2026-07-13T14:00:00,2026-07-13T15:52:00,112,301.83,28,TERMINEE,Systeme
990,4,Preventive,Revision generale planifiee,2025-09-27T09:00:00,2025-09-27T12:51:00,231,1175.52,38,TERMINEE,Systeme
991,11,Inspection,Verification geometrie,2026-09-02T07:00:00,2026-09-02T07:30:00,30,310.26,40,TERMINEE,Systeme
992,9,Changement liquide,Vidange circuit hydraulique,2026-06-23T12:00:00,2026-06-23T13:48:00,108,561.9,15,TERMINEE,Systeme
993,3,Changement huile,Remplacement huide hydraulique,2025-02-16T18:00:00,2025-02-16T18:34:00,34,143.4,2,TERMINEE,Systeme
994,9,Preventive,Controle periodique,2025-02-01T12:00:00,2025-02-01T14:25:00,145,351.17,36,TERMINEE,Systeme
995,11,Changement liquide,Vidange circuit hydraulique,2025-10-16T07:00:00,2025-10-16T08:53:00,113,478.69,36,TERMINEE,Systeme
996,4,Changement huile,Remplacement huide hydraulique,2026-11-25T13:00:00,2026-11-25T13:57:00,57,146.91,35,TERMINEE,Systeme
997,9,Inspection,Controle metrologique,2025-05-03T09:00:00,2025-05-03T09:29:00,29,211.67,20,TERMINEE,Systeme
998,7,Changement huile,Vidange huile broche,2026-11-13T11:00:00,2026-11-13T12:16:00,76,183.08,19,TERMINEE,Systeme
999,1,Alignement machine,Alignement broche,2025-10-02T14:00:00,2025-10-02T16:48:00,168,825.34,39,TERMINEE,Systeme
1000,11,Nettoyage,Nettoyage complet machine,2026-05-04T17:00:00,2026-05-04T17:20:00,20,148.1,12,TERMINEE,Systeme
1001,3,Preventive,Controle periodique,2026-03-10T16:00:00,2026-03-10T19:46:00,226,239.28,43,TERMINEE,Systeme
1002,5,Corrective,Probleme hydraulique,2025-08-02T06:00:00,2025-08-02T13:38:00,458,1195.84,36,TERMINEE,Systeme
1003,2,Alignement machine,Calibration axes,2026-06-08T07:00:00,2026-06-08T09:21:00,141,669.19,34,TERMINEE,Systeme
1004,12,Preventive,Revision generale planifiee,2025-08-10T06:00:00,2025-08-10T08:07:00,127,621.46,1,TERMINEE,Systeme
1005,10,Preventive,Controle periodique,2025-05-06T16:00:00,2025-05-06T17:12:00,72,1284.8,34,TERMINEE,Systeme
1006,1,Nettoyage,Nettoyage complet machine,2026-09-13T15:00:00,2026-09-13T15:29:00,29,124.21,38,TERMINEE,Systeme
1007,3,Preventive,Revision generale planifiee,2025-10-14T08:00:00,2025-10-14T11:40:00,220,907.37,1,TERMINEE,Systeme
1008,10,Corrective,Probleme hydraulique,2026-08-13T14:00:00,2026-08-13T17:39:00,219,4397.48,13,TERMINEE,Systeme
1009,6,Corrective,Defaut capteur,2026-09-17T12:00:00,2026-09-17T23:27:00,687,2682.83,34,TERMINEE,Systeme
1010,10,Changement liquide,Vidange circuit hydraulique,2025-10-22T12:00:00,2025-10-22T13:09:00,69,185.38,6,TERMINEE,Systeme
1011,3,Corrective,Reparation broche,2025-03-27T09:00:00,2025-03-27T20:44:00,704,1328.6,39,TERMINEE,Systeme
1012,9,Nettoyage,Nettoyage complet machine,2026-10-10T15:00:00,2026-10-10T15:54:00,54,171.59,21,TERMINEE,Systeme
1013,11,Corrective,Reparation broche,2025-06-07T17:00:00,2025-06-08T04:25:00,685,3133.77,24,TERMINEE,Systeme
1014,4,Changement liquide,Vidange circuit hydraulique,2026-01-16T12:00:00,2026-01-16T13:36:00,96,516.81,7,TERMINEE,Systeme
1015,6,Preventive,Revision generale planifiee,2026-01-19T09:00:00,2026-01-19T10:56:00,116,309.31,39,TERMINEE,Systeme
1016,4,Corrective,Defaut capteur,2025-12-04T06:00:00,2025-12-04T17:18:00,678,1993.99,35,TERMINEE,Systeme
1017,8,Nettoyage,Depoussierage systeme,2026-11-07T09:00:00,2026-11-07T09:56:00,56,116.98,20,TERMINEE,Systeme
1018,11,Changement huile,Remplacement huide hydraulique,2025-06-05T14:00:00,2025-06-05T15:17:00,77,301.01,7,TERMINEE,Systeme
1019,7,Nettoyage,Depoussierage systeme,2026-08-13T06:00:00,2026-08-13T06:45:00,45,68.24,15,TERMINEE,Systeme
1020,2,Preventive,Revision generale planifiee,2026-03-23T16:00:00,2026-03-23T17:21:00,81,510.53,14,TERMINEE,Systeme
1021,7,Preventive,Revision generale planifiee,2025-05-09T14:00:00,2025-05-09T16:37:00,157,603.4,40,TERMINEE,Systeme
1022,10,Preventive,Maintenance preventive programmee,2025-02-23T16:00:00,2025-02-23T18:39:00,159,566.84,9,TERMINEE,Systeme
1023,5,Inspection,Inspection visuelle,2026-11-14T10:00:00,2026-11-14T10:23:00,23,439.1,38,TERMINEE,Systeme
1024,11,Nettoyage,Depoussierage systeme,2025-05-17T18:00:00,2025-05-17T18:34:00,34,68.73,24,TERMINEE,Systeme
1025,1,Changement huile,Remplacement huide hydraulique,2026-03-24T17:00:00,2026-03-24T17:59:00,59,260.49,30,TERMINEE,Systeme
1026,5,Preventive,Revision generale planifiee,2025-12-08T07:00:00,2025-12-08T10:14:00,194,904.91,23,TERMINEE,Systeme
1027,3,Changement huile,Vidange huile broche,2025-07-04T16:00:00,2025-07-04T17:26:00,86,136.52,24,TERMINEE,Systeme
1028,9,Preventive,Revision generale planifiee,2025-06-01T06:00:00,2025-06-01T07:52:00,112,380.2,8,TERMINEE,Systeme
1029,3,Alignement machine,Calibration axes,2025-05-15T15:00:00,2025-05-15T16:25:00,85,418.48,38,TERMINEE,Systeme
1030,12,Corrective,Reparation broche,2026-05-12T08:00:00,2026-05-12T10:22:00,142,1805.16,3,TERMINEE,Systeme
1031,11,Corrective,Panne servo-moteur,2026-02-09T07:00:00,2026-02-09T17:32:00,632,4019.54,27,TERMINEE,Systeme
1032,10,Changement liquide,Remplacement liquide de refroidissement,2026-08-13T18:00:00,2026-08-13T19:14:00,74,545.58,30,TERMINEE,Systeme
1033,6,Nettoyage,Depoussierage systeme,2026-11-17T09:00:00,2026-11-17T09:30:00,30,108.63,11,TERMINEE,Systeme
1034,9,Preventive,Maintenance preventive programmee,2026-11-18T14:00:00,2026-11-18T16:28:00,148,628.2,3,TERMINEE,Systeme
1035,10,Inspection,Verification geometrie,2025-05-19T06:00:00,2025-05-19T06:45:00,45,243.48,7,TERMINEE,Systeme
1036,7,Inspection,Inspection visuelle,2025-06-22T12:00:00,2025-06-22T12:16:00,16,261.99,35,TERMINEE,Systeme
1037,4,Changement liquide,Remplacement liquide de refroidissement,2026-11-24T15:00:00,2026-11-24T15:40:00,40,594.85,45,TERMINEE,Systeme
1038,8,Nettoyage,Depoussierage systeme,2025-02-12T06:00:00,2025-02-12T06:51:00,51,65.67,25,TERMINEE,Systeme
1039,4,Changement huile,Vidange huile broche,2026-09-29T14:00:00,2026-09-29T15:03:00,63,243.1,14,TERMINEE,Systeme
1040,11,Changement huile,Vidange huile broche,2025-10-16T08:00:00,2025-10-16T08:38:00,38,363.16,3,TERMINEE,Systeme
1041,4,Preventive,Controle periodique,2026-02-15T08:00:00,2026-02-15T10:41:00,161,795.1,11,TERMINEE,Systeme
1042,11,Corrective,Probleme hydraulique,2025-11-14T14:00:00,2025-11-15T00:06:00,606,3006.19,8,TERMINEE,Systeme
1043,3,Alignement machine,Calibration axes,2025-03-16T16:00:00,2025-03-16T18:39:00,159,662.11,34,TERMINEE,Systeme
1044,12,Corrective,Defaut capteur,2026-06-27T13:00:00,2026-06-27T21:19:00,499,802.93,10,TERMINEE,Systeme
1045,8,Preventive,Controle periodique,2026-03-27T08:00:00,2026-03-27T09:45:00,105,1424.07,25,TERMINEE,Systeme
1046,3,Nettoyage,Nettoyage complet machine,2026-08-25T12:00:00,2026-08-25T12:52:00,52,149.81,27,TERMINEE,Systeme
1047,3,Nettoyage,Nettoyage complet machine,2025-02-22T15:00:00,2025-02-22T15:42:00,42,182.04,39,TERMINEE,Systeme
1048,5,Changement liquide,Vidange circuit hydraulique,2025-04-05T18:00:00,2025-04-05T18:47:00,47,441.3,37,TERMINEE,Systeme
1049,12,Nettoyage,Depoussierage systeme,2026-05-15T07:00:00,2026-05-15T07:37:00,37,150.59,13,TERMINEE,Systeme
1050,3,Alignement machine,Alignement broche,2026-10-10T11:00:00,2026-10-10T12:19:00,79,1105.19,27,TERMINEE,Systeme
1051,1,Nettoyage,Nettoyage complet machine,2025-11-14T06:00:00,2025-11-14T06:42:00,42,76.71,2,TERMINEE,Systeme
1052,2,Preventive,Revision generale planifiee,2025-07-19T13:00:00,2025-07-19T16:45:00,225,424.54,44,TERMINEE,Systeme
1053,7,Inspection,Inspection visuelle,2025-08-01T17:00:00,2025-08-01T17:29:00,29,396.33,1,TERMINEE,Systeme
1054,9,Preventive,Controle periodique,2025-06-04T17:00:00,2025-06-04T20:35:00,215,982.66,40,TERMINEE,Systeme
1055,12,Nettoyage,Nettoyage complet machine,2025-08-06T14:00:00,2025-08-06T14:29:00,29,172.35,6,TERMINEE,Systeme
1056,6,Remplacement roulement,Remplacement roulement broche,2026-01-27T10:00:00,2026-01-27T12:42:00,162,2899.84,9,TERMINEE,Systeme
1057,6,Changement liquide,Remplacement liquide de refroidissement,2025-04-27T15:00:00,2025-04-27T16:07:00,67,506.95,7,TERMINEE,Systeme
1058,7,Preventive,Controle periodique,2026-10-01T08:00:00,2026-10-01T10:19:00,139,721.04,36,TERMINEE,Systeme
1059,4,Inspection,Verification geometrie,2026-05-18T10:00:00,2026-05-18T10:22:00,22,150.74,21,TERMINEE,Systeme
1060,9,Preventive,Revision generale planifiee,2025-12-13T08:00:00,2025-12-13T11:24:00,204,1427.32,10,TERMINEE,Systeme
1061,9,Remplacement roulement,Changement roulement axe Z,2025-05-02T15:00:00,2025-05-02T17:05:00,125,1589.21,34,TERMINEE,Systeme
1062,5,Nettoyage,Nettoyage complet machine,2026-11-09T14:00:00,2026-11-09T14:41:00,41,112.3,24,TERMINEE,Systeme
1063,10,Corrective,Panne servo-moteur,2026-10-04T07:00:00,2026-10-04T16:29:00,569,2082.78,23,TERMINEE,Systeme
1064,7,Remplacement roulement,Changement roulement axe Z,2026-04-21T16:00:00,2026-04-21T19:46:00,226,2634.95,19,TERMINEE,Systeme
1065,2,Preventive,Revision generale planifiee,2025-01-07T15:00:00,2025-01-07T17:06:00,126,823.0,33,TERMINEE,Systeme
1066,7,Changement liquide,Vidange circuit hydraulique,2025-09-20T08:00:00,2025-09-20T09:31:00,91,360.32,17,TERMINEE,Systeme
1067,10,Corrective,Defaut electricite,2025-08-26T10:00:00,2025-08-26T17:57:00,477,3489.2,7,TERMINEE,Systeme
1068,8,Preventive,Revision generale planifiee,2025-06-05T10:00:00,2025-06-05T11:18:00,78,769.17,4,TERMINEE,Systeme
1069,10,Preventive,Maintenance preventive programmee,2026-12-01T10:00:00,2026-12-01T11:48:00,108,1364.16,14,TERMINEE,Systeme
1070,11,Corrective,Defaut capteur,2026-01-16T17:00:00,2026-01-17T00:06:00,426,1218.63,32,TERMINEE,Systeme
1071,5,Preventive,Revision generale planifiee,2026-04-04T08:00:00,2026-04-04T11:30:00,210,702.18,29,TERMINEE,Systeme
1072,6,Changement huile,Vidange huile broche,2026-08-23T16:00:00,2026-08-23T16:57:00,57,124.53,30,TERMINEE,Systeme
1073,1,Corrective,Defaut electricite,2025-08-04T10:00:00,2025-08-04T19:46:00,586,1733.64,16,TERMINEE,Systeme
1074,6,Preventive,Controle periodique,2025-04-20T10:00:00,2025-04-20T12:57:00,177,581.78,38,TERMINEE,Systeme
1075,4,Preventive,Revision generale planifiee,2025-04-23T17:00:00,2025-04-23T20:35:00,215,553.29,17,TERMINEE,Systeme
1076,12,Preventive,Revision generale planifiee,2026-09-19T14:00:00,2026-09-19T16:28:00,148,1031.55,45,TERMINEE,Systeme
1077,7,Corrective,Defaut capteur,2025-06-18T13:00:00,2025-06-19T00:51:00,711,1232.92,15,TERMINEE,Systeme
1078,9,Changement huile,Vidange huile broche,2026-01-20T18:00:00,2026-01-20T19:30:00,90,310.05,19,TERMINEE,Systeme
1079,11,Preventive,Controle periodique,2026-09-26T16:00:00,2026-09-26T19:15:00,195,467.79,21,TERMINEE,Systeme
1080,1,Corrective,Probleme hydraulique,2025-07-16T08:00:00,2025-07-16T12:38:00,278,2114.21,9,TERMINEE,Systeme
1081,10,Corrective,Probleme hydraulique,2026-07-03T18:00:00,2026-07-03T23:43:00,343,1212.68,1,TERMINEE,Systeme
1082,10,Nettoyage,Nettoyage complet machine,2026-10-24T15:00:00,2026-10-24T15:20:00,20,191.6,11,TERMINEE,Systeme
1083,4,Remplacement roulement,Remplacement roulement broche,2025-07-07T14:00:00,2025-07-07T17:53:00,233,1964.34,44,TERMINEE,Systeme
1084,11,Corrective,Defaut electricite,2026-10-21T09:00:00,2026-10-21T16:08:00,428,3427.29,34,TERMINEE,Systeme
1085,4,Nettoyage,Depoussierage systeme,2025-06-12T06:00:00,2025-06-12T06:43:00,43,189.32,20,TERMINEE,Systeme
1086,2,Changement huile,Remplacement huide hydraulique,2025-12-28T11:00:00,2025-12-28T11:38:00,38,244.67,32,TERMINEE,Systeme
1087,5,Preventive,Controle periodique,2025-01-17T11:00:00,2025-01-17T12:45:00,105,569.38,15,TERMINEE,Systeme
1088,8,Inspection,Controle metrologique,2026-07-30T12:00:00,2026-07-30T12:20:00,20,207.96,37,TERMINEE,Systeme
1089,9,Preventive,Controle periodique,2026-06-25T16:00:00,2026-06-25T18:25:00,145,1368.71,38,TERMINEE,Systeme
1090,8,Nettoyage,Nettoyage complet machine,2026-11-16T10:00:00,2026-11-16T10:57:00,57,84.49,9,TERMINEE,Systeme
1091,4,Preventive,Maintenance preventive programmee,2026-07-11T10:00:00,2026-07-11T13:07:00,187,512.38,25,TERMINEE,Systeme
1092,12,Alignement machine,Calibration axes,2025-11-24T08:00:00,2025-11-24T10:30:00,150,1075.62,44,TERMINEE,Systeme
1093,10,Changement liquide,Remplacement liquide de refroidissement,2025-01-21T07:00:00,2025-01-21T07:55:00,55,165.15,42,TERMINEE,Systeme
1094,7,Inspection,Inspection visuelle,2026-03-30T06:00:00,2026-03-30T06:43:00,43,493.54,22,TERMINEE,Systeme
1095,2,Changement huile,Remplacement huide hydraulique,2026-04-18T07:00:00,2026-04-18T08:00:00,60,348.83,38,TERMINEE,Systeme
1096,12,Alignement machine,Calibration axes,2026-01-01T17:00:00,2026-01-01T18:03:00,63,695.21,6,TERMINEE,Systeme
1097,6,Corrective,Defaut electricite,2025-10-15T07:00:00,2025-10-15T16:44:00,584,4293.47,12,TERMINEE,Systeme
1098,12,Changement huile,Remplacement huide hydraulique,2026-10-17T07:00:00,2026-10-17T08:01:00,61,108.18,12,TERMINEE,Systeme
1099,2,Preventive,Maintenance preventive programmee,2026-10-23T12:00:00,2026-10-23T14:47:00,167,815.16,21,TERMINEE,Systeme
1100,10,Nettoyage,Nettoyage complet machine,2025-03-20T07:00:00,2025-03-20T07:35:00,35,60.84,12,TERMINEE,Systeme
1101,5,Alignement machine,Alignement broche,2026-07-05T07:00:00,2026-07-05T09:16:00,136,910.2,4,TERMINEE,Systeme
1102,4,Alignement machine,Alignement broche,2026-10-22T16:00:00,2026-10-22T17:03:00,63,816.68,5,TERMINEE,Systeme
1103,8,Inspection,Inspection visuelle,2026-02-17T16:00:00,2026-02-17T16:17:00,17,152.45,11,TERMINEE,Systeme
1104,10,Alignement machine,Calibration axes,2026-08-27T13:00:00,2026-08-27T15:23:00,143,1188.88,33,TERMINEE,Systeme
1105,2,Corrective,Panne servo-moteur,2026-06-28T18:00:00,2026-06-28T20:20:00,140,1102.89,8,TERMINEE,Systeme
1106,5,Corrective,Defaut electricite,2025-02-10T07:00:00,2025-02-10T18:04:00,664,3177.71,44,TERMINEE,Systeme
1107,6,Corrective,Panne servo-moteur,2025-10-29T11:00:00,2025-10-29T17:37:00,397,4829.22,37,TERMINEE,Systeme
1108,3,Corrective,Defaut capteur,2025-11-18T08:00:00,2025-11-18T19:53:00,713,2735.24,7,TERMINEE,Systeme
1109,10,Remplacement roulement,Changement roulement axe Z,2026-03-23T08:00:00,2026-03-23T11:50:00,230,924.65,6,TERMINEE,Systeme
1110,2,Preventive,Maintenance preventive programmee,2026-02-09T07:00:00,2026-02-09T09:05:00,125,399.23,8,TERMINEE,Systeme
1111,3,Preventive,Maintenance preventive programmee,2025-01-05T15:00:00,2025-01-05T16:00:00,60,778.99,12,TERMINEE,Systeme
1112,6,Corrective,Reparation broche,2026-02-17T17:00:00,2026-02-17T22:36:00,336,2198.77,30,TERMINEE,Systeme
1113,1,Changement huile,Vidange huile broche,2026-05-21T09:00:00,2026-05-21T10:08:00,68,298.52,41,TERMINEE,Systeme
1114,3,Inspection,Inspection visuelle,2025-01-21T11:00:00,2025-01-21T11:44:00,44,385.72,37,TERMINEE,Systeme
1115,9,Changement huile,Remplacement huide hydraulique,2026-10-04T18:00:00,2026-10-04T18:40:00,40,388.42,16,TERMINEE,Systeme
1116,8,Changement huile,Vidange huile broche,2025-12-16T14:00:00,2025-12-16T15:16:00,76,174.81,40,TERMINEE,Systeme
1117,4,Changement huile,Remplacement huide hydraulique,2025-09-26T14:00:00,2025-09-26T14:39:00,39,141.2,36,TERMINEE,Systeme
1118,1,Remplacement roulement,Changement roulement axe Z,2026-04-30T11:00:00,2026-04-30T13:31:00,151,1632.3,32,TERMINEE,Systeme
1119,4,Changement huile,Remplacement huide hydraulique,2025-04-08T17:00:00,2025-04-08T17:35:00,35,227.49,4,TERMINEE,Systeme
1120,4,Changement liquide,Remplacement liquide de refroidissement,2026-08-26T17:00:00,2026-08-26T18:13:00,73,439.34,8,TERMINEE,Systeme
1121,11,Inspection,Verification geometrie,2025-08-02T17:00:00,2025-08-02T17:20:00,20,386.59,9,TERMINEE,Systeme
1122,11,Preventive,Controle periodique,2025-09-22T07:00:00,2025-09-22T10:02:00,182,1118.53,18,TERMINEE,Systeme
1123,6,Preventive,Controle periodique,2026-03-15T15:00:00,2026-03-15T17:20:00,140,774.0,32,TERMINEE,Systeme
1124,6,Changement huile,Vidange huile broche,2026-03-20T06:00:00,2026-03-20T07:05:00,65,375.52,8,TERMINEE,Systeme
1125,7,Preventive,Controle periodique,2025-04-09T14:00:00,2025-04-09T16:53:00,173,1218.89,15,TERMINEE,Systeme
1126,7,Preventive,Controle periodique,2026-05-16T06:00:00,2026-05-16T08:17:00,137,1019.38,28,TERMINEE,Systeme
1127,11,Preventive,Maintenance preventive programmee,2026-01-08T18:00:00,2026-01-08T20:00:00,120,907.84,36,TERMINEE,Systeme
1128,4,Preventive,Maintenance preventive programmee,2025-06-19T08:00:00,2025-06-19T10:50:00,170,468.02,22,TERMINEE,Systeme
1129,10,Preventive,Revision generale planifiee,2026-03-15T18:00:00,2026-03-15T20:07:00,127,563.0,5,TERMINEE,Systeme
1130,4,Preventive,Controle periodique,2025-02-12T14:00:00,2025-02-12T17:47:00,227,1036.5,22,TERMINEE,Systeme
1131,2,Preventive,Controle periodique,2025-09-13T15:00:00,2025-09-13T17:50:00,170,1130.46,45,TERMINEE,Systeme
1132,1,Nettoyage,Depoussierage systeme,2026-09-21T12:00:00,2026-09-21T12:51:00,51,133.85,12,TERMINEE,Systeme
1133,3,Nettoyage,Depoussierage systeme,2025-04-14T16:00:00,2025-04-14T16:47:00,47,71.05,35,TERMINEE,Systeme
1134,11,Corrective,Probleme hydraulique,2025-04-01T10:00:00,2025-04-01T18:14:00,494,2547.3,42,TERMINEE,Systeme
1135,3,Preventive,Revision generale planifiee,2025-04-08T17:00:00,2025-04-08T20:51:00,231,1356.6,14,TERMINEE,Systeme
1136,9,Corrective,Defaut capteur,2026-08-18T11:00:00,2026-08-18T17:11:00,371,3447.7,16,TERMINEE,Systeme
1137,2,Inspection,Controle metrologique,2026-10-29T08:00:00,2026-10-29T08:44:00,44,452.17,6,TERMINEE,Systeme
1138,3,Preventive,Maintenance preventive programmee,2026-04-30T18:00:00,2026-04-30T20:28:00,148,584.52,13,TERMINEE,Systeme
1139,7,Preventive,Maintenance preventive programmee,2025-04-17T13:00:00,2025-04-17T16:19:00,199,856.54,34,TERMINEE,Systeme
1140,12,Alignement machine,Alignement broche,2025-08-13T11:00:00,2025-08-13T13:45:00,165,767.72,14,TERMINEE,Systeme
1141,8,Corrective,Defaut capteur,2025-10-15T17:00:00,2025-10-16T04:52:00,712,3515.53,16,TERMINEE,Systeme
1142,9,Preventive,Maintenance preventive programmee,2026-07-18T12:00:00,2026-07-18T13:46:00,106,1463.55,42,TERMINEE,Systeme
1143,6,Nettoyage,Depoussierage systeme,2026-04-17T10:00:00,2026-04-17T10:50:00,50,199.2,6,TERMINEE,Systeme
1144,2,Preventive,Maintenance preventive programmee,2025-08-27T11:00:00,2025-08-27T14:22:00,202,1425.92,32,TERMINEE,Systeme
1145,2,Preventive,Revision generale planifiee,2025-07-19T16:00:00,2025-07-19T18:01:00,121,1179.76,26,TERMINEE,Systeme
1146,6,Corrective,Defaut electricite,2025-01-18T12:00:00,2025-01-18T21:12:00,552,3673.12,1,TERMINEE,Systeme
1147,11,Remplacement roulement,Changement roulement axe Z,2025-09-24T06:00:00,2025-09-24T07:30:00,90,1101.13,15,TERMINEE,Systeme
1148,4,Remplacement roulement,Remplacement roulement broche,2026-09-28T12:00:00,2026-09-28T16:19:00,259,1318.33,12,TERMINEE,Systeme
1149,7,Corrective,Panne servo-moteur,2026-07-21T17:00:00,2026-07-21T21:04:00,244,2520.17,2,TERMINEE,Systeme
1150,8,Changement huile,Vidange huile broche,2025-05-20T12:00:00,2025-05-20T12:59:00,59,387.52,9,TERMINEE,Systeme
1151,10,Nettoyage,Nettoyage complet machine,2025-02-09T11:00:00,2025-02-09T11:24:00,24,123.1,11,TERMINEE,Systeme
1152,2,Corrective,Defaut capteur,2026-06-19T17:00:00,2026-06-19T23:25:00,385,1043.11,39,TERMINEE,Systeme
1153,1,Preventive,Maintenance preventive programmee,2026-10-16T16:00:00,2026-10-16T19:17:00,197,1449.17,2,TERMINEE,Systeme
1154,7,Preventive,Maintenance preventive programmee,2025-04-16T06:00:00,2025-04-16T09:14:00,194,1059.03,36,TERMINEE,Systeme
1155,8,Preventive,Controle periodique,2026-08-20T07:00:00,2026-08-20T10:34:00,214,1240.72,27,TERMINEE,Systeme
1156,4,Preventive,Revision generale planifiee,2026-01-13T14:00:00,2026-01-13T17:08:00,188,1149.05,8,TERMINEE,Systeme
1157,3,Preventive,Maintenance preventive programmee,2025-07-29T09:00:00,2025-07-29T12:58:00,238,1108.39,15,TERMINEE,Systeme
1158,11,Changement huile,Remplacement huide hydraulique,2026-03-25T17:00:00,2026-03-25T17:31:00,31,331.75,28,TERMINEE,Systeme
1159,1,Changement liquide,Vidange circuit hydraulique,2025-08-26T15:00:00,2025-08-26T15:42:00,42,328.88,3,TERMINEE,Systeme
1160,7,Changement huile,Vidange huile broche,2025-10-21T14:00:00,2025-10-21T14:34:00,34,389.91,11,TERMINEE,Systeme
1161,11,Changement huile,Remplacement huide hydraulique,2025-09-25T11:00:00,2025-09-25T12:30:00,90,163.5,19,TERMINEE,Systeme
1162,9,Remplacement roulement,Changement roulement axe Z,2025-09-03T13:00:00,2025-09-03T15:29:00,149,857.15,17,TERMINEE,Systeme
1163,9,Nettoyage,Depoussierage systeme,2025-04-25T14:00:00,2025-04-25T14:33:00,33,120.95,21,TERMINEE,Systeme
1164,8,Corrective,Defaut capteur,2026-04-07T11:00:00,2026-04-07T18:08:00,428,2054.06,16,TERMINEE,Systeme
1165,3,Nettoyage,Depoussierage systeme,2026-03-19T13:00:00,2026-03-19T13:50:00,50,64.68,6,TERMINEE,Systeme
1166,7,Corrective,Panne servo-moteur,2025-04-08T06:00:00,2025-04-08T12:54:00,414,2157.71,38,TERMINEE,Systeme
1167,7,Preventive,Maintenance preventive programmee,2025-04-07T06:00:00,2025-04-07T08:09:00,129,955.05,23,TERMINEE,Systeme
1168,12,Inspection,Inspection visuelle,2025-07-18T13:00:00,2025-07-18T13:33:00,33,124.84,6,TERMINEE,Systeme
1169,2,Preventive,Controle periodique,2025-02-28T16:00:00,2025-02-28T18:05:00,125,973.14,37,TERMINEE,Systeme
1170,3,Preventive,Revision generale planifiee,2025-01-13T08:00:00,2025-01-13T11:20:00,200,1063.4,16,TERMINEE,Systeme
1171,8,Changement huile,Remplacement huide hydraulique,2026-06-24T12:00:00,2026-06-24T13:07:00,67,364.17,26,TERMINEE,Systeme
1172,9,Preventive,Revision generale planifiee,2026-06-28T10:00:00,2026-06-28T12:37:00,157,551.7,26,TERMINEE,Systeme
1173,1,Changement huile,Vidange huile broche,2025-01-26T09:00:00,2025-01-26T10:28:00,88,172.28,40,TERMINEE,Systeme
1174,10,Changement huile,Remplacement huide hydraulique,2025-09-10T10:00:00,2025-09-10T10:30:00,30,294.41,19,TERMINEE,Systeme
1175,2,Nettoyage,Nettoyage complet machine,2026-10-17T13:00:00,2026-10-17T14:00:00,60,122.79,32,TERMINEE,Systeme
1176,6,Changement liquide,Remplacement liquide de refroidissement,2026-02-03T11:00:00,2026-02-03T12:27:00,87,375.3,13,TERMINEE,Systeme
1177,4,Preventive,Controle periodique,2026-04-11T10:00:00,2026-04-11T12:59:00,179,1314.05,21,TERMINEE,Systeme
1178,8,Preventive,Controle periodique,2026-10-21T11:00:00,2026-10-21T12:00:00,60,1420.15,3,TERMINEE,Systeme
1179,8,Nettoyage,Depoussierage systeme,2025-06-04T09:00:00,2025-06-04T09:29:00,29,132.63,29,TERMINEE,Systeme
1180,9,Corrective,Defaut capteur,2025-09-01T11:00:00,2025-09-01T15:48:00,288,2080.81,31,TERMINEE,Systeme
1181,11,Preventive,Revision generale planifiee,2026-06-13T12:00:00,2026-06-13T14:24:00,144,1218.11,28,TERMINEE,Systeme
1182,9,Nettoyage,Nettoyage complet machine,2026-08-28T16:00:00,2026-08-28T16:23:00,23,55.76,7,TERMINEE,Systeme
1183,5,Preventive,Revision generale planifiee,2025-05-05T06:00:00,2025-05-05T07:40:00,100,934.03,19,TERMINEE,Systeme
1184,1,Inspection,Verification geometrie,2025-06-13T10:00:00,2025-06-13T10:45:00,45,100.78,4,TERMINEE,Systeme
1185,11,Changement liquide,Vidange circuit hydraulique,2026-05-29T13:00:00,2026-05-29T14:57:00,117,236.84,44,TERMINEE,Systeme
1186,5,Alignement machine,Alignement broche,2026-01-01T15:00:00,2026-01-01T16:12:00,72,358.86,12,TERMINEE,Systeme
1187,9,Alignement machine,Alignement broche,2025-12-01T18:00:00,2025-12-01T19:56:00,116,950.6,27,TERMINEE,Systeme
1188,1,Remplacement roulement,Remplacement roulement broche,2026-09-09T09:00:00,2026-09-09T13:59:00,299,2712.08,27,TERMINEE,Systeme
1189,8,Changement huile,Remplacement huide hydraulique,2025-03-16T10:00:00,2025-03-16T10:44:00,44,240.09,1,TERMINEE,Systeme
1190,10,Changement liquide,Vidange circuit hydraulique,2026-10-18T17:00:00,2026-10-18T18:29:00,89,460.46,8,TERMINEE,Systeme
1191,8,Nettoyage,Depoussierage systeme,2025-05-14T10:00:00,2025-05-14T10:41:00,41,127.56,21,TERMINEE,Systeme
1192,5,Changement huile,Vidange huile broche,2026-05-20T14:00:00,2026-05-20T15:03:00,63,360.62,5,TERMINEE,Systeme
1193,7,Preventive,Maintenance preventive programmee,2025-09-20T13:00:00,2025-09-20T15:21:00,141,1175.28,8,TERMINEE,Systeme
1194,1,Corrective,Defaut electricite,2026-08-01T11:00:00,2026-08-01T22:45:00,705,1252.9,22,TERMINEE,Systeme
1195,6,Preventive,Revision generale planifiee,2025-01-09T06:00:00,2025-01-09T07:25:00,85,466.32,2,TERMINEE,Systeme
1196,1,Nettoyage,Depoussierage systeme,2025-06-09T09:00:00,2025-06-09T09:49:00,49,182.36,27,TERMINEE,Systeme
1197,5,Preventive,Revision generale planifiee,2026-10-05T08:00:00,2026-10-05T10:41:00,161,1264.01,27,TERMINEE,Systeme
1198,10,Changement huile,Vidange huile broche,2025-11-14T18:00:00,2025-11-14T19:03:00,63,284.66,34,TERMINEE,Systeme
1199,10,Alignement machine,Alignement broche,2026-03-26T16:00:00,2026-03-26T18:20:00,140,576.27,27,TERMINEE,Systeme
1200,2,Preventive,Controle periodique,2026-03-22T13:00:00,2026-03-22T16:21:00,201,794.35,8,TERMINEE,Systeme
1201,4,Corrective,Reparation broche,2025-09-11T14:00:00,2025-09-11T16:09:00,129,4341.74,12,TERMINEE,Systeme
1202,9,Alignement machine,Alignement broche,2025-12-04T06:00:00,2025-12-04T08:52:00,172,1094.84,9,TERMINEE,Systeme
1203,9,Changement liquide,Remplacement liquide de refroidissement,2025-09-11T07:00:00,2025-09-11T08:11:00,71,510.21,6,TERMINEE,Systeme
1204,6,Changement liquide,Remplacement liquide de refroidissement,2026-01-07T17:00:00,2026-01-07T17:46:00,46,592.73,7,TERMINEE,Systeme
1205,8,Preventive,Revision generale planifiee,2025-01-07T13:00:00,2025-01-07T16:50:00,230,1121.57,33,TERMINEE,Systeme
1206,6,Changement huile,Remplacement huide hydraulique,2025-09-21T18:00:00,2025-09-21T19:13:00,73,126.84,22,TERMINEE,Systeme
1207,9,Preventive,Controle periodique,2025-07-12T09:00:00,2025-07-12T12:30:00,210,788.78,20,TERMINEE,Systeme
1208,6,Changement huile,Remplacement huide hydraulique,2026-10-04T11:00:00,2026-10-04T11:40:00,40,201.82,27,TERMINEE,Systeme
1209,9,Preventive,Controle periodique,2025-09-16T14:00:00,2025-09-16T15:26:00,86,1326.68,11,TERMINEE,Systeme
1210,6,Changement liquide,Remplacement liquide de refroidissement,2026-11-16T18:00:00,2026-11-16T20:00:00,120,314.96,29,TERMINEE,Systeme
1211,4,Preventive,Controle periodique,2025-02-03T11:00:00,2025-02-03T12:18:00,78,983.95,40,TERMINEE,Systeme
1212,8,Nettoyage,Nettoyage complet machine,2026-10-07T08:00:00,2026-10-07T08:37:00,37,98.73,14,TERMINEE,Systeme
1213,5,Changement huile,Remplacement huide hydraulique,2025-06-23T15:00:00,2025-06-23T16:06:00,66,375.23,31,TERMINEE,Systeme
1214,7,Nettoyage,Depoussierage systeme,2026-10-31T18:00:00,2026-10-31T18:46:00,46,187.03,14,TERMINEE,Systeme
1215,2,Corrective,Panne servo-moteur,2026-06-17T15:00:00,2026-06-17T23:38:00,518,4231.93,22,TERMINEE,Systeme
1216,1,Preventive,Controle periodique,2026-05-09T10:00:00,2026-05-09T11:49:00,109,460.77,9,TERMINEE,Systeme
1217,10,Preventive,Controle periodique,2026-01-30T11:00:00,2026-01-30T14:36:00,216,1069.76,5,TERMINEE,Systeme
1218,6,Preventive,Controle periodique,2025-02-15T14:00:00,2025-02-15T15:34:00,94,400.67,12,TERMINEE,Systeme
1219,9,Preventive,Maintenance preventive programmee,2025-09-01T08:00:00,2025-09-01T09:56:00,116,690.38,1,TERMINEE,Systeme
1220,2,Inspection,Controle metrologique,2025-07-06T09:00:00,2025-07-06T09:22:00,22,429.65,35,TERMINEE,Systeme
1221,11,Alignement machine,Calibration axes,2026-05-06T08:00:00,2026-05-06T10:17:00,137,1054.66,24,TERMINEE,Systeme
1222,3,Preventive,Maintenance preventive programmee,2025-10-02T14:00:00,2025-10-02T17:31:00,211,765.06,5,TERMINEE,Systeme
1223,8,Preventive,Controle periodique,2025-09-20T18:00:00,2025-09-20T20:24:00,144,593.44,10,TERMINEE,Systeme
1224,7,Corrective,Panne servo-moteur,2026-09-12T07:00:00,2026-09-12T09:23:00,143,2432.92,20,TERMINEE,Systeme
1225,5,Preventive,Maintenance preventive programmee,2026-11-20T11:00:00,2026-11-20T12:42:00,102,1002.42,11,TERMINEE,Systeme
1226,3,Remplacement roulement,Remplacement roulement broche,2025-03-09T12:00:00,2025-03-09T14:57:00,177,1113.48,42,TERMINEE,Systeme
1227,7,Inspection,Controle metrologique,2026-03-05T15:00:00,2026-03-05T15:43:00,43,187.71,33,TERMINEE,Systeme
1228,1,Nettoyage,Depoussierage systeme,2025-06-17T18:00:00,2025-06-17T18:34:00,34,74.13,9,TERMINEE,Systeme
1229,4,Corrective,Panne servo-moteur,2026-06-08T06:00:00,2026-06-08T10:57:00,297,2901.65,2,TERMINEE,Systeme
1230,12,Preventive,Revision generale planifiee,2026-02-20T09:00:00,2026-02-20T12:38:00,218,542.25,24,TERMINEE,Systeme
1231,8,Corrective,Defaut capteur,2025-11-28T13:00:00,2025-11-28T18:31:00,331,4880.18,4,TERMINEE,Systeme
1232,4,Changement huile,Remplacement huide hydraulique,2025-03-15T13:00:00,2025-03-15T14:28:00,88,258.18,45,TERMINEE,Systeme
1233,12,Alignement machine,Alignement broche,2025-08-03T15:00:00,2025-08-03T16:42:00,102,608.22,13,TERMINEE,Systeme
1234,12,Corrective,Probleme hydraulique,2025-01-18T13:00:00,2025-01-18T18:31:00,331,885.12,21,TERMINEE,Systeme
1235,3,Changement liquide,Remplacement liquide de refroidissement,2025-02-16T14:00:00,2025-02-16T15:14:00,74,289.35,24,TERMINEE,Systeme
1236,9,Remplacement roulement,Changement roulement axe Z,2026-04-20T15:00:00,2026-04-20T19:56:00,296,812.24,39,TERMINEE,Systeme
1237,5,Preventive,Revision generale planifiee,2025-09-01T06:00:00,2025-09-01T07:10:00,70,215.98,17,TERMINEE,Systeme
1238,1,Preventive,Controle periodique,2026-08-05T07:00:00,2026-08-05T09:24:00,144,856.04,22,TERMINEE,Systeme
1239,2,Preventive,Controle periodique,2026-11-09T12:00:00,2026-11-09T13:30:00,90,683.8,19,TERMINEE,Systeme
1240,12,Remplacement roulement,Changement roulement axe Z,2026-07-22T16:00:00,2026-07-22T20:28:00,268,1399.09,36,TERMINEE,Systeme
1241,10,Remplacement roulement,Remplacement roulement broche,2026-05-27T08:00:00,2026-05-27T10:12:00,132,1300.6,31,TERMINEE,Systeme
1242,9,Nettoyage,Depoussierage systeme,2025-09-13T14:00:00,2025-09-13T14:30:00,30,145.98,6,TERMINEE,Systeme
1243,3,Inspection,Inspection visuelle,2025-08-25T06:00:00,2025-08-25T06:33:00,33,321.5,15,TERMINEE,Systeme
1244,5,Preventive,Controle periodique,2026-04-17T10:00:00,2026-04-17T12:25:00,145,533.11,26,TERMINEE,Systeme
1245,5,Changement huile,Remplacement huide hydraulique,2026-09-14T11:00:00,2026-09-14T11:48:00,48,318.04,23,TERMINEE,Systeme
1246,12,Preventive,Maintenance preventive programmee,2025-11-15T14:00:00,2025-11-15T17:42:00,222,950.17,8,TERMINEE,Systeme
1247,8,Changement huile,Remplacement huide hydraulique,2026-01-09T11:00:00,2026-01-09T12:19:00,79,370.91,25,TERMINEE,Systeme
1248,6,Preventive,Controle periodique,2026-07-07T17:00:00,2026-07-07T19:43:00,163,1279.32,26,TERMINEE,Systeme
1249,4,Corrective,Defaut electricite,2025-07-28T08:00:00,2025-07-28T18:48:00,648,1984.05,22,TERMINEE,Systeme
1250,7,Changement liquide,Remplacement liquide de refroidissement,2025-01-28T10:00:00,2025-01-28T11:58:00,118,247.35,24,TERMINEE,Systeme
1251,11,Preventive,Maintenance preventive programmee,2025-01-02T18:00:00,2025-01-02T21:56:00,236,983.4,41,TERMINEE,Systeme
1252,4,Preventive,Controle periodique,2025-02-26T07:00:00,2025-02-26T09:15:00,135,959.27,37,TERMINEE,Systeme
1253,1,Nettoyage,Depoussierage systeme,2025-12-08T17:00:00,2025-12-08T17:27:00,27,168.07,5,TERMINEE,Systeme
1254,5,Remplacement roulement,Changement roulement axe Z,2026-07-17T13:00:00,2026-07-17T15:44:00,164,2501.93,35,TERMINEE,Systeme
1255,8,Remplacement roulement,Changement roulement axe Z,2025-05-16T15:00:00,2025-05-16T18:58:00,238,2982.1,35,TERMINEE,Systeme
1256,6,Preventive,Maintenance preventive programmee,2026-10-17T10:00:00,2026-10-17T13:09:00,189,1150.27,26,TERMINEE,Systeme
1257,8,Preventive,Revision generale planifiee,2025-02-24T12:00:00,2025-02-24T15:36:00,216,651.27,10,TERMINEE,Systeme
1258,1,Preventive,Revision generale planifiee,2026-09-27T16:00:00,2026-09-27T19:18:00,198,498.85,34,TERMINEE,Systeme
1259,11,Corrective,Panne servo-moteur,2026-07-28T16:00:00,2026-07-28T20:43:00,283,4615.44,40,TERMINEE,Systeme
1260,6,Remplacement roulement,Remplacement roulement broche,2026-01-21T07:00:00,2026-01-21T11:52:00,292,2947.51,4,TERMINEE,Systeme
1261,3,Changement huile,Vidange huile broche,2026-07-30T06:00:00,2026-07-30T07:25:00,85,331.16,9,TERMINEE,Systeme
1262,10,Changement huile,Vidange huile broche,2026-07-14T15:00:00,2026-07-14T16:10:00,70,335.99,16,TERMINEE,Systeme
1263,12,Changement huile,Remplacement huide hydraulique,2026-02-27T13:00:00,2026-02-27T14:16:00,76,375.65,20,TERMINEE,Systeme
1264,6,Alignement machine,Calibration axes,2025-09-19T09:00:00,2025-09-19T10:49:00,109,488.97,36,TERMINEE,Systeme
1265,5,Nettoyage,Nettoyage complet machine,2025-05-22T09:00:00,2025-05-22T09:56:00,56,179.01,36,TERMINEE,Systeme
1266,10,Preventive,Controle periodique,2026-08-04T09:00:00,2026-08-04T11:53:00,173,1238.46,29,TERMINEE,Systeme
1267,12,Changement huile,Vidange huile broche,2026-04-14T13:00:00,2026-04-14T13:36:00,36,335.85,22,TERMINEE,Systeme
1268,12,Remplacement roulement,Changement roulement axe Z,2026-07-09T16:00:00,2026-07-09T20:23:00,263,2244.92,13,TERMINEE,Systeme
1269,3,Preventive,Controle periodique,2026-03-13T10:00:00,2026-03-13T11:10:00,70,1173.72,44,TERMINEE,Systeme
1270,2,Nettoyage,Nettoyage complet machine,2025-11-15T16:00:00,2025-11-15T16:22:00,22,183.58,11,TERMINEE,Systeme
1271,12,Preventive,Controle periodique,2026-06-26T10:00:00,2026-06-26T11:02:00,62,356.36,45,TERMINEE,Systeme
1272,7,Corrective,Defaut electricite,2025-05-04T18:00:00,2025-05-05T01:19:00,439,4804.9,41,TERMINEE,Systeme
1273,9,Preventive,Controle periodique,2026-11-21T10:00:00,2026-11-21T13:49:00,229,1003.56,2,TERMINEE,Systeme
1274,12,Corrective,Panne servo-moteur,2025-04-11T08:00:00,2025-04-11T15:25:00,445,780.61,9,TERMINEE,Systeme
1275,7,Changement huile,Vidange huile broche,2026-11-04T13:00:00,2026-11-04T13:31:00,31,164.24,2,TERMINEE,Systeme
1276,3,Preventive,Revision generale planifiee,2026-11-09T14:00:00,2026-11-09T17:36:00,216,610.86,27,TERMINEE,Systeme
1277,8,Corrective,Defaut electricite,2025-04-14T09:00:00,2025-04-14T14:26:00,326,1839.26,38,TERMINEE,Systeme
1278,9,Nettoyage,Depoussierage systeme,2026-05-30T06:00:00,2026-05-30T06:57:00,57,140.65,39,TERMINEE,Systeme
1279,5,Preventive,Maintenance preventive programmee,2025-06-25T10:00:00,2025-06-25T13:27:00,207,290.72,7,TERMINEE,Systeme
1280,3,Alignement machine,Alignement broche,2025-11-09T13:00:00,2025-11-09T14:33:00,93,987.88,13,TERMINEE,Systeme
1281,8,Corrective,Probleme hydraulique,2026-03-25T13:00:00,2026-03-26T00:18:00,678,3844.14,42,TERMINEE,Systeme
1282,4,Changement huile,Vidange huile broche,2025-05-23T18:00:00,2025-05-23T18:39:00,39,210.34,40,TERMINEE,Systeme
1283,8,Alignement machine,Alignement broche,2025-03-01T10:00:00,2025-03-01T12:29:00,149,1100.63,10,TERMINEE,Systeme
1284,3,Preventive,Revision generale planifiee,2025-09-25T18:00:00,2025-09-25T21:44:00,224,327.18,37,TERMINEE,Systeme
1285,1,Alignement machine,Calibration axes,2026-06-22T15:00:00,2026-06-22T16:34:00,94,334.3,21,TERMINEE,Systeme
1286,2,Preventive,Maintenance preventive programmee,2026-10-10T18:00:00,2026-10-10T20:48:00,168,532.05,32,TERMINEE,Systeme
1287,8,Nettoyage,Nettoyage complet machine,2025-05-02T14:00:00,2025-05-02T14:48:00,48,51.45,35,TERMINEE,Systeme
1288,9,Nettoyage,Depoussierage systeme,2026-10-28T12:00:00,2026-10-28T12:20:00,20,126.12,44,TERMINEE,Systeme
1289,4,Remplacement roulement,Remplacement roulement broche,2025-08-08T13:00:00,2025-08-08T17:08:00,248,1241.9,5,TERMINEE,Systeme
1290,12,Preventive,Controle periodique,2025-10-21T13:00:00,2025-10-21T15:01:00,121,314.05,9,TERMINEE,Systeme
1291,2,Changement liquide,Remplacement liquide de refroidissement,2026-05-20T14:00:00,2026-05-20T15:16:00,76,160.78,20,TERMINEE,Systeme
1292,12,Preventive,Controle periodique,2026-04-05T06:00:00,2026-04-05T08:04:00,124,332.9,44,TERMINEE,Systeme
1293,7,Changement huile,Vidange huile broche,2026-07-24T12:00:00,2026-07-24T12:43:00,43,397.79,29,TERMINEE,Systeme
1294,7,Changement liquide,Remplacement liquide de refroidissement,2025-05-11T14:00:00,2025-05-11T15:48:00,108,366.07,5,TERMINEE,Systeme
1295,6,Nettoyage,Depoussierage systeme,2025-10-08T11:00:00,2025-10-08T11:56:00,56,142.72,42,TERMINEE,Systeme
1296,8,Preventive,Maintenance preventive programmee,2026-04-01T09:00:00,2026-04-01T10:40:00,100,722.73,29,TERMINEE,Systeme
1297,12,Nettoyage,Nettoyage complet machine,2026-01-22T07:00:00,2026-01-22T07:27:00,27,156.83,15,TERMINEE,Systeme
1298,5,Alignement machine,Alignement broche,2026-11-25T18:00:00,2026-11-25T19:59:00,119,1117.95,12,TERMINEE,Systeme
1299,5,Changement huile,Remplacement huide hydraulique,2026-08-24T17:00:00,2026-08-24T18:24:00,84,286.19,11,TERMINEE,Systeme
1300,2,Changement liquide,Remplacement liquide de refroidissement,2025-01-18T17:00:00,2025-01-18T18:53:00,113,379.35,10,TERMINEE,Systeme
1301,5,Preventive,Controle periodique,2026-03-05T09:00:00,2026-03-05T12:38:00,218,1374.27,42,TERMINEE,Systeme
1302,9,Nettoyage,Depoussierage systeme,2025-06-25T07:00:00,2025-06-25T07:40:00,40,66.41,4,TERMINEE,Systeme
1303,8,Preventive,Controle periodique,2026-11-12T06:00:00,2026-11-12T09:26:00,206,1088.63,14,TERMINEE,Systeme
1304,2,Changement huile,Remplacement huide hydraulique,2025-05-04T10:00:00,2025-05-04T10:37:00,37,257.03,24,TERMINEE,Systeme
1305,8,Remplacement roulement,Remplacement roulement broche,2026-07-16T14:00:00,2026-07-16T15:46:00,106,2447.78,22,TERMINEE,Systeme
1306,9,Preventive,Maintenance preventive programmee,2026-06-08T17:00:00,2026-06-08T19:07:00,127,1364.65,27,TERMINEE,Systeme
1307,12,Preventive,Revision generale planifiee,2026-08-15T12:00:00,2026-08-15T15:50:00,230,726.5,12,TERMINEE,Systeme
1308,6,Alignement machine,Calibration axes,2026-01-25T16:00:00,2026-01-25T17:07:00,67,1095.41,39,TERMINEE,Systeme
1309,10,Remplacement roulement,Changement roulement axe Z,2025-03-11T14:00:00,2025-03-11T18:41:00,281,2203.83,32,TERMINEE,Systeme
1310,5,Corrective,Defaut electricite,2026-11-09T08:00:00,2026-11-09T18:15:00,615,3798.77,34,TERMINEE,Systeme
1311,2,Alignement machine,Calibration axes,2025-04-13T16:00:00,2025-04-13T17:35:00,95,809.46,33,TERMINEE,Systeme
1312,3,Remplacement roulement,Remplacement roulement broche,2025-12-20T09:00:00,2025-12-20T10:53:00,113,2828.08,8,TERMINEE,Systeme
1313,1,Nettoyage,Nettoyage complet machine,2026-01-02T11:00:00,2026-01-02T11:25:00,25,73.99,18,TERMINEE,Systeme
1314,6,Preventive,Controle periodique,2026-11-26T09:00:00,2026-11-26T11:09:00,129,590.05,36,TERMINEE,Systeme
1315,3,Preventive,Maintenance preventive programmee,2025-11-18T12:00:00,2025-11-18T14:26:00,146,1228.11,9,TERMINEE,Systeme
1316,2,Changement huile,Remplacement huide hydraulique,2026-04-12T09:00:00,2026-04-12T10:13:00,73,289.72,41,TERMINEE,Systeme
1317,1,Preventive,Controle periodique,2026-11-29T12:00:00,2026-11-29T13:27:00,87,1054.26,39,TERMINEE,Systeme
1318,7,Nettoyage,Depoussierage systeme,2026-10-07T07:00:00,2026-10-07T07:40:00,40,131.03,4,TERMINEE,Systeme
1319,8,Preventive,Maintenance preventive programmee,2025-06-25T18:00:00,2025-06-25T21:48:00,228,1247.38,28,TERMINEE,Systeme
1320,12,Nettoyage,Depoussierage systeme,2026-05-24T11:00:00,2026-05-24T11:36:00,36,51.84,27,TERMINEE,Systeme
1321,2,Corrective,Probleme hydraulique,2025-03-08T11:00:00,2025-03-08T18:27:00,447,3349.49,29,TERMINEE,Systeme
1322,11,Nettoyage,Nettoyage complet machine,2025-07-02T06:00:00,2025-07-02T06:45:00,45,72.73,25,TERMINEE,Systeme
1323,8,Nettoyage,Depoussierage systeme,2025-05-22T14:00:00,2025-05-22T14:35:00,35,135.27,36,TERMINEE,Systeme
1324,4,Nettoyage,Nettoyage complet machine,2025-12-12T18:00:00,2025-12-12T18:31:00,31,164.15,29,TERMINEE,Systeme
1325,3,Preventive,Maintenance preventive programmee,2026-07-01T11:00:00,2026-07-01T14:47:00,227,719.11,37,TERMINEE,Systeme
1326,2,Alignement machine,Alignement broche,2026-09-27T14:00:00,2026-09-27T16:52:00,172,756.24,8,TERMINEE,Systeme
1327,1,Preventive,Maintenance preventive programmee,2026-07-21T11:00:00,2026-07-21T12:32:00,92,1265.97,13,TERMINEE,Systeme
1328,1,Corrective,Defaut capteur,2026-08-07T07:00:00,2026-08-07T14:14:00,434,1264.22,18,TERMINEE,Systeme
1329,11,Inspection,Inspection visuelle,2025-03-10T18:00:00,2025-03-10T18:16:00,16,270.39,39,TERMINEE,Systeme
1330,3,Changement huile,Remplacement huide hydraulique,2026-11-17T16:00:00,2026-11-17T17:09:00,69,341.74,44,TERMINEE,Systeme
1331,1,Corrective,Defaut electricite,2026-05-18T08:00:00,2026-05-18T12:12:00,252,2142.18,41,TERMINEE,Systeme
1332,4,Changement liquide,Remplacement liquide de refroidissement,2026-07-14T12:00:00,2026-07-14T13:58:00,118,357.37,5,TERMINEE,Systeme
1333,8,Preventive,Maintenance preventive programmee,2026-08-29T09:00:00,2026-08-29T12:57:00,237,1390.0,39,TERMINEE,Systeme
1334,8,Inspection,Inspection visuelle,2025-04-03T08:00:00,2025-04-03T08:15:00,15,342.26,27,TERMINEE,Systeme
1335,7,Preventive,Maintenance preventive programmee,2025-07-08T09:00:00,2025-07-08T11:45:00,165,1120.74,41,TERMINEE,Systeme
1336,9,Changement huile,Vidange huile broche,2026-04-30T12:00:00,2026-04-30T12:31:00,31,326.31,30,TERMINEE,Systeme
1337,12,Inspection,Controle metrologique,2026-10-23T15:00:00,2026-10-23T15:37:00,37,471.33,25,TERMINEE,Systeme
1338,7,Corrective,Defaut electricite,2025-07-22T09:00:00,2025-07-22T20:56:00,716,1353.42,23,TERMINEE,Systeme
1339,3,Preventive,Controle periodique,2025-01-02T17:00:00,2025-01-02T18:49:00,109,786.59,43,TERMINEE,Systeme
1340,9,Nettoyage,Nettoyage complet machine,2025-01-28T16:00:00,2025-01-28T16:26:00,26,157.71,27,TERMINEE,Systeme
1341,1,Preventive,Maintenance preventive programmee,2026-01-10T11:00:00,2026-01-10T14:42:00,222,1418.68,18,TERMINEE,Systeme
1342,5,Changement liquide,Remplacement liquide de refroidissement,2026-10-03T06:00:00,2026-10-03T07:09:00,69,506.98,40,TERMINEE,Systeme
1343,12,Nettoyage,Nettoyage complet machine,2026-03-01T13:00:00,2026-03-01T13:23:00,23,64.66,6,TERMINEE,Systeme
1344,2,Alignement machine,Calibration axes,2025-02-16T06:00:00,2025-02-16T07:22:00,82,731.92,15,TERMINEE,Systeme
1345,2,Preventive,Controle periodique,2025-07-22T09:00:00,2025-07-22T12:37:00,217,1036.61,8,TERMINEE,Systeme
1346,7,Corrective,Defaut capteur,2026-10-13T11:00:00,2026-10-13T19:12:00,492,4329.62,38,TERMINEE,Systeme
1347,1,Nettoyage,Nettoyage complet machine,2026-04-25T14:00:00,2026-04-25T14:22:00,22,131.14,38,TERMINEE,Systeme
1348,2,Changement huile,Vidange huile broche,2025-09-23T15:00:00,2025-09-23T15:34:00,34,143.75,38,TERMINEE,Systeme
1349,12,Preventive,Revision generale planifiee,2025-03-21T15:00:00,2025-03-21T16:35:00,95,1106.49,45,TERMINEE,Systeme
1350,7,Changement huile,Vidange huile broche,2025-06-02T15:00:00,2025-06-02T16:26:00,86,323.06,10,TERMINEE,Systeme
1351,7,Preventive,Maintenance preventive programmee,2026-10-25T07:00:00,2026-10-25T08:44:00,104,880.08,26,TERMINEE,Systeme
1352,3,Nettoyage,Nettoyage complet machine,2026-10-15T18:00:00,2026-10-15T18:49:00,49,171.75,33,TERMINEE,Systeme
1353,10,Nettoyage,Depoussierage systeme,2025-06-03T11:00:00,2025-06-03T11:56:00,56,129.94,7,TERMINEE,Systeme
1354,2,Inspection,Verification geometrie,2025-08-31T17:00:00,2025-08-31T17:36:00,36,255.5,14,TERMINEE,Systeme
1355,7,Changement huile,Vidange huile broche,2026-04-02T18:00:00,2026-04-02T19:19:00,79,338.56,43,TERMINEE,Systeme
1356,7,Preventive,Controle periodique,2026-03-31T15:00:00,2026-03-31T16:18:00,78,647.17,3,TERMINEE,Systeme
1357,11,Alignement machine,Alignement broche,2025-10-31T11:00:00,2025-10-31T12:10:00,70,987.54,8,TERMINEE,Systeme
1358,12,Changement huile,Vidange huile broche,2026-03-19T13:00:00,2026-03-19T13:52:00,52,395.87,5,TERMINEE,Systeme
1359,5,Preventive,Controle periodique,2026-02-25T09:00:00,2026-02-25T11:09:00,129,734.36,40,TERMINEE,Systeme
1360,6,Changement liquide,Vidange circuit hydraulique,2025-06-26T08:00:00,2025-06-26T09:45:00,105,235.67,21,TERMINEE,Systeme
1361,7,Nettoyage,Nettoyage complet machine,2025-08-30T10:00:00,2025-08-30T10:22:00,22,136.26,3,TERMINEE,Systeme
1362,9,Preventive,Revision generale planifiee,2026-02-22T17:00:00,2026-02-22T20:05:00,185,983.2,43,TERMINEE,Systeme
1363,3,Inspection,Verification geometrie,2025-02-11T18:00:00,2025-02-11T18:41:00,41,196.17,17,TERMINEE,Systeme
1364,1,Alignement machine,Calibration axes,2026-09-10T09:00:00,2026-09-10T10:45:00,105,1060.14,19,TERMINEE,Systeme
1365,8,Corrective,Panne servo-moteur,2025-01-02T18:00:00,2025-01-02T21:03:00,183,4497.22,6,TERMINEE,Systeme
1366,11,Remplacement roulement,Changement roulement axe Z,2026-02-22T07:00:00,2026-02-22T09:45:00,165,1207.78,1,TERMINEE,Systeme
1367,2,Remplacement roulement,Remplacement roulement broche,2025-10-19T18:00:00,2025-10-19T20:50:00,170,1569.02,1,TERMINEE,Systeme
1368,6,Preventive,Maintenance preventive programmee,2026-07-06T08:00:00,2026-07-06T10:45:00,165,772.1,21,TERMINEE,Systeme
1369,2,Preventive,Revision generale planifiee,2026-10-10T09:00:00,2026-10-10T12:55:00,235,531.1,28,TERMINEE,Systeme
1370,12,Preventive,Controle periodique,2026-08-26T08:00:00,2026-08-26T12:00:00,240,1044.08,7,TERMINEE,Systeme
1371,5,Changement huile,Vidange huile broche,2026-08-14T13:00:00,2026-08-14T14:29:00,89,252.05,28,TERMINEE,Systeme
1372,1,Preventive,Controle periodique,2025-08-08T18:00:00,2025-08-08T21:56:00,236,813.53,30,TERMINEE,Systeme
1373,2,Corrective,Reparation broche,2025-03-25T13:00:00,2025-03-25T17:52:00,292,3582.57,17,TERMINEE,Systeme
1374,6,Preventive,Revision generale planifiee,2026-10-08T08:00:00,2026-10-08T11:08:00,188,1353.98,11,TERMINEE,Systeme
1375,7,Preventive,Maintenance preventive programmee,2026-08-29T18:00:00,2026-08-29T19:30:00,90,452.53,33,TERMINEE,Systeme
1376,12,Preventive,Maintenance preventive programmee,2026-07-07T10:00:00,2026-07-07T13:35:00,215,219.06,27,TERMINEE,Systeme
1377,11,Changement liquide,Remplacement liquide de refroidissement,2026-06-15T09:00:00,2026-06-15T10:34:00,94,297.71,8,TERMINEE,Systeme
1378,10,Inspection,Inspection visuelle,2025-12-14T11:00:00,2025-12-14T11:35:00,35,269.28,45,TERMINEE,Systeme
1379,9,Nettoyage,Depoussierage systeme,2025-07-09T11:00:00,2025-07-09T11:36:00,36,88.45,38,TERMINEE,Systeme
1380,5,Preventive,Controle periodique,2026-06-04T13:00:00,2026-06-04T15:42:00,162,464.24,1,TERMINEE,Systeme
1381,12,Corrective,Probleme hydraulique,2025-12-03T16:00:00,2025-12-03T18:30:00,150,2014.2,23,TERMINEE,Systeme
1382,12,Alignement machine,Alignement broche,2026-07-08T11:00:00,2026-07-08T12:12:00,72,757.94,17,TERMINEE,Systeme
1383,8,Remplacement roulement,Remplacement roulement broche,2025-09-27T11:00:00,2025-09-27T15:14:00,254,2598.85,44,TERMINEE,Systeme
1384,5,Changement huile,Vidange huile broche,2026-08-27T15:00:00,2026-08-27T16:23:00,83,347.83,9,TERMINEE,Systeme
1385,9,Nettoyage,Nettoyage complet machine,2026-09-13T10:00:00,2026-09-13T10:42:00,42,132.83,44,TERMINEE,Systeme
1386,5,Nettoyage,Depoussierage systeme,2025-10-25T13:00:00,2025-10-25T13:53:00,53,119.98,17,TERMINEE,Systeme
1387,3,Preventive,Maintenance preventive programmee,2026-03-13T08:00:00,2026-03-13T11:25:00,205,829.9,11,TERMINEE,Systeme
1388,6,Inspection,Inspection visuelle,2025-09-12T06:00:00,2025-09-12T06:38:00,38,280.68,16,TERMINEE,Systeme
1389,11,Corrective,Defaut capteur,2026-06-04T12:00:00,2026-06-04T17:57:00,357,2131.96,20,TERMINEE,Systeme
1390,5,Changement liquide,Vidange circuit hydraulique,2026-06-08T06:00:00,2026-06-08T06:51:00,51,439.37,25,TERMINEE,Systeme
1391,12,Preventive,Controle periodique,2025-03-27T07:00:00,2025-03-27T09:07:00,127,927.92,35,TERMINEE,Systeme
1392,7,Preventive,Revision generale planifiee,2025-04-09T15:00:00,2025-04-09T18:14:00,194,291.12,2,TERMINEE,Systeme
1393,1,Preventive,Controle periodique,2026-07-13T08:00:00,2026-07-13T10:13:00,133,926.67,23,TERMINEE,Systeme
1394,1,Nettoyage,Depoussierage systeme,2025-05-08T16:00:00,2025-05-08T17:00:00,60,198.41,35,TERMINEE,Systeme
1395,10,Corrective,Reparation broche,2025-02-19T07:00:00,2025-02-19T13:07:00,367,1406.43,33,TERMINEE,Systeme
1396,1,Preventive,Maintenance preventive programmee,2025-05-21T10:00:00,2025-05-21T12:42:00,162,856.56,2,TERMINEE,Systeme
1397,11,Inspection,Inspection visuelle,2026-05-08T09:00:00,2026-05-08T09:41:00,41,134.93,3,TERMINEE,Systeme
1398,6,Corrective,Reparation broche,2026-08-27T13:00:00,2026-08-27T16:35:00,215,1794.08,7,TERMINEE,Systeme
1399,11,Changement liquide,Vidange circuit hydraulique,2026-06-12T17:00:00,2026-06-12T18:13:00,73,203.04,3,TERMINEE,Systeme
1400,1,Changement huile,Remplacement huide hydraulique,2025-05-27T15:00:00,2025-05-27T15:59:00,59,137.67,25,TERMINEE,Systeme
1401,5,Corrective,Reparation broche,2026-10-02T11:00:00,2026-10-02T14:23:00,203,1472.26,44,TERMINEE,Systeme
1402,8,Changement huile,Remplacement huide hydraulique,2025-04-14T10:00:00,2025-04-14T10:37:00,37,215.19,40,TERMINEE,Systeme
1403,1,Preventive,Maintenance preventive programmee,2026-05-05T15:00:00,2026-05-05T19:00:00,240,220.88,4,TERMINEE,Systeme
1404,2,Changement huile,Remplacement huide hydraulique,2026-04-27T14:00:00,2026-04-27T15:20:00,80,193.26,41,TERMINEE,Systeme
1405,1,Nettoyage,Depoussierage systeme,2026-01-24T18:00:00,2026-01-24T18:40:00,40,170.54,16,TERMINEE,Systeme
1406,4,Preventive,Revision generale planifiee,2025-01-22T09:00:00,2025-01-22T11:47:00,167,248.85,13,TERMINEE,Systeme
1407,1,Preventive,Maintenance preventive programmee,2026-03-13T06:00:00,2026-03-13T07:06:00,66,548.07,39,TERMINEE,Systeme
1408,3,Preventive,Controle periodique,2025-08-01T18:00:00,2025-08-01T21:39:00,219,1459.6,9,TERMINEE,Systeme
1409,9,Preventive,Revision generale planifiee,2026-03-05T15:00:00,2026-03-05T18:49:00,229,898.52,39,TERMINEE,Systeme
1410,3,Preventive,Controle periodique,2025-12-05T07:00:00,2025-12-05T09:06:00,126,799.52,29,TERMINEE,Systeme
1411,4,Remplacement roulement,Changement roulement axe Z,2026-07-03T16:00:00,2026-07-03T18:21:00,141,1336.03,24,TERMINEE,Systeme
1412,7,Preventive,Controle periodique,2025-04-12T14:00:00,2025-04-12T15:16:00,76,801.66,34,TERMINEE,Systeme
1413,6,Remplacement roulement,Changement roulement axe Z,2025-04-01T16:00:00,2025-04-01T18:29:00,149,1084.3,25,TERMINEE,Systeme
1414,1,Alignement machine,Calibration axes,2025-11-24T18:00:00,2025-11-24T19:17:00,77,1063.33,42,TERMINEE,Systeme
1415,8,Inspection,Inspection visuelle,2026-10-30T12:00:00,2026-10-30T12:33:00,33,171.06,29,TERMINEE,Systeme
1416,12,Changement huile,Remplacement huide hydraulique,2026-02-09T09:00:00,2026-02-09T09:47:00,47,208.61,43,TERMINEE,Systeme
1417,7,Corrective,Reparation broche,2026-09-09T06:00:00,2026-09-09T17:11:00,671,657.76,41,TERMINEE,Systeme
1418,10,Nettoyage,Nettoyage complet machine,2026-10-30T16:00:00,2026-10-30T16:44:00,44,93.52,32,TERMINEE,Systeme
1419,9,Changement huile,Remplacement huide hydraulique,2025-02-08T09:00:00,2025-02-08T09:54:00,54,193.13,11,TERMINEE,Systeme
1420,7,Changement huile,Vidange huile broche,2026-03-17T14:00:00,2026-03-17T14:36:00,36,247.64,8,TERMINEE,Systeme
1421,8,Preventive,Revision generale planifiee,2025-06-13T14:00:00,2025-06-13T15:53:00,113,944.66,28,TERMINEE,Systeme
1422,7,Inspection,Controle metrologique,2026-08-19T15:00:00,2026-08-19T15:17:00,17,159.35,18,TERMINEE,Systeme
1423,10,Changement huile,Vidange huile broche,2026-09-21T11:00:00,2026-09-21T11:52:00,52,360.38,37,TERMINEE,Systeme
1424,4,Preventive,Revision generale planifiee,2025-02-02T10:00:00,2025-02-02T11:41:00,101,1406.95,6,TERMINEE,Systeme
1425,5,Corrective,Defaut capteur,2025-07-19T14:00:00,2025-07-19T20:14:00,374,3932.94,10,TERMINEE,Systeme
1426,4,Preventive,Maintenance preventive programmee,2025-04-09T18:00:00,2025-04-09T20:14:00,134,594.17,11,TERMINEE,Systeme
1427,2,Preventive,Controle periodique,2025-10-08T06:00:00,2025-10-08T08:13:00,133,1097.44,27,TERMINEE,Systeme
1428,5,Alignement machine,Calibration axes,2026-11-30T18:00:00,2026-11-30T19:21:00,81,443.49,6,TERMINEE,Systeme
1429,2,Inspection,Controle metrologique,2026-06-20T14:00:00,2026-06-20T14:38:00,38,348.12,15,TERMINEE,Systeme
1430,12,Corrective,Panne servo-moteur,2026-10-23T13:00:00,2026-10-23T20:35:00,455,2997.71,30,TERMINEE,Systeme
1431,12,Changement huile,Vidange huile broche,2025-10-31T15:00:00,2025-10-31T16:27:00,87,130.34,25,TERMINEE,Systeme
1432,11,Alignement machine,Calibration axes,2025-07-17T16:00:00,2025-07-17T18:54:00,174,788.27,16,TERMINEE,Systeme
1433,4,Preventive,Maintenance preventive programmee,2026-01-04T17:00:00,2026-01-04T19:21:00,141,1384.18,18,TERMINEE,Systeme
1434,5,Alignement machine,Alignement broche,2026-02-02T15:00:00,2026-02-02T17:46:00,166,516.5,16,TERMINEE,Systeme
1435,4,Corrective,Panne servo-moteur,2026-08-18T08:00:00,2026-08-18T16:40:00,520,4378.18,24,TERMINEE,Systeme
1436,7,Nettoyage,Nettoyage complet machine,2026-08-10T18:00:00,2026-08-10T18:23:00,23,152.47,42,TERMINEE,Systeme
1437,8,Corrective,Panne servo-moteur,2025-05-31T16:00:00,2025-06-01T00:37:00,517,687.41,28,TERMINEE,Systeme
1438,12,Nettoyage,Nettoyage complet machine,2025-09-03T13:00:00,2025-09-03T13:38:00,38,195.95,27,TERMINEE,Systeme
1439,7,Remplacement roulement,Changement roulement axe Z,2025-05-05T09:00:00,2025-05-05T11:17:00,137,2127.37,44,TERMINEE,Systeme
1440,9,Inspection,Verification geometrie,2025-09-12T07:00:00,2025-09-12T07:27:00,27,285.16,33,TERMINEE,Systeme
1441,7,Alignement machine,Calibration axes,2025-07-31T17:00:00,2025-07-31T19:23:00,143,675.0,26,TERMINEE,Systeme
1442,12,Inspection,Inspection visuelle,2025-06-07T18:00:00,2025-06-07T18:27:00,27,130.47,16,TERMINEE,Systeme
1443,11,Changement huile,Vidange huile broche,2026-01-28T17:00:00,2026-01-28T18:27:00,87,212.87,13,TERMINEE,Systeme
1444,2,Preventive,Maintenance preventive programmee,2026-03-21T09:00:00,2026-03-21T10:15:00,75,488.11,19,TERMINEE,Systeme
1445,11,Preventive,Maintenance preventive programmee,2025-07-11T06:00:00,2025-07-11T09:41:00,221,267.22,41,TERMINEE,Systeme
1446,5,Alignement machine,Alignement broche,2026-11-30T13:00:00,2026-11-30T14:30:00,90,1033.63,41,TERMINEE,Systeme
1447,5,Corrective,Defaut electricite,2025-09-01T06:00:00,2025-09-01T14:22:00,502,942.22,5,TERMINEE,Systeme
1448,6,Changement liquide,Vidange circuit hydraulique,2026-03-11T11:00:00,2026-03-11T12:41:00,101,539.86,34,TERMINEE,Systeme
1449,10,Changement huile,Remplacement huide hydraulique,2025-02-26T14:00:00,2025-02-26T14:49:00,49,398.3,31,TERMINEE,Systeme
1450,1,Preventive,Maintenance preventive programmee,2025-12-06T12:00:00,2025-12-06T13:03:00,63,1270.41,25,TERMINEE,Systeme
1451,7,Corrective,Reparation broche,2026-09-30T06:00:00,2026-09-30T09:54:00,234,3167.25,12,TERMINEE,Systeme
1452,7,Preventive,Maintenance preventive programmee,2026-06-19T17:00:00,2026-06-19T18:50:00,110,522.02,4,TERMINEE,Systeme
1453,4,Inspection,Inspection visuelle,2026-10-06T08:00:00,2026-10-06T08:21:00,21,188.37,28,TERMINEE,Systeme
1454,9,Preventive,Maintenance preventive programmee,2025-08-24T16:00:00,2025-08-24T17:49:00,109,526.07,34,TERMINEE,Systeme
1455,7,Preventive,Maintenance preventive programmee,2026-07-29T15:00:00,2026-07-29T18:20:00,200,1159.8,19,TERMINEE,Systeme
1456,2,Corrective,Panne servo-moteur,2025-06-03T07:00:00,2025-06-03T15:57:00,537,2132.26,3,TERMINEE,Systeme
1457,2,Nettoyage,Depoussierage systeme,2026-07-25T07:00:00,2026-07-25T07:45:00,45,189.72,4,TERMINEE,Systeme
1458,8,Preventive,Maintenance preventive programmee,2025-01-12T16:00:00,2025-01-12T18:35:00,155,1286.73,2,TERMINEE,Systeme
1459,5,Remplacement roulement,Remplacement roulement broche,2025-09-22T17:00:00,2025-09-22T20:20:00,200,1850.97,44,TERMINEE,Systeme
1460,12,Alignement machine,Calibration axes,2026-01-27T09:00:00,2026-01-27T10:51:00,111,1066.01,3,TERMINEE,Systeme
1461,12,Corrective,Panne servo-moteur,2026-09-14T08:00:00,2026-09-14T17:22:00,562,2569.78,28,TERMINEE,Systeme
1462,10,Changement liquide,Vidange circuit hydraulique,2026-04-05T14:00:00,2026-04-05T15:18:00,78,398.94,26,TERMINEE,Systeme
1463,6,Preventive,Controle periodique,2026-05-09T08:00:00,2026-05-09T10:49:00,169,1355.63,27,TERMINEE,Systeme
1464,3,Preventive,Controle periodique,2026-05-19T07:00:00,2026-05-19T08:17:00,77,1085.42,29,TERMINEE,Systeme
1465,6,Nettoyage,Nettoyage complet machine,2026-10-24T13:00:00,2026-10-24T13:26:00,26,161.27,3,TERMINEE,Systeme
1466,3,Nettoyage,Nettoyage complet machine,2026-08-17T12:00:00,2026-08-17T12:49:00,49,191.65,13,TERMINEE,Systeme
1467,7,Remplacement roulement,Changement roulement axe Z,2025-05-18T13:00:00,2025-05-18T17:35:00,275,2688.87,31,TERMINEE,Systeme
1468,2,Changement huile,Vidange huile broche,2025-09-08T11:00:00,2025-09-08T12:21:00,81,128.67,38,TERMINEE,Systeme
1469,9,Corrective,Panne servo-moteur,2025-08-29T15:00:00,2025-08-29T20:38:00,338,3188.65,2,TERMINEE,Systeme
1470,1,Corrective,Panne servo-moteur,2026-02-19T10:00:00,2026-02-19T13:39:00,219,4964.92,6,TERMINEE,Systeme
1471,2,Preventive,Revision generale planifiee,2026-09-04T11:00:00,2026-09-04T13:52:00,172,533.82,18,TERMINEE,Systeme
1472,6,Inspection,Verification geometrie,2026-09-11T18:00:00,2026-09-11T18:30:00,30,240.2,19,TERMINEE,Systeme
1473,1,Alignement machine,Alignement broche,2026-07-08T08:00:00,2026-07-08T09:18:00,78,906.84,30,TERMINEE,Systeme
1474,1,Corrective,Probleme hydraulique,2026-09-27T13:00:00,2026-09-27T22:09:00,549,890.74,7,TERMINEE,Systeme
1475,6,Inspection,Inspection visuelle,2025-07-22T15:00:00,2025-07-22T15:35:00,35,217.6,25,TERMINEE,Systeme
1476,8,Nettoyage,Depoussierage systeme,2025-06-03T12:00:00,2025-06-03T12:57:00,57,93.35,16,TERMINEE,Systeme
1477,1,Nettoyage,Depoussierage systeme,2025-08-16T10:00:00,2025-08-16T10:54:00,54,93.63,2,TERMINEE,Systeme
1478,4,Changement liquide,Vidange circuit hydraulique,2026-07-30T16:00:00,2026-07-30T17:09:00,69,529.8,36,TERMINEE,Systeme
1479,9,Preventive,Controle periodique,2025-03-18T16:00:00,2025-03-18T19:44:00,224,1225.3,18,TERMINEE,Systeme
1480,5,Corrective,Probleme hydraulique,2025-05-16T08:00:00,2025-05-16T11:14:00,194,3057.59,28,TERMINEE,Systeme
1481,3,Preventive,Controle periodique,2025-03-05T10:00:00,2025-03-05T12:18:00,138,1227.45,21,TERMINEE,Systeme
1482,11,Changement huile,Vidange huile broche,2026-03-15T15:00:00,2026-03-15T15:46:00,46,384.5,42,TERMINEE,Systeme
1483,5,Nettoyage,Depoussierage systeme,2026-10-19T07:00:00,2026-10-19T07:49:00,49,152.32,11,TERMINEE,Systeme
1484,4,Nettoyage,Depoussierage systeme,2026-09-22T09:00:00,2026-09-22T09:57:00,57,67.95,11,TERMINEE,Systeme
1485,8,Changement liquide,Remplacement liquide de refroidissement,2025-02-10T15:00:00,2025-02-10T16:53:00,113,301.41,10,TERMINEE,Systeme
1486,1,Corrective,Panne servo-moteur,2026-05-08T10:00:00,2026-05-08T17:32:00,452,2214.51,20,TERMINEE,Systeme
1487,10,Alignement machine,Calibration axes,2025-12-04T10:00:00,2025-12-04T12:39:00,159,767.66,40,TERMINEE,Systeme
1488,5,Remplacement roulement,Remplacement roulement broche,2026-03-21T15:00:00,2026-03-21T17:59:00,179,2227.22,43,TERMINEE,Systeme
1489,5,Preventive,Controle periodique,2026-02-19T14:00:00,2026-02-19T16:57:00,177,358.08,40,TERMINEE,Systeme
1490,6,Alignement machine,Calibration axes,2025-01-16T17:00:00,2025-01-16T18:24:00,84,655.1,24,TERMINEE,Systeme
1491,12,Changement huile,Remplacement huide hydraulique,2025-11-29T15:00:00,2025-11-29T15:39:00,39,149.55,30,TERMINEE,Systeme
1492,4,Preventive,Revision generale planifiee,2025-06-03T10:00:00,2025-06-03T13:57:00,237,483.13,6,TERMINEE,Systeme
1493,1,Inspection,Inspection visuelle,2026-09-15T07:00:00,2026-09-15T07:18:00,18,494.35,4,TERMINEE,Systeme
1494,7,Corrective,Defaut capteur,2026-06-19T08:00:00,2026-06-19T13:03:00,303,2599.9,39,TERMINEE,Systeme
1495,12,Changement liquide,Remplacement liquide de refroidissement,2025-04-28T13:00:00,2025-04-28T13:43:00,43,307.25,19,TERMINEE,Systeme
1496,12,Corrective,Panne servo-moteur,2025-11-06T09:00:00,2025-11-06T14:59:00,359,3744.84,33,TERMINEE,Systeme
1497,3,Changement huile,Remplacement huide hydraulique,2026-05-01T09:00:00,2026-05-01T10:01:00,61,169.12,43,TERMINEE,Systeme
1498,10,Changement huile,Vidange huile broche,2025-12-12T08:00:00,2025-12-12T09:25:00,85,355.45,15,TERMINEE,Systeme
1499,5,Preventive,Revision generale planifiee,2026-07-25T11:00:00,2026-07-25T13:43:00,163,579.38,15,TERMINEE,Systeme
1500,7,Preventive,Controle periodique,2025-11-09T16:00:00,2025-11-09T19:15:00,195,1004.71,44,TERMINEE,Systeme
1501,7,Changement huile,Vidange huile broche,2025-10-30T12:00:00,2025-10-30T12:52:00,52,366.62,27,TERMINEE,Systeme
1502,10,Nettoyage,Depoussierage systeme,2026-11-11T09:00:00,2026-11-11T09:29:00,29,163.18,21,TERMINEE,Systeme
1503,3,Preventive,Controle periodique,2025-09-05T13:00:00,2025-09-05T14:03:00,63,355.62,16,TERMINEE,Systeme
1504,5,Remplacement roulement,Changement roulement axe Z,2026-01-07T13:00:00,2026-01-07T14:50:00,110,1200.96,20,TERMINEE,Systeme
1505,2,Changement huile,Remplacement huide hydraulique,2025-08-24T13:00:00,2025-08-24T14:07:00,67,122.02,10,TERMINEE,Systeme
1506,10,Changement huile,Remplacement huide hydraulique,2026-04-27T09:00:00,2026-04-27T10:14:00,74,262.44,33,TERMINEE,Systeme
1507,9,Corrective,Probleme hydraulique,2025-09-30T06:00:00,2025-09-30T12:39:00,399,614.05,32,TERMINEE,Systeme
1508,5,Corrective,Probleme hydraulique,2025-07-24T18:00:00,2025-07-24T20:46:00,166,2526.64,6,TERMINEE,Systeme
1509,6,Nettoyage,Depoussierage systeme,2025-10-25T13:00:00,2025-10-25T13:24:00,24,106.57,35,TERMINEE,Systeme
1510,9,Alignement machine,Calibration axes,2025-07-08T10:00:00,2025-07-08T11:31:00,91,742.77,32,TERMINEE,Systeme
1511,10,Changement liquide,Vidange circuit hydraulique,2026-05-22T15:00:00,2026-05-22T16:07:00,67,577.06,38,TERMINEE,Systeme
1512,8,Changement huile,Remplacement huide hydraulique,2025-10-12T11:00:00,2025-10-12T12:06:00,66,294.49,14,TERMINEE,Systeme
1513,9,Changement liquide,Remplacement liquide de refroidissement,2026-05-04T06:00:00,2026-05-04T07:58:00,118,297.85,39,TERMINEE,Systeme
1514,3,Preventive,Revision generale planifiee,2026-10-27T12:00:00,2026-10-27T14:49:00,169,547.3,16,TERMINEE,Systeme
1515,4,Nettoyage,Nettoyage complet machine,2025-06-21T10:00:00,2025-06-21T10:30:00,30,67.15,3,TERMINEE,Systeme
1516,8,Preventive,Revision generale planifiee,2025-03-27T18:00:00,2025-03-27T20:18:00,138,1139.13,5,TERMINEE,Systeme
1517,4,Inspection,Controle metrologique,2025-08-15T15:00:00,2025-08-15T15:18:00,18,393.94,11,TERMINEE,Systeme
1518,4,Remplacement roulement,Remplacement roulement broche,2025-03-11T18:00:00,2025-03-11T20:29:00,149,2977.71,7,TERMINEE,Systeme
1519,7,Remplacement roulement,Remplacement roulement broche,2025-12-14T15:00:00,2025-12-14T19:02:00,242,1507.16,45,TERMINEE,Systeme
1520,11,Preventive,Controle periodique,2026-06-26T15:00:00,2026-06-26T17:08:00,128,838.81,9,TERMINEE,Systeme
1521,8,Nettoyage,Nettoyage complet machine,2026-03-04T17:00:00,2026-03-04T17:33:00,33,150.51,1,TERMINEE,Systeme
1522,8,Remplacement roulement,Remplacement roulement broche,2026-07-19T17:00:00,2026-07-19T18:57:00,117,2245.2,10,TERMINEE,Systeme
1523,6,Changement huile,Vidange huile broche,2026-11-19T13:00:00,2026-11-19T14:20:00,80,334.79,9,TERMINEE,Systeme
1524,7,Nettoyage,Nettoyage complet machine,2026-04-11T17:00:00,2026-04-11T17:54:00,54,102.36,36,TERMINEE,Systeme
1525,1,Nettoyage,Depoussierage systeme,2026-02-20T15:00:00,2026-02-20T15:21:00,21,99.81,1,TERMINEE,Systeme
1526,2,Remplacement roulement,Remplacement roulement broche,2025-04-02T08:00:00,2025-04-02T12:39:00,279,1684.86,31,TERMINEE,Systeme
1527,10,Remplacement roulement,Changement roulement axe Z,2026-06-20T07:00:00,2026-06-20T08:43:00,103,2077.97,17,TERMINEE,Systeme
1528,5,Preventive,Controle periodique,2025-02-16T11:00:00,2025-02-16T12:09:00,69,1490.69,18,TERMINEE,Systeme
1529,5,Preventive,Revision generale planifiee,2026-08-07T17:00:00,2026-08-07T18:58:00,118,1465.59,18,TERMINEE,Systeme
1530,3,Preventive,Revision generale planifiee,2026-11-16T07:00:00,2026-11-16T08:23:00,83,290.15,45,TERMINEE,Systeme
1531,11,Nettoyage,Depoussierage systeme,2026-10-09T10:00:00,2026-10-09T10:33:00,33,144.05,30,TERMINEE,Systeme
1532,7,Preventive,Revision generale planifiee,2025-02-20T07:00:00,2025-02-20T10:54:00,234,746.3,21,TERMINEE,Systeme
1533,3,Preventive,Maintenance preventive programmee,2025-11-05T10:00:00,2025-11-05T12:34:00,154,813.63,38,TERMINEE,Systeme
1534,8,Nettoyage,Depoussierage systeme,2026-03-20T15:00:00,2026-03-20T15:38:00,38,125.37,29,TERMINEE,Systeme
1535,5,Changement huile,Remplacement huide hydraulique,2025-01-01T18:00:00,2025-01-01T18:53:00,53,317.38,20,TERMINEE,Systeme
1536,5,Remplacement roulement,Remplacement roulement broche,2025-07-31T18:00:00,2025-07-31T21:30:00,210,1696.34,37,TERMINEE,Systeme
1537,9,Preventive,Controle periodique,2025-09-08T16:00:00,2025-09-08T17:10:00,70,494.44,37,TERMINEE,Systeme
1538,5,Remplacement roulement,Remplacement roulement broche,2026-10-26T09:00:00,2026-10-26T12:36:00,216,1203.18,36,TERMINEE,Systeme
1539,2,Inspection,Inspection visuelle,2026-09-15T14:00:00,2026-09-15T14:37:00,37,445.91,26,TERMINEE,Systeme
1540,7,Changement liquide,Vidange circuit hydraulique,2026-01-26T08:00:00,2026-01-26T09:24:00,84,347.01,13,TERMINEE,Systeme
1541,10,Preventive,Maintenance preventive programmee,2026-09-28T08:00:00,2026-09-28T09:27:00,87,282.12,21,TERMINEE,Systeme
1542,3,Preventive,Revision generale planifiee,2025-08-04T11:00:00,2025-08-04T14:20:00,200,267.71,7,TERMINEE,Systeme
1543,2,Alignement machine,Alignement broche,2026-02-19T06:00:00,2026-02-19T08:54:00,174,922.78,31,TERMINEE,Systeme
1544,9,Nettoyage,Depoussierage systeme,2026-04-01T06:00:00,2026-04-01T06:44:00,44,92.93,17,TERMINEE,Systeme
1545,10,Inspection,Inspection visuelle,2025-09-13T08:00:00,2025-09-13T08:31:00,31,350.88,28,TERMINEE,Systeme
1546,4,Preventive,Revision generale planifiee,2025-09-06T15:00:00,2025-09-06T18:02:00,182,784.3,9,TERMINEE,Systeme
1547,12,Corrective,Defaut electricite,2025-09-24T15:00:00,2025-09-24T17:59:00,179,3439.25,44,TERMINEE,Systeme
1548,6,Alignement machine,Alignement broche,2025-04-12T16:00:00,2025-04-12T17:57:00,117,510.95,34,TERMINEE,Systeme
1549,1,Nettoyage,Depoussierage systeme,2025-03-14T07:00:00,2025-03-14T07:42:00,42,190.19,39,TERMINEE,Systeme
1550,9,Preventive,Maintenance preventive programmee,2025-10-18T12:00:00,2025-10-18T15:37:00,217,1482.54,34,TERMINEE,Systeme
1551,1,Corrective,Defaut capteur,2025-08-13T14:00:00,2025-08-13T18:10:00,250,2128.88,26,TERMINEE,Systeme
1552,1,Alignement machine,Alignement broche,2025-12-05T11:00:00,2025-12-05T12:54:00,114,436.47,1,TERMINEE,Systeme
1553,7,Nettoyage,Nettoyage complet machine,2025-11-05T18:00:00,2025-11-05T18:41:00,41,151.86,37,TERMINEE,Systeme
1554,4,Preventive,Revision generale planifiee,2026-09-24T15:00:00,2026-09-24T18:17:00,197,920.07,10,TERMINEE,Systeme
1555,3,Remplacement roulement,Changement roulement axe Z,2026-09-06T14:00:00,2026-09-06T15:38:00,98,2395.01,22,TERMINEE,Systeme
1556,12,Inspection,Controle metrologique,2026-06-07T10:00:00,2026-06-07T10:44:00,44,125.41,43,TERMINEE,Systeme
1557,11,Nettoyage,Depoussierage systeme,2025-07-09T13:00:00,2025-07-09T13:44:00,44,81.84,42,TERMINEE,Systeme
1558,9,Nettoyage,Depoussierage systeme,2026-02-09T06:00:00,2026-02-09T06:36:00,36,92.08,33,TERMINEE,Systeme
1559,12,Remplacement roulement,Remplacement roulement broche,2025-05-30T14:00:00,2025-05-30T18:22:00,262,1625.16,34,TERMINEE,Systeme
1560,1,Changement liquide,Remplacement liquide de refroidissement,2025-05-21T14:00:00,2025-05-21T14:55:00,55,268.51,15,TERMINEE,Systeme
1561,3,Corrective,Reparation broche,2026-05-13T10:00:00,2026-05-13T21:51:00,711,3012.79,7,TERMINEE,Systeme
1562,3,Nettoyage,Depoussierage systeme,2025-03-31T17:00:00,2025-03-31T17:22:00,22,100.89,16,TERMINEE,Systeme
1563,4,Remplacement roulement,Changement roulement axe Z,2025-05-13T13:00:00,2025-05-13T16:47:00,227,1748.57,6,TERMINEE,Systeme
1564,10,Preventive,Revision generale planifiee,2026-04-29T06:00:00,2026-04-29T08:31:00,151,807.3,17,TERMINEE,Systeme
1565,12,Changement liquide,Vidange circuit hydraulique,2026-06-22T17:00:00,2026-06-22T18:30:00,90,212.05,23,TERMINEE,Systeme
1566,1,Preventive,Controle periodique,2026-06-20T08:00:00,2026-06-20T09:25:00,85,243.39,14,TERMINEE,Systeme
1567,5,Changement huile,Remplacement huide hydraulique,2026-09-25T15:00:00,2026-09-25T15:38:00,38,174.05,20,TERMINEE,Systeme
1568,6,Nettoyage,Depoussierage systeme,2025-04-20T09:00:00,2025-04-20T09:33:00,33,104.6,25,TERMINEE,Systeme
1569,12,Preventive,Revision generale planifiee,2026-08-17T09:00:00,2026-08-17T10:38:00,98,604.72,9,TERMINEE,Systeme
1570,1,Remplacement roulement,Remplacement roulement broche,2026-10-25T11:00:00,2026-10-25T13:59:00,179,1302.5,12,TERMINEE,Systeme
1571,4,Corrective,Probleme hydraulique,2026-06-15T13:00:00,2026-06-15T20:38:00,458,1246.22,41,TERMINEE,Systeme
1572,2,Nettoyage,Depoussierage systeme,2025-08-10T10:00:00,2025-08-10T10:28:00,28,82.83,24,TERMINEE,Systeme
1573,6,Preventive,Controle periodique,2025-05-04T11:00:00,2025-05-04T12:08:00,68,1172.1,26,TERMINEE,Systeme
1574,8,Preventive,Controle periodique,2025-02-17T14:00:00,2025-02-17T17:16:00,196,430.07,31,TERMINEE,Systeme
1575,11,Preventive,Revision generale planifiee,2025-06-20T13:00:00,2025-06-20T15:44:00,164,653.0,18,TERMINEE,Systeme
1576,12,Changement huile,Remplacement huide hydraulique,2026-10-23T13:00:00,2026-10-23T13:44:00,44,186.75,36,TERMINEE,Systeme
1577,12,Preventive,Controle periodique,2026-05-23T08:00:00,2026-05-23T10:19:00,139,1353.69,8,TERMINEE,Systeme
1578,12,Preventive,Revision generale planifiee,2026-06-04T10:00:00,2026-06-04T12:26:00,146,913.01,9,TERMINEE,Systeme
1579,4,Preventive,Maintenance preventive programmee,2025-05-02T13:00:00,2025-05-02T15:54:00,174,755.65,22,TERMINEE,Systeme
1580,8,Changement huile,Remplacement huide hydraulique,2025-06-18T09:00:00,2025-06-18T09:33:00,33,289.58,18,TERMINEE,Systeme
1581,12,Changement huile,Remplacement huide hydraulique,2026-02-07T13:00:00,2026-02-07T14:01:00,61,329.4,1,TERMINEE,Systeme
1582,10,Preventive,Maintenance preventive programmee,2026-06-25T16:00:00,2026-06-25T18:35:00,155,384.71,9,TERMINEE,Systeme
1583,5,Preventive,Controle periodique,2025-01-18T16:00:00,2025-01-18T17:52:00,112,273.91,13,TERMINEE,Systeme
1584,7,Nettoyage,Depoussierage systeme,2026-04-11T09:00:00,2026-04-11T09:29:00,29,104.1,8,TERMINEE,Systeme
1585,2,Changement huile,Vidange huile broche,2026-03-09T10:00:00,2026-03-09T10:32:00,32,372.74,8,TERMINEE,Systeme
1586,5,Preventive,Controle periodique,2026-10-10T18:00:00,2026-10-10T21:33:00,213,335.88,24,TERMINEE,Systeme
1587,6,Preventive,Controle periodique,2025-11-15T08:00:00,2025-11-15T11:29:00,209,1014.99,13,TERMINEE,Systeme
1588,4,Corrective,Reparation broche,2026-03-03T11:00:00,2026-03-03T22:46:00,706,4879.08,20,TERMINEE,Systeme
1589,4,Inspection,Controle metrologique,2025-02-21T17:00:00,2025-02-21T17:33:00,33,481.22,18,TERMINEE,Systeme
1590,6,Corrective,Reparation broche,2025-03-02T07:00:00,2025-03-02T09:12:00,132,3720.68,25,TERMINEE,Systeme
1591,4,Corrective,Reparation broche,2026-11-17T07:00:00,2026-11-17T16:01:00,541,1391.9,45,TERMINEE,Systeme
1592,10,Changement liquide,Remplacement liquide de refroidissement,2025-01-18T14:00:00,2025-01-18T15:21:00,81,443.36,13,TERMINEE,Systeme
1593,8,Preventive,Controle periodique,2025-10-19T15:00:00,2025-10-19T18:10:00,190,395.87,44,TERMINEE,Systeme
1594,8,Corrective,Panne servo-moteur,2025-11-11T13:00:00,2025-11-11T23:54:00,654,4482.13,41,TERMINEE,Systeme
1595,12,Alignement machine,Calibration axes,2026-09-29T12:00:00,2026-09-29T13:21:00,81,875.43,16,TERMINEE,Systeme
1596,9,Changement liquide,Vidange circuit hydraulique,2025-10-27T11:00:00,2025-10-27T12:23:00,83,460.28,45,TERMINEE,Systeme
1597,4,Corrective,Defaut electricite,2025-05-20T16:00:00,2025-05-20T22:38:00,398,1263.67,28,TERMINEE,Systeme
1598,5,Preventive,Maintenance preventive programmee,2026-10-16T11:00:00,2026-10-16T13:29:00,149,1353.09,36,TERMINEE,Systeme
1599,7,Changement liquide,Vidange circuit hydraulique,2025-09-11T18:00:00,2025-09-11T18:54:00,54,165.32,45,TERMINEE,Systeme
1600,6,Remplacement roulement,Changement roulement axe Z,2025-02-11T07:00:00,2025-02-11T10:09:00,189,2411.15,10,TERMINEE,Systeme
1601,1,Changement huile,Vidange huile broche,2026-08-25T11:00:00,2026-08-25T12:14:00,74,359.15,28,TERMINEE,Systeme
1602,2,Nettoyage,Nettoyage complet machine,2026-06-01T10:00:00,2026-06-01T10:45:00,45,101.8,35,TERMINEE,Systeme
1603,12,Corrective,Probleme hydraulique,2025-04-08T15:00:00,2025-04-09T00:31:00,571,3383.71,37,TERMINEE,Systeme
1604,11,Preventive,Maintenance preventive programmee,2026-08-07T11:00:00,2026-08-07T14:21:00,201,1291.47,35,TERMINEE,Systeme
1605,11,Changement huile,Vidange huile broche,2026-09-30T09:00:00,2026-09-30T09:57:00,57,251.16,39,TERMINEE,Systeme
1606,5,Alignement machine,Alignement broche,2025-01-26T09:00:00,2025-01-26T10:01:00,61,508.27,45,TERMINEE,Systeme
1607,8,Preventive,Controle periodique,2025-04-14T06:00:00,2025-04-14T07:30:00,90,908.71,44,TERMINEE,Systeme
1608,6,Changement liquide,Remplacement liquide de refroidissement,2026-06-23T09:00:00,2026-06-23T10:04:00,64,248.41,30,TERMINEE,Systeme
1609,4,Remplacement roulement,Changement roulement axe Z,2025-03-27T10:00:00,2025-03-27T12:58:00,178,1216.17,18,TERMINEE,Systeme
1610,1,Corrective,Probleme hydraulique,2025-07-03T13:00:00,2025-07-03T18:54:00,354,4968.05,24,TERMINEE,Systeme
1611,6,Inspection,Inspection visuelle,2026-01-26T14:00:00,2026-01-26T14:33:00,33,231.54,18,TERMINEE,Systeme
1612,3,Preventive,Maintenance preventive programmee,2026-04-25T18:00:00,2026-04-25T20:55:00,175,902.68,11,TERMINEE,Systeme
1613,11,Corrective,Probleme hydraulique,2026-06-12T09:00:00,2026-06-12T15:56:00,416,879.48,35,TERMINEE,Systeme
1614,8,Nettoyage,Nettoyage complet machine,2026-05-09T06:00:00,2026-05-09T06:55:00,55,88.24,30,TERMINEE,Systeme
1615,11,Nettoyage,Nettoyage complet machine,2025-11-21T06:00:00,2025-11-21T06:59:00,59,164.81,24,TERMINEE,Systeme
1616,8,Remplacement roulement,Changement roulement axe Z,2026-02-09T07:00:00,2026-02-09T09:06:00,126,2405.61,24,TERMINEE,Systeme
1617,6,Nettoyage,Depoussierage systeme,2026-04-14T07:00:00,2026-04-14T07:34:00,34,146.63,20,TERMINEE,Systeme
1618,12,Changement liquide,Vidange circuit hydraulique,2025-05-12T10:00:00,2025-05-12T11:25:00,85,568.75,4,TERMINEE,Systeme
1619,7,Changement liquide,Remplacement liquide de refroidissement,2026-08-01T08:00:00,2026-08-01T09:15:00,75,417.76,16,TERMINEE,Systeme
1620,1,Preventive,Maintenance preventive programmee,2026-09-24T07:00:00,2026-09-24T10:22:00,202,207.94,28,TERMINEE,Systeme
1621,5,Alignement machine,Calibration axes,2025-10-12T12:00:00,2025-10-12T13:33:00,93,1125.8,30,TERMINEE,Systeme
1622,7,Changement liquide,Remplacement liquide de refroidissement,2026-08-27T08:00:00,2026-08-27T08:40:00,40,538.85,1,TERMINEE,Systeme
1623,5,Changement huile,Remplacement huide hydraulique,2025-04-14T12:00:00,2025-04-14T12:50:00,50,310.72,21,TERMINEE,Systeme
1624,5,Changement huile,Vidange huile broche,2026-09-15T12:00:00,2026-09-15T12:32:00,32,190.35,39,TERMINEE,Systeme
1625,8,Remplacement roulement,Changement roulement axe Z,2026-09-01T09:00:00,2026-09-01T13:01:00,241,2277.4,4,TERMINEE,Systeme
1626,1,Corrective,Reparation broche,2025-01-19T18:00:00,2025-01-19T20:29:00,149,3021.64,24,TERMINEE,Systeme
1627,10,Changement huile,Remplacement huide hydraulique,2026-10-17T07:00:00,2026-10-17T08:12:00,72,360.18,16,TERMINEE,Systeme
1628,8,Changement liquide,Vidange circuit hydraulique,2026-03-30T13:00:00,2026-03-30T14:51:00,111,527.94,36,TERMINEE,Systeme
1629,3,Preventive,Controle periodique,2026-03-15T18:00:00,2026-03-15T20:21:00,141,840.5,24,TERMINEE,Systeme
1630,1,Remplacement roulement,Changement roulement axe Z,2026-06-16T06:00:00,2026-06-16T08:12:00,132,1982.76,41,TERMINEE,Systeme
1631,8,Corrective,Defaut electricite,2025-07-30T09:00:00,2025-07-30T16:32:00,452,2848.93,18,TERMINEE,Systeme
1632,6,Preventive,Revision generale planifiee,2025-08-01T17:00:00,2025-08-01T20:24:00,204,913.33,1,TERMINEE,Systeme
1633,12,Changement huile,Remplacement huide hydraulique,2026-02-04T08:00:00,2026-02-04T08:48:00,48,342.54,17,TERMINEE,Systeme
1634,8,Nettoyage,Depoussierage systeme,2026-05-06T14:00:00,2026-05-06T14:52:00,52,107.08,26,TERMINEE,Systeme
1635,5,Inspection,Verification geometrie,2026-02-16T16:00:00,2026-02-16T16:33:00,33,342.33,32,TERMINEE,Systeme
1636,4,Nettoyage,Nettoyage complet machine,2025-06-05T15:00:00,2025-06-05T15:25:00,25,72.39,16,TERMINEE,Systeme
1637,3,Changement huile,Vidange huile broche,2026-02-25T17:00:00,2026-02-25T18:04:00,64,376.15,38,TERMINEE,Systeme
1638,8,Corrective,Defaut electricite,2025-12-19T18:00:00,2025-12-20T01:22:00,442,2456.7,22,TERMINEE,Systeme
1639,12,Preventive,Maintenance preventive programmee,2025-04-17T06:00:00,2025-04-17T07:28:00,88,503.18,26,TERMINEE,Systeme
1640,9,Preventive,Revision generale planifiee,2026-06-01T17:00:00,2026-06-01T20:28:00,208,501.67,5,TERMINEE,Systeme
1641,8,Changement liquide,Vidange circuit hydraulique,2025-03-25T18:00:00,2025-03-25T18:54:00,54,154.5,32,TERMINEE,Systeme
1642,5,Nettoyage,Depoussierage systeme,2026-08-24T16:00:00,2026-08-24T16:56:00,56,124.51,21,TERMINEE,Systeme
1643,12,Preventive,Revision generale planifiee,2026-07-03T13:00:00,2026-07-03T16:27:00,207,698.3,44,TERMINEE,Systeme
1644,1,Inspection,Verification geometrie,2026-06-04T12:00:00,2026-06-04T12:38:00,38,367.88,33,TERMINEE,Systeme
1645,6,Preventive,Maintenance preventive programmee,2026-09-07T08:00:00,2026-09-07T10:23:00,143,363.02,26,TERMINEE,Systeme
1646,2,Preventive,Controle periodique,2025-12-20T12:00:00,2025-12-20T14:13:00,133,476.41,43,TERMINEE,Systeme
1647,1,Preventive,Revision generale planifiee,2025-05-15T08:00:00,2025-05-15T09:54:00,114,669.69,29,TERMINEE,Systeme
1648,8,Corrective,Panne servo-moteur,2025-12-04T06:00:00,2025-12-04T17:34:00,694,3847.64,33,TERMINEE,Systeme
1649,12,Changement liquide,Remplacement liquide de refroidissement,2025-08-11T09:00:00,2025-08-11T10:32:00,92,447.77,15,TERMINEE,Systeme
1650,3,Preventive,Controle periodique,2026-05-18T11:00:00,2026-05-18T12:14:00,74,1434.61,44,TERMINEE,Systeme
1651,6,Corrective,Defaut capteur,2025-07-22T10:00:00,2025-07-22T15:51:00,351,4101.44,28,TERMINEE,Systeme
1652,5,Preventive,Maintenance preventive programmee,2025-03-09T09:00:00,2025-03-09T12:32:00,212,863.06,6,TERMINEE,Systeme
1653,7,Corrective,Defaut capteur,2025-02-07T10:00:00,2025-02-07T21:22:00,682,1270.64,9,TERMINEE,Systeme
1654,9,Preventive,Controle periodique,2025-05-21T12:00:00,2025-05-21T14:25:00,145,1202.24,25,TERMINEE,Systeme
1655,1,Corrective,Defaut electricite,2025-09-21T12:00:00,2025-09-21T14:09:00,129,4559.1,27,TERMINEE,Systeme
1656,7,Changement liquide,Vidange circuit hydraulique,2026-01-24T09:00:00,2026-01-24T10:22:00,82,322.57,37,TERMINEE,Systeme
1657,1,Inspection,Inspection visuelle,2025-12-10T13:00:00,2025-12-10T13:36:00,36,479.27,23,TERMINEE,Systeme
1658,1,Preventive,Controle periodique,2025-01-13T12:00:00,2025-01-13T14:57:00,177,1219.9,17,TERMINEE,Systeme
1659,6,Nettoyage,Nettoyage complet machine,2026-08-08T13:00:00,2026-08-08T13:33:00,33,131.81,24,TERMINEE,Systeme
1660,8,Preventive,Maintenance preventive programmee,2025-05-26T17:00:00,2025-05-26T18:51:00,111,1227.62,6,TERMINEE,Systeme
1661,12,Changement huile,Remplacement huide hydraulique,2026-11-23T16:00:00,2026-11-23T16:33:00,33,188.97,6,TERMINEE,Systeme
1662,8,Preventive,Maintenance preventive programmee,2025-11-01T06:00:00,2025-11-01T09:27:00,207,1035.58,18,TERMINEE,Systeme
1663,11,Preventive,Controle periodique,2026-01-23T15:00:00,2026-01-23T18:55:00,235,643.92,37,TERMINEE,Systeme
1664,3,Corrective,Defaut capteur,2026-07-07T06:00:00,2026-07-07T17:15:00,675,3580.68,32,TERMINEE,Systeme
1665,4,Nettoyage,Nettoyage complet machine,2025-02-06T10:00:00,2025-02-06T10:21:00,21,124.91,35,TERMINEE,Systeme
1666,9,Preventive,Maintenance preventive programmee,2026-11-05T18:00:00,2026-11-05T20:46:00,166,740.9,11,TERMINEE,Systeme
1667,1,Nettoyage,Nettoyage complet machine,2025-05-07T11:00:00,2025-05-07T11:54:00,54,172.93,17,TERMINEE,Systeme
1668,4,Preventive,Maintenance preventive programmee,2025-08-31T15:00:00,2025-08-31T16:16:00,76,903.8,12,TERMINEE,Systeme
1669,7,Corrective,Probleme hydraulique,2026-06-15T13:00:00,2026-06-15T16:05:00,185,4042.61,35,TERMINEE,Systeme
1670,6,Changement huile,Remplacement huide hydraulique,2025-08-25T12:00:00,2025-08-25T12:45:00,45,357.55,16,TERMINEE,Systeme
1671,9,Nettoyage,Nettoyage complet machine,2025-02-28T16:00:00,2025-02-28T16:47:00,47,192.75,30,TERMINEE,Systeme
1672,9,Changement huile,Vidange huile broche,2026-06-18T15:00:00,2026-06-18T15:55:00,55,327.11,12,TERMINEE,Systeme
1673,12,Alignement machine,Calibration axes,2025-12-03T10:00:00,2025-12-03T12:43:00,163,875.48,11,TERMINEE,Systeme
1674,12,Corrective,Probleme hydraulique,2025-02-09T17:00:00,2025-02-09T22:35:00,335,3879.66,22,TERMINEE,Systeme
1675,6,Preventive,Revision generale planifiee,2025-10-06T11:00:00,2025-10-06T12:32:00,92,1220.58,42,TERMINEE,Systeme
1676,5,Changement huile,Vidange huile broche,2026-04-23T07:00:00,2026-04-23T08:06:00,66,354.38,43,TERMINEE,Systeme
1677,8,Changement liquide,Vidange circuit hydraulique,2026-10-03T08:00:00,2026-10-03T08:51:00,51,264.41,36,TERMINEE,Systeme
1678,5,Preventive,Revision generale planifiee,2026-11-02T10:00:00,2026-11-02T12:20:00,140,926.38,32,TERMINEE,Systeme
1679,11,Preventive,Maintenance preventive programmee,2025-10-06T18:00:00,2025-10-06T21:23:00,203,361.96,21,TERMINEE,Systeme
1680,8,Inspection,Inspection visuelle,2025-05-03T10:00:00,2025-05-03T10:45:00,45,410.01,22,TERMINEE,Systeme
1681,5,Preventive,Revision generale planifiee,2025-06-19T17:00:00,2025-06-19T19:49:00,169,1461.07,44,TERMINEE,Systeme
1682,12,Preventive,Controle periodique,2026-08-10T14:00:00,2026-08-10T16:31:00,151,364.44,23,TERMINEE,Systeme
1683,8,Inspection,Inspection visuelle,2025-07-15T09:00:00,2025-07-15T09:20:00,20,370.78,39,TERMINEE,Systeme
1684,8,Alignement machine,Calibration axes,2026-01-14T10:00:00,2026-01-14T11:20:00,80,819.12,34,TERMINEE,Systeme
1685,2,Preventive,Maintenance preventive programmee,2025-10-01T12:00:00,2025-10-01T14:18:00,138,1029.28,25,TERMINEE,Systeme
1686,3,Inspection,Controle metrologique,2025-09-02T18:00:00,2025-09-02T18:35:00,35,115.54,2,TERMINEE,Systeme
1687,4,Inspection,Verification geometrie,2025-08-18T16:00:00,2025-08-18T16:16:00,16,493.14,34,TERMINEE,Systeme
1688,9,Corrective,Panne servo-moteur,2025-02-08T06:00:00,2025-02-08T10:35:00,275,2635.41,10,TERMINEE,Systeme
1689,2,Alignement machine,Alignement broche,2025-12-21T17:00:00,2025-12-21T19:23:00,143,481.41,15,TERMINEE,Systeme
1690,12,Changement liquide,Vidange circuit hydraulique,2026-03-23T08:00:00,2026-03-23T08:59:00,59,371.1,17,TERMINEE,Systeme
1691,10,Changement huile,Remplacement huide hydraulique,2026-05-16T12:00:00,2026-05-16T13:25:00,85,334.04,41,TERMINEE,Systeme
1692,12,Changement liquide,Vidange circuit hydraulique,2026-05-10T15:00:00,2026-05-10T16:20:00,80,195.52,31,TERMINEE,Systeme
1693,3,Changement liquide,Remplacement liquide de refroidissement,2025-06-04T06:00:00,2025-06-04T07:42:00,102,486.81,10,TERMINEE,Systeme
1694,9,Corrective,Defaut electricite,2025-07-07T15:00:00,2025-07-07T17:34:00,154,3049.8,38,TERMINEE,Systeme
1695,1,Remplacement roulement,Remplacement roulement broche,2026-04-05T09:00:00,2026-04-05T12:15:00,195,1078.43,36,TERMINEE,Systeme
1696,1,Corrective,Defaut capteur,2025-04-18T06:00:00,2025-04-18T11:26:00,326,4437.34,23,TERMINEE,Systeme
1697,6,Nettoyage,Nettoyage complet machine,2025-06-22T16:00:00,2025-06-22T16:43:00,43,72.7,24,TERMINEE,Systeme
1698,1,Corrective,Defaut capteur,2026-02-17T12:00:00,2026-02-17T17:47:00,347,4599.24,13,TERMINEE,Systeme
1699,5,Nettoyage,Depoussierage systeme,2026-01-07T10:00:00,2026-01-07T10:20:00,20,103.83,19,TERMINEE,Systeme
1700,11,Corrective,Panne servo-moteur,2025-06-11T09:00:00,2025-06-11T11:40:00,160,4275.85,2,TERMINEE,Systeme
1701,11,Changement huile,Vidange huile broche,2025-10-27T10:00:00,2025-10-27T10:48:00,48,362.64,5,TERMINEE,Systeme
1702,10,Nettoyage,Nettoyage complet machine,2025-01-16T11:00:00,2025-01-16T11:29:00,29,131.68,12,TERMINEE,Systeme
1703,12,Nettoyage,Depoussierage systeme,2026-08-05T08:00:00,2026-08-05T08:51:00,51,54.8,26,TERMINEE,Systeme
1704,9,Preventive,Controle periodique,2025-03-08T08:00:00,2025-03-08T11:37:00,217,777.58,23,TERMINEE,Systeme
1705,7,Alignement machine,Calibration axes,2025-08-16T11:00:00,2025-08-16T13:11:00,131,804.08,15,TERMINEE,Systeme
1706,12,Changement huile,Remplacement huide hydraulique,2025-08-01T07:00:00,2025-08-01T07:30:00,30,218.9,29,TERMINEE,Systeme
1707,2,Alignement machine,Calibration axes,2025-12-16T18:00:00,2025-12-16T19:40:00,100,318.52,8,TERMINEE,Systeme
1708,1,Nettoyage,Depoussierage systeme,2025-01-01T07:00:00,2025-01-01T07:45:00,45,108.52,24,TERMINEE,Systeme
1709,8,Preventive,Maintenance preventive programmee,2025-03-24T17:00:00,2025-03-24T19:22:00,142,843.47,31,TERMINEE,Systeme
1710,11,Nettoyage,Nettoyage complet machine,2025-04-05T09:00:00,2025-04-05T09:22:00,22,157.53,20,TERMINEE,Systeme
1711,12,Preventive,Maintenance preventive programmee,2025-01-25T06:00:00,2025-01-25T09:54:00,234,1212.74,13,TERMINEE,Systeme
1712,9,Inspection,Inspection visuelle,2026-09-14T18:00:00,2026-09-14T18:43:00,43,307.38,42,TERMINEE,Systeme
1713,3,Preventive,Controle periodique,2025-09-11T16:00:00,2025-09-11T19:31:00,211,1405.8,45,TERMINEE,Systeme
1714,3,Changement huile,Remplacement huide hydraulique,2025-11-27T09:00:00,2025-11-27T10:20:00,80,197.61,21,TERMINEE,Systeme
1715,7,Preventive,Maintenance preventive programmee,2026-03-31T18:00:00,2026-03-31T19:04:00,64,857.78,40,TERMINEE,Systeme
1716,9,Preventive,Revision generale planifiee,2025-06-08T06:00:00,2025-06-08T09:16:00,196,325.06,44,TERMINEE,Systeme
1717,4,Nettoyage,Nettoyage complet machine,2026-01-14T17:00:00,2026-01-14T17:33:00,33,82.2,8,TERMINEE,Systeme
1718,7,Preventive,Controle periodique,2025-07-13T10:00:00,2025-07-13T11:33:00,93,978.63,17,TERMINEE,Systeme
1719,4,Preventive,Controle periodique,2025-08-27T06:00:00,2025-08-27T09:10:00,190,290.91,4,TERMINEE,Systeme
1720,1,Changement huile,Remplacement huide hydraulique,2026-07-24T13:00:00,2026-07-24T14:29:00,89,262.01,25,TERMINEE,Systeme
1721,1,Inspection,Verification geometrie,2026-11-28T16:00:00,2026-11-28T16:15:00,15,345.11,43,TERMINEE,Systeme
1722,9,Corrective,Probleme hydraulique,2026-04-01T15:00:00,2026-04-01T22:20:00,440,3243.66,43,TERMINEE,Systeme
1723,11,Changement huile,Vidange huile broche,2026-04-20T18:00:00,2026-04-20T19:22:00,82,369.24,43,TERMINEE,Systeme
1724,11,Preventive,Controle periodique,2026-06-18T18:00:00,2026-06-18T21:23:00,203,649.22,44,TERMINEE,Systeme
1725,11,Corrective,Defaut capteur,2025-05-09T08:00:00,2025-05-09T16:12:00,492,2329.99,14,TERMINEE,Systeme
1726,8,Changement liquide,Remplacement liquide de refroidissement,2025-10-30T10:00:00,2025-10-30T11:32:00,92,553.45,17,TERMINEE,Systeme
1727,1,Changement liquide,Remplacement liquide de refroidissement,2025-10-30T14:00:00,2025-10-30T14:42:00,42,236.23,40,TERMINEE,Systeme
1728,6,Changement huile,Remplacement huide hydraulique,2025-08-06T10:00:00,2025-08-06T11:17:00,77,359.3,21,TERMINEE,Systeme
1729,6,Changement liquide,Remplacement liquide de refroidissement,2025-08-27T13:00:00,2025-08-27T13:41:00,41,390.7,12,TERMINEE,Systeme
1730,1,Nettoyage,Nettoyage complet machine,2025-12-23T09:00:00,2025-12-23T09:38:00,38,64.16,28,TERMINEE,Systeme
1731,3,Corrective,Defaut electricite,2025-12-13T18:00:00,2025-12-13T20:59:00,179,1296.56,25,TERMINEE,Systeme
1732,4,Changement huile,Remplacement huide hydraulique,2026-03-15T15:00:00,2026-03-15T16:27:00,87,316.68,25,TERMINEE,Systeme
1733,4,Nettoyage,Nettoyage complet machine,2025-06-16T18:00:00,2025-06-16T18:42:00,42,98.73,42,TERMINEE,Systeme
1734,10,Alignement machine,Calibration axes,2026-08-16T06:00:00,2026-08-16T08:16:00,136,909.07,3,TERMINEE,Systeme
1735,10,Alignement machine,Alignement broche,2026-06-18T07:00:00,2026-06-18T08:51:00,111,504.64,39,TERMINEE,Systeme
1736,3,Nettoyage,Nettoyage complet machine,2025-11-05T10:00:00,2025-11-05T10:55:00,55,68.13,9,TERMINEE,Systeme
1737,1,Inspection,Controle metrologique,2026-05-10T14:00:00,2026-05-10T14:16:00,16,438.96,12,TERMINEE,Systeme
1738,7,Nettoyage,Depoussierage systeme,2025-12-04T15:00:00,2025-12-04T15:38:00,38,155.62,37,TERMINEE,Systeme
1739,6,Preventive,Controle periodique,2026-04-11T18:00:00,2026-04-11T19:19:00,79,311.14,39,TERMINEE,Systeme
1740,11,Changement liquide,Remplacement liquide de refroidissement,2026-04-30T10:00:00,2026-04-30T11:40:00,100,421.32,41,TERMINEE,Systeme
1741,3,Nettoyage,Depoussierage systeme,2025-12-20T16:00:00,2025-12-20T16:34:00,34,81.26,44,TERMINEE,Systeme
1742,10,Nettoyage,Depoussierage systeme,2026-10-16T18:00:00,2026-10-16T18:37:00,37,181.4,17,TERMINEE,Systeme
1743,2,Corrective,Probleme hydraulique,2025-08-10T17:00:00,2025-08-11T01:47:00,527,3668.27,7,TERMINEE,Systeme
1744,12,Corrective,Defaut capteur,2026-02-01T17:00:00,2026-02-02T02:32:00,572,3456.09,33,TERMINEE,Systeme
1745,11,Preventive,Maintenance preventive programmee,2025-03-17T10:00:00,2025-03-17T13:43:00,223,860.67,5,TERMINEE,Systeme
1746,5,Corrective,Probleme hydraulique,2025-04-14T06:00:00,2025-04-14T12:20:00,380,3171.57,11,TERMINEE,Systeme
1747,10,Corrective,Probleme hydraulique,2025-06-24T09:00:00,2025-06-24T18:17:00,557,2653.52,30,TERMINEE,Systeme
1748,7,Remplacement roulement,Changement roulement axe Z,2025-10-19T11:00:00,2025-10-19T13:06:00,126,2026.53,22,TERMINEE,Systeme
1749,5,Corrective,Probleme hydraulique,2026-11-06T14:00:00,2026-11-06T23:30:00,570,598.23,34,TERMINEE,Systeme
1750,12,Preventive,Maintenance preventive programmee,2026-08-21T15:00:00,2026-08-21T17:54:00,174,1453.8,12,TERMINEE,Systeme
1751,10,Changement huile,Vidange huile broche,2026-10-06T11:00:00,2026-10-06T12:05:00,65,331.73,42,TERMINEE,Systeme
1752,6,Corrective,Defaut electricite,2025-07-31T09:00:00,2025-07-31T15:42:00,402,4026.92,44,TERMINEE,Systeme
1753,2,Inspection,Verification geometrie,2026-09-01T13:00:00,2026-09-01T13:36:00,36,319.96,37,TERMINEE,Systeme
1754,7,Preventive,Controle periodique,2026-01-17T07:00:00,2026-01-17T09:30:00,150,951.71,4,TERMINEE,Systeme
1755,8,Preventive,Maintenance preventive programmee,2026-02-13T10:00:00,2026-02-13T13:52:00,232,661.48,35,TERMINEE,Systeme
1756,2,Nettoyage,Nettoyage complet machine,2025-05-09T08:00:00,2025-05-09T08:34:00,34,132.03,24,TERMINEE,Systeme
1757,8,Nettoyage,Depoussierage systeme,2026-01-23T12:00:00,2026-01-23T12:33:00,33,130.62,31,TERMINEE,Systeme
1758,8,Corrective,Defaut electricite,2025-02-18T12:00:00,2025-02-18T18:29:00,389,1843.76,31,TERMINEE,Systeme
1759,4,Preventive,Revision generale planifiee,2025-05-09T09:00:00,2025-05-09T12:19:00,199,1306.44,40,TERMINEE,Systeme
1760,5,Corrective,Panne servo-moteur,2025-11-14T17:00:00,2025-11-15T03:36:00,636,1726.24,23,TERMINEE,Systeme
1761,7,Corrective,Reparation broche,2026-02-15T07:00:00,2026-02-15T12:06:00,306,2702.11,32,TERMINEE,Systeme
1762,12,Preventive,Maintenance preventive programmee,2025-04-18T18:00:00,2025-04-18T19:54:00,114,485.92,42,TERMINEE,Systeme
1763,9,Preventive,Controle periodique,2026-01-17T07:00:00,2026-01-17T10:30:00,210,1042.4,43,TERMINEE,Systeme
1764,5,Remplacement roulement,Remplacement roulement broche,2025-03-08T13:00:00,2025-03-08T16:17:00,197,1769.02,20,TERMINEE,Systeme
1765,4,Nettoyage,Depoussierage systeme,2025-12-12T18:00:00,2025-12-12T18:54:00,54,120.1,33,TERMINEE,Systeme
1766,3,Changement huile,Remplacement huide hydraulique,2026-05-22T14:00:00,2026-05-22T15:30:00,90,373.89,33,TERMINEE,Systeme
1767,10,Remplacement roulement,Remplacement roulement broche,2025-04-09T18:00:00,2025-04-09T22:09:00,249,1550.49,28,TERMINEE,Systeme
1768,5,Preventive,Maintenance preventive programmee,2026-11-11T15:00:00,2026-11-11T16:24:00,84,1009.97,19,TERMINEE,Systeme
1769,4,Corrective,Defaut capteur,2026-10-07T13:00:00,2026-10-08T00:15:00,675,4232.04,24,TERMINEE,Systeme
1770,11,Alignement machine,Alignement broche,2026-01-15T15:00:00,2026-01-15T17:25:00,145,623.32,26,TERMINEE,Systeme
1771,10,Preventive,Controle periodique,2026-03-11T13:00:00,2026-03-11T14:00:00,60,337.68,17,TERMINEE,Systeme
1772,10,Preventive,Revision generale planifiee,2025-12-05T10:00:00,2025-12-05T13:33:00,213,681.05,11,TERMINEE,Systeme
1773,11,Corrective,Panne servo-moteur,2026-08-28T17:00:00,2026-08-28T22:40:00,340,2320.03,1,TERMINEE,Systeme
1774,12,Corrective,Defaut electricite,2026-03-12T13:00:00,2026-03-13T00:03:00,663,4717.94,26,TERMINEE,Systeme
1775,12,Nettoyage,Depoussierage systeme,2025-11-25T07:00:00,2025-11-25T07:36:00,36,142.32,3,TERMINEE,Systeme
1776,11,Corrective,Defaut capteur,2026-10-24T15:00:00,2026-10-24T21:18:00,378,1782.49,21,TERMINEE,Systeme
1777,3,Preventive,Maintenance preventive programmee,2026-04-23T07:00:00,2026-04-23T10:53:00,233,359.71,42,TERMINEE,Systeme
1778,5,Nettoyage,Nettoyage complet machine,2025-08-27T15:00:00,2025-08-27T15:45:00,45,90.14,35,TERMINEE,Systeme
1779,7,Changement liquide,Vidange circuit hydraulique,2026-04-20T12:00:00,2026-04-20T13:31:00,91,548.06,15,TERMINEE,Systeme
1780,11,Corrective,Probleme hydraulique,2026-01-01T13:00:00,2026-01-02T00:03:00,663,3582.72,18,TERMINEE,Systeme
1781,6,Preventive,Controle periodique,2025-07-13T15:00:00,2025-07-13T19:00:00,240,1097.42,22,TERMINEE,Systeme
1782,6,Nettoyage,Depoussierage systeme,2025-03-08T08:00:00,2025-03-08T08:56:00,56,105.76,14,TERMINEE,Systeme
1783,5,Corrective,Reparation broche,2025-08-19T13:00:00,2025-08-19T15:26:00,146,4035.25,38,TERMINEE,Systeme
1784,9,Alignement machine,Calibration axes,2026-10-13T16:00:00,2026-10-13T18:25:00,145,1182.6,10,TERMINEE,Systeme
1785,6,Alignement machine,Alignement broche,2026-06-19T16:00:00,2026-06-19T17:50:00,110,514.9,33,TERMINEE,Systeme
1786,1,Inspection,Controle metrologique,2025-04-19T13:00:00,2025-04-19T13:36:00,36,229.8,30,TERMINEE,Systeme
1787,12,Corrective,Defaut capteur,2025-04-25T18:00:00,2025-04-26T04:05:00,605,4721.32,19,TERMINEE,Systeme
1788,6,Corrective,Reparation broche,2026-07-15T11:00:00,2026-07-15T21:27:00,627,1292.48,22,TERMINEE,Systeme
1789,6,Preventive,Maintenance preventive programmee,2026-11-07T15:00:00,2026-11-07T17:14:00,134,602.52,15,TERMINEE,Systeme
1790,7,Inspection,Controle metrologique,2025-01-18T14:00:00,2025-01-18T14:44:00,44,435.46,8,TERMINEE,Systeme
1791,10,Remplacement roulement,Changement roulement axe Z,2025-01-21T15:00:00,2025-01-21T20:00:00,300,2569.6,27,TERMINEE,Systeme
1792,9,Corrective,Defaut electricite,2026-07-19T08:00:00,2026-07-19T16:40:00,520,4506.8,42,TERMINEE,Systeme
1793,4,Remplacement roulement,Remplacement roulement broche,2025-01-10T09:00:00,2025-01-10T11:48:00,168,1096.64,39,TERMINEE,Systeme
1794,2,Preventive,Revision generale planifiee,2025-03-06T15:00:00,2025-03-06T18:13:00,193,627.89,27,TERMINEE,Systeme
1795,5,Inspection,Controle metrologique,2026-01-26T14:00:00,2026-01-26T14:15:00,15,302.98,6,TERMINEE,Systeme
1796,9,Preventive,Maintenance preventive programmee,2025-02-23T18:00:00,2025-02-23T21:21:00,201,424.87,1,TERMINEE,Systeme
1797,3,Changement huile,Vidange huile broche,2025-08-17T07:00:00,2025-08-17T08:00:00,60,203.92,17,TERMINEE,Systeme
1798,10,Corrective,Panne servo-moteur,2026-02-23T15:00:00,2026-02-23T19:53:00,293,4680.97,32,TERMINEE,Systeme
1799,7,Changement huile,Remplacement huide hydraulique,2025-05-16T15:00:00,2025-05-16T15:45:00,45,284.33,42,TERMINEE,Systeme
1800,12,Alignement machine,Calibration axes,2026-01-11T15:00:00,2026-01-11T16:35:00,95,760.1,29,TERMINEE,Systeme
1801,8,Preventive,Revision generale planifiee,2025-09-07T13:00:00,2025-09-07T15:54:00,174,1295.56,40,TERMINEE,Systeme
1802,7,Remplacement roulement,Changement roulement axe Z,2026-08-19T10:00:00,2026-08-19T13:26:00,206,1181.0,19,TERMINEE,Systeme
1803,8,Remplacement roulement,Remplacement roulement broche,2026-04-22T09:00:00,2026-04-22T12:11:00,191,1885.69,40,TERMINEE,Systeme
1804,12,Changement huile,Remplacement huide hydraulique,2025-08-06T07:00:00,2025-08-06T07:54:00,54,280.48,7,TERMINEE,Systeme
1805,10,Corrective,Defaut capteur,2025-08-24T13:00:00,2025-08-24T18:49:00,349,1990.81,24,TERMINEE,Systeme
1806,3,Inspection,Verification geometrie,2026-01-29T16:00:00,2026-01-29T16:17:00,17,298.33,32,TERMINEE,Systeme
1807,1,Preventive,Revision generale planifiee,2026-07-02T06:00:00,2026-07-02T07:53:00,113,1390.03,8,TERMINEE,Systeme
1808,6,Preventive,Controle periodique,2025-08-26T06:00:00,2025-08-26T09:25:00,205,1018.94,38,TERMINEE,Systeme
1809,11,Preventive,Controle periodique,2025-07-13T07:00:00,2025-07-13T09:28:00,148,837.1,35,TERMINEE,Systeme
1810,12,Alignement machine,Calibration axes,2026-02-20T08:00:00,2026-02-20T10:56:00,176,836.67,37,TERMINEE,Systeme
1811,5,Nettoyage,Depoussierage systeme,2025-07-30T10:00:00,2025-07-30T10:33:00,33,191.39,2,TERMINEE,Systeme
1812,8,Preventive,Controle periodique,2025-12-04T12:00:00,2025-12-04T14:02:00,122,210.01,31,TERMINEE,Systeme
1813,8,Remplacement roulement,Changement roulement axe Z,2025-05-07T09:00:00,2025-05-07T11:27:00,147,1637.86,21,TERMINEE,Systeme
1814,12,Remplacement roulement,Changement roulement axe Z,2026-02-20T16:00:00,2026-02-20T18:37:00,157,2690.7,1,TERMINEE,Systeme
1815,12,Changement huile,Remplacement huide hydraulique,2025-07-10T12:00:00,2025-07-10T12:44:00,44,342.02,31,TERMINEE,Systeme
1816,6,Preventive,Revision generale planifiee,2026-10-30T15:00:00,2026-10-30T17:59:00,179,1358.17,34,TERMINEE,Systeme
1817,6,Changement huile,Remplacement huide hydraulique,2026-08-18T12:00:00,2026-08-18T12:32:00,32,267.89,41,TERMINEE,Systeme
1818,9,Changement huile,Vidange huile broche,2025-07-25T14:00:00,2025-07-25T15:23:00,83,379.72,23,TERMINEE,Systeme
1819,12,Preventive,Maintenance preventive programmee,2026-06-24T14:00:00,2026-06-24T15:42:00,102,995.87,7,TERMINEE,Systeme
1820,10,Changement huile,Remplacement huide hydraulique,2025-07-21T10:00:00,2025-07-21T10:56:00,56,399.03,13,TERMINEE,Systeme
1821,5,Nettoyage,Nettoyage complet machine,2025-12-30T15:00:00,2025-12-30T15:43:00,43,141.52,25,TERMINEE,Systeme
1822,7,Preventive,Maintenance preventive programmee,2025-01-01T16:00:00,2025-01-01T18:35:00,155,804.24,9,TERMINEE,Systeme
1823,5,Remplacement roulement,Remplacement roulement broche,2026-07-14T10:00:00,2026-07-14T12:31:00,151,1858.13,15,TERMINEE,Systeme
1824,12,Preventive,Controle periodique,2026-06-03T08:00:00,2026-06-03T12:00:00,240,682.85,13,TERMINEE,Systeme
1825,5,Changement huile,Remplacement huide hydraulique,2025-11-10T13:00:00,2025-11-10T14:17:00,77,151.36,28,TERMINEE,Systeme
1826,2,Preventive,Controle periodique,2026-01-01T18:00:00,2026-01-01T19:21:00,81,1052.59,42,TERMINEE,Systeme
1827,8,Alignement machine,Calibration axes,2025-05-11T07:00:00,2025-05-11T09:55:00,175,748.69,10,TERMINEE,Systeme
1828,5,Nettoyage,Depoussierage systeme,2025-07-30T11:00:00,2025-07-30T11:44:00,44,161.25,10,TERMINEE,Systeme
1829,1,Nettoyage,Nettoyage complet machine,2025-04-10T09:00:00,2025-04-10T09:21:00,21,113.36,39,TERMINEE,Systeme
1830,12,Changement liquide,Remplacement liquide de refroidissement,2025-01-21T11:00:00,2025-01-21T11:55:00,55,384.36,15,TERMINEE,Systeme
1831,5,Preventive,Revision generale planifiee,2025-03-16T16:00:00,2025-03-16T18:48:00,168,755.35,9,TERMINEE,Systeme
1832,11,Changement huile,Vidange huile broche,2025-03-17T18:00:00,2025-03-17T18:47:00,47,261.7,23,TERMINEE,Systeme
1833,6,Corrective,Probleme hydraulique,2026-11-05T09:00:00,2026-11-05T12:36:00,216,1279.42,33,TERMINEE,Systeme
1834,6,Changement liquide,Remplacement liquide de refroidissement,2026-12-02T16:00:00,2026-12-02T17:00:00,60,262.23,18,TERMINEE,Systeme
1835,12,Nettoyage,Nettoyage complet machine,2025-03-10T11:00:00,2025-03-10T11:31:00,31,182.59,27,TERMINEE,Systeme
1836,9,Changement huile,Vidange huile broche,2025-02-27T11:00:00,2025-02-27T12:16:00,76,321.83,13,TERMINEE,Systeme
1837,2,Preventive,Maintenance preventive programmee,2026-04-26T16:00:00,2026-04-26T17:39:00,99,429.01,34,TERMINEE,Systeme
1838,12,Preventive,Revision generale planifiee,2026-09-26T14:00:00,2026-09-26T15:39:00,99,1161.89,39,TERMINEE,Systeme
1839,6,Preventive,Maintenance preventive programmee,2026-03-27T15:00:00,2026-03-27T17:54:00,174,312.07,31,TERMINEE,Systeme
1840,3,Changement huile,Vidange huile broche,2025-05-03T13:00:00,2025-05-03T14:29:00,89,182.92,27,TERMINEE,Systeme
1841,1,Corrective,Panne servo-moteur,2026-09-08T12:00:00,2026-09-08T20:31:00,511,560.83,25,TERMINEE,Systeme
1842,11,Corrective,Defaut capteur,2026-05-26T17:00:00,2026-05-26T19:49:00,169,4154.71,26,TERMINEE,Systeme
1843,6,Inspection,Controle metrologique,2026-07-12T17:00:00,2026-07-12T17:41:00,41,264.87,33,TERMINEE,Systeme
1844,1,Inspection,Inspection visuelle,2026-09-02T08:00:00,2026-09-02T08:42:00,42,362.55,35,TERMINEE,Systeme
1845,11,Changement liquide,Remplacement liquide de refroidissement,2025-05-01T12:00:00,2025-05-01T13:43:00,103,522.9,13,TERMINEE,Systeme
1846,10,Corrective,Panne servo-moteur,2025-08-26T13:00:00,2025-08-26T18:33:00,333,562.6,22,TERMINEE,Systeme
1847,8,Corrective,Probleme hydraulique,2025-10-01T14:00:00,2025-10-01T23:45:00,585,1743.2,11,TERMINEE,Systeme
1848,7,Preventive,Revision generale planifiee,2026-10-29T16:00:00,2026-10-29T18:08:00,128,933.19,30,TERMINEE,Systeme
1849,4,Nettoyage,Nettoyage complet machine,2026-08-11T15:00:00,2026-08-11T15:49:00,49,79.37,27,TERMINEE,Systeme
1850,6,Changement huile,Vidange huile broche,2026-02-25T18:00:00,2026-02-25T18:41:00,41,295.77,27,TERMINEE,Systeme
1851,7,Nettoyage,Nettoyage complet machine,2026-11-23T14:00:00,2026-11-23T14:32:00,32,88.17,12,TERMINEE,Systeme
1852,9,Changement huile,Vidange huile broche,2026-08-14T13:00:00,2026-08-14T13:32:00,32,398.38,38,TERMINEE,Systeme
1853,3,Changement huile,Remplacement huide hydraulique,2025-04-20T13:00:00,2025-04-20T13:48:00,48,178.79,28,TERMINEE,Systeme
1854,2,Changement huile,Vidange huile broche,2026-05-12T13:00:00,2026-05-12T14:24:00,84,262.17,35,TERMINEE,Systeme
1855,7,Nettoyage,Depoussierage systeme,2026-11-22T17:00:00,2026-11-22T17:38:00,38,165.03,33,TERMINEE,Systeme
1856,1,Preventive,Maintenance preventive programmee,2025-09-03T12:00:00,2025-09-03T13:48:00,108,768.64,6,TERMINEE,Systeme
1857,3,Corrective,Panne servo-moteur,2025-11-30T13:00:00,2025-11-30T20:09:00,429,2914.96,26,TERMINEE,Systeme
1858,6,Alignement machine,Calibration axes,2026-11-20T06:00:00,2026-11-20T07:21:00,81,1086.55,33,TERMINEE,Systeme
1859,5,Preventive,Controle periodique,2025-10-08T06:00:00,2025-10-08T08:07:00,127,890.42,4,TERMINEE,Systeme
1860,2,Alignement machine,Alignement broche,2026-09-07T18:00:00,2026-09-07T19:37:00,97,965.54,17,TERMINEE,Systeme
1861,11,Preventive,Revision generale planifiee,2026-07-07T12:00:00,2026-07-07T13:37:00,97,1287.41,37,TERMINEE,Systeme
1862,12,Alignement machine,Alignement broche,2025-04-23T07:00:00,2025-04-23T09:47:00,167,799.27,22,TERMINEE,Systeme
1863,4,Corrective,Probleme hydraulique,2026-08-14T13:00:00,2026-08-14T17:08:00,248,3114.5,13,TERMINEE,Systeme
1864,3,Nettoyage,Depoussierage systeme,2025-03-31T07:00:00,2025-03-31T07:28:00,28,122.12,33,TERMINEE,Systeme
1865,11,Corrective,Reparation broche,2025-05-17T14:00:00,2025-05-17T21:56:00,476,4292.98,42,TERMINEE,Systeme
1866,12,Alignement machine,Alignement broche,2026-11-16T07:00:00,2026-11-16T08:45:00,105,1104.41,20,TERMINEE,Systeme
1867,6,Corrective,Probleme hydraulique,2026-03-10T13:00:00,2026-03-10T15:37:00,157,860.81,14,TERMINEE,Systeme
1868,7,Changement huile,Remplacement huide hydraulique,2025-02-12T06:00:00,2025-02-12T07:06:00,66,100.33,33,TERMINEE,Systeme
1869,4,Inspection,Controle metrologique,2025-07-07T08:00:00,2025-07-07T08:36:00,36,232.31,24,TERMINEE,Systeme
1870,2,Preventive,Maintenance preventive programmee,2025-04-04T17:00:00,2025-04-04T19:53:00,173,1031.08,21,TERMINEE,Systeme
1871,3,Changement huile,Remplacement huide hydraulique,2025-05-17T10:00:00,2025-05-17T11:16:00,76,253.23,42,TERMINEE,Systeme
1872,3,Alignement machine,Calibration axes,2025-02-17T14:00:00,2025-02-17T15:51:00,111,375.51,45,TERMINEE,Systeme
1873,2,Inspection,Inspection visuelle,2025-05-03T09:00:00,2025-05-03T09:41:00,41,428.24,10,TERMINEE,Systeme
1874,8,Inspection,Verification geometrie,2025-11-30T10:00:00,2025-11-30T10:34:00,34,416.07,39,TERMINEE,Systeme
1875,2,Remplacement roulement,Remplacement roulement broche,2026-01-19T17:00:00,2026-01-19T20:56:00,236,2300.43,15,TERMINEE,Systeme
1876,12,Corrective,Defaut capteur,2025-11-24T08:00:00,2025-11-24T19:16:00,676,582.11,35,TERMINEE,Systeme
1877,1,Preventive,Revision generale planifiee,2025-04-24T16:00:00,2025-04-24T18:51:00,171,744.4,39,TERMINEE,Systeme
1878,11,Nettoyage,Depoussierage systeme,2026-12-01T18:00:00,2026-12-01T18:39:00,39,88.09,31,TERMINEE,Systeme
1879,3,Changement huile,Remplacement huide hydraulique,2026-06-02T12:00:00,2026-06-02T12:54:00,54,179.33,30,TERMINEE,Systeme
1880,1,Nettoyage,Depoussierage systeme,2025-09-17T08:00:00,2025-09-17T08:38:00,38,137.14,41,TERMINEE,Systeme
1881,7,Preventive,Revision generale planifiee,2025-10-05T17:00:00,2025-10-05T19:44:00,164,464.96,21,TERMINEE,Systeme
1882,10,Preventive,Maintenance preventive programmee,2025-07-26T14:00:00,2025-07-26T16:31:00,151,472.64,20,TERMINEE,Systeme
1883,3,Changement huile,Remplacement huide hydraulique,2026-11-20T15:00:00,2026-11-20T15:50:00,50,358.99,17,TERMINEE,Systeme
1884,4,Nettoyage,Nettoyage complet machine,2026-02-08T13:00:00,2026-02-08T13:20:00,20,129.35,44,TERMINEE,Systeme
1885,7,Remplacement roulement,Changement roulement axe Z,2025-02-06T13:00:00,2025-02-06T16:15:00,195,2891.71,22,TERMINEE,Systeme
1886,3,Preventive,Revision generale planifiee,2026-08-11T12:00:00,2026-08-11T13:31:00,91,1262.88,17,TERMINEE,Systeme
1887,12,Preventive,Revision generale planifiee,2026-09-10T18:00:00,2026-09-10T20:25:00,145,643.75,37,TERMINEE,Systeme
1888,12,Changement huile,Remplacement huide hydraulique,2026-03-02T06:00:00,2026-03-02T07:18:00,78,389.41,45,TERMINEE,Systeme
1889,12,Changement liquide,Vidange circuit hydraulique,2025-01-26T12:00:00,2025-01-26T13:50:00,110,222.87,24,TERMINEE,Systeme
1890,3,Preventive,Controle periodique,2025-09-19T11:00:00,2025-09-19T13:51:00,171,941.69,42,TERMINEE,Systeme
1891,12,Preventive,Controle periodique,2026-08-17T06:00:00,2026-08-17T08:51:00,171,1454.46,36,TERMINEE,Systeme
1892,3,Nettoyage,Depoussierage systeme,2026-01-27T18:00:00,2026-01-27T18:28:00,28,167.47,33,TERMINEE,Systeme
1893,1,Changement liquide,Vidange circuit hydraulique,2025-01-05T16:00:00,2025-01-05T17:30:00,90,301.06,17,TERMINEE,Systeme
1894,2,Changement liquide,Vidange circuit hydraulique,2026-07-25T17:00:00,2026-07-25T19:00:00,120,388.43,18,TERMINEE,Systeme
1895,8,Nettoyage,Depoussierage systeme,2025-04-21T11:00:00,2025-04-21T11:28:00,28,80.99,1,TERMINEE,Systeme
1896,6,Preventive,Revision generale planifiee,2026-07-11T07:00:00,2026-07-11T10:02:00,182,241.39,27,TERMINEE,Systeme
1897,11,Corrective,Reparation broche,2025-09-25T08:00:00,2025-09-25T14:49:00,409,2415.82,20,TERMINEE,Systeme
1898,9,Preventive,Maintenance preventive programmee,2026-03-25T15:00:00,2026-03-25T18:43:00,223,1137.51,2,TERMINEE,Systeme
1899,4,Changement liquide,Vidange circuit hydraulique,2025-04-09T14:00:00,2025-04-09T15:26:00,86,526.36,33,TERMINEE,Systeme
1900,11,Nettoyage,Depoussierage systeme,2026-03-02T15:00:00,2026-03-02T15:34:00,34,183.91,26,TERMINEE,Systeme
1901,10,Preventive,Revision generale planifiee,2026-03-14T08:00:00,2026-03-14T10:47:00,167,1324.69,37,TERMINEE,Systeme
1902,8,Changement liquide,Remplacement liquide de refroidissement,2026-03-01T07:00:00,2026-03-01T07:44:00,44,553.16,6,TERMINEE,Systeme
1903,10,Preventive,Maintenance preventive programmee,2025-04-05T13:00:00,2025-04-05T14:53:00,113,1160.01,40,TERMINEE,Systeme
1904,12,Preventive,Controle periodique,2025-03-03T16:00:00,2025-03-03T18:55:00,175,1055.41,21,TERMINEE,Systeme
1905,7,Changement liquide,Vidange circuit hydraulique,2025-10-11T18:00:00,2025-10-11T18:49:00,49,307.79,44,TERMINEE,Systeme
1906,7,Preventive,Revision generale planifiee,2025-11-02T12:00:00,2025-11-02T13:30:00,90,778.09,33,TERMINEE,Systeme
1907,6,Preventive,Revision generale planifiee,2025-03-07T09:00:00,2025-03-07T11:24:00,144,1316.4,24,TERMINEE,Systeme
1908,7,Preventive,Controle periodique,2026-03-18T06:00:00,2026-03-18T08:37:00,157,1175.12,18,TERMINEE,Systeme
1909,6,Changement huile,Vidange huile broche,2025-09-08T13:00:00,2025-09-08T13:48:00,48,104.1,23,TERMINEE,Systeme
1910,12,Alignement machine,Alignement broche,2026-06-01T18:00:00,2026-06-01T20:32:00,152,361.75,24,TERMINEE,Systeme
1911,6,Corrective,Defaut electricite,2025-08-10T09:00:00,2025-08-10T18:50:00,590,2898.97,44,TERMINEE,Systeme
1912,9,Nettoyage,Depoussierage systeme,2026-11-16T06:00:00,2026-11-16T06:45:00,45,79.07,1,TERMINEE,Systeme
1913,11,Changement huile,Remplacement huide hydraulique,2025-09-10T11:00:00,2025-09-10T12:22:00,82,310.21,34,TERMINEE,Systeme
1914,1,Changement huile,Vidange huile broche,2026-03-19T10:00:00,2026-03-19T11:28:00,88,137.24,40,TERMINEE,Systeme
1915,12,Preventive,Controle periodique,2025-11-15T17:00:00,2025-11-15T19:51:00,171,1224.59,44,TERMINEE,Systeme
1916,1,Nettoyage,Depoussierage systeme,2026-10-19T09:00:00,2026-10-19T09:24:00,24,155.38,33,TERMINEE,Systeme
1917,1,Changement liquide,Vidange circuit hydraulique,2026-07-28T16:00:00,2026-07-28T17:42:00,102,421.59,30,TERMINEE,Systeme
1918,5,Remplacement roulement,Remplacement roulement broche,2025-12-23T11:00:00,2025-12-23T14:13:00,193,1498.98,39,TERMINEE,Systeme
1919,1,Changement liquide,Remplacement liquide de refroidissement,2026-10-20T06:00:00,2026-10-20T07:22:00,82,245.7,13,TERMINEE,Systeme
1920,4,Nettoyage,Depoussierage systeme,2025-02-03T09:00:00,2025-02-03T09:40:00,40,92.06,16,TERMINEE,Systeme
1921,11,Alignement machine,Alignement broche,2026-05-30T07:00:00,2026-05-30T09:09:00,129,689.53,38,TERMINEE,Systeme
1922,9,Nettoyage,Nettoyage complet machine,2025-06-30T14:00:00,2025-06-30T14:36:00,36,91.28,40,TERMINEE,Systeme
1923,12,Changement huile,Vidange huile broche,2026-03-01T17:00:00,2026-03-01T18:28:00,88,372.93,18,TERMINEE,Systeme
1924,11,Preventive,Maintenance preventive programmee,2025-02-14T13:00:00,2025-02-14T16:52:00,232,1349.56,41,TERMINEE,Systeme
1925,6,Inspection,Verification geometrie,2025-05-19T06:00:00,2025-05-19T06:22:00,22,299.03,24,TERMINEE,Systeme
1926,7,Changement liquide,Remplacement liquide de refroidissement,2026-07-07T11:00:00,2026-07-07T11:48:00,48,545.93,12,TERMINEE,Systeme
1927,6,Changement huile,Vidange huile broche,2026-04-04T14:00:00,2026-04-04T15:10:00,70,210.83,2,TERMINEE,Systeme
1928,5,Nettoyage,Nettoyage complet machine,2025-12-22T12:00:00,2025-12-22T12:59:00,59,143.45,13,TERMINEE,Systeme
1929,5,Alignement machine,Calibration axes,2026-01-02T11:00:00,2026-01-02T12:59:00,119,316.11,17,TERMINEE,Systeme
1930,7,Preventive,Maintenance preventive programmee,2026-11-04T09:00:00,2026-11-04T12:01:00,181,937.44,40,TERMINEE,Systeme
1931,9,Remplacement roulement,Changement roulement axe Z,2026-01-20T16:00:00,2026-01-20T20:21:00,261,2350.3,2,TERMINEE,Systeme
1932,6,Corrective,Panne servo-moteur,2026-09-26T15:00:00,2026-09-26T23:39:00,519,992.92,13,TERMINEE,Systeme
1933,8,Preventive,Maintenance preventive programmee,2026-07-15T10:00:00,2026-07-15T11:49:00,109,1227.15,20,TERMINEE,Systeme
1934,1,Alignement machine,Alignement broche,2026-09-01T15:00:00,2026-09-01T16:14:00,74,1165.01,8,TERMINEE,Systeme
1935,9,Alignement machine,Alignement broche,2025-03-16T17:00:00,2025-03-16T18:59:00,119,528.14,18,TERMINEE,Systeme
1936,2,Nettoyage,Depoussierage systeme,2026-05-04T06:00:00,2026-05-04T06:44:00,44,84.26,10,TERMINEE,Systeme
1937,8,Preventive,Maintenance preventive programmee,2026-11-06T18:00:00,2026-11-06T20:50:00,170,1042.08,34,TERMINEE,Systeme
1938,9,Inspection,Verification geometrie,2025-01-13T08:00:00,2025-01-13T08:41:00,41,210.0,14,TERMINEE,Systeme
1939,2,Preventive,Revision generale planifiee,2025-08-20T15:00:00,2025-08-20T17:19:00,139,415.51,26,TERMINEE,Systeme
1940,11,Remplacement roulement,Changement roulement axe Z,2026-06-21T07:00:00,2026-06-21T09:07:00,127,2865.36,17,TERMINEE,Systeme
1941,9,Preventive,Maintenance preventive programmee,2025-06-22T06:00:00,2025-06-22T08:07:00,127,837.32,9,TERMINEE,Systeme
1942,2,Preventive,Revision generale planifiee,2025-12-15T06:00:00,2025-12-15T08:58:00,178,200.73,5,TERMINEE,Systeme
1943,2,Preventive,Maintenance preventive programmee,2025-12-13T18:00:00,2025-12-13T20:47:00,167,242.05,3,TERMINEE,Systeme
1944,10,Remplacement roulement,Remplacement roulement broche,2025-11-10T16:00:00,2025-11-10T19:27:00,207,2437.94,31,TERMINEE,Systeme
1945,12,Remplacement roulement,Changement roulement axe Z,2025-03-04T06:00:00,2025-03-04T09:29:00,209,1093.86,5,TERMINEE,Systeme
1946,3,Preventive,Revision generale planifiee,2025-05-20T06:00:00,2025-05-20T08:58:00,178,364.01,32,TERMINEE,Systeme
1947,10,Corrective,Reparation broche,2025-07-02T16:00:00,2025-07-02T18:01:00,121,3059.72,10,TERMINEE,Systeme
1948,7,Changement huile,Vidange huile broche,2026-03-06T16:00:00,2026-03-06T16:49:00,49,273.1,41,TERMINEE,Systeme
1949,10,Remplacement roulement,Remplacement roulement broche,2026-04-18T07:00:00,2026-04-18T08:31:00,91,2315.65,18,TERMINEE,Systeme
1950,7,Remplacement roulement,Remplacement roulement broche,2026-04-08T14:00:00,2026-04-08T18:19:00,259,2711.92,24,TERMINEE,Systeme
1951,3,Corrective,Defaut capteur,2025-07-04T10:00:00,2025-07-04T16:18:00,378,3441.6,3,TERMINEE,Systeme
1952,9,Preventive,Controle periodique,2026-01-20T07:00:00,2026-01-20T08:53:00,113,380.85,45,TERMINEE,Systeme
1953,6,Corrective,Defaut electricite,2026-11-16T08:00:00,2026-11-16T14:35:00,395,3454.09,12,TERMINEE,Systeme
1954,5,Changement huile,Vidange huile broche,2026-08-27T10:00:00,2026-08-27T10:43:00,43,207.77,10,TERMINEE,Systeme
1955,2,Corrective,Defaut electricite,2026-11-05T10:00:00,2026-11-05T15:17:00,317,2697.52,42,TERMINEE,Systeme
1956,5,Changement huile,Remplacement huide hydraulique,2026-08-15T15:00:00,2026-08-15T16:08:00,68,371.41,15,TERMINEE,Systeme
1957,12,Remplacement roulement,Changement roulement axe Z,2026-02-24T13:00:00,2026-02-24T15:44:00,164,2074.8,18,TERMINEE,Systeme
1958,4,Nettoyage,Depoussierage systeme,2026-08-04T14:00:00,2026-08-04T14:49:00,49,88.92,13,TERMINEE,Systeme
1959,8,Preventive,Controle periodique,2025-10-27T18:00:00,2025-10-27T20:23:00,143,601.81,36,TERMINEE,Systeme
1960,2,Corrective,Panne servo-moteur,2026-03-19T11:00:00,2026-03-19T18:46:00,466,3327.36,25,TERMINEE,Systeme
1961,2,Preventive,Revision generale planifiee,2025-06-10T09:00:00,2025-06-10T12:59:00,239,1314.44,42,TERMINEE,Systeme
1962,4,Nettoyage,Depoussierage systeme,2025-11-22T16:00:00,2025-11-22T16:37:00,37,189.74,22,TERMINEE,Systeme
1963,3,Changement huile,Remplacement huide hydraulique,2025-04-28T06:00:00,2025-04-28T07:20:00,80,266.35,44,TERMINEE,Systeme
1964,6,Changement huile,Remplacement huide hydraulique,2025-09-22T17:00:00,2025-09-22T17:56:00,56,258.93,3,TERMINEE,Systeme
1965,10,Alignement machine,Alignement broche,2025-05-04T13:00:00,2025-05-04T15:43:00,163,604.66,1,TERMINEE,Systeme
1966,10,Preventive,Controle periodique,2026-03-28T14:00:00,2026-03-28T16:24:00,144,773.57,45,TERMINEE,Systeme
1967,3,Preventive,Revision generale planifiee,2026-10-19T16:00:00,2026-10-19T18:02:00,122,644.21,43,TERMINEE,Systeme
1968,1,Nettoyage,Nettoyage complet machine,2025-05-07T11:00:00,2025-05-07T11:57:00,57,99.49,18,TERMINEE,Systeme
1969,2,Changement liquide,Remplacement liquide de refroidissement,2026-03-17T18:00:00,2026-03-17T18:44:00,44,348.69,39,TERMINEE,Systeme
1970,11,Changement huile,Remplacement huide hydraulique,2026-02-22T09:00:00,2026-02-22T10:25:00,85,304.76,17,TERMINEE,Systeme
1971,10,Nettoyage,Depoussierage systeme,2026-09-28T12:00:00,2026-09-28T12:37:00,37,179.7,14,TERMINEE,Systeme
1972,1,Changement huile,Vidange huile broche,2025-03-04T15:00:00,2025-03-04T15:42:00,42,364.67,30,TERMINEE,Systeme
1973,2,Preventive,Controle periodique,2025-10-21T06:00:00,2025-10-21T07:59:00,119,786.92,13,TERMINEE,Systeme
1974,9,Inspection,Inspection visuelle,2025-02-10T16:00:00,2025-02-10T16:21:00,21,488.34,45,TERMINEE,Systeme
1975,4,Changement liquide,Remplacement liquide de refroidissement,2026-03-01T18:00:00,2026-03-01T19:49:00,109,544.09,15,TERMINEE,Systeme
1976,5,Changement huile,Remplacement huide hydraulique,2025-08-13T14:00:00,2025-08-13T15:11:00,71,295.61,21,TERMINEE,Systeme
1977,5,Changement huile,Vidange huile broche,2025-04-19T15:00:00,2025-04-19T15:38:00,38,374.47,23,TERMINEE,Systeme
1978,7,Changement huile,Vidange huile broche,2025-09-11T08:00:00,2025-09-11T09:07:00,67,169.82,18,TERMINEE,Systeme
1979,7,Corrective,Reparation broche,2025-06-30T10:00:00,2025-06-30T16:31:00,391,4783.22,9,TERMINEE,Systeme
1980,8,Changement liquide,Vidange circuit hydraulique,2026-05-29T18:00:00,2026-05-29T19:54:00,114,320.15,40,TERMINEE,Systeme
1981,11,Remplacement roulement,Changement roulement axe Z,2026-02-11T09:00:00,2026-02-11T13:50:00,290,1870.4,17,TERMINEE,Systeme
1982,1,Inspection,Controle metrologique,2025-09-05T16:00:00,2025-09-05T16:41:00,41,349.95,16,TERMINEE,Systeme
1983,12,Nettoyage,Depoussierage systeme,2026-03-12T13:00:00,2026-03-12T13:26:00,26,157.49,42,TERMINEE,Systeme
1984,11,Nettoyage,Depoussierage systeme,2026-04-09T14:00:00,2026-04-09T14:47:00,47,121.23,14,TERMINEE,Systeme
1985,1,Preventive,Controle periodique,2025-05-29T08:00:00,2025-05-29T10:53:00,173,241.75,17,TERMINEE,Systeme
1986,4,Alignement machine,Alignement broche,2025-01-04T12:00:00,2025-01-04T13:42:00,102,1026.31,10,TERMINEE,Systeme
1987,3,Corrective,Panne servo-moteur,2026-02-09T12:00:00,2026-02-09T22:59:00,659,1678.94,25,TERMINEE,Systeme
1988,11,Inspection,Verification geometrie,2026-11-14T11:00:00,2026-11-14T11:37:00,37,367.08,39,TERMINEE,Systeme
1989,12,Nettoyage,Nettoyage complet machine,2025-09-05T08:00:00,2025-09-05T08:46:00,46,152.89,2,TERMINEE,Systeme
1990,7,Nettoyage,Nettoyage complet machine,2025-03-16T06:00:00,2025-03-16T06:58:00,58,110.92,44,TERMINEE,Systeme
1991,11,Nettoyage,Depoussierage systeme,2025-12-30T08:00:00,2025-12-30T08:28:00,28,185.05,45,TERMINEE,Systeme
1992,3,Changement huile,Remplacement huide hydraulique,2026-07-03T12:00:00,2026-07-03T12:54:00,54,144.65,9,TERMINEE,Systeme
1993,11,Nettoyage,Nettoyage complet machine,2025-09-29T13:00:00,2025-09-29T13:45:00,45,106.02,19,TERMINEE,Systeme
1994,3,Changement liquide,Remplacement liquide de refroidissement,2025-04-08T14:00:00,2025-04-08T14:49:00,49,576.48,30,TERMINEE,Systeme
1995,7,Preventive,Maintenance preventive programmee,2025-02-07T09:00:00,2025-02-07T10:13:00,73,676.13,43,TERMINEE,Systeme
1996,7,Preventive,Revision generale planifiee,2026-08-05T06:00:00,2026-08-05T07:31:00,91,602.92,42,TERMINEE,Systeme
1997,7,Preventive,Controle periodique,2025-06-09T07:00:00,2025-06-09T08:31:00,91,1150.76,22,TERMINEE,Systeme
1998,2,Changement huile,Remplacement huide hydraulique,2026-05-02T12:00:00,2026-05-02T13:25:00,85,268.2,42,TERMINEE,Systeme
1999,9,Preventive,Revision generale planifiee,2026-06-25T17:00:00,2026-06-25T19:59:00,179,239.71,8,TERMINEE,Systeme
2000,4,Preventive,Maintenance preventive programmee,2026-07-13T11:00:00,2026-07-13T12:26:00,86,588.12,12,TERMINEE,Systeme
2001,8,Alignement machine,Alignement broche,2026-03-28T06:00:00,2026-03-28T08:24:00,144,409.26,38,TERMINEE,Systeme
2002,7,Alignement machine,Alignement broche,2025-07-14T18:00:00,2025-07-14T20:28:00,148,777.42,26,TERMINEE,Systeme
2003,6,Corrective,Probleme hydraulique,2025-12-04T11:00:00,2025-12-04T20:09:00,549,1082.92,13,TERMINEE,Systeme
2004,10,Nettoyage,Depoussierage systeme,2026-09-12T18:00:00,2026-09-12T18:41:00,41,140.06,14,TERMINEE,Systeme
2005,4,Changement huile,Vidange huile broche,2026-02-14T07:00:00,2026-02-14T08:12:00,72,355.04,40,TERMINEE,Systeme
2006,2,Inspection,Verification geometrie,2026-01-28T12:00:00,2026-01-28T12:37:00,37,455.23,37,TERMINEE,Systeme
2007,11,Preventive,Maintenance preventive programmee,2025-02-02T17:00:00,2025-02-02T18:32:00,92,686.12,11,TERMINEE,Systeme
2008,8,Changement huile,Remplacement huide hydraulique,2025-12-25T11:00:00,2025-12-25T12:03:00,63,224.74,17,TERMINEE,Systeme
2009,12,Nettoyage,Depoussierage systeme,2025-08-30T14:00:00,2025-08-30T14:39:00,39,199.14,25,TERMINEE,Systeme
2010,12,Remplacement roulement,Remplacement roulement broche,2025-08-08T12:00:00,2025-08-08T16:06:00,246,892.08,27,TERMINEE,Systeme
2011,1,Preventive,Revision generale planifiee,2025-02-26T07:00:00,2025-02-26T08:38:00,98,795.5,44,TERMINEE,Systeme
2012,3,Corrective,Defaut electricite,2026-04-22T11:00:00,2026-04-22T21:15:00,615,3233.39,43,TERMINEE,Systeme
2013,12,Preventive,Revision generale planifiee,2026-07-01T13:00:00,2026-07-01T16:34:00,214,933.13,4,TERMINEE,Systeme
2014,1,Changement huile,Remplacement huide hydraulique,2025-05-24T09:00:00,2025-05-24T10:06:00,66,367.69,36,TERMINEE,Systeme
2015,2,Inspection,Inspection visuelle,2026-07-10T17:00:00,2026-07-10T17:29:00,29,272.5,16,TERMINEE,Systeme
2016,4,Nettoyage,Nettoyage complet machine,2025-04-13T18:00:00,2025-04-13T18:56:00,56,115.67,1,TERMINEE,Systeme
2017,8,Inspection,Controle metrologique,2025-05-10T09:00:00,2025-05-10T09:24:00,24,141.4,35,TERMINEE,Systeme
2018,7,Changement huile,Vidange huile broche,2026-09-26T08:00:00,2026-09-26T08:40:00,40,157.0,28,TERMINEE,Systeme
2019,11,Inspection,Controle metrologique,2025-05-24T11:00:00,2025-05-24T11:44:00,44,200.97,1,TERMINEE,Systeme
2020,7,Preventive,Maintenance preventive programmee,2025-09-02T09:00:00,2025-09-02T11:23:00,143,422.01,45,TERMINEE,Systeme
2021,4,Preventive,Controle periodique,2026-03-01T09:00:00,2026-03-01T10:44:00,104,1233.67,18,TERMINEE,Systeme
2022,1,Preventive,Revision generale planifiee,2026-03-21T12:00:00,2026-03-21T14:17:00,137,313.73,18,TERMINEE,Systeme
2023,3,Alignement machine,Calibration axes,2026-02-14T12:00:00,2026-02-14T13:41:00,101,505.18,24,TERMINEE,Systeme
2024,1,Changement huile,Remplacement huide hydraulique,2025-09-06T10:00:00,2025-09-06T11:01:00,61,278.27,4,TERMINEE,Systeme
2025,4,Preventive,Maintenance preventive programmee,2025-04-15T11:00:00,2025-04-15T13:52:00,172,799.23,24,TERMINEE,Systeme
2026,8,Changement huile,Remplacement huide hydraulique,2025-04-27T07:00:00,2025-04-27T08:10:00,70,223.81,23,TERMINEE,Systeme
2027,7,Corrective,Reparation broche,2026-02-16T17:00:00,2026-02-17T03:16:00,616,3820.96,21,TERMINEE,Systeme
2028,1,Alignement machine,Alignement broche,2026-11-08T11:00:00,2026-11-08T12:18:00,78,420.34,16,TERMINEE,Systeme
2029,1,Preventive,Revision generale planifiee,2025-07-23T17:00:00,2025-07-23T19:54:00,174,1036.71,15,TERMINEE,Systeme
2030,8,Preventive,Controle periodique,2026-01-01T10:00:00,2026-01-01T13:22:00,202,1190.0,21,TERMINEE,Systeme
2031,7,Remplacement roulement,Remplacement roulement broche,2026-01-17T10:00:00,2026-01-17T12:20:00,140,2923.42,28,TERMINEE,Systeme
2032,1,Corrective,Probleme hydraulique,2026-07-26T07:00:00,2026-07-26T10:05:00,185,1934.75,19,TERMINEE,Systeme
2033,1,Corrective,Defaut capteur,2026-03-02T10:00:00,2026-03-02T20:00:00,600,1404.04,5,TERMINEE,Systeme
2034,5,Alignement machine,Alignement broche,2026-10-04T15:00:00,2026-10-04T17:01:00,121,340.35,26,TERMINEE,Systeme
2035,9,Preventive,Revision generale planifiee,2025-12-15T18:00:00,2025-12-15T19:20:00,80,953.06,8,TERMINEE,Systeme
2036,10,Corrective,Reparation broche,2026-04-25T15:00:00,2026-04-26T02:47:00,707,4050.75,41,TERMINEE,Systeme
2037,8,Changement liquide,Remplacement liquide de refroidissement,2026-08-11T06:00:00,2026-08-11T06:57:00,57,480.03,37,TERMINEE,Systeme
2038,2,Changement huile,Remplacement huide hydraulique,2026-03-12T11:00:00,2026-03-12T12:30:00,90,142.45,1,TERMINEE,Systeme
2039,10,Corrective,Panne servo-moteur,2026-05-25T16:00:00,2026-05-25T20:30:00,270,1484.03,24,TERMINEE,Systeme
2040,6,Changement huile,Remplacement huide hydraulique,2026-02-05T08:00:00,2026-02-05T09:28:00,88,129.68,16,TERMINEE,Systeme
2041,7,Nettoyage,Depoussierage systeme,2026-08-23T16:00:00,2026-08-23T16:24:00,24,121.45,5,TERMINEE,Systeme
2042,12,Preventive,Revision generale planifiee,2025-03-20T08:00:00,2025-03-20T09:30:00,90,513.9,25,TERMINEE,Systeme
2043,2,Preventive,Maintenance preventive programmee,2026-08-19T12:00:00,2026-08-19T13:45:00,105,1110.55,43,TERMINEE,Systeme
2044,11,Preventive,Revision generale planifiee,2026-11-25T18:00:00,2026-11-25T20:32:00,152,297.85,37,TERMINEE,Systeme
2045,9,Changement huile,Vidange huile broche,2025-06-14T17:00:00,2025-06-14T17:54:00,54,381.03,30,TERMINEE,Systeme
2046,5,Preventive,Revision generale planifiee,2026-11-11T08:00:00,2026-11-11T11:43:00,223,327.03,30,TERMINEE,Systeme
2047,1,Changement huile,Vidange huile broche,2025-02-11T09:00:00,2025-02-11T10:07:00,67,283.67,6,TERMINEE,Systeme
2048,6,Corrective,Panne servo-moteur,2025-12-25T12:00:00,2025-12-25T21:05:00,545,2941.1,1,TERMINEE,Systeme
2049,2,Remplacement roulement,Remplacement roulement broche,2025-10-20T09:00:00,2025-10-20T11:05:00,125,2696.05,42,TERMINEE,Systeme
2050,1,Preventive,Maintenance preventive programmee,2026-08-28T16:00:00,2026-08-28T17:13:00,73,1434.45,42,TERMINEE,Systeme
2051,3,Preventive,Controle periodique,2026-02-24T07:00:00,2026-02-24T10:36:00,216,236.14,8,TERMINEE,Systeme
2052,8,Preventive,Revision generale planifiee,2025-07-22T07:00:00,2025-07-22T08:50:00,110,712.73,8,TERMINEE,Systeme
2053,7,Alignement machine,Calibration axes,2026-10-25T15:00:00,2026-10-25T17:04:00,124,986.86,15,TERMINEE,Systeme
2054,7,Remplacement roulement,Remplacement roulement broche,2026-03-27T16:00:00,2026-03-27T19:36:00,216,892.58,25,TERMINEE,Systeme
2055,5,Corrective,Defaut electricite,2025-09-13T10:00:00,2025-09-13T13:18:00,198,2006.12,45,TERMINEE,Systeme
2056,8,Nettoyage,Nettoyage complet machine,2026-04-19T18:00:00,2026-04-19T18:57:00,57,108.9,21,TERMINEE,Systeme
2057,6,Corrective,Defaut electricite,2026-10-16T17:00:00,2026-10-17T00:59:00,479,1899.67,3,TERMINEE,Systeme
2058,10,Alignement machine,Alignement broche,2026-05-28T18:00:00,2026-05-28T20:32:00,152,468.54,38,TERMINEE,Systeme
2059,7,Preventive,Revision generale planifiee,2025-04-06T10:00:00,2025-04-06T13:01:00,181,223.35,39,TERMINEE,Systeme
2060,7,Corrective,Probleme hydraulique,2026-06-19T08:00:00,2026-06-19T16:06:00,486,554.23,36,TERMINEE,Systeme
2061,9,Changement huile,Vidange huile broche,2025-12-25T08:00:00,2025-12-25T08:51:00,51,184.71,33,TERMINEE,Systeme
2062,7,Changement liquide,Remplacement liquide de refroidissement,2026-12-01T17:00:00,2026-12-01T18:58:00,118,197.01,30,TERMINEE,Systeme
2063,6,Corrective,Defaut capteur,2026-02-20T18:00:00,2026-02-20T20:21:00,141,4197.07,39,TERMINEE,Systeme
2064,10,Changement huile,Remplacement huide hydraulique,2026-01-04T18:00:00,2026-01-04T19:06:00,66,203.1,18,TERMINEE,Systeme
2065,4,Preventive,Controle periodique,2026-07-22T17:00:00,2026-07-22T19:23:00,143,264.42,18,TERMINEE,Systeme
2066,12,Preventive,Maintenance preventive programmee,2026-07-06T08:00:00,2026-07-06T09:29:00,89,587.19,37,TERMINEE,Systeme
2067,9,Alignement machine,Calibration axes,2026-09-19T18:00:00,2026-09-19T20:45:00,165,1060.01,29,TERMINEE,Systeme
2068,12,Alignement machine,Alignement broche,2026-01-29T07:00:00,2026-01-29T08:43:00,103,623.48,38,TERMINEE,Systeme
2069,11,Corrective,Defaut electricite,2026-11-01T15:00:00,2026-11-01T21:38:00,398,907.3,21,TERMINEE,Systeme
2070,3,Preventive,Maintenance preventive programmee,2026-01-17T13:00:00,2026-01-17T15:19:00,139,950.86,28,TERMINEE,Systeme
2071,2,Changement huile,Vidange huile broche,2026-05-16T06:00:00,2026-05-16T06:52:00,52,143.99,1,TERMINEE,Systeme
2072,5,Preventive,Revision generale planifiee,2025-01-01T11:00:00,2025-01-01T12:46:00,106,450.59,44,TERMINEE,Systeme
2073,1,Changement huile,Vidange huile broche,2025-09-25T13:00:00,2025-09-25T14:16:00,76,154.69,16,TERMINEE,Systeme
2074,6,Preventive,Maintenance preventive programmee,2025-08-26T07:00:00,2025-08-26T09:44:00,164,1012.84,11,TERMINEE,Systeme
2075,4,Alignement machine,Alignement broche,2025-02-03T17:00:00,2025-02-03T19:43:00,163,992.8,37,TERMINEE,Systeme
2076,12,Corrective,Probleme hydraulique,2026-09-27T16:00:00,2026-09-27T20:56:00,296,619.94,44,TERMINEE,Systeme
2077,4,Inspection,Inspection visuelle,2025-07-02T09:00:00,2025-07-02T09:44:00,44,241.94,30,TERMINEE,Systeme
2078,1,Corrective,Probleme hydraulique,2025-05-11T11:00:00,2025-05-11T21:16:00,616,3748.23,15,TERMINEE,Systeme
2079,9,Changement liquide,Vidange circuit hydraulique,2026-09-11T16:00:00,2026-09-11T16:56:00,56,362.95,8,TERMINEE,Systeme
2080,11,Preventive,Maintenance preventive programmee,2025-03-29T06:00:00,2025-03-29T07:39:00,99,325.55,29,TERMINEE,Systeme
2081,1,Corrective,Probleme hydraulique,2025-08-09T13:00:00,2025-08-09T19:53:00,413,4477.67,38,TERMINEE,Systeme
2082,10,Changement huile,Remplacement huide hydraulique,2025-05-10T15:00:00,2025-05-10T16:27:00,87,224.03,26,TERMINEE,Systeme
2083,1,Corrective,Panne servo-moteur,2026-06-17T08:00:00,2026-06-17T16:23:00,503,672.21,16,TERMINEE,Systeme
2084,8,Nettoyage,Nettoyage complet machine,2025-09-02T09:00:00,2025-09-02T09:55:00,55,74.49,25,TERMINEE,Systeme
2085,6,Remplacement roulement,Changement roulement axe Z,2026-09-12T13:00:00,2026-09-12T17:00:00,240,1194.34,32,TERMINEE,Systeme
2086,7,Changement huile,Vidange huile broche,2026-03-09T12:00:00,2026-03-09T12:56:00,56,197.2,20,TERMINEE,Systeme
2087,12,Preventive,Revision generale planifiee,2026-01-20T07:00:00,2026-01-20T09:50:00,170,1062.49,22,TERMINEE,Systeme
2088,1,Corrective,Panne servo-moteur,2025-11-24T13:00:00,2025-11-24T17:50:00,290,935.44,11,TERMINEE,Systeme
2089,11,Preventive,Revision generale planifiee,2026-04-24T12:00:00,2026-04-24T15:09:00,189,1003.71,36,TERMINEE,Systeme
2090,4,Corrective,Panne servo-moteur,2025-03-09T14:00:00,2025-03-09T19:57:00,357,4028.11,20,TERMINEE,Systeme
2091,11,Changement huile,Vidange huile broche,2025-03-22T07:00:00,2025-03-22T07:56:00,56,192.65,34,TERMINEE,Systeme
2092,8,Remplacement roulement,Changement roulement axe Z,2026-06-21T13:00:00,2026-06-21T16:45:00,225,2012.08,41,TERMINEE,Systeme
2093,10,Corrective,Defaut electricite,2026-03-20T11:00:00,2026-03-20T18:28:00,448,3948.34,30,TERMINEE,Systeme
2094,12,Preventive,Controle periodique,2025-03-17T15:00:00,2025-03-17T17:34:00,154,253.59,4,TERMINEE,Systeme
2095,12,Corrective,Defaut electricite,2026-10-10T17:00:00,2026-10-11T02:39:00,579,1490.2,19,TERMINEE,Systeme
2096,2,Remplacement roulement,Changement roulement axe Z,2026-08-29T17:00:00,2026-08-29T20:52:00,232,2171.05,11,TERMINEE,Systeme
2097,4,Changement huile,Remplacement huide hydraulique,2025-04-12T11:00:00,2025-04-12T11:35:00,35,205.47,10,TERMINEE,Systeme
2098,11,Inspection,Inspection visuelle,2025-05-03T11:00:00,2025-05-03T11:41:00,41,173.44,33,TERMINEE,Systeme
2099,4,Preventive,Revision generale planifiee,2025-11-22T07:00:00,2025-11-22T08:06:00,66,247.97,2,TERMINEE,Systeme
2100,9,Remplacement roulement,Changement roulement axe Z,2026-01-11T17:00:00,2026-01-11T20:45:00,225,2116.17,22,TERMINEE,Systeme
2101,6,Preventive,Revision generale planifiee,2025-08-24T10:00:00,2025-08-24T11:16:00,76,1101.19,25,TERMINEE,Systeme
2102,4,Nettoyage,Nettoyage complet machine,2025-12-08T09:00:00,2025-12-08T09:56:00,56,109.44,6,TERMINEE,Systeme
2103,8,Inspection,Inspection visuelle,2025-01-16T08:00:00,2025-01-16T08:45:00,45,152.8,7,TERMINEE,Systeme
2104,1,Changement huile,Remplacement huide hydraulique,2026-07-18T14:00:00,2026-07-18T15:06:00,66,176.64,20,TERMINEE,Systeme
2105,8,Preventive,Controle periodique,2025-03-21T08:00:00,2025-03-21T11:26:00,206,960.84,40,TERMINEE,Systeme
2106,5,Nettoyage,Nettoyage complet machine,2026-03-10T17:00:00,2026-03-10T17:26:00,26,170.39,3,TERMINEE,Systeme
2107,4,Nettoyage,Depoussierage systeme,2026-06-24T11:00:00,2026-06-24T11:27:00,27,194.3,3,TERMINEE,Systeme
2108,3,Alignement machine,Calibration axes,2026-05-24T06:00:00,2026-05-24T08:56:00,176,435.87,16,TERMINEE,Systeme
2109,7,Remplacement roulement,Remplacement roulement broche,2025-11-29T18:00:00,2025-11-29T20:50:00,170,1009.01,16,TERMINEE,Systeme
2110,5,Preventive,Revision generale planifiee,2025-05-31T09:00:00,2025-05-31T12:05:00,185,262.66,29,TERMINEE,Systeme
2111,6,Nettoyage,Depoussierage systeme,2025-02-07T09:00:00,2025-02-07T09:49:00,49,147.44,15,TERMINEE,Systeme
2112,4,Preventive,Controle periodique,2026-01-18T08:00:00,2026-01-18T09:57:00,117,1179.35,6,TERMINEE,Systeme
2113,6,Corrective,Defaut electricite,2025-09-30T17:00:00,2025-10-01T00:30:00,450,3284.48,11,TERMINEE,Systeme
2114,9,Alignement machine,Alignement broche,2025-06-16T16:00:00,2025-06-16T18:35:00,155,1197.66,45,TERMINEE,Systeme
2115,8,Corrective,Probleme hydraulique,2025-10-10T12:00:00,2025-10-10T22:36:00,636,4724.69,31,TERMINEE,Systeme
2116,10,Remplacement roulement,Remplacement roulement broche,2025-11-14T08:00:00,2025-11-14T11:36:00,216,1185.12,33,TERMINEE,Systeme
2117,1,Changement huile,Vidange huile broche,2026-10-27T10:00:00,2026-10-27T10:35:00,35,375.97,14,TERMINEE,Systeme
2118,3,Alignement machine,Alignement broche,2025-06-29T06:00:00,2025-06-29T07:22:00,82,694.65,6,TERMINEE,Systeme
2119,3,Nettoyage,Nettoyage complet machine,2025-02-12T09:00:00,2025-02-12T09:25:00,25,167.84,30,TERMINEE,Systeme
2120,1,Alignement machine,Alignement broche,2026-10-31T07:00:00,2026-10-31T09:12:00,132,471.58,10,TERMINEE,Systeme
2121,10,Remplacement roulement,Changement roulement axe Z,2025-04-03T14:00:00,2025-04-03T16:18:00,138,1949.11,25,TERMINEE,Systeme
2122,10,Inspection,Inspection visuelle,2025-08-31T08:00:00,2025-08-31T08:19:00,19,105.86,11,TERMINEE,Systeme
2123,12,Nettoyage,Depoussierage systeme,2026-07-12T09:00:00,2026-07-12T09:30:00,30,58.26,31,TERMINEE,Systeme
2124,8,Nettoyage,Nettoyage complet machine,2026-10-27T08:00:00,2026-10-27T08:24:00,24,104.58,40,TERMINEE,Systeme
2125,7,Corrective,Probleme hydraulique,2025-06-10T09:00:00,2025-06-10T20:10:00,670,2602.34,7,TERMINEE,Systeme
2126,9,Remplacement roulement,Changement roulement axe Z,2026-11-05T10:00:00,2026-11-05T13:35:00,215,1198.36,21,TERMINEE,Systeme
2127,8,Preventive,Maintenance preventive programmee,2025-02-21T18:00:00,2025-02-21T20:55:00,175,995.09,9,TERMINEE,Systeme
2128,6,Corrective,Reparation broche,2025-02-27T11:00:00,2025-02-27T16:51:00,351,2639.58,18,TERMINEE,Systeme
2129,1,Changement liquide,Remplacement liquide de refroidissement,2025-09-06T15:00:00,2025-09-06T16:10:00,70,475.94,16,TERMINEE,Systeme
2130,1,Nettoyage,Depoussierage systeme,2026-09-18T11:00:00,2026-09-18T11:41:00,41,153.22,14,TERMINEE,Systeme
2131,6,Preventive,Controle periodique,2026-09-16T18:00:00,2026-09-16T20:21:00,141,1358.96,37,TERMINEE,Systeme
2132,10,Preventive,Controle periodique,2026-09-12T14:00:00,2026-09-12T17:33:00,213,822.67,20,TERMINEE,Systeme
2133,8,Inspection,Inspection visuelle,2025-06-20T06:00:00,2025-06-20T06:15:00,15,493.79,34,TERMINEE,Systeme
2134,12,Changement huile,Remplacement huide hydraulique,2026-11-24T17:00:00,2026-11-24T18:15:00,75,148.27,41,TERMINEE,Systeme
2135,1,Changement huile,Vidange huile broche,2025-01-15T17:00:00,2025-01-15T17:42:00,42,215.73,30,TERMINEE,Systeme
2136,5,Changement liquide,Remplacement liquide de refroidissement,2026-06-02T11:00:00,2026-06-02T12:30:00,90,239.65,20,TERMINEE,Systeme
2137,2,Changement huile,Vidange huile broche,2026-02-13T16:00:00,2026-02-13T17:21:00,81,157.16,28,TERMINEE,Systeme
2138,4,Corrective,Panne servo-moteur,2025-03-07T11:00:00,2025-03-07T14:22:00,202,1825.33,20,TERMINEE,Systeme
2139,3,Inspection,Inspection visuelle,2026-05-25T17:00:00,2026-05-25T17:39:00,39,485.29,11,TERMINEE,Systeme
2140,8,Nettoyage,Depoussierage systeme,2026-09-14T18:00:00,2026-09-14T18:56:00,56,152.76,11,TERMINEE,Systeme
2141,3,Alignement machine,Alignement broche,2025-08-12T10:00:00,2025-08-12T11:13:00,73,391.18,22,TERMINEE,Systeme
2142,7,Changement liquide,Remplacement liquide de refroidissement,2025-09-04T09:00:00,2025-09-04T10:14:00,74,202.62,12,TERMINEE,Systeme
2143,9,Corrective,Panne servo-moteur,2025-09-28T12:00:00,2025-09-28T23:09:00,669,1753.86,8,TERMINEE,Systeme
2144,2,Preventive,Controle periodique,2026-05-03T08:00:00,2026-05-03T10:04:00,124,403.77,2,TERMINEE,Systeme
2145,7,Nettoyage,Nettoyage complet machine,2026-02-04T11:00:00,2026-02-04T11:36:00,36,187.03,34,TERMINEE,Systeme
2146,3,Changement liquide,Vidange circuit hydraulique,2025-04-07T07:00:00,2025-04-07T08:48:00,108,595.13,39,TERMINEE,Systeme
2147,2,Nettoyage,Depoussierage systeme,2025-04-20T12:00:00,2025-04-20T12:43:00,43,74.88,42,TERMINEE,Systeme
2148,4,Remplacement roulement,Remplacement roulement broche,2026-04-05T16:00:00,2026-04-05T19:05:00,185,2263.6,16,TERMINEE,Systeme
2149,9,Preventive,Maintenance preventive programmee,2026-03-11T07:00:00,2026-03-11T09:54:00,174,1152.65,23,TERMINEE,Systeme
2150,3,Preventive,Maintenance preventive programmee,2025-11-19T18:00:00,2025-11-19T21:24:00,204,231.89,28,TERMINEE,Systeme
2151,4,Preventive,Controle periodique,2026-09-16T11:00:00,2026-09-16T13:03:00,123,1387.2,17,TERMINEE,Systeme
2152,8,Changement huile,Remplacement huide hydraulique,2025-09-08T17:00:00,2025-09-08T18:19:00,79,325.29,9,TERMINEE,Systeme
2153,11,Changement liquide,Remplacement liquide de refroidissement,2025-04-27T18:00:00,2025-04-27T19:04:00,64,454.8,33,TERMINEE,Systeme
2154,2,Nettoyage,Nettoyage complet machine,2026-04-24T06:00:00,2026-04-24T06:47:00,47,50.55,3,TERMINEE,Systeme
2155,2,Corrective,Reparation broche,2025-06-30T08:00:00,2025-06-30T11:34:00,214,2979.41,41,TERMINEE,Systeme
2156,3,Changement huile,Vidange huile broche,2026-07-14T07:00:00,2026-07-14T08:28:00,88,278.68,20,TERMINEE,Systeme
2157,9,Changement huile,Vidange huile broche,2026-10-13T07:00:00,2026-10-13T07:54:00,54,289.57,31,TERMINEE,Systeme
2158,7,Nettoyage,Nettoyage complet machine,2025-10-26T11:00:00,2025-10-26T11:57:00,57,66.86,17,TERMINEE,Systeme
2159,2,Inspection,Verification geometrie,2026-06-05T09:00:00,2026-06-05T09:28:00,28,308.23,10,TERMINEE,Systeme
2160,3,Preventive,Maintenance preventive programmee,2025-05-27T11:00:00,2025-05-27T14:49:00,229,894.32,32,TERMINEE,Systeme
2161,7,Changement liquide,Vidange circuit hydraulique,2025-11-07T12:00:00,2025-11-07T13:04:00,64,484.68,10,TERMINEE,Systeme
2162,5,Preventive,Revision generale planifiee,2025-09-15T06:00:00,2025-09-15T07:50:00,110,1317.2,2,TERMINEE,Systeme
2163,1,Inspection,Verification geometrie,2026-07-06T08:00:00,2026-07-06T08:23:00,23,461.33,23,TERMINEE,Systeme
2164,2,Preventive,Controle periodique,2025-09-18T17:00:00,2025-09-18T19:21:00,141,672.29,40,TERMINEE,Systeme
2165,1,Preventive,Maintenance preventive programmee,2026-08-06T09:00:00,2026-08-06T10:55:00,115,381.08,10,TERMINEE,Systeme
2166,11,Corrective,Defaut capteur,2025-06-20T13:00:00,2025-06-20T19:04:00,364,4828.84,11,TERMINEE,Systeme
2167,4,Alignement machine,Alignement broche,2026-02-01T17:00:00,2026-02-01T18:13:00,73,432.39,15,TERMINEE,Systeme
2168,6,Nettoyage,Nettoyage complet machine,2026-09-28T18:00:00,2026-09-28T18:28:00,28,198.55,11,TERMINEE,Systeme
2169,2,Preventive,Revision generale planifiee,2025-04-12T12:00:00,2025-04-12T15:03:00,183,617.79,44,TERMINEE,Systeme
2170,3,Preventive,Maintenance preventive programmee,2025-04-16T12:00:00,2025-04-16T14:06:00,126,1313.51,33,TERMINEE,Systeme
2171,1,Nettoyage,Depoussierage systeme,2025-09-14T09:00:00,2025-09-14T09:24:00,24,73.35,10,TERMINEE,Systeme
2172,5,Alignement machine,Alignement broche,2025-08-20T18:00:00,2025-08-20T19:01:00,61,1181.06,17,TERMINEE,Systeme
2173,3,Preventive,Controle periodique,2025-03-05T06:00:00,2025-03-05T08:28:00,148,414.16,43,TERMINEE,Systeme
2174,2,Changement liquide,Remplacement liquide de refroidissement,2026-06-16T07:00:00,2026-06-16T07:57:00,57,264.41,6,TERMINEE,Systeme
2175,11,Remplacement roulement,Remplacement roulement broche,2026-07-25T17:00:00,2026-07-25T21:12:00,252,2177.8,3,TERMINEE,Systeme
2176,4,Nettoyage,Nettoyage complet machine,2025-04-06T11:00:00,2025-04-06T11:32:00,32,170.32,36,TERMINEE,Systeme
2177,5,Preventive,Revision generale planifiee,2026-03-07T08:00:00,2026-03-07T09:11:00,71,1283.15,13,TERMINEE,Systeme
2178,6,Preventive,Maintenance preventive programmee,2026-11-13T15:00:00,2026-11-13T16:09:00,69,1305.8,7,TERMINEE,Systeme
2179,7,Corrective,Defaut capteur,2025-03-15T17:00:00,2025-03-15T20:08:00,188,650.15,36,TERMINEE,Systeme
2180,9,Changement huile,Remplacement huide hydraulique,2026-08-27T16:00:00,2026-08-27T17:12:00,72,306.38,32,TERMINEE,Systeme
2181,1,Nettoyage,Nettoyage complet machine,2025-08-07T12:00:00,2025-08-07T12:47:00,47,65.27,34,TERMINEE,Systeme
2182,7,Changement huile,Vidange huile broche,2025-05-25T11:00:00,2025-05-25T11:30:00,30,284.19,18,TERMINEE,Systeme
2183,7,Preventive,Maintenance preventive programmee,2026-02-25T07:00:00,2026-02-25T09:04:00,124,1211.52,38,TERMINEE,Systeme
2184,11,Inspection,Controle metrologique,2025-12-18T18:00:00,2025-12-18T18:31:00,31,249.16,43,TERMINEE,Systeme
2185,8,Inspection,Controle metrologique,2026-06-03T18:00:00,2026-06-03T18:27:00,27,168.33,10,TERMINEE,Systeme
2186,4,Changement huile,Vidange huile broche,2025-07-28T13:00:00,2025-07-28T13:31:00,31,219.12,31,TERMINEE,Systeme
2187,10,Changement huile,Remplacement huide hydraulique,2026-03-08T13:00:00,2026-03-08T14:09:00,69,351.99,22,TERMINEE,Systeme
2188,5,Corrective,Defaut electricite,2025-12-18T06:00:00,2025-12-18T12:27:00,387,2124.77,21,TERMINEE,Systeme
2189,1,Changement huile,Remplacement huide hydraulique,2026-04-15T15:00:00,2026-04-15T15:42:00,42,137.81,39,TERMINEE,Systeme
2190,8,Preventive,Maintenance preventive programmee,2025-08-27T16:00:00,2025-08-27T17:47:00,107,1228.41,45,TERMINEE,Systeme
2191,7,Alignement machine,Calibration axes,2025-02-02T18:00:00,2025-02-02T20:33:00,153,424.15,19,TERMINEE,Systeme
2192,9,Corrective,Reparation broche,2025-10-10T18:00:00,2025-10-11T00:46:00,406,1818.74,11,TERMINEE,Systeme
2193,11,Preventive,Revision generale planifiee,2025-07-20T06:00:00,2025-07-20T09:45:00,225,1301.93,4,TERMINEE,Systeme
2194,2,Preventive,Revision generale planifiee,2026-04-27T15:00:00,2026-04-27T16:08:00,68,319.1,29,TERMINEE,Systeme
2195,2,Changement liquide,Remplacement liquide de refroidissement,2025-06-17T06:00:00,2025-06-17T06:58:00,58,596.0,33,TERMINEE,Systeme
2196,7,Corrective,Defaut electricite,2026-08-05T17:00:00,2026-08-05T23:51:00,411,4616.78,38,TERMINEE,Systeme
2197,5,Nettoyage,Nettoyage complet machine,2025-04-27T17:00:00,2025-04-27T17:51:00,51,175.84,24,TERMINEE,Systeme
2198,5,Corrective,Defaut capteur,2025-12-24T07:00:00,2025-12-24T16:46:00,586,2699.23,28,TERMINEE,Systeme
2199,9,Preventive,Revision generale planifiee,2026-02-20T12:00:00,2026-02-20T14:03:00,123,310.76,14,TERMINEE,Systeme
2200,7,Preventive,Controle periodique,2025-10-06T15:00:00,2025-10-06T17:36:00,156,236.19,31,TERMINEE,Systeme
2201,5,Changement huile,Remplacement huide hydraulique,2026-08-18T08:00:00,2026-08-18T08:41:00,41,305.54,29,TERMINEE,Systeme
2202,6,Nettoyage,Depoussierage systeme,2026-04-20T10:00:00,2026-04-20T10:49:00,49,59.24,13,TERMINEE,Systeme
2203,3,Changement huile,Vidange huile broche,2025-04-21T06:00:00,2025-04-21T07:29:00,89,323.69,8,TERMINEE,Systeme
2204,8,Corrective,Defaut capteur,2026-02-10T07:00:00,2026-02-10T11:12:00,252,3297.21,45,TERMINEE,Systeme
2205,11,Preventive,Controle periodique,2025-05-22T18:00:00,2025-05-22T21:08:00,188,647.88,34,TERMINEE,Systeme
2206,3,Changement huile,Vidange huile broche,2026-08-23T08:00:00,2026-08-23T09:29:00,89,252.19,13,TERMINEE,Systeme
2207,10,Preventive,Revision generale planifiee,2025-05-14T11:00:00,2025-05-14T14:09:00,189,293.38,39,TERMINEE,Systeme
2208,7,Preventive,Controle periodique,2025-02-28T13:00:00,2025-02-28T14:08:00,68,405.51,35,TERMINEE,Systeme
2209,8,Corrective,Defaut capteur,2026-08-31T10:00:00,2026-08-31T17:52:00,472,3904.86,24,TERMINEE,Systeme
2210,1,Nettoyage,Depoussierage systeme,2026-05-24T16:00:00,2026-05-24T16:40:00,40,96.08,35,TERMINEE,Systeme
2211,7,Changement liquide,Remplacement liquide de refroidissement,2026-07-17T18:00:00,2026-07-17T19:37:00,97,163.69,22,TERMINEE,Systeme
2212,6,Remplacement roulement,Remplacement roulement broche,2026-06-17T15:00:00,2026-06-17T17:55:00,175,2817.95,37,TERMINEE,Systeme
2213,4,Preventive,Controle periodique,2026-05-26T12:00:00,2026-05-26T14:52:00,172,1429.67,22,TERMINEE,Systeme
2214,10,Preventive,Controle periodique,2026-10-26T18:00:00,2026-10-26T19:04:00,64,981.23,27,TERMINEE,Systeme
2215,6,Inspection,Verification geometrie,2026-07-18T07:00:00,2026-07-18T07:30:00,30,337.16,9,TERMINEE,Systeme
2216,8,Corrective,Defaut capteur,2025-03-21T09:00:00,2025-03-21T16:13:00,433,1919.38,22,TERMINEE,Systeme
2217,4,Alignement machine,Calibration axes,2025-01-08T17:00:00,2025-01-08T18:11:00,71,1057.64,38,TERMINEE,Systeme
2218,12,Corrective,Reparation broche,2025-07-12T15:00:00,2025-07-12T23:09:00,489,4692.52,9,TERMINEE,Systeme
2219,9,Remplacement roulement,Changement roulement axe Z,2026-08-05T17:00:00,2026-08-05T19:42:00,162,2557.07,9,TERMINEE,Systeme
2220,10,Corrective,Defaut capteur,2025-12-11T07:00:00,2025-12-11T18:04:00,664,1745.2,8,TERMINEE,Systeme
2221,6,Remplacement roulement,Remplacement roulement broche,2026-04-15T11:00:00,2026-04-15T14:29:00,209,1398.56,18,TERMINEE,Systeme
2222,9,Changement huile,Remplacement huide hydraulique,2026-01-25T13:00:00,2026-01-25T14:11:00,71,309.49,42,TERMINEE,Systeme
2223,3,Preventive,Revision generale planifiee,2025-09-10T08:00:00,2025-09-10T10:58:00,178,940.32,29,TERMINEE,Systeme
2224,9,Nettoyage,Nettoyage complet machine,2025-11-26T08:00:00,2025-11-26T08:24:00,24,99.55,34,TERMINEE,Systeme
2225,2,Remplacement roulement,Remplacement roulement broche,2025-05-07T15:00:00,2025-05-07T17:03:00,123,2860.52,24,TERMINEE,Systeme
2226,7,Remplacement roulement,Remplacement roulement broche,2025-02-16T17:00:00,2025-02-16T20:35:00,215,1635.01,26,TERMINEE,Systeme
2227,11,Preventive,Revision generale planifiee,2025-12-10T16:00:00,2025-12-10T18:37:00,157,1444.79,23,TERMINEE,Systeme
2228,9,Changement huile,Vidange huile broche,2025-10-27T12:00:00,2025-10-27T13:09:00,69,267.41,31,TERMINEE,Systeme
2229,10,Alignement machine,Calibration axes,2025-03-15T15:00:00,2025-03-15T16:01:00,61,745.46,19,TERMINEE,Systeme
2230,2,Changement liquide,Remplacement liquide de refroidissement,2025-08-17T07:00:00,2025-08-17T08:50:00,110,569.22,32,TERMINEE,Systeme
2231,9,Changement liquide,Vidange circuit hydraulique,2026-11-26T16:00:00,2026-11-26T17:12:00,72,466.43,32,TERMINEE,Systeme
2232,1,Corrective,Defaut capteur,2025-01-24T09:00:00,2025-01-24T19:43:00,643,1837.89,7,TERMINEE,Systeme
2233,4,Corrective,Reparation broche,2026-09-20T16:00:00,2026-09-20T20:20:00,260,2997.3,22,TERMINEE,Systeme
2234,9,Nettoyage,Nettoyage complet machine,2026-06-10T09:00:00,2026-06-10T09:43:00,43,103.87,2,TERMINEE,Systeme
2235,11,Preventive,Revision generale planifiee,2026-10-03T16:00:00,2026-10-03T17:16:00,76,481.6,23,TERMINEE,Systeme
2236,7,Preventive,Maintenance preventive programmee,2026-01-28T17:00:00,2026-01-28T19:05:00,125,655.79,19,TERMINEE,Systeme
2237,1,Remplacement roulement,Changement roulement axe Z,2026-08-02T11:00:00,2026-08-02T15:11:00,251,2174.07,33,TERMINEE,Systeme
2238,10,Corrective,Defaut capteur,2025-07-21T09:00:00,2025-07-21T19:47:00,647,1392.49,16,TERMINEE,Systeme
2239,9,Nettoyage,Nettoyage complet machine,2025-06-16T08:00:00,2025-06-16T08:29:00,29,178.5,21,TERMINEE,Systeme
2240,1,Corrective,Defaut capteur,2026-01-30T14:00:00,2026-01-30T18:36:00,276,4041.57,36,TERMINEE,Systeme
2241,6,Preventive,Maintenance preventive programmee,2026-09-29T06:00:00,2026-09-29T09:35:00,215,871.02,35,TERMINEE,Systeme
2242,9,Changement huile,Vidange huile broche,2025-11-04T10:00:00,2025-11-04T11:00:00,60,223.82,11,TERMINEE,Systeme
2243,5,Preventive,Controle periodique,2026-07-09T10:00:00,2026-07-09T12:08:00,128,840.95,33,TERMINEE,Systeme
2244,5,Nettoyage,Nettoyage complet machine,2025-11-21T16:00:00,2025-11-21T16:32:00,32,111.39,37,TERMINEE,Systeme
2245,5,Preventive,Revision generale planifiee,2026-02-24T08:00:00,2026-02-24T11:47:00,227,477.01,39,TERMINEE,Systeme
2246,9,Nettoyage,Nettoyage complet machine,2025-05-22T06:00:00,2025-05-22T06:36:00,36,117.71,16,TERMINEE,Systeme
2247,5,Changement huile,Vidange huile broche,2026-03-17T17:00:00,2026-03-17T17:45:00,45,264.0,40,TERMINEE,Systeme
2248,5,Preventive,Maintenance preventive programmee,2025-04-01T12:00:00,2025-04-01T14:19:00,139,1319.72,19,TERMINEE,Systeme
2249,9,Changement huile,Vidange huile broche,2025-03-25T07:00:00,2025-03-25T08:14:00,74,240.64,16,TERMINEE,Systeme
2250,5,Alignement machine,Calibration axes,2026-04-17T12:00:00,2026-04-17T14:58:00,178,400.09,20,TERMINEE,Systeme
2251,6,Preventive,Controle periodique,2026-11-19T15:00:00,2026-11-19T17:47:00,167,826.16,20,TERMINEE,Systeme
2252,2,Changement huile,Vidange huile broche,2025-09-16T11:00:00,2025-09-16T11:37:00,37,244.67,5,TERMINEE,Systeme
2253,8,Changement huile,Vidange huile broche,2026-06-28T13:00:00,2026-06-28T14:14:00,74,254.41,33,TERMINEE,Systeme
2254,4,Nettoyage,Nettoyage complet machine,2025-10-21T16:00:00,2025-10-21T16:29:00,29,138.39,23,TERMINEE,Systeme
2255,5,Nettoyage,Nettoyage complet machine,2025-05-31T18:00:00,2025-05-31T18:38:00,38,64.88,17,TERMINEE,Systeme
2256,12,Changement liquide,Vidange circuit hydraulique,2026-08-30T13:00:00,2026-08-30T14:25:00,85,522.57,15,TERMINEE,Systeme
2257,3,Corrective,Defaut electricite,2026-05-30T07:00:00,2026-05-30T17:08:00,608,3715.13,30,TERMINEE,Systeme
2258,3,Corrective,Defaut capteur,2025-10-06T17:00:00,2025-10-07T04:06:00,666,3699.72,23,TERMINEE,Systeme
2259,3,Changement liquide,Vidange circuit hydraulique,2025-11-04T14:00:00,2025-11-04T15:48:00,108,532.62,21,TERMINEE,Systeme
2260,10,Preventive,Revision generale planifiee,2025-07-24T08:00:00,2025-07-24T10:58:00,178,408.9,9,TERMINEE,Systeme
2261,1,Remplacement roulement,Changement roulement axe Z,2026-02-04T08:00:00,2026-02-04T11:59:00,239,2984.18,12,TERMINEE,Systeme
2262,4,Alignement machine,Alignement broche,2026-04-17T11:00:00,2026-04-17T13:46:00,166,642.18,39,TERMINEE,Systeme
2263,8,Preventive,Maintenance preventive programmee,2026-11-05T06:00:00,2026-11-05T08:27:00,147,1408.03,37,TERMINEE,Systeme
2264,11,Changement liquide,Vidange circuit hydraulique,2025-01-30T09:00:00,2025-01-30T09:45:00,45,423.99,33,TERMINEE,Systeme
2265,3,Changement huile,Vidange huile broche,2026-10-06T17:00:00,2026-10-06T18:14:00,74,280.11,45,TERMINEE,Systeme
2266,12,Remplacement roulement,Remplacement roulement broche,2026-10-05T18:00:00,2026-10-05T21:18:00,198,1060.47,10,TERMINEE,Systeme
2267,8,Corrective,Probleme hydraulique,2026-08-26T09:00:00,2026-08-26T17:35:00,515,4857.17,35,TERMINEE,Systeme
2268,3,Nettoyage,Depoussierage systeme,2025-11-02T09:00:00,2025-11-02T09:36:00,36,179.74,6,TERMINEE,Systeme
2269,9,Corrective,Defaut capteur,2026-02-09T11:00:00,2026-02-09T17:25:00,385,3831.86,12,TERMINEE,Systeme
2270,9,Corrective,Probleme hydraulique,2026-06-18T14:00:00,2026-06-19T01:47:00,707,4818.68,22,TERMINEE,Systeme
2271,11,Corrective,Probleme hydraulique,2025-07-03T14:00:00,2025-07-04T00:39:00,639,3331.03,1,TERMINEE,Systeme
2272,2,Preventive,Maintenance preventive programmee,2026-09-24T15:00:00,2026-09-24T17:40:00,160,890.74,20,TERMINEE,Systeme
2273,1,Nettoyage,Depoussierage systeme,2025-11-04T07:00:00,2025-11-04T07:28:00,28,105.86,30,TERMINEE,Systeme
2274,1,Changement liquide,Vidange circuit hydraulique,2026-03-31T07:00:00,2026-03-31T08:20:00,80,337.53,40,TERMINEE,Systeme
2275,5,Changement liquide,Remplacement liquide de refroidissement,2026-09-27T12:00:00,2026-09-27T14:00:00,120,532.26,29,TERMINEE,Systeme
2276,1,Nettoyage,Depoussierage systeme,2026-05-17T15:00:00,2026-05-17T15:52:00,52,74.33,8,TERMINEE,Systeme
2277,4,Corrective,Reparation broche,2025-04-07T14:00:00,2025-04-07T16:39:00,159,833.2,12,TERMINEE,Systeme
2278,8,Remplacement roulement,Changement roulement axe Z,2025-07-04T10:00:00,2025-07-04T14:13:00,253,1085.99,38,TERMINEE,Systeme
2279,7,Preventive,Maintenance preventive programmee,2026-01-12T17:00:00,2026-01-12T18:41:00,101,383.69,3,TERMINEE,Systeme
2280,11,Inspection,Inspection visuelle,2025-10-01T18:00:00,2025-10-01T18:19:00,19,138.08,16,TERMINEE,Systeme
2281,9,Nettoyage,Depoussierage systeme,2026-06-06T13:00:00,2026-06-06T13:20:00,20,62.32,39,TERMINEE,Systeme
2282,1,Changement huile,Remplacement huide hydraulique,2026-11-05T08:00:00,2026-11-05T08:37:00,37,168.14,42,TERMINEE,Systeme
2283,9,Nettoyage,Depoussierage systeme,2025-09-10T06:00:00,2025-09-10T06:51:00,51,114.27,32,TERMINEE,Systeme
2284,11,Changement liquide,Vidange circuit hydraulique,2025-12-05T06:00:00,2025-12-05T07:28:00,88,355.88,21,TERMINEE,Systeme
2285,6,Preventive,Revision generale planifiee,2025-03-12T17:00:00,2025-03-12T20:41:00,221,1454.22,23,TERMINEE,Systeme
2286,9,Changement huile,Vidange huile broche,2025-02-19T08:00:00,2025-02-19T08:51:00,51,122.08,32,TERMINEE,Systeme
2287,7,Preventive,Revision generale planifiee,2025-07-24T16:00:00,2025-07-24T18:38:00,158,219.36,25,TERMINEE,Systeme
2288,5,Changement huile,Remplacement huide hydraulique,2026-09-22T14:00:00,2026-09-22T15:25:00,85,146.72,5,TERMINEE,Systeme
2289,1,Preventive,Revision generale planifiee,2025-10-05T13:00:00,2025-10-05T16:26:00,206,301.29,18,TERMINEE,Systeme
2290,6,Preventive,Controle periodique,2026-08-31T15:00:00,2026-08-31T18:06:00,186,876.42,23,TERMINEE,Systeme
2291,9,Nettoyage,Depoussierage systeme,2025-03-13T10:00:00,2025-03-13T10:33:00,33,154.11,17,TERMINEE,Systeme
2292,4,Nettoyage,Depoussierage systeme,2026-10-27T16:00:00,2026-10-27T16:48:00,48,83.08,6,TERMINEE,Systeme
2293,3,Nettoyage,Depoussierage systeme,2026-10-19T13:00:00,2026-10-19T13:35:00,35,72.28,8,TERMINEE,Systeme
2294,2,Preventive,Revision generale planifiee,2025-04-24T09:00:00,2025-04-24T12:44:00,224,1365.14,19,TERMINEE,Systeme
2295,4,Preventive,Controle periodique,2025-02-14T14:00:00,2025-02-14T16:31:00,151,1226.21,42,TERMINEE,Systeme
2296,10,Changement huile,Remplacement huide hydraulique,2025-07-15T11:00:00,2025-07-15T11:54:00,54,361.48,41,TERMINEE,Systeme
2297,5,Corrective,Probleme hydraulique,2026-02-22T12:00:00,2026-02-22T18:29:00,389,2873.33,21,TERMINEE,Systeme
2298,6,Inspection,Controle metrologique,2025-02-04T13:00:00,2025-02-04T13:39:00,39,215.38,13,TERMINEE,Systeme
2299,12,Changement liquide,Vidange circuit hydraulique,2025-04-08T08:00:00,2025-04-08T09:42:00,102,238.71,6,TERMINEE,Systeme
2300,5,Corrective,Defaut capteur,2025-03-20T08:00:00,2025-03-20T10:47:00,167,2962.28,2,TERMINEE,Systeme
2301,4,Alignement machine,Calibration axes,2026-11-12T17:00:00,2026-11-12T18:08:00,68,756.25,14,TERMINEE,Systeme
2302,10,Corrective,Reparation broche,2025-05-25T09:00:00,2025-05-25T13:10:00,250,4197.39,20,TERMINEE,Systeme
2303,10,Changement liquide,Vidange circuit hydraulique,2026-05-07T09:00:00,2026-05-07T09:55:00,55,502.31,20,TERMINEE,Systeme
2304,2,Changement liquide,Remplacement liquide de refroidissement,2025-04-02T07:00:00,2025-04-02T07:40:00,40,456.66,43,TERMINEE,Systeme
2305,6,Remplacement roulement,Changement roulement axe Z,2025-08-10T17:00:00,2025-08-10T19:09:00,129,2414.78,24,TERMINEE,Systeme
2306,9,Preventive,Controle periodique,2026-07-19T18:00:00,2026-07-19T21:15:00,195,222.95,37,TERMINEE,Systeme
2307,12,Preventive,Maintenance preventive programmee,2025-06-08T17:00:00,2025-06-08T18:21:00,81,595.58,25,TERMINEE,Systeme
2308,10,Remplacement roulement,Remplacement roulement broche,2025-09-16T11:00:00,2025-09-16T13:54:00,174,1740.29,31,TERMINEE,Systeme
2309,8,Changement huile,Vidange huile broche,2025-01-02T09:00:00,2025-01-02T10:22:00,82,383.16,7,TERMINEE,Systeme
2310,1,Preventive,Revision generale planifiee,2025-11-15T11:00:00,2025-11-15T14:55:00,235,1048.21,6,TERMINEE,Systeme
2311,2,Preventive,Revision generale planifiee,2026-03-15T08:00:00,2026-03-15T10:23:00,143,853.95,24,TERMINEE,Systeme
2312,7,Preventive,Revision generale planifiee,2025-01-27T13:00:00,2025-01-27T14:20:00,80,640.1,33,TERMINEE,Systeme
2313,11,Changement huile,Remplacement huide hydraulique,2025-02-16T18:00:00,2025-02-16T19:17:00,77,114.74,11,TERMINEE,Systeme
2314,11,Preventive,Controle periodique,2025-10-09T10:00:00,2025-10-09T12:09:00,129,716.07,19,TERMINEE,Systeme
2315,1,Remplacement roulement,Changement roulement axe Z,2025-10-31T06:00:00,2025-10-31T10:39:00,279,2546.12,20,TERMINEE,Systeme
2316,1,Alignement machine,Calibration axes,2026-04-03T10:00:00,2026-04-03T11:34:00,94,1138.32,10,TERMINEE,Systeme
2317,10,Alignement machine,Alignement broche,2025-10-12T06:00:00,2025-10-12T07:34:00,94,963.84,20,TERMINEE,Systeme
2318,1,Preventive,Revision generale planifiee,2025-11-21T16:00:00,2025-11-21T17:20:00,80,561.22,2,TERMINEE,Systeme
2319,1,Changement huile,Remplacement huide hydraulique,2025-02-05T09:00:00,2025-02-05T09:39:00,39,213.5,12,TERMINEE,Systeme
2320,4,Remplacement roulement,Changement roulement axe Z,2025-07-30T12:00:00,2025-07-30T14:13:00,133,1988.63,22,TERMINEE,Systeme
2321,8,Preventive,Controle periodique,2026-07-09T13:00:00,2026-07-09T16:35:00,215,1422.79,25,TERMINEE,Systeme
2322,7,Preventive,Maintenance preventive programmee,2025-10-31T09:00:00,2025-10-31T10:49:00,109,400.54,35,TERMINEE,Systeme
2323,3,Nettoyage,Nettoyage complet machine,2026-07-28T16:00:00,2026-07-28T16:30:00,30,154.57,23,TERMINEE,Systeme
2324,11,Corrective,Defaut electricite,2026-11-18T06:00:00,2026-11-18T09:32:00,212,1768.13,3,TERMINEE,Systeme
2325,1,Corrective,Defaut electricite,2025-03-03T10:00:00,2025-03-03T19:09:00,549,4704.74,17,TERMINEE,Systeme
2326,6,Preventive,Controle periodique,2025-02-12T13:00:00,2025-02-12T14:51:00,111,1400.25,6,TERMINEE,Systeme
2327,1,Inspection,Verification geometrie,2025-10-20T08:00:00,2025-10-20T08:39:00,39,206.3,21,TERMINEE,Systeme
2328,6,Corrective,Defaut capteur,2025-12-03T08:00:00,2025-12-03T19:25:00,685,564.3,22,TERMINEE,Systeme
2329,5,Changement huile,Vidange huile broche,2026-10-23T07:00:00,2026-10-23T08:30:00,90,191.78,42,TERMINEE,Systeme
2330,2,Changement huile,Remplacement huide hydraulique,2026-09-12T08:00:00,2026-09-12T09:09:00,69,235.34,20,TERMINEE,Systeme
2331,12,Remplacement roulement,Remplacement roulement broche,2025-12-19T07:00:00,2025-12-19T10:10:00,190,2081.58,43,TERMINEE,Systeme
2332,2,Preventive,Controle periodique,2025-09-20T12:00:00,2025-09-20T13:37:00,97,726.67,13,TERMINEE,Systeme
2333,4,Changement huile,Remplacement huide hydraulique,2026-05-12T17:00:00,2026-05-12T18:25:00,85,202.29,40,TERMINEE,Systeme
2334,9,Nettoyage,Nettoyage complet machine,2026-11-11T08:00:00,2026-11-11T08:29:00,29,177.33,12,TERMINEE,Systeme
2335,9,Preventive,Maintenance preventive programmee,2026-05-30T15:00:00,2026-05-30T18:10:00,190,231.49,19,TERMINEE,Systeme
2336,5,Preventive,Revision generale planifiee,2026-02-13T11:00:00,2026-02-13T12:13:00,73,676.49,16,TERMINEE,Systeme
2337,6,Alignement machine,Calibration axes,2026-07-10T15:00:00,2026-07-10T16:42:00,102,489.97,31,TERMINEE,Systeme
2338,3,Preventive,Revision generale planifiee,2025-06-02T17:00:00,2025-06-02T20:04:00,184,272.55,38,TERMINEE,Systeme
2339,2,Changement liquide,Vidange circuit hydraulique,2026-07-26T15:00:00,2026-07-26T16:40:00,100,367.08,30,TERMINEE,Systeme
2340,9,Corrective,Reparation broche,2025-08-26T07:00:00,2025-08-26T17:56:00,656,3434.47,17,TERMINEE,Systeme
2341,12,Preventive,Maintenance preventive programmee,2025-12-17T09:00:00,2025-12-17T10:46:00,106,839.75,17,TERMINEE,Systeme
2342,2,Nettoyage,Nettoyage complet machine,2026-09-20T16:00:00,2026-09-20T16:42:00,42,69.56,41,TERMINEE,Systeme
2343,7,Changement huile,Vidange huile broche,2026-01-24T13:00:00,2026-01-24T13:43:00,43,289.8,14,TERMINEE,Systeme
2344,3,Changement huile,Remplacement huide hydraulique,2026-05-31T17:00:00,2026-05-31T18:29:00,89,338.58,29,TERMINEE,Systeme
2345,4,Preventive,Revision generale planifiee,2025-08-10T13:00:00,2025-08-10T14:13:00,73,438.61,8,TERMINEE,Systeme
2346,6,Changement liquide,Vidange circuit hydraulique,2025-06-25T12:00:00,2025-06-25T13:21:00,81,382.88,44,TERMINEE,Systeme
2347,6,Preventive,Revision generale planifiee,2025-06-03T10:00:00,2025-06-03T12:10:00,130,786.91,15,TERMINEE,Systeme
2348,10,Corrective,Probleme hydraulique,2025-03-13T18:00:00,2025-03-13T23:18:00,318,4389.49,30,TERMINEE,Systeme
2349,9,Preventive,Controle periodique,2025-09-23T17:00:00,2025-09-23T19:39:00,159,1182.57,2,TERMINEE,Systeme
2350,5,Nettoyage,Nettoyage complet machine,2026-02-14T15:00:00,2026-02-14T15:20:00,20,68.88,34,TERMINEE,Systeme
2351,4,Corrective,Panne servo-moteur,2026-10-11T16:00:00,2026-10-12T01:53:00,593,2847.71,10,TERMINEE,Systeme
2352,11,Remplacement roulement,Remplacement roulement broche,2026-07-22T15:00:00,2026-07-22T18:03:00,183,1144.81,3,TERMINEE,Systeme
2353,10,Changement huile,Vidange huile broche,2026-03-19T09:00:00,2026-03-19T10:03:00,63,365.84,23,TERMINEE,Systeme
2354,1,Changement huile,Remplacement huide hydraulique,2026-08-17T18:00:00,2026-08-17T19:19:00,79,178.09,38,TERMINEE,Systeme
2355,5,Changement huile,Remplacement huide hydraulique,2025-03-12T18:00:00,2025-03-12T19:27:00,87,369.39,29,TERMINEE,Systeme
2356,5,Corrective,Probleme hydraulique,2026-06-20T13:00:00,2026-06-20T19:19:00,379,2091.31,23,TERMINEE,Systeme
2357,11,Nettoyage,Nettoyage complet machine,2025-05-12T06:00:00,2025-05-12T06:44:00,44,168.1,44,TERMINEE,Systeme
2358,10,Preventive,Controle periodique,2026-10-04T15:00:00,2026-10-04T17:22:00,142,385.01,35,TERMINEE,Systeme
2359,2,Corrective,Defaut capteur,2026-05-10T10:00:00,2026-05-10T21:27:00,687,2425.28,19,TERMINEE,Systeme
2360,12,Alignement machine,Alignement broche,2025-12-21T06:00:00,2025-12-21T07:17:00,77,1117.41,18,TERMINEE,Systeme
2361,1,Preventive,Revision generale planifiee,2025-05-12T13:00:00,2025-05-12T16:04:00,184,200.28,29,TERMINEE,Systeme
2362,3,Preventive,Revision generale planifiee,2026-05-02T18:00:00,2026-05-02T19:36:00,96,1379.49,26,TERMINEE,Systeme
2363,11,Preventive,Maintenance preventive programmee,2026-04-16T18:00:00,2026-04-16T21:59:00,239,788.75,3,TERMINEE,Systeme
2364,1,Changement huile,Remplacement huide hydraulique,2025-02-17T12:00:00,2025-02-17T13:19:00,79,203.41,7,TERMINEE,Systeme
2365,7,Remplacement roulement,Remplacement roulement broche,2025-11-20T06:00:00,2025-11-20T09:23:00,203,2564.1,15,TERMINEE,Systeme
2366,7,Alignement machine,Calibration axes,2026-06-01T15:00:00,2026-06-01T16:11:00,71,515.55,22,TERMINEE,Systeme
2367,11,Remplacement roulement,Remplacement roulement broche,2026-08-23T13:00:00,2026-08-23T17:13:00,253,2745.26,17,TERMINEE,Systeme
2368,10,Preventive,Revision generale planifiee,2025-09-11T16:00:00,2025-09-11T19:44:00,224,894.01,28,TERMINEE,Systeme
2369,7,Preventive,Controle periodique,2025-04-07T14:00:00,2025-04-07T15:59:00,119,1315.18,2,TERMINEE,Systeme
2370,2,Inspection,Inspection visuelle,2026-08-15T11:00:00,2026-08-15T11:19:00,19,371.72,21,TERMINEE,Systeme
2371,10,Nettoyage,Nettoyage complet machine,2026-01-06T11:00:00,2026-01-06T11:51:00,51,142.93,32,TERMINEE,Systeme
2372,7,Preventive,Controle periodique,2025-08-17T09:00:00,2025-08-17T12:21:00,201,793.0,17,TERMINEE,Systeme
2373,1,Preventive,Controle periodique,2026-11-03T11:00:00,2026-11-03T13:39:00,159,1199.58,30,TERMINEE,Systeme
2374,12,Preventive,Controle periodique,2025-04-23T12:00:00,2025-04-23T13:16:00,76,854.12,15,TERMINEE,Systeme
2375,3,Preventive,Revision generale planifiee,2025-02-13T09:00:00,2025-02-13T12:18:00,198,367.86,32,TERMINEE,Systeme
2376,3,Inspection,Controle metrologique,2025-07-15T07:00:00,2025-07-15T07:34:00,34,400.02,40,TERMINEE,Systeme
2377,9,Preventive,Controle periodique,2026-01-19T07:00:00,2026-01-19T10:47:00,227,984.72,2,TERMINEE,Systeme
2378,9,Changement liquide,Remplacement liquide de refroidissement,2026-07-14T16:00:00,2026-07-14T17:21:00,81,514.22,14,TERMINEE,Systeme
2379,11,Remplacement roulement,Changement roulement axe Z,2025-09-15T13:00:00,2025-09-15T14:55:00,115,1387.79,40,TERMINEE,Systeme
2380,11,Preventive,Controle periodique,2025-11-15T10:00:00,2025-11-15T11:15:00,75,1362.57,31,TERMINEE,Systeme
2381,1,Alignement machine,Calibration axes,2025-09-19T13:00:00,2025-09-19T14:35:00,95,794.2,29,TERMINEE,Systeme
2382,2,Changement liquide,Remplacement liquide de refroidissement,2025-02-19T07:00:00,2025-02-19T08:11:00,71,280.39,21,TERMINEE,Systeme
2383,3,Nettoyage,Nettoyage complet machine,2026-10-18T06:00:00,2026-10-18T06:50:00,50,190.67,30,TERMINEE,Systeme
2384,4,Corrective,Reparation broche,2025-10-04T13:00:00,2025-10-04T17:42:00,282,2274.78,30,TERMINEE,Systeme
2385,4,Preventive,Revision generale planifiee,2025-01-16T14:00:00,2025-01-16T15:47:00,107,1392.16,26,TERMINEE,Systeme
2386,1,Preventive,Controle periodique,2026-07-31T09:00:00,2026-07-31T10:12:00,72,1417.75,4,TERMINEE,Systeme
2387,8,Changement liquide,Remplacement liquide de refroidissement,2026-03-06T12:00:00,2026-03-06T13:36:00,96,220.96,14,TERMINEE,Systeme
2388,2,Preventive,Controle periodique,2025-09-02T08:00:00,2025-09-02T09:10:00,70,685.03,45,TERMINEE,Systeme
2389,6,Preventive,Maintenance preventive programmee,2026-10-20T16:00:00,2026-10-20T18:35:00,155,345.14,40,TERMINEE,Systeme
2390,10,Remplacement roulement,Changement roulement axe Z,2026-02-21T08:00:00,2026-02-21T12:39:00,279,1212.27,8,TERMINEE,Systeme
2391,8,Corrective,Probleme hydraulique,2026-07-19T17:00:00,2026-07-20T00:06:00,426,3016.73,16,TERMINEE,Systeme
2392,3,Corrective,Probleme hydraulique,2025-03-16T17:00:00,2025-03-17T01:25:00,505,1605.62,13,TERMINEE,Systeme
2393,9,Preventive,Revision generale planifiee,2025-05-13T11:00:00,2025-05-13T12:52:00,112,1320.23,16,TERMINEE,Systeme
2394,4,Inspection,Controle metrologique,2026-02-18T17:00:00,2026-02-18T17:41:00,41,268.59,10,TERMINEE,Systeme
2395,5,Corrective,Defaut capteur,2026-09-05T15:00:00,2026-09-06T02:05:00,665,2261.82,8,TERMINEE,Systeme
2396,8,Corrective,Defaut electricite,2025-04-29T06:00:00,2025-04-29T13:25:00,445,917.02,2,TERMINEE,Systeme
2397,9,Preventive,Revision generale planifiee,2026-04-09T17:00:00,2026-04-09T18:11:00,71,248.23,36,TERMINEE,Systeme
2398,6,Corrective,Reparation broche,2026-09-15T10:00:00,2026-09-15T12:30:00,150,729.16,41,TERMINEE,Systeme
2399,10,Alignement machine,Alignement broche,2025-09-02T12:00:00,2025-09-02T14:14:00,134,399.17,35,TERMINEE,Systeme
2400,6,Preventive,Maintenance preventive programmee,2026-08-28T06:00:00,2026-08-28T08:22:00,142,956.35,16,TERMINEE,Systeme
2401,1,Preventive,Maintenance preventive programmee,2026-03-02T13:00:00,2026-03-02T16:04:00,184,1270.01,10,TERMINEE,Systeme
2402,7,Remplacement roulement,Remplacement roulement broche,2025-01-12T06:00:00,2025-01-12T07:48:00,108,2954.61,39,TERMINEE,Systeme
2403,8,Changement huile,Vidange huile broche,2025-10-19T18:00:00,2025-10-19T18:32:00,32,335.89,17,TERMINEE,Systeme
2404,1,Corrective,Reparation broche,2026-07-19T07:00:00,2026-07-19T11:07:00,247,826.66,9,TERMINEE,Systeme
2405,7,Corrective,Defaut capteur,2026-10-13T12:00:00,2026-10-13T20:23:00,503,3998.69,44,TERMINEE,Systeme
2406,8,Preventive,Maintenance preventive programmee,2025-03-26T15:00:00,2025-03-26T16:13:00,73,742.18,35,TERMINEE,Systeme
2407,1,Corrective,Panne servo-moteur,2026-01-03T08:00:00,2026-01-03T15:27:00,447,2490.62,7,TERMINEE,Systeme
2408,1,Preventive,Maintenance preventive programmee,2025-02-06T11:00:00,2025-02-06T14:07:00,187,905.6,6,TERMINEE,Systeme
2409,9,Preventive,Controle periodique,2026-07-24T14:00:00,2026-07-24T15:25:00,85,1116.74,36,TERMINEE,Systeme
2410,4,Preventive,Revision generale planifiee,2026-02-08T11:00:00,2026-02-08T14:38:00,218,1115.98,37,TERMINEE,Systeme
2411,3,Remplacement roulement,Remplacement roulement broche,2026-06-08T15:00:00,2026-06-08T18:03:00,183,1284.72,34,TERMINEE,Systeme
2412,5,Preventive,Revision generale planifiee,2025-05-30T12:00:00,2025-05-30T13:39:00,99,242.79,3,TERMINEE,Systeme
2413,1,Corrective,Defaut capteur,2025-06-09T17:00:00,2025-06-10T01:51:00,531,694.97,14,TERMINEE,Systeme
2414,9,Nettoyage,Depoussierage systeme,2025-03-12T14:00:00,2025-03-12T14:51:00,51,153.63,27,TERMINEE,Systeme
2415,12,Alignement machine,Alignement broche,2026-09-06T15:00:00,2026-09-06T16:44:00,104,935.55,24,TERMINEE,Systeme
2416,11,Remplacement roulement,Remplacement roulement broche,2026-05-22T18:00:00,2026-05-22T21:28:00,208,2411.0,34,TERMINEE,Systeme
2417,2,Alignement machine,Calibration axes,2026-06-14T12:00:00,2026-06-14T13:43:00,103,369.08,19,TERMINEE,Systeme
2418,9,Remplacement roulement,Changement roulement axe Z,2026-05-02T17:00:00,2026-05-02T20:34:00,214,2161.4,15,TERMINEE,Systeme
2419,8,Preventive,Maintenance preventive programmee,2025-10-16T18:00:00,2025-10-16T20:55:00,175,1223.61,1,TERMINEE,Systeme
2420,10,Preventive,Controle periodique,2025-07-22T13:00:00,2025-07-22T14:16:00,76,613.9,34,TERMINEE,Systeme
2421,6,Preventive,Maintenance preventive programmee,2025-02-10T10:00:00,2025-02-10T11:41:00,101,1423.91,44,TERMINEE,Systeme
2422,6,Preventive,Revision generale planifiee,2026-07-08T15:00:00,2026-07-08T18:57:00,237,1097.85,17,TERMINEE,Systeme
2423,7,Changement huile,Vidange huile broche,2026-04-30T17:00:00,2026-04-30T18:04:00,64,198.59,23,TERMINEE,Systeme
2424,7,Preventive,Maintenance preventive programmee,2025-02-01T17:00:00,2025-02-01T20:32:00,212,604.36,45,TERMINEE,Systeme
2425,7,Alignement machine,Calibration axes,2026-05-28T11:00:00,2026-05-28T12:18:00,78,886.69,39,TERMINEE,Systeme
2426,6,Alignement machine,Calibration axes,2025-08-19T07:00:00,2025-08-19T09:07:00,127,412.11,23,TERMINEE,Systeme
2427,8,Changement liquide,Remplacement liquide de refroidissement,2025-04-11T11:00:00,2025-04-11T12:11:00,71,522.19,38,TERMINEE,Systeme
2428,3,Nettoyage,Depoussierage systeme,2025-10-23T12:00:00,2025-10-23T12:30:00,30,63.6,41,TERMINEE,Systeme
2429,2,Inspection,Controle metrologique,2026-11-05T11:00:00,2026-11-05T11:15:00,15,466.65,11,TERMINEE,Systeme
2430,4,Preventive,Controle periodique,2026-08-19T14:00:00,2026-08-19T17:46:00,226,1334.51,20,TERMINEE,Systeme
2431,11,Nettoyage,Depoussierage systeme,2025-03-05T07:00:00,2025-03-05T07:44:00,44,104.41,6,TERMINEE,Systeme
2432,6,Changement huile,Remplacement huide hydraulique,2026-08-30T12:00:00,2026-08-30T12:30:00,30,210.56,45,TERMINEE,Systeme
2433,8,Corrective,Probleme hydraulique,2026-10-10T11:00:00,2026-10-10T15:33:00,273,2791.84,43,TERMINEE,Systeme
2434,7,Alignement machine,Alignement broche,2026-05-16T17:00:00,2026-05-16T19:44:00,164,456.81,14,TERMINEE,Systeme
2435,12,Preventive,Revision generale planifiee,2026-06-11T13:00:00,2026-06-11T14:29:00,89,1078.32,19,TERMINEE,Systeme
2436,1,Changement huile,Remplacement huide hydraulique,2026-01-26T13:00:00,2026-01-26T14:11:00,71,283.16,7,TERMINEE,Systeme
2437,5,Corrective,Panne servo-moteur,2025-03-19T07:00:00,2025-03-19T09:52:00,172,4134.51,19,TERMINEE,Systeme
2438,12,Remplacement roulement,Changement roulement axe Z,2026-06-12T07:00:00,2026-06-12T09:38:00,158,2136.61,45,TERMINEE,Systeme
2439,7,Preventive,Revision generale planifiee,2026-10-14T10:00:00,2026-10-14T11:01:00,61,927.24,31,TERMINEE,Systeme
2440,11,Preventive,Revision generale planifiee,2025-11-06T10:00:00,2025-11-06T12:11:00,131,1075.04,3,TERMINEE,Systeme
2441,9,Changement huile,Remplacement huide hydraulique,2026-02-08T09:00:00,2026-02-08T09:43:00,43,136.82,16,TERMINEE,Systeme
2442,9,Preventive,Controle periodique,2025-03-27T16:00:00,2025-03-27T19:05:00,185,405.49,39,TERMINEE,Systeme
2443,4,Remplacement roulement,Changement roulement axe Z,2025-12-08T12:00:00,2025-12-08T14:50:00,170,2511.77,5,TERMINEE,Systeme
2444,2,Preventive,Controle periodique,2025-05-05T07:00:00,2025-05-05T10:04:00,184,1205.22,25,TERMINEE,Systeme
2445,3,Corrective,Probleme hydraulique,2025-04-27T15:00:00,2025-04-27T17:44:00,164,2551.99,20,TERMINEE,Systeme
2446,10,Nettoyage,Nettoyage complet machine,2025-06-14T09:00:00,2025-06-14T09:55:00,55,186.15,5,TERMINEE,Systeme
2447,9,Nettoyage,Depoussierage systeme,2026-11-18T16:00:00,2026-11-18T16:37:00,37,84.47,30,TERMINEE,Systeme
2448,11,Preventive,Maintenance preventive programmee,2025-01-08T12:00:00,2025-01-08T13:51:00,111,1275.09,12,TERMINEE,Systeme
2449,8,Corrective,Probleme hydraulique,2026-10-16T17:00:00,2026-10-16T23:46:00,406,1507.57,40,TERMINEE,Systeme
2450,6,Changement huile,Vidange huile broche,2025-06-12T08:00:00,2025-06-12T08:56:00,56,279.74,14,TERMINEE,Systeme
2451,10,Nettoyage,Nettoyage complet machine,2026-05-16T13:00:00,2026-05-16T13:56:00,56,191.5,17,TERMINEE,Systeme
2452,10,Inspection,Inspection visuelle,2025-07-27T06:00:00,2025-07-27T06:18:00,18,171.15,6,TERMINEE,Systeme
2453,7,Preventive,Maintenance preventive programmee,2025-03-09T12:00:00,2025-03-09T14:00:00,120,459.57,19,TERMINEE,Systeme
2454,10,Preventive,Maintenance preventive programmee,2026-08-17T06:00:00,2026-08-17T07:54:00,114,1048.97,13,TERMINEE,Systeme
2455,10,Changement huile,Vidange huile broche,2025-12-03T14:00:00,2025-12-03T14:41:00,41,307.4,26,TERMINEE,Systeme
2456,8,Alignement machine,Alignement broche,2026-11-12T11:00:00,2026-11-12T12:51:00,111,353.72,42,TERMINEE,Systeme
2457,10,Nettoyage,Depoussierage systeme,2026-04-12T06:00:00,2026-04-12T06:50:00,50,175.64,8,TERMINEE,Systeme
2458,9,Changement liquide,Vidange circuit hydraulique,2025-07-14T09:00:00,2025-07-14T10:29:00,89,240.18,22,TERMINEE,Systeme
2459,3,Changement huile,Remplacement huide hydraulique,2026-01-13T13:00:00,2026-01-13T14:14:00,74,170.71,21,TERMINEE,Systeme
2460,3,Nettoyage,Nettoyage complet machine,2026-01-07T12:00:00,2026-01-07T12:44:00,44,94.02,5,TERMINEE,Systeme
2461,12,Nettoyage,Nettoyage complet machine,2025-03-21T06:00:00,2025-03-21T06:45:00,45,175.56,29,TERMINEE,Systeme
2462,12,Preventive,Maintenance preventive programmee,2026-10-20T17:00:00,2026-10-20T20:56:00,236,1154.77,27,TERMINEE,Systeme
2463,11,Changement liquide,Remplacement liquide de refroidissement,2025-02-20T10:00:00,2025-02-20T11:09:00,69,541.46,5,TERMINEE,Systeme
2464,11,Inspection,Controle metrologique,2026-08-29T17:00:00,2026-08-29T17:16:00,16,269.88,34,TERMINEE,Systeme
2465,2,Nettoyage,Nettoyage complet machine,2026-01-20T15:00:00,2026-01-20T15:48:00,48,94.56,13,TERMINEE,Systeme
2466,3,Alignement machine,Calibration axes,2025-01-28T16:00:00,2025-01-28T18:17:00,137,1166.6,42,TERMINEE,Systeme
2467,5,Nettoyage,Nettoyage complet machine,2025-08-02T11:00:00,2025-08-02T11:30:00,30,60.68,9,TERMINEE,Systeme
2468,9,Preventive,Maintenance preventive programmee,2026-10-27T17:00:00,2026-10-27T20:11:00,191,345.54,6,TERMINEE,Systeme
2469,8,Changement huile,Vidange huile broche,2025-05-29T10:00:00,2025-05-29T11:20:00,80,303.89,41,TERMINEE,Systeme
2470,2,Alignement machine,Alignement broche,2025-07-23T07:00:00,2025-07-23T08:47:00,107,467.52,36,TERMINEE,Systeme
2471,6,Corrective,Reparation broche,2025-09-02T16:00:00,2025-09-02T20:41:00,281,4813.55,5,TERMINEE,Systeme
2472,4,Preventive,Controle periodique,2026-11-14T10:00:00,2026-11-14T12:15:00,135,547.44,6,TERMINEE,Systeme
2473,12,Changement huile,Vidange huile broche,2025-01-18T16:00:00,2025-01-18T17:07:00,67,260.22,35,TERMINEE,Systeme
2474,3,Changement huile,Remplacement huide hydraulique,2025-05-18T12:00:00,2025-05-18T12:38:00,38,222.27,16,TERMINEE,Systeme
2475,5,Corrective,Probleme hydraulique,2025-01-22T06:00:00,2025-01-22T16:59:00,659,3979.65,43,TERMINEE,Systeme
2476,10,Remplacement roulement,Remplacement roulement broche,2025-06-03T12:00:00,2025-06-03T15:59:00,239,1819.98,37,TERMINEE,Systeme
2477,10,Alignement machine,Alignement broche,2026-01-05T18:00:00,2026-01-05T19:49:00,109,700.14,9,TERMINEE,Systeme
2478,12,Corrective,Defaut electricite,2026-02-03T10:00:00,2026-02-03T15:27:00,327,2702.08,44,TERMINEE,Systeme
2479,8,Preventive,Controle periodique,2025-01-05T15:00:00,2025-01-05T16:26:00,86,292.46,25,TERMINEE,Systeme
2480,5,Preventive,Revision generale planifiee,2025-01-29T16:00:00,2025-01-29T18:40:00,160,703.31,14,TERMINEE,Systeme
2481,6,Corrective,Defaut capteur,2026-11-22T17:00:00,2026-11-23T01:13:00,493,4336.04,36,TERMINEE,Systeme
2482,3,Preventive,Revision generale planifiee,2026-03-13T15:00:00,2026-03-13T17:21:00,141,491.88,38,TERMINEE,Systeme
2483,2,Preventive,Revision generale planifiee,2025-09-16T12:00:00,2025-09-16T13:34:00,94,1207.29,31,TERMINEE,Systeme
2484,11,Changement liquide,Remplacement liquide de refroidissement,2025-06-26T13:00:00,2025-06-26T14:15:00,75,459.1,6,TERMINEE,Systeme
2485,10,Preventive,Controle periodique,2026-02-06T10:00:00,2026-02-06T12:20:00,140,986.87,6,TERMINEE,Systeme
2486,1,Corrective,Defaut capteur,2025-12-01T13:00:00,2025-12-01T21:28:00,508,2983.93,7,TERMINEE,Systeme
2487,2,Corrective,Probleme hydraulique,2025-10-06T08:00:00,2025-10-06T19:27:00,687,4054.36,2,TERMINEE,Systeme
2488,10,Preventive,Controle periodique,2025-06-05T09:00:00,2025-06-05T10:02:00,62,1414.38,32,TERMINEE,Systeme
2489,10,Changement huile,Remplacement huide hydraulique,2026-11-07T10:00:00,2026-11-07T10:40:00,40,214.18,25,TERMINEE,Systeme
2490,6,Nettoyage,Nettoyage complet machine,2026-02-07T10:00:00,2026-02-07T10:20:00,20,169.71,5,TERMINEE,Systeme
2491,6,Nettoyage,Depoussierage systeme,2025-05-21T10:00:00,2025-05-21T10:32:00,32,172.19,38,TERMINEE,Systeme
2492,9,Preventive,Maintenance preventive programmee,2026-04-16T12:00:00,2026-04-16T14:07:00,127,277.06,2,TERMINEE,Systeme
2493,2,Preventive,Maintenance preventive programmee,2026-03-22T13:00:00,2026-03-22T16:49:00,229,1174.16,12,TERMINEE,Systeme
2494,5,Nettoyage,Nettoyage complet machine,2026-06-14T07:00:00,2026-06-14T07:58:00,58,52.74,26,TERMINEE,Systeme
2495,6,Changement liquide,Vidange circuit hydraulique,2025-10-28T06:00:00,2025-10-28T06:55:00,55,504.55,41,TERMINEE,Systeme
2496,10,Preventive,Revision generale planifiee,2025-03-18T18:00:00,2025-03-18T19:10:00,70,1407.97,25,TERMINEE,Systeme
2497,3,Preventive,Controle periodique,2026-08-20T08:00:00,2026-08-20T09:37:00,97,951.97,6,TERMINEE,Systeme
2498,9,Nettoyage,Nettoyage complet machine,2026-11-21T13:00:00,2026-11-21T14:00:00,60,51.62,12,TERMINEE,Systeme
2499,3,Alignement machine,Calibration axes,2025-01-24T09:00:00,2025-01-24T10:00:00,60,565.81,26,TERMINEE,Systeme
2500,4,Changement huile,Remplacement huide hydraulique,2026-05-04T15:00:00,2026-05-04T15:31:00,31,316.23,16,TERMINEE,Systeme
2501,7,Preventive,Maintenance preventive programmee,2026-04-24T16:00:00,2026-04-24T17:43:00,103,912.94,13,TERMINEE,Systeme
2502,3,Preventive,Revision generale planifiee,2026-06-10T12:00:00,2026-06-10T13:01:00,61,333.13,36,TERMINEE,Systeme
2503,10,Preventive,Controle periodique,2025-05-17T07:00:00,2025-05-17T10:17:00,197,1452.83,12,TERMINEE,Systeme
2504,12,Changement huile,Remplacement huide hydraulique,2026-08-28T16:00:00,2026-08-28T17:04:00,64,181.55,36,TERMINEE,Systeme
2505,2,Preventive,Controle periodique,2026-11-23T06:00:00,2026-11-23T08:13:00,133,1419.85,16,TERMINEE,Systeme
2506,5,Corrective,Reparation broche,2026-02-01T07:00:00,2026-02-01T18:18:00,678,2699.15,13,TERMINEE,Systeme
2507,5,Inspection,Controle metrologique,2026-03-04T09:00:00,2026-03-04T09:19:00,19,491.73,28,TERMINEE,Systeme
2508,9,Alignement machine,Alignement broche,2026-05-23T06:00:00,2026-05-23T07:06:00,66,709.21,33,TERMINEE,Systeme
2509,7,Preventive,Revision generale planifiee,2026-08-28T06:00:00,2026-08-28T09:14:00,194,432.82,4,TERMINEE,Systeme
2510,9,Changement huile,Remplacement huide hydraulique,2026-09-20T15:00:00,2026-09-20T16:06:00,66,218.42,2,TERMINEE,Systeme
2511,3,Corrective,Reparation broche,2026-01-30T18:00:00,2026-01-31T05:11:00,671,1354.1,45,TERMINEE,Systeme
2512,11,Changement huile,Vidange huile broche,2025-04-18T07:00:00,2025-04-18T08:03:00,63,295.95,9,TERMINEE,Systeme
2513,5,Nettoyage,Depoussierage systeme,2026-09-19T15:00:00,2026-09-19T15:42:00,42,150.43,9,TERMINEE,Systeme
2514,5,Nettoyage,Depoussierage systeme,2026-03-11T07:00:00,2026-03-11T07:42:00,42,192.39,27,TERMINEE,Systeme
2515,7,Remplacement roulement,Remplacement roulement broche,2026-10-17T11:00:00,2026-10-17T14:45:00,225,1314.62,14,TERMINEE,Systeme
2516,9,Nettoyage,Depoussierage systeme,2025-01-09T16:00:00,2025-01-09T16:23:00,23,144.86,29,TERMINEE,Systeme
2517,12,Inspection,Inspection visuelle,2026-06-11T07:00:00,2026-06-11T07:17:00,17,362.62,3,TERMINEE,Systeme
2518,10,Corrective,Reparation broche,2025-11-07T06:00:00,2025-11-07T09:43:00,223,648.2,28,TERMINEE,Systeme
2519,7,Preventive,Revision generale planifiee,2025-12-23T11:00:00,2025-12-23T14:34:00,214,982.31,8,TERMINEE,Systeme
2520,5,Inspection,Inspection visuelle,2026-07-10T10:00:00,2026-07-10T10:24:00,24,266.94,4,TERMINEE,Systeme
2521,6,Preventive,Maintenance preventive programmee,2025-01-09T10:00:00,2025-01-09T12:46:00,166,872.13,21,TERMINEE,Systeme
2522,11,Inspection,Controle metrologique,2025-01-21T14:00:00,2025-01-21T14:23:00,23,331.91,35,TERMINEE,Systeme
2523,6,Preventive,Controle periodique,2026-02-07T14:00:00,2026-02-07T16:31:00,151,560.86,20,TERMINEE,Systeme
2524,7,Preventive,Controle periodique,2025-05-16T07:00:00,2025-05-16T08:57:00,117,272.68,4,TERMINEE,Systeme
2525,2,Preventive,Controle periodique,2025-02-07T13:00:00,2025-02-07T16:14:00,194,276.67,15,TERMINEE,Systeme
2526,11,Preventive,Revision generale planifiee,2025-03-26T10:00:00,2025-03-26T12:40:00,160,1171.27,15,TERMINEE,Systeme
2527,1,Alignement machine,Alignement broche,2026-05-13T16:00:00,2026-05-13T17:41:00,101,776.97,11,TERMINEE,Systeme
2528,8,Remplacement roulement,Changement roulement axe Z,2026-10-11T11:00:00,2026-10-11T13:58:00,178,2243.69,21,TERMINEE,Systeme
2529,6,Preventive,Controle periodique,2026-04-02T12:00:00,2026-04-02T15:53:00,233,480.47,36,TERMINEE,Systeme
2530,8,Nettoyage,Depoussierage systeme,2025-07-22T09:00:00,2025-07-22T09:53:00,53,50.98,27,TERMINEE,Systeme
2531,4,Preventive,Revision generale planifiee,2025-01-21T08:00:00,2025-01-21T10:02:00,122,1329.7,32,TERMINEE,Systeme
2532,12,Changement liquide,Remplacement liquide de refroidissement,2026-03-16T06:00:00,2026-03-16T06:47:00,47,194.14,20,TERMINEE,Systeme
2533,6,Preventive,Maintenance preventive programmee,2025-06-17T09:00:00,2025-06-17T11:48:00,168,917.66,43,TERMINEE,Systeme
2534,9,Inspection,Inspection visuelle,2025-12-25T09:00:00,2025-12-25T09:33:00,33,471.85,25,TERMINEE,Systeme
2535,3,Preventive,Revision generale planifiee,2026-03-25T10:00:00,2026-03-25T11:38:00,98,287.36,30,TERMINEE,Systeme
2536,12,Corrective,Reparation broche,2026-11-16T17:00:00,2026-11-17T02:56:00,596,4965.48,31,TERMINEE,Systeme
2537,8,Corrective,Probleme hydraulique,2026-08-13T09:00:00,2026-08-13T11:04:00,124,1747.6,26,TERMINEE,Systeme
2538,3,Changement liquide,Remplacement liquide de refroidissement,2025-07-27T11:00:00,2025-07-27T12:58:00,118,418.23,32,TERMINEE,Systeme
2539,2,Alignement machine,Alignement broche,2026-07-18T16:00:00,2026-07-18T17:36:00,96,816.93,10,TERMINEE,Systeme
2540,6,Corrective,Reparation broche,2026-02-02T13:00:00,2026-02-02T23:20:00,620,1382.34,40,TERMINEE,Systeme
2541,4,Preventive,Maintenance preventive programmee,2026-03-03T08:00:00,2026-03-03T10:50:00,170,902.11,41,TERMINEE,Systeme
2542,5,Preventive,Controle periodique,2025-02-25T17:00:00,2025-02-25T18:21:00,81,1024.67,4,TERMINEE,Systeme
2543,6,Alignement machine,Calibration axes,2025-03-26T16:00:00,2025-03-26T17:16:00,76,1067.8,6,TERMINEE,Systeme
2544,9,Corrective,Probleme hydraulique,2025-12-30T11:00:00,2025-12-30T17:01:00,361,3867.29,8,TERMINEE,Systeme
2545,4,Remplacement roulement,Remplacement roulement broche,2025-05-06T14:00:00,2025-05-06T17:51:00,231,916.9,38,TERMINEE,Systeme
2546,8,Corrective,Probleme hydraulique,2026-05-24T11:00:00,2026-05-24T20:48:00,588,576.52,10,TERMINEE,Systeme
2547,9,Corrective,Panne servo-moteur,2025-01-19T17:00:00,2025-01-19T19:41:00,161,1064.7,23,TERMINEE,Systeme
2548,10,Remplacement roulement,Remplacement roulement broche,2026-02-06T08:00:00,2026-02-06T12:55:00,295,1239.42,25,TERMINEE,Systeme
2549,8,Corrective,Panne servo-moteur,2025-09-05T17:00:00,2025-09-06T01:09:00,489,3886.77,34,TERMINEE,Systeme
2550,6,Inspection,Controle metrologique,2026-07-09T12:00:00,2026-07-09T12:16:00,16,124.12,10,TERMINEE,Systeme
2551,4,Changement liquide,Remplacement liquide de refroidissement,2025-02-10T10:00:00,2025-02-10T11:33:00,93,453.49,38,TERMINEE,Systeme
2552,12,Inspection,Controle metrologique,2025-04-01T11:00:00,2025-04-01T11:42:00,42,473.37,8,TERMINEE,Systeme
2553,12,Nettoyage,Depoussierage systeme,2026-06-14T09:00:00,2026-06-14T09:32:00,32,51.68,38,TERMINEE,Systeme
2554,2,Corrective,Probleme hydraulique,2025-04-17T18:00:00,2025-04-18T01:45:00,465,2731.83,12,TERMINEE,Systeme
2555,5,Nettoyage,Depoussierage systeme,2026-07-20T15:00:00,2026-07-20T15:51:00,51,132.76,35,TERMINEE,Systeme
2556,7,Remplacement roulement,Remplacement roulement broche,2025-01-13T09:00:00,2025-01-13T11:33:00,153,2980.8,32,TERMINEE,Systeme
2557,12,Changement huile,Vidange huile broche,2026-02-19T07:00:00,2026-02-19T07:48:00,48,215.19,42,TERMINEE,Systeme
2558,4,Alignement machine,Calibration axes,2025-06-11T07:00:00,2025-06-11T08:33:00,93,885.75,15,TERMINEE,Systeme
2559,8,Changement huile,Remplacement huide hydraulique,2026-05-26T08:00:00,2026-05-26T09:28:00,88,161.55,29,TERMINEE,Systeme
2560,1,Remplacement roulement,Remplacement roulement broche,2026-09-15T17:00:00,2026-09-15T20:26:00,206,1178.37,16,TERMINEE,Systeme
2561,10,Inspection,Inspection visuelle,2025-11-15T15:00:00,2025-11-15T15:39:00,39,176.32,9,TERMINEE,Systeme
2562,12,Corrective,Probleme hydraulique,2025-12-30T14:00:00,2025-12-31T01:49:00,709,4499.53,42,TERMINEE,Systeme
2563,7,Alignement machine,Calibration axes,2025-04-30T10:00:00,2025-04-30T12:12:00,132,495.65,19,TERMINEE,Systeme
2564,7,Nettoyage,Nettoyage complet machine,2026-06-10T17:00:00,2026-06-10T17:39:00,39,185.05,34,TERMINEE,Systeme
2565,12,Preventive,Maintenance preventive programmee,2025-05-28T14:00:00,2025-05-28T16:25:00,145,928.65,30,TERMINEE,Systeme
2566,6,Inspection,Verification geometrie,2026-07-19T06:00:00,2026-07-19T06:19:00,19,160.09,27,TERMINEE,Systeme
2567,4,Preventive,Maintenance preventive programmee,2026-09-14T16:00:00,2026-09-14T17:13:00,73,202.02,25,TERMINEE,Systeme
2568,1,Changement huile,Vidange huile broche,2026-04-02T11:00:00,2026-04-02T12:25:00,85,217.47,18,TERMINEE,Systeme
2569,5,Remplacement roulement,Changement roulement axe Z,2026-08-03T14:00:00,2026-08-03T17:28:00,208,2813.8,3,TERMINEE,Systeme
2570,10,Inspection,Inspection visuelle,2026-04-25T12:00:00,2026-04-25T12:19:00,19,137.25,20,TERMINEE,Systeme
2571,10,Changement liquide,Remplacement liquide de refroidissement,2025-11-02T17:00:00,2025-11-02T18:15:00,75,150.29,21,TERMINEE,Systeme
2572,6,Preventive,Maintenance preventive programmee,2025-03-02T11:00:00,2025-03-02T14:57:00,237,306.94,25,TERMINEE,Systeme
2573,7,Preventive,Revision generale planifiee,2026-09-08T07:00:00,2026-09-08T09:02:00,122,1373.4,7,TERMINEE,Systeme
2574,11,Nettoyage,Depoussierage systeme,2026-01-30T18:00:00,2026-01-30T18:37:00,37,64.15,2,TERMINEE,Systeme
2575,10,Changement huile,Remplacement huide hydraulique,2026-01-20T11:00:00,2026-01-20T12:06:00,66,313.96,29,TERMINEE,Systeme
2576,8,Changement huile,Vidange huile broche,2026-01-06T15:00:00,2026-01-06T16:11:00,71,328.22,18,TERMINEE,Systeme
2577,3,Preventive,Revision generale planifiee,2025-08-04T15:00:00,2025-08-04T17:06:00,126,504.54,26,TERMINEE,Systeme
2578,9,Preventive,Maintenance preventive programmee,2025-01-30T16:00:00,2025-01-30T19:44:00,224,447.55,5,TERMINEE,Systeme
2579,1,Corrective,Probleme hydraulique,2026-01-25T14:00:00,2026-01-25T23:02:00,542,3871.36,5,TERMINEE,Systeme
2580,10,Preventive,Controle periodique,2026-02-02T11:00:00,2026-02-02T14:28:00,208,298.99,43,TERMINEE,Systeme
2581,6,Changement huile,Vidange huile broche,2026-10-28T13:00:00,2026-10-28T14:29:00,89,256.91,16,TERMINEE,Systeme
2582,4,Preventive,Controle periodique,2025-11-19T14:00:00,2025-11-19T15:25:00,85,688.11,20,TERMINEE,Systeme
2583,5,Preventive,Revision generale planifiee,2025-02-13T14:00:00,2025-02-13T15:46:00,106,230.55,37,TERMINEE,Systeme
2584,6,Preventive,Maintenance preventive programmee,2025-07-23T13:00:00,2025-07-23T15:07:00,127,286.45,39,TERMINEE,Systeme
2585,2,Preventive,Controle periodique,2026-01-13T16:00:00,2026-01-13T19:26:00,206,253.34,6,TERMINEE,Systeme
2586,4,Changement huile,Vidange huile broche,2026-01-27T10:00:00,2026-01-27T11:14:00,74,239.02,6,TERMINEE,Systeme
2587,6,Preventive,Revision generale planifiee,2025-08-29T08:00:00,2025-08-29T11:27:00,207,302.04,9,TERMINEE,Systeme
2588,10,Preventive,Controle periodique,2025-05-01T07:00:00,2025-05-01T08:46:00,106,1141.9,44,TERMINEE,Systeme
2589,11,Alignement machine,Alignement broche,2026-05-10T18:00:00,2026-05-10T19:22:00,82,800.36,30,TERMINEE,Systeme
2590,3,Changement liquide,Remplacement liquide de refroidissement,2025-01-16T16:00:00,2025-01-16T16:50:00,50,440.28,8,TERMINEE,Systeme
2591,3,Corrective,Defaut capteur,2025-02-12T07:00:00,2025-02-12T12:07:00,307,2836.09,1,TERMINEE,Systeme
2592,3,Changement liquide,Vidange circuit hydraulique,2026-11-07T18:00:00,2026-11-07T18:52:00,52,341.12,44,TERMINEE,Systeme
2593,10,Preventive,Controle periodique,2026-10-22T10:00:00,2026-10-22T11:37:00,97,527.47,9,TERMINEE,Systeme
2594,10,Preventive,Revision generale planifiee,2025-08-12T07:00:00,2025-08-12T10:17:00,197,1239.86,27,TERMINEE,Systeme
2595,6,Corrective,Reparation broche,2025-04-18T06:00:00,2025-04-18T09:30:00,210,1882.65,22,TERMINEE,Systeme
2596,9,Changement liquide,Vidange circuit hydraulique,2026-07-07T15:00:00,2026-07-07T16:54:00,114,445.23,16,TERMINEE,Systeme
2597,1,Nettoyage,Depoussierage systeme,2025-08-12T18:00:00,2025-08-12T18:26:00,26,183.88,20,TERMINEE,Systeme
2598,7,Changement huile,Remplacement huide hydraulique,2025-03-18T16:00:00,2025-03-18T16:46:00,46,379.07,22,TERMINEE,Systeme
2599,11,Changement huile,Vidange huile broche,2025-02-14T17:00:00,2025-02-14T17:59:00,59,382.7,35,TERMINEE,Systeme
2600,10,Corrective,Probleme hydraulique,2025-12-10T17:00:00,2025-12-11T00:42:00,462,3339.73,17,TERMINEE,Systeme
2601,11,Changement liquide,Remplacement liquide de refroidissement,2026-01-24T16:00:00,2026-01-24T16:44:00,44,590.89,27,TERMINEE,Systeme
2602,11,Preventive,Controle periodique,2026-11-21T15:00:00,2026-11-21T16:03:00,63,522.78,34,TERMINEE,Systeme
2603,7,Changement huile,Vidange huile broche,2026-01-15T06:00:00,2026-01-15T06:54:00,54,274.42,2,TERMINEE,Systeme
2604,11,Remplacement roulement,Remplacement roulement broche,2025-07-22T06:00:00,2025-07-22T08:01:00,121,2357.03,12,TERMINEE,Systeme
2605,5,Changement liquide,Vidange circuit hydraulique,2025-11-02T08:00:00,2025-11-02T09:04:00,64,284.55,8,TERMINEE,Systeme
2606,7,Alignement machine,Calibration axes,2025-04-16T06:00:00,2025-04-16T08:20:00,140,385.12,17,TERMINEE,Systeme
2607,11,Corrective,Defaut capteur,2025-04-28T07:00:00,2025-04-28T09:06:00,126,3552.23,40,TERMINEE,Systeme
2608,2,Corrective,Defaut capteur,2025-03-16T06:00:00,2025-03-16T16:43:00,643,955.42,43,TERMINEE,Systeme
2609,1,Changement huile,Vidange huile broche,2026-11-21T13:00:00,2026-11-21T13:41:00,41,212.16,37,TERMINEE,Systeme
2610,1,Nettoyage,Nettoyage complet machine,2026-06-02T12:00:00,2026-06-02T12:51:00,51,197.4,26,TERMINEE,Systeme
2611,2,Corrective,Probleme hydraulique,2026-08-10T10:00:00,2026-08-10T13:16:00,196,3264.98,25,TERMINEE,Systeme
2612,5,Nettoyage,Nettoyage complet machine,2026-09-03T14:00:00,2026-09-03T14:28:00,28,88.71,33,TERMINEE,Systeme
2613,12,Preventive,Maintenance preventive programmee,2025-03-26T07:00:00,2025-03-26T08:57:00,117,802.38,23,TERMINEE,Systeme
2614,6,Corrective,Panne servo-moteur,2026-03-26T13:00:00,2026-03-26T16:27:00,207,3919.3,34,TERMINEE,Systeme
2615,3,Preventive,Revision generale planifiee,2026-01-06T08:00:00,2026-01-06T09:57:00,117,930.04,8,TERMINEE,Systeme
2616,10,Preventive,Maintenance preventive programmee,2025-01-04T06:00:00,2025-01-04T09:14:00,194,1318.03,6,TERMINEE,Systeme
2617,8,Changement liquide,Remplacement liquide de refroidissement,2026-10-26T11:00:00,2026-10-26T11:51:00,51,458.79,22,TERMINEE,Systeme
2618,12,Nettoyage,Nettoyage complet machine,2026-02-26T09:00:00,2026-02-26T09:51:00,51,185.48,10,TERMINEE,Systeme
2619,1,Changement liquide,Vidange circuit hydraulique,2025-05-11T08:00:00,2025-05-11T09:23:00,83,408.57,6,TERMINEE,Systeme
2620,10,Nettoyage,Depoussierage systeme,2025-06-25T15:00:00,2025-06-25T15:24:00,24,127.59,43,TERMINEE,Systeme
2621,7,Changement liquide,Vidange circuit hydraulique,2026-05-27T17:00:00,2026-05-27T18:50:00,110,237.8,42,TERMINEE,Systeme
2622,9,Nettoyage,Depoussierage systeme,2025-07-30T17:00:00,2025-07-30T17:38:00,38,159.46,17,TERMINEE,Systeme
2623,12,Preventive,Maintenance preventive programmee,2026-01-01T10:00:00,2026-01-01T12:32:00,152,1009.31,1,TERMINEE,Systeme
2624,1,Preventive,Revision generale planifiee,2026-08-28T17:00:00,2026-08-28T18:10:00,70,916.28,37,TERMINEE,Systeme
2625,5,Changement huile,Vidange huile broche,2025-06-23T14:00:00,2025-06-23T14:59:00,59,309.36,23,TERMINEE,Systeme
2626,7,Changement huile,Vidange huile broche,2026-07-29T12:00:00,2026-07-29T13:23:00,83,347.1,29,TERMINEE,Systeme
2627,4,Preventive,Revision generale planifiee,2025-07-24T16:00:00,2025-07-24T17:11:00,71,826.27,13,TERMINEE,Systeme
2628,10,Remplacement roulement,Remplacement roulement broche,2026-01-18T16:00:00,2026-01-18T18:24:00,144,1297.62,1,TERMINEE,Systeme
2629,9,Preventive,Revision generale planifiee,2026-01-17T17:00:00,2026-01-17T18:49:00,109,636.25,14,TERMINEE,Systeme
2630,9,Corrective,Probleme hydraulique,2025-01-30T18:00:00,2025-01-30T20:34:00,154,3915.83,14,TERMINEE,Systeme
2631,6,Nettoyage,Depoussierage systeme,2026-02-22T18:00:00,2026-02-22T18:56:00,56,114.41,5,TERMINEE,Systeme
2632,8,Preventive,Revision generale planifiee,2026-10-30T10:00:00,2026-10-30T12:55:00,175,221.6,34,TERMINEE,Systeme
2633,7,Nettoyage,Depoussierage systeme,2025-11-19T15:00:00,2025-11-19T15:57:00,57,96.65,35,TERMINEE,Systeme
2634,5,Preventive,Revision generale planifiee,2025-10-06T16:00:00,2025-10-06T19:35:00,215,881.6,30,TERMINEE,Systeme
2635,10,Nettoyage,Depoussierage systeme,2025-03-15T17:00:00,2025-03-15T17:54:00,54,70.82,29,TERMINEE,Systeme
2636,7,Changement liquide,Remplacement liquide de refroidissement,2026-10-08T12:00:00,2026-10-08T13:15:00,75,460.85,41,TERMINEE,Systeme
2637,10,Corrective,Panne servo-moteur,2026-04-08T18:00:00,2026-04-09T00:54:00,414,4408.03,13,TERMINEE,Systeme
2638,10,Alignement machine,Calibration axes,2025-02-12T18:00:00,2025-02-12T20:00:00,120,645.89,27,TERMINEE,Systeme
2639,6,Preventive,Controle periodique,2026-09-15T09:00:00,2026-09-15T10:37:00,97,923.82,44,TERMINEE,Systeme
2640,8,Inspection,Inspection visuelle,2026-02-28T08:00:00,2026-02-28T08:27:00,27,262.53,9,TERMINEE,Systeme
2641,7,Inspection,Verification geometrie,2025-05-16T14:00:00,2025-05-16T14:23:00,23,327.45,26,TERMINEE,Systeme
2642,5,Changement huile,Vidange huile broche,2025-07-22T06:00:00,2025-07-22T07:08:00,68,345.71,22,TERMINEE,Systeme
2643,1,Changement huile,Remplacement huide hydraulique,2025-04-06T07:00:00,2025-04-06T07:58:00,58,235.47,10,TERMINEE,Systeme
2644,3,Nettoyage,Nettoyage complet machine,2025-03-10T09:00:00,2025-03-10T09:55:00,55,68.31,42,TERMINEE,Systeme
2645,8,Preventive,Revision generale planifiee,2025-04-28T07:00:00,2025-04-28T10:39:00,219,1071.09,10,TERMINEE,Systeme
2646,1,Preventive,Revision generale planifiee,2025-09-22T07:00:00,2025-09-22T09:44:00,164,1097.39,14,TERMINEE,Systeme
2647,1,Preventive,Maintenance preventive programmee,2025-03-11T08:00:00,2025-03-11T09:18:00,78,521.51,24,TERMINEE,Systeme
2648,4,Preventive,Controle periodique,2025-07-15T15:00:00,2025-07-15T17:44:00,164,435.44,24,TERMINEE,Systeme
2649,11,Preventive,Controle periodique,2026-05-29T18:00:00,2026-05-29T21:20:00,200,871.81,5,TERMINEE,Systeme
2650,8,Changement liquide,Remplacement liquide de refroidissement,2026-07-24T08:00:00,2026-07-24T09:18:00,78,453.88,5,TERMINEE,Systeme
2651,9,Nettoyage,Depoussierage systeme,2025-07-15T07:00:00,2025-07-15T07:57:00,57,120.09,14,TERMINEE,Systeme
2652,2,Preventive,Revision generale planifiee,2025-03-28T17:00:00,2025-03-28T19:16:00,136,1464.1,17,TERMINEE,Systeme
2653,5,Nettoyage,Depoussierage systeme,2026-08-07T14:00:00,2026-08-07T14:37:00,37,188.73,35,TERMINEE,Systeme
2654,5,Changement huile,Remplacement huide hydraulique,2026-03-13T17:00:00,2026-03-13T17:42:00,42,364.37,1,TERMINEE,Systeme
2655,5,Inspection,Inspection visuelle,2026-09-19T12:00:00,2026-09-19T12:18:00,18,433.57,38,TERMINEE,Systeme
2656,5,Inspection,Inspection visuelle,2025-01-26T12:00:00,2025-01-26T12:29:00,29,188.24,7,TERMINEE,Systeme
2657,1,Corrective,Reparation broche,2025-03-17T11:00:00,2025-03-17T21:45:00,645,962.84,7,TERMINEE,Systeme
2658,12,Corrective,Reparation broche,2025-12-17T12:00:00,2025-12-17T23:44:00,704,2117.27,30,TERMINEE,Systeme
2659,1,Alignement machine,Alignement broche,2025-11-27T17:00:00,2025-11-27T18:18:00,78,649.32,30,TERMINEE,Systeme
2660,8,Corrective,Defaut electricite,2026-05-26T10:00:00,2026-05-26T15:10:00,310,799.28,42,TERMINEE,Systeme
2661,6,Nettoyage,Depoussierage systeme,2025-07-13T14:00:00,2025-07-13T14:58:00,58,88.98,22,TERMINEE,Systeme
2662,12,Preventive,Controle periodique,2025-02-27T18:00:00,2025-02-27T21:59:00,239,350.89,13,TERMINEE,Systeme
2663,2,Preventive,Maintenance preventive programmee,2026-03-07T17:00:00,2026-03-07T19:54:00,174,1232.51,40,TERMINEE,Systeme
2664,5,Changement huile,Vidange huile broche,2025-04-17T18:00:00,2025-04-17T18:55:00,55,143.58,14,TERMINEE,Systeme
2665,5,Preventive,Controle periodique,2025-08-23T11:00:00,2025-08-23T14:28:00,208,460.75,42,TERMINEE,Systeme
2666,12,Inspection,Inspection visuelle,2025-11-29T14:00:00,2025-11-29T14:30:00,30,424.54,19,TERMINEE,Systeme
2667,5,Nettoyage,Nettoyage complet machine,2025-04-14T06:00:00,2025-04-14T06:29:00,29,198.81,1,TERMINEE,Systeme
2668,11,Remplacement roulement,Changement roulement axe Z,2025-07-21T15:00:00,2025-07-21T19:47:00,287,1802.89,20,TERMINEE,Systeme
2669,9,Preventive,Revision generale planifiee,2025-04-08T06:00:00,2025-04-08T08:17:00,137,322.89,29,TERMINEE,Systeme
2670,3,Corrective,Defaut electricite,2025-04-25T18:00:00,2025-04-26T05:44:00,704,1580.71,6,TERMINEE,Systeme
2671,10,Changement huile,Remplacement huide hydraulique,2025-06-13T13:00:00,2025-06-13T13:30:00,30,201.36,25,TERMINEE,Systeme
2672,5,Preventive,Controle periodique,2025-04-10T18:00:00,2025-04-10T19:45:00,105,455.18,35,TERMINEE,Systeme
2673,9,Nettoyage,Nettoyage complet machine,2026-10-15T18:00:00,2026-10-15T18:48:00,48,63.76,38,TERMINEE,Systeme
2674,4,Corrective,Probleme hydraulique,2025-01-09T16:00:00,2025-01-10T00:12:00,492,1170.07,34,TERMINEE,Systeme
2675,5,Preventive,Controle periodique,2026-01-10T06:00:00,2026-01-10T07:34:00,94,855.54,17,TERMINEE,Systeme
2676,2,Preventive,Maintenance preventive programmee,2026-02-07T15:00:00,2026-02-07T16:10:00,70,858.28,40,TERMINEE,Systeme
2677,11,Changement huile,Remplacement huide hydraulique,2025-03-14T11:00:00,2025-03-14T12:27:00,87,359.85,45,TERMINEE,Systeme
2678,5,Preventive,Revision generale planifiee,2026-11-24T09:00:00,2026-11-24T12:59:00,239,224.24,34,TERMINEE,Systeme
2679,8,Inspection,Controle metrologique,2025-08-30T15:00:00,2025-08-30T15:33:00,33,418.38,31,TERMINEE,Systeme
2680,10,Corrective,Defaut electricite,2025-12-15T08:00:00,2025-12-15T19:21:00,681,3066.24,42,TERMINEE,Systeme
2681,6,Inspection,Inspection visuelle,2025-04-21T08:00:00,2025-04-21T08:36:00,36,435.49,10,TERMINEE,Systeme
2682,8,Nettoyage,Nettoyage complet machine,2025-07-01T06:00:00,2025-07-01T06:34:00,34,83.45,15,TERMINEE,Systeme
2683,10,Alignement machine,Alignement broche,2025-01-14T12:00:00,2025-01-14T14:17:00,137,445.81,12,TERMINEE,Systeme
2684,9,Changement huile,Remplacement huide hydraulique,2025-07-31T13:00:00,2025-07-31T13:46:00,46,212.45,27,TERMINEE,Systeme
2685,1,Inspection,Controle metrologique,2026-10-25T16:00:00,2026-10-25T16:43:00,43,268.05,41,TERMINEE,Systeme
2686,6,Alignement machine,Calibration axes,2025-10-19T09:00:00,2025-10-19T10:08:00,68,1184.0,20,TERMINEE,Systeme
2687,9,Corrective,Defaut electricite,2026-01-27T15:00:00,2026-01-28T01:17:00,617,1197.24,12,TERMINEE,Systeme
2688,1,Preventive,Maintenance preventive programmee,2026-09-27T11:00:00,2026-09-27T13:00:00,120,1101.23,6,TERMINEE,Systeme
2689,6,Remplacement roulement,Remplacement roulement broche,2026-04-05T14:00:00,2026-04-05T17:28:00,208,907.68,21,TERMINEE,Systeme
2690,8,Corrective,Defaut capteur,2026-03-09T17:00:00,2026-03-10T03:17:00,617,801.71,1,TERMINEE,Systeme
2691,3,Preventive,Revision generale planifiee,2026-04-22T08:00:00,2026-04-22T10:02:00,122,568.79,44,TERMINEE,Systeme
2692,12,Nettoyage,Depoussierage systeme,2026-07-28T08:00:00,2026-07-28T08:34:00,34,94.08,8,TERMINEE,Systeme
2693,10,Inspection,Controle metrologique,2026-10-22T10:00:00,2026-10-22T10:44:00,44,458.82,3,TERMINEE,Systeme
2694,12,Changement huile,Vidange huile broche,2026-09-05T15:00:00,2026-09-05T15:49:00,49,287.85,14,TERMINEE,Systeme
2695,2,Changement huile,Vidange huile broche,2026-02-21T14:00:00,2026-02-21T14:51:00,51,185.0,30,TERMINEE,Systeme
2696,2,Preventive,Controle periodique,2026-03-06T16:00:00,2026-03-06T17:19:00,79,559.21,8,TERMINEE,Systeme
2697,1,Inspection,Verification geometrie,2025-09-07T14:00:00,2025-09-07T14:33:00,33,372.7,9,TERMINEE,Systeme
2698,4,Preventive,Maintenance preventive programmee,2025-06-27T12:00:00,2025-06-27T14:34:00,154,359.21,43,TERMINEE,Systeme
2699,6,Remplacement roulement,Changement roulement axe Z,2025-12-25T18:00:00,2025-12-25T22:42:00,282,1253.74,10,TERMINEE,Systeme
2700,4,Nettoyage,Depoussierage systeme,2025-03-19T12:00:00,2025-03-19T12:29:00,29,89.82,29,TERMINEE,Systeme
2701,8,Inspection,Controle metrologique,2026-09-27T16:00:00,2026-09-27T16:34:00,34,394.96,4,TERMINEE,Systeme
2702,11,Corrective,Reparation broche,2025-04-28T06:00:00,2025-04-28T11:07:00,307,4351.02,3,TERMINEE,Systeme
2703,9,Preventive,Maintenance preventive programmee,2025-07-02T13:00:00,2025-07-02T14:34:00,94,666.35,15,TERMINEE,Systeme
2704,8,Corrective,Defaut capteur,2025-01-05T17:00:00,2025-01-06T02:03:00,543,1776.08,33,TERMINEE,Systeme
2705,9,Changement liquide,Vidange circuit hydraulique,2026-04-22T06:00:00,2026-04-22T06:47:00,47,559.76,43,TERMINEE,Systeme
2706,1,Remplacement roulement,Remplacement roulement broche,2025-10-04T08:00:00,2025-10-04T09:51:00,111,1231.7,26,TERMINEE,Systeme
2707,3,Changement huile,Remplacement huide hydraulique,2026-07-10T17:00:00,2026-07-10T17:48:00,48,143.61,12,TERMINEE,Systeme
2708,11,Remplacement roulement,Changement roulement axe Z,2025-08-11T07:00:00,2025-08-11T09:43:00,163,1837.54,11,TERMINEE,Systeme
2709,7,Preventive,Maintenance preventive programmee,2025-01-17T16:00:00,2025-01-17T17:44:00,104,1391.0,12,TERMINEE,Systeme
2710,4,Corrective,Defaut electricite,2025-01-22T18:00:00,2025-01-23T03:36:00,576,4831.28,21,TERMINEE,Systeme
2711,2,Preventive,Controle periodique,2026-06-25T13:00:00,2026-06-25T14:39:00,99,674.87,2,TERMINEE,Systeme
2712,8,Nettoyage,Depoussierage systeme,2025-09-21T12:00:00,2025-09-21T12:37:00,37,73.07,6,TERMINEE,Systeme
2713,10,Preventive,Revision generale planifiee,2026-02-07T06:00:00,2026-02-07T09:41:00,221,1231.99,44,TERMINEE,Systeme
2714,9,Remplacement roulement,Changement roulement axe Z,2025-07-14T07:00:00,2025-07-14T08:40:00,100,1953.01,31,TERMINEE,Systeme
2715,9,Changement huile,Vidange huile broche,2026-10-02T16:00:00,2026-10-02T17:22:00,82,132.75,2,TERMINEE,Systeme
2716,5,Preventive,Maintenance preventive programmee,2025-11-26T17:00:00,2025-11-26T20:25:00,205,1468.69,41,TERMINEE,Systeme
2717,10,Changement huile,Remplacement huide hydraulique,2025-10-15T16:00:00,2025-10-15T17:12:00,72,192.77,17,TERMINEE,Systeme
2718,12,Corrective,Reparation broche,2026-01-03T18:00:00,2026-01-03T21:33:00,213,1407.13,22,TERMINEE,Systeme
2719,4,Corrective,Reparation broche,2026-03-16T18:00:00,2026-03-17T05:57:00,717,2997.62,6,TERMINEE,Systeme
2720,4,Nettoyage,Depoussierage systeme,2026-02-06T13:00:00,2026-02-06T13:43:00,43,190.19,29,TERMINEE,Systeme
2721,11,Preventive,Maintenance preventive programmee,2025-03-13T12:00:00,2025-03-13T14:42:00,162,581.96,7,TERMINEE,Systeme
2722,7,Changement liquide,Vidange circuit hydraulique,2025-03-17T10:00:00,2025-03-17T11:08:00,68,336.01,34,TERMINEE,Systeme
2723,2,Preventive,Controle periodique,2026-07-02T11:00:00,2026-07-02T14:20:00,200,1279.52,37,TERMINEE,Systeme
2724,10,Changement huile,Vidange huile broche,2026-07-24T11:00:00,2026-07-24T11:59:00,59,366.1,34,TERMINEE,Systeme
2725,11,Alignement machine,Calibration axes,2026-07-04T16:00:00,2026-07-04T17:33:00,93,1099.87,27,TERMINEE,Systeme
2726,3,Corrective,Defaut electricite,2025-12-08T07:00:00,2025-12-08T10:12:00,192,4706.92,40,TERMINEE,Systeme
2727,5,Corrective,Panne servo-moteur,2026-05-23T17:00:00,2026-05-23T23:10:00,370,1191.47,16,TERMINEE,Systeme
2728,6,Preventive,Controle periodique,2026-01-08T12:00:00,2026-01-08T15:53:00,233,1087.43,42,TERMINEE,Systeme
2729,10,Nettoyage,Depoussierage systeme,2025-12-07T11:00:00,2025-12-07T11:58:00,58,73.52,38,TERMINEE,Systeme
2730,6,Inspection,Verification geometrie,2025-05-31T07:00:00,2025-05-31T07:39:00,39,481.18,43,TERMINEE,Systeme
2731,2,Changement huile,Vidange huile broche,2025-04-05T15:00:00,2025-04-05T16:11:00,71,192.48,45,TERMINEE,Systeme
2732,12,Alignement machine,Alignement broche,2026-10-28T10:00:00,2026-10-28T12:36:00,156,883.03,41,TERMINEE,Systeme
2733,3,Preventive,Revision generale planifiee,2026-06-03T10:00:00,2026-06-03T11:52:00,112,867.99,34,TERMINEE,Systeme
2734,7,Preventive,Revision generale planifiee,2026-11-09T17:00:00,2026-11-09T19:18:00,138,1149.76,30,TERMINEE,Systeme
2735,4,Nettoyage,Nettoyage complet machine,2026-03-14T09:00:00,2026-03-14T09:45:00,45,82.25,8,TERMINEE,Systeme
2736,10,Preventive,Maintenance preventive programmee,2026-07-09T08:00:00,2026-07-09T09:25:00,85,919.94,22,TERMINEE,Systeme
2737,2,Corrective,Panne servo-moteur,2025-01-20T15:00:00,2025-01-21T01:36:00,636,3157.18,4,TERMINEE,Systeme
2738,12,Preventive,Revision generale planifiee,2025-08-24T18:00:00,2025-08-24T21:08:00,188,1346.44,28,TERMINEE,Systeme
2739,5,Remplacement roulement,Changement roulement axe Z,2025-09-14T11:00:00,2025-09-14T15:20:00,260,2180.81,1,TERMINEE,Systeme
2740,11,Changement huile,Remplacement huide hydraulique,2025-03-12T16:00:00,2025-03-12T16:48:00,48,204.0,23,TERMINEE,Systeme
2741,12,Changement huile,Remplacement huide hydraulique,2025-04-22T07:00:00,2025-04-22T08:15:00,75,120.9,16,TERMINEE,Systeme
2742,3,Corrective,Panne servo-moteur,2025-05-14T18:00:00,2025-05-14T23:58:00,358,3280.81,15,TERMINEE,Systeme
2743,1,Preventive,Controle periodique,2026-01-21T09:00:00,2026-01-21T11:02:00,122,974.95,41,TERMINEE,Systeme
2744,12,Corrective,Defaut electricite,2025-06-29T12:00:00,2025-06-29T17:50:00,350,1541.47,10,TERMINEE,Systeme
2745,1,Inspection,Inspection visuelle,2025-01-22T15:00:00,2025-01-22T15:42:00,42,167.87,10,TERMINEE,Systeme
2746,11,Preventive,Revision generale planifiee,2025-04-15T16:00:00,2025-04-15T18:06:00,126,1493.12,11,TERMINEE,Systeme
2747,7,Corrective,Reparation broche,2026-09-17T16:00:00,2026-09-17T18:51:00,171,4855.93,23,TERMINEE,Systeme
2748,1,Preventive,Maintenance preventive programmee,2025-12-17T16:00:00,2025-12-17T19:42:00,222,1279.94,4,TERMINEE,Systeme
2749,11,Changement huile,Remplacement huide hydraulique,2026-05-19T06:00:00,2026-05-19T06:37:00,37,377.75,32,TERMINEE,Systeme
2750,1,Nettoyage,Depoussierage systeme,2026-02-28T18:00:00,2026-02-28T18:31:00,31,66.56,1,TERMINEE,Systeme
2751,6,Inspection,Inspection visuelle,2025-08-18T16:00:00,2025-08-18T16:16:00,16,115.57,33,TERMINEE,Systeme
2752,9,Corrective,Reparation broche,2025-02-06T09:00:00,2025-02-06T12:58:00,238,4815.25,23,TERMINEE,Systeme
2753,11,Preventive,Maintenance preventive programmee,2025-06-02T09:00:00,2025-06-02T10:40:00,100,602.33,13,TERMINEE,Systeme
2754,4,Changement huile,Remplacement huide hydraulique,2026-09-18T12:00:00,2026-09-18T12:52:00,52,103.48,34,TERMINEE,Systeme
2755,8,Changement liquide,Vidange circuit hydraulique,2026-01-17T18:00:00,2026-01-17T19:42:00,102,272.7,16,TERMINEE,Systeme
2756,8,Preventive,Revision generale planifiee,2025-03-07T09:00:00,2025-03-07T10:47:00,107,394.01,26,TERMINEE,Systeme
2757,3,Inspection,Controle metrologique,2026-03-29T09:00:00,2026-03-29T09:29:00,29,311.27,43,TERMINEE,Systeme
2758,11,Preventive,Revision generale planifiee,2025-08-28T18:00:00,2025-08-28T20:15:00,135,1485.17,15,TERMINEE,Systeme
2759,4,Corrective,Defaut electricite,2025-03-19T07:00:00,2025-03-19T17:46:00,646,504.17,9,TERMINEE,Systeme
2760,5,Preventive,Controle periodique,2025-10-27T09:00:00,2025-10-27T10:56:00,116,740.8,13,TERMINEE,Systeme
2761,9,Corrective,Reparation broche,2025-03-07T14:00:00,2025-03-07T23:24:00,564,2525.74,16,TERMINEE,Systeme
2762,4,Preventive,Controle periodique,2025-05-13T16:00:00,2025-05-13T19:37:00,217,690.97,24,TERMINEE,Systeme
2763,2,Corrective,Probleme hydraulique,2025-09-22T12:00:00,2025-09-22T20:54:00,534,3359.1,15,TERMINEE,Systeme
2764,5,Corrective,Defaut electricite,2025-03-02T07:00:00,2025-03-02T13:19:00,379,4424.7,25,TERMINEE,Systeme
2765,10,Corrective,Defaut electricite,2026-03-19T12:00:00,2026-03-19T17:39:00,339,4735.82,3,TERMINEE,Systeme
2766,7,Changement liquide,Vidange circuit hydraulique,2026-01-20T06:00:00,2026-01-20T07:01:00,61,324.66,5,TERMINEE,Systeme
2767,12,Changement liquide,Vidange circuit hydraulique,2025-11-20T09:00:00,2025-11-20T10:53:00,113,280.87,4,TERMINEE,Systeme
2768,9,Changement huile,Remplacement huide hydraulique,2025-07-31T06:00:00,2025-07-31T06:59:00,59,124.77,32,TERMINEE,Systeme
2769,1,Preventive,Revision generale planifiee,2025-02-23T17:00:00,2025-02-23T18:34:00,94,1029.36,24,TERMINEE,Systeme
2770,5,Nettoyage,Nettoyage complet machine,2025-08-28T17:00:00,2025-08-28T17:20:00,20,182.02,19,TERMINEE,Systeme
2771,7,Preventive,Revision generale planifiee,2025-01-29T07:00:00,2025-01-29T08:29:00,89,1440.35,17,TERMINEE,Systeme
2772,4,Changement liquide,Vidange circuit hydraulique,2026-06-20T11:00:00,2026-06-20T12:26:00,86,356.21,33,TERMINEE,Systeme
2773,11,Alignement machine,Calibration axes,2025-04-03T18:00:00,2025-04-03T19:10:00,70,389.86,37,TERMINEE,Systeme
2774,3,Inspection,Inspection visuelle,2025-11-24T15:00:00,2025-11-24T15:36:00,36,426.04,21,TERMINEE,Systeme
2775,11,Corrective,Defaut electricite,2026-07-18T18:00:00,2026-07-19T02:19:00,499,1638.41,11,TERMINEE,Systeme
2776,12,Changement huile,Vidange huile broche,2026-11-07T06:00:00,2026-11-07T06:54:00,54,197.99,17,TERMINEE,Systeme
2777,7,Inspection,Verification geometrie,2026-07-12T06:00:00,2026-07-12T06:44:00,44,165.07,35,TERMINEE,Systeme
2778,9,Changement liquide,Vidange circuit hydraulique,2025-01-08T06:00:00,2025-01-08T07:58:00,118,201.87,32,TERMINEE,Systeme
2779,8,Remplacement roulement,Remplacement roulement broche,2025-03-31T09:00:00,2025-03-31T12:45:00,225,1705.95,41,TERMINEE,Systeme
2780,10,Corrective,Panne servo-moteur,2026-01-01T16:00:00,2026-01-01T18:32:00,152,1128.24,9,TERMINEE,Systeme
2781,1,Inspection,Verification geometrie,2025-04-24T17:00:00,2025-04-24T17:21:00,21,371.24,29,TERMINEE,Systeme
2782,5,Changement huile,Vidange huile broche,2025-02-02T15:00:00,2025-02-02T15:50:00,50,159.6,33,TERMINEE,Systeme
2783,10,Remplacement roulement,Changement roulement axe Z,2025-04-27T15:00:00,2025-04-27T16:35:00,95,1312.09,27,TERMINEE,Systeme
2784,4,Preventive,Controle periodique,2025-02-18T11:00:00,2025-02-18T13:31:00,151,1055.68,16,TERMINEE,Systeme
2785,2,Corrective,Probleme hydraulique,2025-07-21T17:00:00,2025-07-22T02:28:00,568,3492.42,17,TERMINEE,Systeme
2786,10,Nettoyage,Nettoyage complet machine,2026-02-02T07:00:00,2026-02-02T07:50:00,50,189.83,42,TERMINEE,Systeme
2787,10,Changement liquide,Vidange circuit hydraulique,2025-09-15T15:00:00,2025-09-15T16:00:00,60,262.59,11,TERMINEE,Systeme
2788,12,Changement huile,Vidange huile broche,2025-11-04T10:00:00,2025-11-04T10:31:00,31,145.69,45,TERMINEE,Systeme
2789,9,Corrective,Defaut capteur,2026-02-08T17:00:00,2026-02-08T23:15:00,375,1810.99,19,TERMINEE,Systeme
2790,1,Changement huile,Remplacement huide hydraulique,2026-09-06T13:00:00,2026-09-06T13:53:00,53,351.98,36,TERMINEE,Systeme
2791,1,Corrective,Defaut electricite,2026-10-25T09:00:00,2026-10-25T16:25:00,445,3940.88,43,TERMINEE,Systeme
2792,11,Inspection,Inspection visuelle,2025-08-30T09:00:00,2025-08-30T09:20:00,20,430.08,9,TERMINEE,Systeme
2793,3,Changement huile,Vidange huile broche,2026-01-27T14:00:00,2026-01-27T14:47:00,47,223.64,22,TERMINEE,Systeme
2794,5,Nettoyage,Nettoyage complet machine,2025-08-12T09:00:00,2025-08-12T09:51:00,51,147.35,9,TERMINEE,Systeme
2795,2,Changement huile,Remplacement huide hydraulique,2026-01-25T13:00:00,2026-01-25T14:10:00,70,224.57,9,TERMINEE,Systeme
2796,4,Nettoyage,Nettoyage complet machine,2026-06-11T13:00:00,2026-06-11T13:43:00,43,61.95,21,TERMINEE,Systeme
2797,8,Nettoyage,Depoussierage systeme,2026-04-07T18:00:00,2026-04-07T18:57:00,57,173.42,2,TERMINEE,Systeme
2798,4,Inspection,Controle metrologique,2026-11-11T10:00:00,2026-11-11T10:16:00,16,243.74,4,TERMINEE,Systeme
2799,7,Preventive,Revision generale planifiee,2025-05-14T11:00:00,2025-05-14T12:03:00,63,382.21,14,TERMINEE,Systeme
2800,1,Nettoyage,Nettoyage complet machine,2025-04-02T06:00:00,2025-04-02T06:58:00,58,193.32,25,TERMINEE,Systeme
2801,2,Corrective,Defaut capteur,2026-01-13T06:00:00,2026-01-13T08:20:00,140,1847.7,16,TERMINEE,Systeme
2802,5,Corrective,Defaut capteur,2025-02-13T12:00:00,2025-02-13T17:09:00,309,1898.48,29,TERMINEE,Systeme
2803,4,Nettoyage,Depoussierage systeme,2025-05-09T16:00:00,2025-05-09T16:51:00,51,187.04,17,TERMINEE,Systeme
2804,10,Changement huile,Remplacement huide hydraulique,2025-10-22T06:00:00,2025-10-22T06:55:00,55,198.55,40,TERMINEE,Systeme
2805,5,Nettoyage,Nettoyage complet machine,2026-07-12T17:00:00,2026-07-12T17:32:00,32,86.45,24,TERMINEE,Systeme
2806,9,Changement huile,Remplacement huide hydraulique,2026-04-08T07:00:00,2026-04-08T08:17:00,77,373.08,6,TERMINEE,Systeme
2807,2,Corrective,Panne servo-moteur,2025-01-23T14:00:00,2025-01-23T20:35:00,395,4475.21,4,TERMINEE,Systeme
2808,4,Changement huile,Vidange huile broche,2026-10-28T12:00:00,2026-10-28T12:32:00,32,204.46,43,TERMINEE,Systeme
2809,11,Changement liquide,Remplacement liquide de refroidissement,2026-05-02T09:00:00,2026-05-02T10:44:00,104,597.96,12,TERMINEE,Systeme
2810,6,Remplacement roulement,Remplacement roulement broche,2026-02-19T06:00:00,2026-02-19T07:30:00,90,833.03,25,TERMINEE,Systeme
2811,7,Remplacement roulement,Changement roulement axe Z,2026-11-06T14:00:00,2026-11-06T18:50:00,290,1037.03,22,TERMINEE,Systeme
2812,6,Corrective,Probleme hydraulique,2025-09-16T07:00:00,2025-09-16T13:39:00,399,634.51,43,TERMINEE,Systeme
2813,5,Preventive,Maintenance preventive programmee,2026-08-02T16:00:00,2026-08-02T18:18:00,138,1317.41,17,TERMINEE,Systeme
2814,12,Corrective,Panne servo-moteur,2025-05-25T11:00:00,2025-05-25T13:20:00,140,2474.95,30,TERMINEE,Systeme
2815,10,Changement huile,Vidange huile broche,2025-07-12T06:00:00,2025-07-12T06:42:00,42,106.91,28,TERMINEE,Systeme
2816,3,Nettoyage,Depoussierage systeme,2025-04-30T13:00:00,2025-04-30T13:25:00,25,194.73,14,TERMINEE,Systeme
2817,11,Corrective,Defaut electricite,2025-06-15T10:00:00,2025-06-15T17:11:00,431,2486.79,9,TERMINEE,Systeme
2818,10,Nettoyage,Nettoyage complet machine,2026-11-27T18:00:00,2026-11-27T18:41:00,41,73.04,19,TERMINEE,Systeme
2819,1,Nettoyage,Nettoyage complet machine,2025-10-01T16:00:00,2025-10-01T16:57:00,57,117.43,45,TERMINEE,Systeme
2820,2,Preventive,Maintenance preventive programmee,2026-09-12T11:00:00,2026-09-12T12:04:00,64,1089.08,41,TERMINEE,Systeme
2821,12,Changement huile,Remplacement huide hydraulique,2026-10-25T11:00:00,2026-10-25T12:26:00,86,248.48,43,TERMINEE,Systeme
2822,4,Corrective,Defaut electricite,2025-11-23T10:00:00,2025-11-23T20:11:00,611,3915.6,35,TERMINEE,Systeme
2823,4,Preventive,Controle periodique,2026-06-23T10:00:00,2026-06-23T13:59:00,239,1260.64,21,TERMINEE,Systeme
2824,12,Preventive,Revision generale planifiee,2025-05-06T18:00:00,2025-05-06T21:33:00,213,1238.13,42,TERMINEE,Systeme
2825,7,Inspection,Verification geometrie,2025-08-31T16:00:00,2025-08-31T16:41:00,41,314.89,20,TERMINEE,Systeme
2826,5,Alignement machine,Calibration axes,2026-08-01T14:00:00,2026-08-01T15:02:00,62,458.89,12,TERMINEE,Systeme
2827,10,Alignement machine,Calibration axes,2025-06-25T17:00:00,2025-06-25T18:00:00,60,611.58,41,TERMINEE,Systeme
2828,6,Corrective,Probleme hydraulique,2026-08-02T12:00:00,2026-08-02T20:35:00,515,1903.54,9,TERMINEE,Systeme
2829,2,Alignement machine,Alignement broche,2026-06-02T17:00:00,2026-06-02T19:29:00,149,630.3,15,TERMINEE,Systeme
2830,4,Nettoyage,Depoussierage systeme,2026-10-06T07:00:00,2026-10-06T07:52:00,52,59.52,15,TERMINEE,Systeme
2831,4,Corrective,Panne servo-moteur,2025-08-03T07:00:00,2025-08-03T10:31:00,211,2745.82,36,TERMINEE,Systeme
2832,12,Remplacement roulement,Remplacement roulement broche,2025-12-29T09:00:00,2025-12-29T12:56:00,236,2007.97,17,TERMINEE,Systeme
2833,6,Corrective,Defaut capteur,2025-07-01T13:00:00,2025-07-01T22:42:00,582,2007.11,10,TERMINEE,Systeme
2834,11,Inspection,Verification geometrie,2025-12-30T06:00:00,2025-12-30T06:41:00,41,416.13,10,TERMINEE,Systeme
2835,11,Preventive,Revision generale planifiee,2026-04-26T09:00:00,2026-04-26T10:37:00,97,587.6,38,TERMINEE,Systeme
2836,6,Changement huile,Vidange huile broche,2026-09-03T06:00:00,2026-09-03T06:53:00,53,300.85,28,TERMINEE,Systeme
2837,1,Corrective,Reparation broche,2026-07-02T11:00:00,2026-07-02T21:11:00,611,1499.93,12,TERMINEE,Systeme
2838,9,Changement liquide,Remplacement liquide de refroidissement,2026-11-07T09:00:00,2026-11-07T10:47:00,107,545.62,34,TERMINEE,Systeme
2839,4,Changement huile,Remplacement huide hydraulique,2026-10-29T13:00:00,2026-10-29T13:45:00,45,147.77,40,TERMINEE,Systeme
2840,4,Corrective,Panne servo-moteur,2025-10-23T08:00:00,2025-10-23T16:18:00,498,4151.74,41,TERMINEE,Systeme
2841,6,Preventive,Maintenance preventive programmee,2026-10-22T12:00:00,2026-10-22T15:13:00,193,998.98,42,TERMINEE,Systeme
2842,2,Changement liquide,Remplacement liquide de refroidissement,2025-02-13T17:00:00,2025-02-13T18:18:00,78,256.9,7,TERMINEE,Systeme
2843,10,Corrective,Defaut capteur,2025-11-27T13:00:00,2025-11-27T19:53:00,413,1906.96,19,TERMINEE,Systeme
2844,12,Preventive,Revision generale planifiee,2025-06-07T11:00:00,2025-06-07T14:40:00,220,789.93,8,TERMINEE,Systeme
2845,6,Preventive,Maintenance preventive programmee,2026-08-04T15:00:00,2026-08-04T18:00:00,180,240.37,8,TERMINEE,Systeme
2846,4,Inspection,Inspection visuelle,2026-04-23T17:00:00,2026-04-23T17:22:00,22,446.64,36,TERMINEE,Systeme
2847,9,Corrective,Reparation broche,2025-09-25T13:00:00,2025-09-25T18:13:00,313,2152.59,10,TERMINEE,Systeme
2848,5,Nettoyage,Depoussierage systeme,2025-01-25T06:00:00,2025-01-25T06:32:00,32,135.44,12,TERMINEE,Systeme
2849,12,Nettoyage,Nettoyage complet machine,2025-02-01T12:00:00,2025-02-01T12:58:00,58,84.0,14,TERMINEE,Systeme
2850,8,Corrective,Reparation broche,2025-09-08T07:00:00,2025-09-08T16:46:00,586,1519.02,26,TERMINEE,Systeme
2851,12,Changement huile,Vidange huile broche,2025-04-12T12:00:00,2025-04-12T12:31:00,31,237.04,33,TERMINEE,Systeme
2852,6,Preventive,Revision generale planifiee,2026-08-08T13:00:00,2026-08-08T16:31:00,211,1214.63,28,TERMINEE,Systeme
2853,6,Corrective,Probleme hydraulique,2025-11-06T13:00:00,2025-11-06T16:16:00,196,4043.47,17,TERMINEE,Systeme
2854,8,Nettoyage,Depoussierage systeme,2025-02-19T11:00:00,2025-02-19T11:56:00,56,191.31,4,TERMINEE,Systeme
2855,9,Preventive,Maintenance preventive programmee,2026-07-29T08:00:00,2026-07-29T10:01:00,121,497.17,41,TERMINEE,Systeme
2856,5,Preventive,Maintenance preventive programmee,2026-04-09T15:00:00,2026-04-09T18:24:00,204,1204.2,25,TERMINEE,Systeme
2857,9,Inspection,Controle metrologique,2025-08-24T07:00:00,2025-08-24T07:21:00,21,408.15,40,TERMINEE,Systeme
2858,9,Remplacement roulement,Changement roulement axe Z,2025-10-22T14:00:00,2025-10-22T16:14:00,134,2207.23,45,TERMINEE,Systeme
2859,7,Preventive,Revision generale planifiee,2025-04-24T11:00:00,2025-04-24T12:50:00,110,271.12,4,TERMINEE,Systeme
2860,6,Changement huile,Remplacement huide hydraulique,2025-02-11T17:00:00,2025-02-11T18:28:00,88,169.93,14,TERMINEE,Systeme
2861,10,Nettoyage,Nettoyage complet machine,2025-12-03T17:00:00,2025-12-03T18:00:00,60,122.77,43,TERMINEE,Systeme
2862,9,Changement huile,Vidange huile broche,2026-11-26T09:00:00,2026-11-26T09:49:00,49,340.11,37,TERMINEE,Systeme
2863,5,Corrective,Defaut electricite,2025-11-24T09:00:00,2025-11-24T20:11:00,671,1309.48,34,TERMINEE,Systeme
2864,4,Alignement machine,Calibration axes,2026-05-11T11:00:00,2026-05-11T14:00:00,180,1026.12,8,TERMINEE,Systeme
2865,9,Preventive,Maintenance preventive programmee,2025-12-15T10:00:00,2025-12-15T11:38:00,98,855.77,12,TERMINEE,Systeme
2866,9,Preventive,Controle periodique,2025-05-16T12:00:00,2025-05-16T15:26:00,206,700.69,10,TERMINEE,Systeme
2867,9,Preventive,Revision generale planifiee,2026-08-29T10:00:00,2026-08-29T11:46:00,106,247.96,34,TERMINEE,Systeme
2868,12,Preventive,Maintenance preventive programmee,2026-06-12T12:00:00,2026-06-12T15:10:00,190,389.39,16,TERMINEE,Systeme
2869,8,Inspection,Inspection visuelle,2026-06-11T15:00:00,2026-06-11T15:45:00,45,155.42,26,TERMINEE,Systeme
2870,1,Changement huile,Vidange huile broche,2025-03-26T07:00:00,2025-03-26T08:25:00,85,351.25,37,TERMINEE,Systeme
2871,3,Corrective,Reparation broche,2025-02-19T06:00:00,2025-02-19T12:01:00,361,1368.51,3,TERMINEE,Systeme
2872,4,Changement huile,Vidange huile broche,2026-04-26T11:00:00,2026-04-26T11:44:00,44,352.88,12,TERMINEE,Systeme
2873,3,Preventive,Maintenance preventive programmee,2026-11-06T06:00:00,2026-11-06T09:25:00,205,1351.96,39,TERMINEE,Systeme
2874,11,Preventive,Controle periodique,2026-07-05T09:00:00,2026-07-05T11:43:00,163,1431.31,29,TERMINEE,Systeme
2875,10,Changement huile,Vidange huile broche,2026-02-28T07:00:00,2026-02-28T08:03:00,63,169.8,13,TERMINEE,Systeme
2876,4,Corrective,Probleme hydraulique,2026-04-24T17:00:00,2026-04-24T22:10:00,310,4730.5,9,TERMINEE,Systeme
2877,5,Corrective,Defaut capteur,2025-12-03T13:00:00,2025-12-04T00:27:00,687,3490.44,21,TERMINEE,Systeme
2878,7,Changement liquide,Vidange circuit hydraulique,2025-03-05T13:00:00,2025-03-05T14:45:00,105,599.12,31,TERMINEE,Systeme
2879,11,Remplacement roulement,Changement roulement axe Z,2025-07-06T15:00:00,2025-07-06T18:41:00,221,1436.92,2,TERMINEE,Systeme
2880,3,Nettoyage,Depoussierage systeme,2026-10-17T14:00:00,2026-10-17T14:54:00,54,154.94,11,TERMINEE,Systeme
2881,1,Preventive,Controle periodique,2025-12-21T16:00:00,2025-12-21T19:06:00,186,1439.93,31,TERMINEE,Systeme
2882,9,Alignement machine,Alignement broche,2026-05-24T16:00:00,2026-05-24T17:19:00,79,1035.75,40,TERMINEE,Systeme
2883,9,Changement huile,Remplacement huide hydraulique,2026-07-27T07:00:00,2026-07-27T07:53:00,53,329.93,17,TERMINEE,Systeme
2884,11,Preventive,Controle periodique,2025-04-27T18:00:00,2025-04-27T19:09:00,69,316.41,16,TERMINEE,Systeme
2885,11,Nettoyage,Nettoyage complet machine,2026-04-21T14:00:00,2026-04-21T14:27:00,27,183.22,35,TERMINEE,Systeme
2886,3,Preventive,Revision generale planifiee,2026-08-29T12:00:00,2026-08-29T15:33:00,213,701.32,18,TERMINEE,Systeme
2887,12,Nettoyage,Nettoyage complet machine,2026-07-31T11:00:00,2026-07-31T11:24:00,24,168.9,44,TERMINEE,Systeme
2888,10,Preventive,Maintenance preventive programmee,2026-04-26T18:00:00,2026-04-26T20:20:00,140,848.38,40,TERMINEE,Systeme
2889,5,Inspection,Controle metrologique,2026-02-05T09:00:00,2026-02-05T09:28:00,28,311.58,40,TERMINEE,Systeme
2890,7,Inspection,Verification geometrie,2025-07-01T14:00:00,2025-07-01T14:16:00,16,217.24,5,TERMINEE,Systeme
2891,12,Nettoyage,Depoussierage systeme,2025-11-20T16:00:00,2025-11-20T17:00:00,60,61.64,2,TERMINEE,Systeme
2892,11,Preventive,Revision generale planifiee,2025-07-16T13:00:00,2025-07-16T15:39:00,159,1046.22,40,TERMINEE,Systeme
2893,5,Changement huile,Remplacement huide hydraulique,2026-09-06T10:00:00,2026-09-06T11:19:00,79,191.8,24,TERMINEE,Systeme
2894,7,Preventive,Revision generale planifiee,2026-02-12T13:00:00,2026-02-12T16:30:00,210,1346.19,32,TERMINEE,Systeme
2895,7,Alignement machine,Alignement broche,2026-09-30T15:00:00,2026-09-30T16:25:00,85,1162.4,19,TERMINEE,Systeme
2896,2,Changement huile,Vidange huile broche,2025-08-11T18:00:00,2025-08-11T19:17:00,77,182.9,26,TERMINEE,Systeme
2897,1,Corrective,Defaut electricite,2025-06-30T10:00:00,2025-06-30T19:24:00,564,3498.85,21,TERMINEE,Systeme
2898,7,Alignement machine,Calibration axes,2025-07-09T10:00:00,2025-07-09T12:39:00,159,976.45,26,TERMINEE,Systeme
2899,5,Changement liquide,Remplacement liquide de refroidissement,2026-03-30T16:00:00,2026-03-30T17:19:00,79,274.11,42,TERMINEE,Systeme
2900,3,Changement huile,Vidange huile broche,2025-07-03T07:00:00,2025-07-03T08:25:00,85,394.17,16,TERMINEE,Systeme
2901,12,Changement huile,Vidange huile broche,2025-06-15T06:00:00,2025-06-15T06:46:00,46,181.0,21,TERMINEE,Systeme
2902,5,Corrective,Reparation broche,2026-05-29T09:00:00,2026-05-29T17:59:00,539,1990.82,20,TERMINEE,Systeme
2903,10,Corrective,Probleme hydraulique,2026-05-12T10:00:00,2026-05-12T19:06:00,546,2410.23,17,TERMINEE,Systeme
2904,7,Corrective,Probleme hydraulique,2025-03-16T12:00:00,2025-03-16T19:53:00,473,2173.51,41,TERMINEE,Systeme
2905,7,Corrective,Probleme hydraulique,2025-08-29T10:00:00,2025-08-29T13:29:00,209,2505.49,13,TERMINEE,Systeme
2906,11,Changement liquide,Remplacement liquide de refroidissement,2026-04-23T09:00:00,2026-04-23T10:12:00,72,591.4,33,TERMINEE,Systeme
2907,10,Changement huile,Vidange huile broche,2025-05-28T16:00:00,2025-05-28T17:20:00,80,378.07,29,TERMINEE,Systeme
2908,1,Corrective,Reparation broche,2025-04-05T10:00:00,2025-04-05T16:10:00,370,3716.95,5,TERMINEE,Systeme
2909,6,Remplacement roulement,Remplacement roulement broche,2026-10-24T14:00:00,2026-10-24T16:53:00,173,879.52,20,TERMINEE,Systeme
2910,4,Preventive,Revision generale planifiee,2025-01-07T10:00:00,2025-01-07T11:05:00,65,1245.4,4,TERMINEE,Systeme
2911,11,Inspection,Controle metrologique,2025-06-15T14:00:00,2025-06-15T14:34:00,34,256.71,38,TERMINEE,Systeme
2912,7,Remplacement roulement,Changement roulement axe Z,2025-08-16T08:00:00,2025-08-16T10:24:00,144,2502.01,28,TERMINEE,Systeme
2913,4,Inspection,Verification geometrie,2026-08-25T09:00:00,2026-08-25T09:42:00,42,358.44,43,TERMINEE,Systeme
2914,8,Inspection,Inspection visuelle,2026-06-11T10:00:00,2026-06-11T10:28:00,28,329.36,22,TERMINEE,Systeme
2915,12,Preventive,Revision generale planifiee,2026-02-11T15:00:00,2026-02-11T18:23:00,203,909.2,6,TERMINEE,Systeme
2916,12,Changement liquide,Remplacement liquide de refroidissement,2026-05-27T11:00:00,2026-05-27T12:05:00,65,170.86,38,TERMINEE,Systeme
2917,12,Nettoyage,Depoussierage systeme,2026-01-23T18:00:00,2026-01-23T18:34:00,34,78.55,2,TERMINEE,Systeme
2918,12,Preventive,Controle periodique,2026-08-27T10:00:00,2026-08-27T11:13:00,73,1253.88,7,TERMINEE,Systeme
2919,6,Inspection,Verification geometrie,2025-01-04T15:00:00,2025-01-04T15:31:00,31,184.08,32,TERMINEE,Systeme
2920,3,Nettoyage,Nettoyage complet machine,2026-03-12T18:00:00,2026-03-12T18:24:00,24,129.98,10,TERMINEE,Systeme
2921,12,Nettoyage,Depoussierage systeme,2026-09-04T16:00:00,2026-09-04T16:35:00,35,130.93,38,TERMINEE,Systeme
2922,9,Changement huile,Remplacement huide hydraulique,2025-02-20T16:00:00,2025-02-20T17:30:00,90,200.54,6,TERMINEE,Systeme
2923,8,Inspection,Controle metrologique,2025-02-01T17:00:00,2025-02-01T17:23:00,23,198.21,18,TERMINEE,Systeme
2924,1,Preventive,Controle periodique,2025-07-05T17:00:00,2025-07-05T20:21:00,201,1033.02,23,TERMINEE,Systeme
2925,4,Changement liquide,Remplacement liquide de refroidissement,2025-06-06T16:00:00,2025-06-06T17:35:00,95,219.36,45,TERMINEE,Systeme
2926,10,Preventive,Controle periodique,2026-10-19T06:00:00,2026-10-19T08:45:00,165,1366.53,5,TERMINEE,Systeme
2927,4,Changement liquide,Remplacement liquide de refroidissement,2026-04-15T11:00:00,2026-04-15T11:45:00,45,526.76,10,TERMINEE,Systeme
2928,11,Changement liquide,Remplacement liquide de refroidissement,2026-04-26T13:00:00,2026-04-26T14:10:00,70,552.38,42,TERMINEE,Systeme
2929,2,Alignement machine,Alignement broche,2025-10-09T16:00:00,2025-10-09T18:53:00,173,506.43,34,TERMINEE,Systeme
2930,3,Alignement machine,Calibration axes,2025-03-08T18:00:00,2025-03-08T20:30:00,150,1083.9,40,TERMINEE,Systeme
2931,3,Nettoyage,Depoussierage systeme,2025-05-29T08:00:00,2025-05-29T08:58:00,58,115.15,5,TERMINEE,Systeme
2932,12,Nettoyage,Nettoyage complet machine,2026-01-13T07:00:00,2026-01-13T07:41:00,41,58.47,23,TERMINEE,Systeme
2933,5,Nettoyage,Nettoyage complet machine,2025-12-21T15:00:00,2025-12-21T15:37:00,37,74.2,42,TERMINEE,Systeme
2934,6,Preventive,Maintenance preventive programmee,2026-10-10T07:00:00,2026-10-10T10:58:00,238,297.89,29,TERMINEE,Systeme
2935,6,Preventive,Revision generale planifiee,2026-05-20T13:00:00,2026-05-20T15:35:00,155,1334.18,33,TERMINEE,Systeme
2936,12,Preventive,Controle periodique,2026-08-25T17:00:00,2026-08-25T18:20:00,80,250.61,26,TERMINEE,Systeme
2937,4,Corrective,Probleme hydraulique,2026-09-27T18:00:00,2026-09-28T00:47:00,407,4869.3,5,TERMINEE,Systeme
2938,3,Nettoyage,Nettoyage complet machine,2026-05-06T12:00:00,2026-05-06T12:52:00,52,126.94,45,TERMINEE,Systeme
2939,4,Preventive,Maintenance preventive programmee,2025-02-23T07:00:00,2025-02-23T09:37:00,157,928.99,2,TERMINEE,Systeme
2940,6,Nettoyage,Depoussierage systeme,2025-11-01T09:00:00,2025-11-01T09:47:00,47,60.96,11,TERMINEE,Systeme
2941,2,Corrective,Defaut capteur,2025-04-06T14:00:00,2025-04-07T00:34:00,634,2638.03,41,TERMINEE,Systeme
2942,7,Nettoyage,Nettoyage complet machine,2025-05-28T14:00:00,2025-05-28T14:49:00,49,81.34,28,TERMINEE,Systeme
2943,4,Preventive,Controle periodique,2026-02-19T11:00:00,2026-02-19T13:27:00,147,344.16,16,TERMINEE,Systeme
2944,4,Preventive,Controle periodique,2026-09-10T14:00:00,2026-09-10T16:15:00,135,1182.55,38,TERMINEE,Systeme
2945,6,Preventive,Maintenance preventive programmee,2025-11-17T08:00:00,2025-11-17T11:45:00,225,1170.3,11,TERMINEE,Systeme
2946,12,Nettoyage,Depoussierage systeme,2026-10-18T17:00:00,2026-10-18T17:51:00,51,91.21,2,TERMINEE,Systeme
2947,8,Preventive,Maintenance preventive programmee,2026-09-03T18:00:00,2026-09-03T21:19:00,199,1280.74,16,TERMINEE,Systeme
2948,10,Changement huile,Remplacement huide hydraulique,2026-08-16T15:00:00,2026-08-16T16:10:00,70,113.23,1,TERMINEE,Systeme
2949,4,Alignement machine,Alignement broche,2026-04-04T12:00:00,2026-04-04T13:24:00,84,784.01,16,TERMINEE,Systeme
2950,8,Corrective,Defaut capteur,2026-01-23T06:00:00,2026-01-23T15:27:00,567,1397.84,19,TERMINEE,Systeme
2951,5,Changement liquide,Remplacement liquide de refroidissement,2026-07-16T14:00:00,2026-07-16T15:43:00,103,319.69,28,TERMINEE,Systeme
2952,9,Preventive,Controle periodique,2025-03-22T11:00:00,2025-03-22T12:44:00,104,539.73,43,TERMINEE,Systeme
2953,7,Changement huile,Remplacement huide hydraulique,2025-12-07T07:00:00,2025-12-07T08:21:00,81,183.96,9,TERMINEE,Systeme
2954,1,Preventive,Controle periodique,2026-04-11T08:00:00,2026-04-11T11:34:00,214,1397.12,7,TERMINEE,Systeme
2955,8,Changement huile,Vidange huile broche,2025-09-10T11:00:00,2025-09-10T11:32:00,32,387.93,19,TERMINEE,Systeme
2956,12,Preventive,Controle periodique,2026-10-16T06:00:00,2026-10-16T07:39:00,99,214.79,40,TERMINEE,Systeme
2957,5,Alignement machine,Alignement broche,2026-06-09T12:00:00,2026-06-09T13:39:00,99,513.2,33,TERMINEE,Systeme
2958,12,Preventive,Controle periodique,2026-10-30T16:00:00,2026-10-30T19:51:00,231,822.94,41,TERMINEE,Systeme
2959,4,Preventive,Controle periodique,2025-08-28T18:00:00,2025-08-28T19:02:00,62,1475.23,16,TERMINEE,Systeme
2960,4,Changement liquide,Remplacement liquide de refroidissement,2025-01-26T16:00:00,2025-01-26T17:03:00,63,172.13,31,TERMINEE,Systeme
2961,10,Changement liquide,Vidange circuit hydraulique,2026-10-18T18:00:00,2026-10-18T19:29:00,89,228.81,16,TERMINEE,Systeme
2962,8,Preventive,Revision generale planifiee,2025-09-18T12:00:00,2025-09-18T15:35:00,215,506.9,25,TERMINEE,Systeme
2963,12,Preventive,Controle periodique,2025-08-19T09:00:00,2025-08-19T12:28:00,208,1412.77,7,TERMINEE,Systeme
2964,7,Changement huile,Remplacement huide hydraulique,2025-06-04T17:00:00,2025-06-04T18:19:00,79,335.13,9,TERMINEE,Systeme
2965,12,Changement huile,Vidange huile broche,2025-12-15T10:00:00,2025-12-15T10:54:00,54,223.62,21,TERMINEE,Systeme
2966,7,Changement liquide,Vidange circuit hydraulique,2026-01-22T08:00:00,2026-01-22T08:47:00,47,196.97,7,TERMINEE,Systeme
2967,3,Nettoyage,Nettoyage complet machine,2026-01-11T10:00:00,2026-01-11T10:21:00,21,174.07,40,TERMINEE,Systeme
2968,7,Corrective,Probleme hydraulique,2026-07-11T08:00:00,2026-07-11T18:40:00,640,1994.24,27,TERMINEE,Systeme
2969,8,Changement huile,Vidange huile broche,2025-07-05T11:00:00,2025-07-05T11:55:00,55,282.27,9,TERMINEE,Systeme
2970,3,Preventive,Revision generale planifiee,2025-09-20T06:00:00,2025-09-20T08:58:00,178,478.82,9,TERMINEE,Systeme
2971,8,Alignement machine,Alignement broche,2025-10-16T17:00:00,2025-10-16T18:52:00,112,973.53,14,TERMINEE,Systeme
2972,7,Changement huile,Remplacement huide hydraulique,2026-06-14T16:00:00,2026-06-14T16:53:00,53,126.87,12,TERMINEE,Systeme
2973,10,Preventive,Controle periodique,2025-06-17T11:00:00,2025-06-17T14:30:00,210,1366.22,5,TERMINEE,Systeme
2974,8,Corrective,Probleme hydraulique,2026-03-31T17:00:00,2026-04-01T01:41:00,521,1690.03,4,TERMINEE,Systeme
2975,5,Alignement machine,Calibration axes,2026-03-04T08:00:00,2026-03-04T10:47:00,167,963.87,29,TERMINEE,Systeme
2976,5,Inspection,Controle metrologique,2025-04-25T17:00:00,2025-04-25T17:26:00,26,267.26,39,TERMINEE,Systeme
2977,1,Preventive,Revision generale planifiee,2026-11-04T15:00:00,2026-11-04T17:06:00,126,1234.13,28,TERMINEE,Systeme
2978,8,Corrective,Probleme hydraulique,2026-07-08T08:00:00,2026-07-08T18:38:00,638,1513.84,36,TERMINEE,Systeme
2979,11,Changement liquide,Vidange circuit hydraulique,2026-02-09T07:00:00,2026-02-09T08:50:00,110,261.8,20,TERMINEE,Systeme
2980,3,Corrective,Probleme hydraulique,2026-08-16T07:00:00,2026-08-16T09:44:00,164,2536.92,36,TERMINEE,Systeme
2981,7,Remplacement roulement,Changement roulement axe Z,2025-01-20T17:00:00,2025-01-20T19:05:00,125,2998.04,37,TERMINEE,Systeme
2982,2,Alignement machine,Alignement broche,2025-04-09T08:00:00,2025-04-09T10:04:00,124,713.54,24,TERMINEE,Systeme
2983,5,Preventive,Revision generale planifiee,2025-06-11T15:00:00,2025-06-11T17:32:00,152,868.54,24,TERMINEE,Systeme
2984,7,Changement liquide,Remplacement liquide de refroidissement,2025-05-22T11:00:00,2025-05-22T12:47:00,107,266.44,32,TERMINEE,Systeme
2985,2,Preventive,Controle periodique,2025-06-12T16:00:00,2025-06-12T18:56:00,176,986.3,29,TERMINEE,Systeme
2986,2,Preventive,Maintenance preventive programmee,2025-09-29T10:00:00,2025-09-29T13:32:00,212,1414.49,19,TERMINEE,Systeme
2987,10,Preventive,Maintenance preventive programmee,2026-10-15T07:00:00,2026-10-15T10:00:00,180,646.65,21,TERMINEE,Systeme
2988,7,Preventive,Revision generale planifiee,2025-11-30T18:00:00,2025-11-30T19:40:00,100,587.57,43,TERMINEE,Systeme
2989,10,Changement liquide,Vidange circuit hydraulique,2025-01-28T18:00:00,2025-01-28T19:38:00,98,220.04,34,TERMINEE,Systeme
2990,8,Inspection,Verification geometrie,2026-03-08T13:00:00,2026-03-08T13:16:00,16,263.19,34,TERMINEE,Systeme
2991,6,Preventive,Maintenance preventive programmee,2025-07-23T08:00:00,2025-07-23T10:47:00,167,1349.2,43,TERMINEE,Systeme
2992,4,Preventive,Controle periodique,2026-05-13T17:00:00,2026-05-13T19:50:00,170,865.87,37,TERMINEE,Systeme
2993,7,Alignement machine,Calibration axes,2026-04-18T14:00:00,2026-04-18T16:32:00,152,638.36,29,TERMINEE,Systeme
2994,2,Remplacement roulement,Remplacement roulement broche,2026-09-11T08:00:00,2026-09-11T12:49:00,289,2833.14,37,TERMINEE,Systeme
2995,3,Nettoyage,Depoussierage systeme,2025-04-12T11:00:00,2025-04-12T11:32:00,32,194.83,25,TERMINEE,Systeme
2996,6,Preventive,Maintenance preventive programmee,2026-08-12T15:00:00,2026-08-12T18:58:00,238,662.4,43,TERMINEE,Systeme
2997,10,Inspection,Verification geometrie,2025-05-10T17:00:00,2025-05-10T17:22:00,22,406.46,22,TERMINEE,Systeme
2998,9,Preventive,Controle periodique,2026-05-18T08:00:00,2026-05-18T11:11:00,191,752.77,45,TERMINEE,Systeme
2999,5,Remplacement roulement,Remplacement roulement broche,2025-04-14T12:00:00,2025-04-14T16:56:00,296,980.39,45,TERMINEE,Systeme
3000,12,Changement huile,Remplacement huide hydraulique,2026-10-01T15:00:00,2026-10-01T16:00:00,60,391.76,10,TERMINEE,Systeme
