ordre_fabrication_id,numero_of,piece_id,gamme_id,quantite_demandee,quantite_produite,quantite_rebut,date_debut_prevue,date_fin_prevue,date_debut_reelle,date_fin_reelle,priorite,statut
1,OF202500001,92,77,321,321,36,2025-01-09,2025-01-22,2025-01-10,2025-01-20,HAUTE,TERMINE
2,OF202500002,151,453,167,167,8,2026-05-07,2026-05-22,2026-05-09,2026-05-29,NORMALE,TERMINE
3,OF202500003,167,269,177,177,7,2025-06-24,2025-06-30,2025-06-25,2025-07-16,NORMALE,TERMINE
4,OF202500004,4,265,157,157,4,2025-12-08,2026-01-03,2025-12-10,2025-12-19,BASSE,TERMINE
5,OF202500005,29,10,347,347,31,2025-07-09,2025-07-14,2025-07-09,2025-08-12,NORMALE,TERMINE
6,OF202500006,242,160,334,334,32,2026-04-20,2026-05-08,2026-04-21,2026-05-08,NORMALE,TERMINE
7,OF202500007,275,378,374,374,14,2026-11-23,2026-12-06,2026-11-25,2026-12-03,NORMALE,TERMINE
8,OF202500008,157,62,374,374,44,2025-11-17,2025-11-23,2025-11-20,2025-11-25,NORMALE,TERMINE
9,OF202500009,168,265,44,0,0,2025-02-26,2025-03-11,2025-02-26,,HAUTE,EN_COURS
10,OF202500010,271,462,142,0,0,2026-04-04,2026-04-21,2026-04-06,,NORMALE,EN_COURS
11,OF202500011,138,255,119,0,0,2026-01-01,2026-01-28,2026-01-02,,NORMALE,EN_COURS
12,OF202500012,153,219,446,446,24,2025-10-30,2025-11-05,2025-11-02,2025-11-07,NORMALE,TERMINE
13,OF202500013,154,380,471,0,0,2026-09-10,2026-09-19,2026-09-10,,NORMALE,EN_COURS
14,OF202500014,171,374,123,123,3,2025-07-19,2025-07-25,2025-07-20,2025-08-06,NORMALE,TERMINE
15,OF202500015,36,132,480,0,0,2026-09-08,2026-09-16,2026-09-11,,NORMALE,EN_COURS
16,OF202500016,20,277,99,99,3,2026-07-25,2026-07-30,2026-07-27,2026-08-24,NORMALE,TERMINE
17,OF202500017,279,257,294,0,0,2026-03-22,2026-03-30,2026-03-24,,NORMALE,EN_COURS
18,OF202500018,33,184,166,0,0,2026-02-23,2026-03-08,2026-02-24,,NORMALE,EN_COURS
19,OF202500019,168,392,411,0,0,2026-06-09,2026-06-13,2026-06-09,,NORMALE,EN_COURS
20,OF202500020,263,452,361,361,38,2026-05-05,2026-05-14,2026-05-07,2026-05-18,NORMALE,TERMINE
21,OF202500021,255,239,203,203,22,2025-06-16,2025-07-07,2025-06-19,2025-07-09,NORMALE,TERMINE
22,OF202500022,159,347,310,0,0,2026-09-12,2026-10-03,2026-09-14,,NORMALE,EN_COURS
23,OF202500023,193,85,36,0,0,2026-09-17,2026-10-08,2026-09-17,,BASSE,EN_COURS
24,OF202500024,19,129,184,0,0,2026-05-07,2026-05-17,,,NORMALE,EN_ATTENTE
25,OF202500025,296,118,486,486,14,2026-12-02,2026-12-27,2026-12-04,2026-12-12,NORMALE,TERMINE
26,OF202500026,44,291,158,158,7,2025-10-22,2025-10-30,2025-10-24,2025-11-08,NORMALE,TERMINE
27,OF202500027,264,418,490,490,27,2026-11-18,2026-12-10,2026-11-21,2026-12-11,NORMALE,TERMINE
28,OF202500028,88,98,178,178,12,2026-10-13,2026-11-07,2026-10-15,2026-11-11,BASSE,TERMINE
29,OF202500029,266,250,83,83,6,2025-03-15,2025-04-01,2025-03-18,2025-04-12,HAUTE,TERMINE
30,OF202500030,38,41,337,0,0,2026-09-16,2026-10-16,2026-09-19,,NORMALE,EN_COURS
31,OF202500031,42,68,307,0,0,2026-06-26,2026-07-08,,,NORMALE,EN_ATTENTE
32,OF202500032,135,280,416,416,44,2025-07-31,2025-08-16,2025-08-03,2025-08-29,NORMALE,TERMINE
33,OF202500033,268,196,103,0,0,2025-08-11,2025-09-03,,,HAUTE,ANNULE
34,OF202500034,16,383,232,232,10,2026-07-04,2026-07-10,2026-07-04,2026-07-27,NORMALE,TERMINE
35,OF202500035,252,206,305,0,0,2025-01-12,2025-02-10,2025-01-12,,BASSE,EN_COURS
36,OF202500036,294,422,237,237,12,2026-04-25,2026-05-16,2026-04-25,2026-05-11,NORMALE,TERMINE
37,OF202500037,287,133,123,123,8,2026-01-18,2026-01-23,2026-01-20,2026-02-15,NORMALE,TERMINE
38,OF202500038,11,407,16,16,1,2026-11-16,2026-11-29,2026-11-17,2026-11-25,BASSE,TERMINE
39,OF202500039,11,403,133,133,15,2026-08-22,2026-08-27,2026-08-22,2026-09-03,HAUTE,TERMINE
40,OF202500040,273,203,167,167,5,2025-05-18,2025-06-10,2025-05-20,2025-06-03,BASSE,TERMINE
41,OF202500041,219,254,177,177,12,2026-07-02,2026-07-30,2026-07-02,2026-08-03,NORMALE,TERMINE
42,OF202500042,63,480,79,0,0,2025-11-03,2025-11-12,2025-11-06,,HAUTE,EN_COURS
43,OF202500043,106,148,366,0,0,2026-06-28,2026-07-16,,,NORMALE,EN_ATTENTE
44,OF202500044,106,148,235,235,21,2025-03-22,2025-03-31,2025-03-24,2025-04-12,HAUTE,TERMINE
45,OF202500045,206,125,326,0,0,2025-03-03,2025-03-28,2025-03-03,,NORMALE,EN_COURS
46,OF202500046,171,374,440,0,0,2026-03-17,2026-03-22,,,BASSE,ANNULE
47,OF202500047,188,340,136,0,0,2025-03-30,2025-04-22,,,NORMALE,ANNULE
48,OF202500048,172,462,309,0,0,2026-05-15,2026-06-05,2026-05-16,,NORMALE,EN_COURS
49,OF202500049,183,189,204,204,17,2025-10-25,2025-11-04,2025-10-28,2025-11-29,HAUTE,TERMINE
50,OF202500050,22,471,132,0,0,2026-04-28,2026-05-16,,,NORMALE,EN_ATTENTE
51,OF202500051,94,247,314,0,0,2026-03-08,2026-04-04,,,HAUTE,EN_ATTENTE
52,OF202500052,194,84,161,0,0,2025-07-01,2025-07-20,,,BASSE,EN_ATTENTE
53,OF202500053,43,279,428,428,46,2026-12-01,2026-12-17,2026-12-01,2026-12-07,NORMALE,TERMINE
54,OF202500054,237,414,284,284,13,2026-10-13,2026-10-25,2026-10-16,2026-11-13,NORMALE,TERMINE
55,OF202500055,192,51,289,0,0,2025-01-02,2025-01-09,,,NORMALE,EN_ATTENTE
56,OF202500056,252,206,224,0,0,2025-08-02,2025-08-18,,,HAUTE,EN_ATTENTE
57,OF202500057,69,361,148,0,0,2026-04-10,2026-04-16,2026-04-11,,NORMALE,EN_COURS
58,OF202500058,163,26,304,304,13,2025-02-15,2025-03-03,2025-02-18,2025-03-04,NORMALE,TERMINE
59,OF202500059,2,496,449,0,0,2025-10-12,2025-11-03,2025-10-15,,NORMALE,EN_COURS
60,OF202500060,139,164,448,448,42,2025-08-31,2025-09-29,2025-09-02,2025-09-22,NORMALE,TERMINE
61,OF202500061,233,81,146,146,10,2025-07-21,2025-07-24,2025-07-24,2025-08-20,HAUTE,TERMINE
62,OF202500062,287,117,439,439,22,2025-10-05,2025-11-01,2025-10-05,2025-10-16,NORMALE,TERMINE
63,OF202500063,107,246,250,250,17,2026-03-30,2026-04-22,2026-04-01,2026-05-04,NORMALE,TERMINE
64,OF202500064,120,117,240,240,10,2025-01-15,2025-02-13,2025-01-17,2025-01-23,NORMALE,TERMINE
65,OF202500065,5,297,492,0,0,2025-12-24,2026-01-02,,,BASSE,EN_ATTENTE
66,OF202500066,263,452,105,105,5,2026-07-13,2026-07-20,2026-07-16,2026-07-22,BASSE,TERMINE
67,OF202500067,86,36,443,443,12,2025-06-24,2025-07-24,2025-06-25,2025-07-27,HAUTE,TERMINE
68,OF202500068,18,262,147,147,13,2025-10-14,2025-10-19,2025-10-14,2025-10-20,HAUTE,TERMINE
69,OF202500069,254,372,61,61,3,2026-08-02,2026-08-11,2026-08-03,2026-08-15,NORMALE,TERMINE
70,OF202500070,123,452,328,328,37,2026-05-10,2026-06-04,2026-05-12,2026-05-18,HAUTE,TERMINE
71,OF202500071,74,80,248,248,23,2025-01-29,2025-02-19,2025-02-01,2025-02-07,NORMALE,TERMINE
72,OF202500072,131,372,50,0,0,2026-05-23,2026-06-21,2026-05-25,,HAUTE,EN_COURS
73,OF202500073,74,102,465,0,0,2026-10-24,2026-11-17,2026-10-25,,NORMALE,EN_COURS
74,OF202500074,89,225,328,0,0,2025-02-22,2025-02-26,,,NORMALE,EN_ATTENTE
75,OF202500075,99,398,362,0,0,2026-01-26,2026-02-04,2026-01-26,,NORMALE,EN_COURS
76,OF202500076,244,7,365,0,0,2026-10-31,2026-11-08,,,NORMALE,EN_ATTENTE
77,OF202500077,29,10,181,181,6,2025-08-31,2025-09-15,2025-09-03,2025-09-28,HAUTE,TERMINE
78,OF202500078,293,330,308,0,0,2025-02-01,2025-02-04,2025-02-03,,BASSE,EN_COURS
79,OF202500079,239,410,59,59,6,2026-05-22,2026-06-01,2026-05-23,2026-06-06,HAUTE,TERMINE
80,OF202500080,289,96,325,0,0,2026-04-18,2026-04-23,,,NORMALE,EN_ATTENTE
81,OF202500081,98,251,57,57,1,2025-04-22,2025-05-01,2025-04-25,2025-05-15,HAUTE,TERMINE
82,OF202500082,261,34,263,263,26,2025-05-26,2025-06-03,2025-05-26,2025-05-31,NORMALE,TERMINE
83,OF202500083,130,170,153,153,4,2026-02-22,2026-03-22,2026-02-22,2026-03-14,NORMALE,TERMINE
84,OF202500084,86,36,141,141,16,2025-11-10,2025-11-20,2025-11-13,2025-11-16,HAUTE,TERMINE
85,OF202500085,75,212,412,412,12,2025-05-15,2025-05-23,2025-05-17,2025-05-24,NORMALE,TERMINE
86,OF202500086,204,8,476,0,0,2026-08-25,2026-09-05,,,HAUTE,EN_ATTENTE
87,OF202500087,43,110,350,0,0,2025-01-18,2025-02-08,,,BASSE,ANNULE
88,OF202500088,140,165,441,441,9,2026-05-01,2026-05-09,2026-05-04,2026-05-25,NORMALE,TERMINE
89,OF202500089,94,226,58,58,1,2025-08-19,2025-08-26,2025-08-22,2025-09-06,NORMALE,TERMINE
90,OF202500090,239,410,356,356,31,2025-05-18,2025-05-29,2025-05-20,2025-06-18,HAUTE,TERMINE
91,OF202500091,300,338,64,0,0,2025-04-19,2025-05-10,,,HAUTE,EN_ATTENTE
92,OF202500092,57,172,482,0,0,2025-04-04,2025-04-12,,,NORMALE,ANNULE
93,OF202500093,221,489,369,369,25,2025-10-20,2025-11-15,2025-10-23,2025-11-02,BASSE,TERMINE
94,OF202500094,220,426,355,355,20,2026-03-08,2026-03-15,2026-03-09,2026-03-27,BASSE,TERMINE
95,OF202500095,31,226,243,243,24,2025-09-23,2025-09-26,2025-09-24,2025-10-12,NORMALE,TERMINE
96,OF202500096,286,228,26,0,0,2026-05-18,2026-05-30,,,HAUTE,ANNULE
97,OF202500097,291,446,35,0,0,2026-02-18,2026-03-11,,,NORMALE,EN_ATTENTE
98,OF202500098,271,462,330,0,0,2025-05-11,2025-06-09,2025-05-12,,BASSE,EN_COURS
99,OF202500099,167,221,233,0,0,2025-10-04,2025-10-21,2025-10-04,,NORMALE,EN_COURS
100,OF202500100,259,27,280,0,0,2026-02-25,2026-03-10,,,NORMALE,EN_ATTENTE
101,OF202500101,141,318,14,0,0,2025-06-22,2025-06-27,2025-06-23,,NORMALE,EN_COURS
102,OF202500102,103,296,453,453,48,2025-01-15,2025-01-29,2025-01-17,2025-01-20,NORMALE,TERMINE
103,OF202500103,112,220,275,0,0,2026-01-21,2026-01-31,,,HAUTE,EN_ATTENTE
104,OF202500104,150,456,323,323,14,2025-01-05,2025-01-08,2025-01-05,2025-01-13,NORMALE,TERMINE
105,OF202500105,208,429,448,0,0,2025-04-05,2025-04-20,,,NORMALE,EN_ATTENTE
106,OF202500106,291,446,263,263,24,2025-07-26,2025-08-12,2025-07-29,2025-08-23,HAUTE,TERMINE
107,OF202500107,23,395,182,0,0,2025-11-04,2025-11-24,,,NORMALE,EN_ATTENTE
108,OF202500108,43,457,208,208,23,2025-09-08,2025-09-12,2025-09-08,2025-09-13,BASSE,TERMINE
109,OF202500109,264,149,70,70,4,2025-04-10,2025-05-06,2025-04-11,2025-05-15,NORMALE,TERMINE
110,OF202500110,50,103,294,0,0,2026-10-24,2026-11-07,2026-10-26,,NORMALE,EN_COURS
111,OF202500111,169,271,422,0,0,2025-11-13,2025-11-20,,,NORMALE,EN_ATTENTE
112,OF202500112,10,70,350,350,18,2025-01-13,2025-01-18,2025-01-15,2025-01-24,NORMALE,TERMINE
113,OF202500113,123,150,174,174,13,2026-01-20,2026-02-10,2026-01-22,2026-02-03,HAUTE,TERMINE
114,OF202500114,140,463,376,376,12,2025-02-24,2025-03-02,2025-02-24,2025-03-18,NORMALE,TERMINE
115,OF202500115,9,102,56,56,2,2026-06-04,2026-06-11,2026-06-05,2026-06-29,NORMALE,TERMINE
116,OF202500116,229,406,466,0,0,2026-02-05,2026-02-12,,,HAUTE,ANNULE
117,OF202500117,18,262,144,144,14,2025-11-29,2025-12-06,2025-12-02,2025-12-11,HAUTE,TERMINE
118,OF202500118,184,230,486,486,10,2025-08-16,2025-08-30,2025-08-19,2025-08-21,HAUTE,TERMINE
119,OF202500119,45,130,296,296,22,2025-05-23,2025-06-12,2025-05-25,2025-05-31,BASSE,TERMINE
120,OF202500120,215,41,177,177,15,2025-12-21,2026-01-11,2025-12-21,2026-01-04,NORMALE,TERMINE
121,OF202500121,204,65,318,318,19,2025-06-27,2025-07-07,2025-06-27,2025-07-10,HAUTE,TERMINE
122,OF202500122,13,31,277,0,0,2025-05-27,2025-06-13,,,NORMALE,EN_ATTENTE
123,OF202500123,45,130,474,0,0,2025-06-29,2025-07-08,,,BASSE,EN_ATTENTE
124,OF202500124,66,154,25,0,0,2026-11-02,2026-11-13,,,HAUTE,EN_ATTENTE
125,OF202500125,273,301,232,0,0,2025-11-29,2025-12-09,,,NORMALE,EN_ATTENTE
126,OF202500126,133,159,458,0,0,2025-11-09,2025-12-02,2025-11-10,,HAUTE,EN_COURS
127,OF202500127,74,237,334,334,27,2025-11-04,2025-11-19,2025-11-04,2025-11-12,NORMALE,TERMINE
128,OF202500128,171,374,390,0,0,2026-10-03,2026-10-12,,,NORMALE,EN_ATTENTE
129,OF202500129,159,347,189,189,22,2026-07-26,2026-08-11,2026-07-26,2026-08-15,NORMALE,TERMINE
130,OF202500130,274,49,61,0,0,2026-11-27,2026-12-04,2026-11-30,,NORMALE,EN_COURS
131,OF202500131,94,212,210,210,11,2026-03-05,2026-03-30,2026-03-08,2026-04-08,HAUTE,TERMINE
132,OF202500132,205,85,49,49,3,2026-09-29,2026-10-16,2026-10-02,2026-10-31,NORMALE,TERMINE
133,OF202500133,262,153,249,249,6,2025-03-24,2025-04-17,2025-03-25,2025-04-16,NORMALE,TERMINE
134,OF202500134,107,246,487,0,0,2025-04-22,2025-05-20,,,NORMALE,EN_ATTENTE
135,OF202500135,262,153,164,164,17,2025-05-30,2025-06-06,2025-05-31,2025-06-14,NORMALE,TERMINE
136,OF202500136,108,158,459,0,0,2026-01-23,2026-02-12,,,NORMALE,EN_ATTENTE
137,OF202500137,79,391,336,0,0,2026-03-20,2026-04-18,2026-03-22,,NORMALE,EN_COURS
138,OF202500138,183,149,98,0,0,2025-01-18,2025-02-02,2025-01-20,,NORMALE,EN_COURS
139,OF202500139,145,434,373,373,27,2026-09-20,2026-10-08,2026-09-21,2026-10-12,HAUTE,TERMINE
140,OF202500140,272,107,352,352,18,2026-03-16,2026-03-26,2026-03-18,2026-03-28,HAUTE,TERMINE
141,OF202500141,148,291,151,151,3,2026-08-24,2026-09-21,2026-08-27,2026-09-15,NORMALE,TERMINE
142,OF202500142,208,218,187,0,0,2025-04-11,2025-05-10,2025-04-11,,NORMALE,EN_COURS
143,OF202500143,23,93,199,0,0,2025-11-15,2025-11-24,,,NORMALE,EN_ATTENTE
144,OF202500144,143,458,451,451,23,2025-01-31,2025-02-06,2025-02-03,2025-02-06,HAUTE,TERMINE
145,OF202500145,271,462,264,0,0,2025-05-26,2025-06-01,,,BASSE,EN_ATTENTE
146,OF202500146,259,27,93,0,0,2025-03-05,2025-03-30,,,HAUTE,EN_ATTENTE
147,OF202500147,104,312,313,313,9,2026-09-30,2026-10-22,2026-09-30,2026-10-07,NORMALE,TERMINE
148,OF202500148,142,115,480,480,14,2026-05-02,2026-05-31,2026-05-02,2026-05-14,NORMALE,TERMINE
149,OF202500149,255,387,400,0,0,2026-10-30,2026-11-19,,,NORMALE,EN_ATTENTE
150,OF202500150,213,370,332,332,30,2026-02-02,2026-02-09,2026-02-04,2026-02-28,HAUTE,TERMINE
151,OF202500151,27,388,341,341,24,2025-10-19,2025-11-18,2025-10-22,2025-11-19,HAUTE,TERMINE
152,OF202500152,187,63,500,500,36,2026-03-25,2026-04-07,2026-03-26,2026-04-09,HAUTE,TERMINE
153,OF202500153,62,21,280,280,26,2026-11-24,2026-12-24,2026-11-27,2026-12-15,HAUTE,TERMINE
154,OF202500154,242,160,38,38,2,2025-08-21,2025-09-07,2025-08-21,2025-09-25,NORMALE,TERMINE
155,OF202500155,219,254,408,408,44,2026-09-23,2026-10-11,2026-09-24,2026-10-02,NORMALE,TERMINE
156,OF202500156,197,343,284,284,12,2025-07-22,2025-08-09,2025-07-24,2025-08-22,NORMALE,TERMINE
157,OF202500157,230,470,472,472,10,2025-01-08,2025-01-16,2025-01-10,2025-01-30,HAUTE,TERMINE
158,OF202500158,282,255,266,266,12,2025-02-02,2025-02-05,2025-02-03,2025-02-27,NORMALE,TERMINE
159,OF202500159,151,29,458,458,14,2026-02-09,2026-02-17,2026-02-10,2026-03-12,HAUTE,TERMINE
160,OF202500160,300,114,352,352,23,2026-01-27,2026-02-16,2026-01-29,2026-02-28,NORMALE,TERMINE
161,OF202500161,204,360,236,236,15,2026-11-30,2026-12-24,2026-12-02,2026-12-07,NORMALE,TERMINE
162,OF202500162,61,112,486,486,25,2026-01-09,2026-02-03,2026-01-10,2026-01-16,BASSE,TERMINE
163,OF202500163,60,385,208,208,4,2025-03-16,2025-03-19,2025-03-19,2025-04-19,NORMALE,TERMINE
164,OF202500164,102,407,426,0,0,2026-10-27,2026-11-15,,,BASSE,EN_ATTENTE
165,OF202500165,133,141,393,0,0,2025-04-26,2025-05-18,2025-04-27,,NORMALE,EN_COURS
166,OF202500166,296,118,267,0,0,2025-03-09,2025-03-19,2025-03-09,,BASSE,EN_COURS
167,OF202500167,6,163,317,317,33,2025-03-18,2025-04-16,2025-03-18,2025-04-02,NORMALE,TERMINE
168,OF202500168,24,82,203,0,0,2026-05-03,2026-05-29,,,BASSE,EN_ATTENTE
169,OF202500169,187,237,416,416,21,2025-09-08,2025-09-18,2025-09-10,2025-09-20,NORMALE,TERMINE
170,OF202500170,47,54,70,0,0,2025-10-10,2025-10-28,,,HAUTE,EN_ATTENTE
171,OF202500171,216,140,268,268,31,2026-08-23,2026-09-20,2026-08-26,2026-09-24,HAUTE,TERMINE
172,OF202500172,164,255,391,0,0,2025-04-24,2025-05-01,2025-04-24,,NORMALE,EN_COURS
173,OF202500173,230,470,129,0,0,2026-08-30,2026-09-13,2026-09-02,,HAUTE,EN_COURS
174,OF202500174,260,136,202,0,0,2026-10-17,2026-10-21,2026-10-20,,NORMALE,EN_COURS
175,OF202500175,83,120,161,161,7,2025-10-27,2025-11-12,2025-10-29,2025-11-25,HAUTE,TERMINE
176,OF202500176,237,414,236,0,0,2025-04-15,2025-04-18,,,NORMALE,EN_ATTENTE
177,OF202500177,236,266,72,0,0,2026-01-06,2026-01-21,,,NORMALE,EN_ATTENTE
178,OF202500178,135,280,127,127,3,2026-05-08,2026-06-01,2026-05-08,2026-05-19,NORMALE,TERMINE
179,OF202500179,163,61,407,0,0,2025-07-10,2025-07-27,,,NORMALE,ANNULE
180,OF202500180,152,12,176,176,4,2026-04-16,2026-05-10,2026-04-17,2026-05-03,NORMALE,TERMINE
181,OF202500181,289,96,211,0,0,2026-06-25,2026-07-10,2026-06-26,,NORMALE,EN_COURS
182,OF202500182,231,43,33,33,1,2026-04-05,2026-04-21,2026-04-08,2026-04-18,NORMALE,TERMINE
183,OF202500183,229,406,494,494,26,2025-03-11,2025-04-10,2025-03-12,2025-04-15,HAUTE,TERMINE
184,OF202500184,281,496,80,80,8,2026-01-02,2026-01-24,2026-01-03,2026-01-13,NORMALE,TERMINE
185,OF202500185,221,489,36,36,1,2026-02-21,2026-03-17,2026-02-21,2026-03-23,NORMALE,TERMINE
186,OF202500186,268,196,39,39,1,2025-12-09,2026-01-05,2025-12-11,2026-01-07,NORMALE,TERMINE
187,OF202500187,4,186,493,493,19,2026-09-11,2026-10-08,2026-09-12,2026-10-01,NORMALE,TERMINE
188,OF202500188,215,401,315,0,0,2026-04-06,2026-04-22,,,BASSE,EN_ATTENTE
189,OF202500189,132,306,387,0,0,2025-11-26,2025-12-12,2025-11-29,,NORMALE,EN_COURS
190,OF202500190,30,248,265,265,16,2025-12-14,2025-12-28,2025-12-16,2025-12-24,BASSE,TERMINE
191,OF202500191,40,450,142,0,0,2025-05-31,2025-06-30,2025-06-01,,NORMALE,EN_COURS
192,OF202500192,245,198,76,76,1,2026-04-12,2026-05-08,2026-04-13,2026-04-22,NORMALE,TERMINE
193,OF202500193,91,424,62,62,4,2025-04-19,2025-05-16,2025-04-19,2025-05-20,HAUTE,TERMINE
194,OF202500194,190,350,71,71,1,2026-05-19,2026-05-25,2026-05-22,2026-05-29,NORMALE,TERMINE
195,OF202500195,151,29,68,68,5,2025-10-23,2025-11-03,2025-10-26,2025-11-15,NORMALE,TERMINE
196,OF202500196,17,355,227,0,0,2026-08-16,2026-08-19,2026-08-17,,HAUTE,EN_COURS
197,OF202500197,300,114,392,0,0,2026-02-28,2026-03-21,2026-02-28,,BASSE,EN_COURS
198,OF202500198,49,216,263,0,0,2025-03-21,2025-03-25,2025-03-24,,NORMALE,EN_COURS
199,OF202500199,280,50,462,462,51,2025-01-20,2025-01-29,2025-01-20,2025-02-06,NORMALE,TERMINE
200,OF202500200,229,406,491,491,18,2025-02-03,2025-02-15,2025-02-04,2025-02-14,NORMALE,TERMINE
201,OF202500201,235,140,305,0,0,2025-08-18,2025-09-17,2025-08-18,,NORMALE,EN_COURS
202,OF202500202,226,288,231,231,9,2025-09-05,2025-09-25,2025-09-05,2025-09-27,NORMALE,TERMINE
203,OF202500203,289,96,176,176,9,2025-09-24,2025-09-28,2025-09-25,2025-10-27,NORMALE,TERMINE
204,OF202500204,282,255,387,0,0,2026-09-12,2026-09-22,,,NORMALE,EN_ATTENTE
205,OF202500205,66,154,262,262,28,2025-07-04,2025-07-24,2025-07-04,2025-07-14,BASSE,TERMINE
206,OF202500206,61,369,162,0,0,2026-07-31,2026-08-29,2026-08-03,,NORMALE,EN_COURS
207,OF202500207,31,226,241,241,8,2026-02-09,2026-03-04,2026-02-11,2026-03-12,NORMALE,TERMINE
208,OF202500208,86,465,260,0,0,2025-09-29,2025-10-21,2025-10-01,,NORMALE,EN_COURS
209,OF202500209,12,182,289,289,27,2026-03-22,2026-04-03,2026-03-22,2026-04-09,NORMALE,TERMINE
210,OF202500210,187,237,32,32,3,2026-07-13,2026-07-16,2026-07-13,2026-08-05,HAUTE,TERMINE
211,OF202500211,88,98,472,0,0,2026-01-16,2026-02-12,2026-01-18,,NORMALE,EN_COURS
212,OF202500212,122,444,477,0,0,2025-02-05,2025-02-26,2025-02-06,,NORMALE,EN_COURS
213,OF202500213,89,485,136,0,0,2025-07-31,2025-08-08,2025-07-31,,BASSE,EN_COURS
214,OF202500214,86,36,424,0,0,2026-01-19,2026-02-11,2026-01-21,,HAUTE,EN_COURS
215,OF202500215,177,54,125,0,0,2025-12-12,2025-12-24,,,BASSE,EN_ATTENTE
216,OF202500216,169,428,125,125,12,2026-02-19,2026-03-12,2026-02-21,2026-03-18,BASSE,TERMINE
217,OF202500217,100,368,445,0,0,2025-09-10,2025-09-25,2025-09-11,,HAUTE,EN_COURS
218,OF202500218,219,254,187,0,0,2026-08-01,2026-08-27,,,NORMALE,EN_ATTENTE
219,OF202500219,276,173,413,0,0,2025-10-03,2025-10-30,,,NORMALE,EN_ATTENTE
220,OF202500220,139,164,237,0,0,2025-12-08,2026-01-04,2025-12-11,,NORMALE,EN_COURS
221,OF202500221,161,64,134,0,0,2026-05-24,2026-06-08,,,HAUTE,ANNULE
222,OF202500222,102,407,200,200,4,2025-10-12,2025-10-20,2025-10-12,2025-11-15,NORMALE,TERMINE
223,OF202500223,94,320,57,57,4,2026-08-03,2026-08-12,2026-08-06,2026-08-18,NORMALE,TERMINE
224,OF202500224,51,477,48,0,0,2025-08-23,2025-08-29,,,NORMALE,EN_ATTENTE
225,OF202500225,247,377,493,0,0,2026-03-10,2026-04-09,2026-03-12,,NORMALE,EN_COURS
226,OF202500226,243,455,332,0,0,2026-02-13,2026-02-24,2026-02-16,,BASSE,EN_COURS
227,OF202500227,53,484,465,465,46,2026-09-28,2026-10-14,2026-09-28,2026-10-17,NORMALE,TERMINE
228,OF202500228,118,142,347,0,0,2026-06-30,2026-07-11,,,NORMALE,EN_ATTENTE
229,OF202500229,162,152,371,0,0,2025-04-19,2025-04-24,2025-04-21,,HAUTE,EN_COURS
230,OF202500230,118,142,148,0,0,2025-08-03,2025-08-29,2025-08-04,,NORMALE,EN_COURS
231,OF202500231,52,313,351,351,39,2025-02-20,2025-03-11,2025-02-23,2025-03-12,NORMALE,TERMINE
232,OF202500232,237,414,74,0,0,2026-01-19,2026-02-13,2026-01-21,,NORMALE,EN_COURS
233,OF202500233,68,311,130,0,0,2025-09-18,2025-10-11,,,NORMALE,ANNULE
234,OF202500234,165,377,312,312,30,2025-07-04,2025-07-30,2025-07-04,2025-07-18,NORMALE,TERMINE
235,OF202500235,248,78,205,0,0,2026-08-12,2026-08-21,,,NORMALE,EN_ATTENTE
236,OF202500236,107,246,295,295,31,2026-03-17,2026-03-31,2026-03-17,2026-04-02,NORMALE,TERMINE
237,OF202500237,30,126,350,0,0,2025-10-24,2025-11-09,2025-10-26,,NORMALE,EN_COURS
238,OF202500238,30,248,193,193,18,2026-06-24,2026-07-13,2026-06-25,2026-07-25,NORMALE,TERMINE
239,OF202500239,88,98,254,254,23,2025-05-19,2025-06-03,2025-05-20,2025-05-24,NORMALE,TERMINE
240,OF202500240,137,473,408,408,17,2025-06-22,2025-07-06,2025-06-24,2025-07-26,NORMALE,TERMINE
241,OF202500241,164,398,210,0,0,2025-06-22,2025-07-12,2025-06-23,,NORMALE,EN_COURS
242,OF202500242,89,101,64,64,6,2026-07-01,2026-07-09,2026-07-03,2026-07-29,HAUTE,TERMINE
243,OF202500243,208,94,238,238,18,2025-06-26,2025-07-16,2025-06-29,2025-07-07,BASSE,TERMINE
244,OF202500244,129,11,494,494,55,2025-06-23,2025-07-21,2025-06-24,2025-07-05,HAUTE,TERMINE
245,OF202500245,45,356,15,15,0,2025-01-14,2025-02-05,2025-01-17,2025-01-31,HAUTE,TERMINE
246,OF202500246,228,180,144,0,0,2025-12-17,2026-01-15,,,NORMALE,EN_ATTENTE
247,OF202500247,27,313,44,0,0,2026-05-04,2026-06-02,2026-05-06,,HAUTE,EN_COURS
248,OF202500248,21,333,35,35,1,2025-03-28,2025-04-18,2025-03-29,2025-04-09,NORMALE,TERMINE
249,OF202500249,103,147,247,0,0,2025-04-06,2025-04-11,,,NORMALE,EN_ATTENTE
250,OF202500250,114,55,224,224,15,2025-01-22,2025-02-10,2025-01-23,2025-02-10,NORMALE,TERMINE
251,OF202500251,20,173,482,0,0,2026-03-05,2026-04-03,2026-03-05,,NORMALE,EN_COURS
252,OF202500252,243,455,121,121,2,2026-06-23,2026-07-18,2026-06-25,2026-06-28,NORMALE,TERMINE
253,OF202500253,167,221,226,226,7,2025-04-03,2025-04-20,2025-04-06,2025-04-29,HAUTE,TERMINE
254,OF202500254,115,363,463,0,0,2025-07-22,2025-08-19,,,BASSE,EN_ATTENTE
255,OF202500255,211,172,326,0,0,2025-09-23,2025-10-05,,,BASSE,EN_ATTENTE
256,OF202500256,48,268,376,0,0,2025-04-12,2025-04-27,2025-04-14,,BASSE,EN_COURS
257,OF202500257,142,134,245,0,0,2025-07-02,2025-07-19,,,NORMALE,EN_ATTENTE
258,OF202500258,241,322,254,254,26,2026-03-07,2026-04-03,2026-03-07,2026-03-25,NORMALE,TERMINE
259,OF202500259,107,246,33,33,1,2025-10-12,2025-10-28,2025-10-12,2025-11-01,HAUTE,TERMINE
260,OF202500260,175,137,54,54,2,2026-05-22,2026-06-13,2026-05-23,2026-06-01,NORMALE,TERMINE
261,OF202500261,94,25,122,122,5,2026-04-01,2026-04-13,2026-04-03,2026-04-30,NORMALE,TERMINE
262,OF202500262,255,239,409,0,0,2025-12-10,2026-01-07,2025-12-11,,NORMALE,EN_COURS
263,OF202500263,257,443,301,0,0,2025-01-12,2025-01-20,2025-01-14,,NORMALE,EN_COURS
264,OF202500264,151,453,399,399,35,2025-05-21,2025-06-06,2025-05-21,2025-06-03,NORMALE,TERMINE
265,OF202500265,89,109,146,146,2,2025-03-06,2025-03-29,2025-03-06,2025-04-10,NORMALE,TERMINE
266,OF202500266,174,403,463,463,13,2025-11-17,2025-12-05,2025-11-19,2025-11-27,NORMALE,TERMINE
267,OF202500267,143,458,18,0,0,2025-02-03,2025-02-24,2025-02-04,,NORMALE,EN_COURS
268,OF202500268,245,198,166,0,0,2026-05-16,2026-06-15,2026-05-19,,NORMALE,EN_COURS
269,OF202500269,49,216,474,0,0,2026-06-20,2026-07-01,2026-06-22,,NORMALE,EN_COURS
270,OF202500270,109,371,52,0,0,2026-07-10,2026-08-06,,,NORMALE,EN_ATTENTE
271,OF202500271,232,331,222,222,9,2026-04-24,2026-05-01,2026-04-27,2026-05-23,NORMALE,TERMINE
272,OF202500272,284,4,365,0,0,2025-03-31,2025-04-19,2025-04-02,,NORMALE,EN_COURS
273,OF202500273,265,167,40,40,3,2025-06-02,2025-06-19,2025-06-05,2025-07-06,HAUTE,TERMINE
274,OF202500274,296,118,181,0,0,2025-02-11,2025-03-08,,,NORMALE,EN_ATTENTE
275,OF202500275,233,442,196,0,0,2026-02-26,2026-03-25,,,BASSE,EN_ATTENTE
276,OF202500276,220,19,371,0,0,2025-09-11,2025-09-28,2025-09-13,,HAUTE,EN_COURS
277,OF202500277,218,38,340,0,0,2026-03-27,2026-04-20,2026-03-28,,NORMALE,EN_COURS
278,OF202500278,12,182,473,473,44,2025-05-04,2025-05-24,2025-05-05,2025-05-14,NORMALE,TERMINE
279,OF202500279,216,221,304,304,6,2026-10-20,2026-10-31,2026-10-20,2026-11-13,NORMALE,TERMINE
280,OF202500280,263,94,178,178,14,2025-08-12,2025-08-31,2025-08-14,2025-09-07,NORMALE,TERMINE
281,OF202500281,24,209,222,222,15,2025-07-29,2025-08-10,2025-07-30,2025-08-25,NORMALE,TERMINE
282,OF202500282,258,75,442,0,0,2025-11-19,2025-12-17,,,HAUTE,ANNULE
283,OF202500283,166,484,164,0,0,2026-08-08,2026-08-15,,,NORMALE,EN_ATTENTE
284,OF202500284,72,88,341,341,36,2026-07-29,2026-08-14,2026-07-29,2026-08-20,HAUTE,TERMINE
285,OF202500285,227,215,439,439,42,2025-03-04,2025-03-31,2025-03-04,2025-03-21,NORMALE,TERMINE
286,OF202500286,296,270,108,108,11,2026-08-18,2026-09-08,2026-08-19,2026-09-16,HAUTE,TERMINE
287,OF202500287,42,68,224,224,22,2025-11-27,2025-12-24,2025-11-28,2025-12-26,NORMALE,TERMINE
288,OF202500288,238,211,13,13,0,2026-07-01,2026-07-17,2026-07-03,2026-07-25,BASSE,TERMINE
289,OF202500289,208,316,377,0,0,2026-08-29,2026-09-18,2026-08-30,,HAUTE,EN_COURS
290,OF202500290,45,130,337,0,0,2026-09-08,2026-10-03,,,NORMALE,ANNULE
291,OF202500291,10,70,322,0,0,2026-03-05,2026-03-22,2026-03-05,,NORMALE,EN_COURS
292,OF202500292,195,329,285,0,0,2026-03-26,2026-04-04,,,NORMALE,EN_ATTENTE
293,OF202500293,2,496,93,0,0,2025-10-06,2025-10-16,2025-10-08,,NORMALE,EN_COURS
294,OF202500294,126,332,365,365,33,2026-11-26,2026-12-25,2026-11-26,2026-12-15,NORMALE,TERMINE
295,OF202500295,58,223,12,12,1,2026-01-31,2026-02-23,2026-02-03,2026-03-07,BASSE,TERMINE
296,OF202500296,114,28,306,0,0,2025-02-23,2025-03-01,2025-02-26,,NORMALE,EN_COURS
297,OF202500297,130,474,346,346,6,2025-05-26,2025-06-25,2025-05-26,2025-06-10,BASSE,TERMINE
298,OF202500298,230,470,316,0,0,2025-06-09,2025-06-25,,,HAUTE,EN_ATTENTE
299,OF202500299,153,219,25,25,2,2026-06-10,2026-07-03,2026-06-10,2026-07-01,HAUTE,TERMINE
300,OF202500300,34,326,94,0,0,2026-09-08,2026-09-24,2026-09-09,,HAUTE,EN_COURS
301,OF202500301,152,12,494,494,17,2025-01-31,2025-02-24,2025-01-31,2025-02-19,NORMALE,TERMINE
302,OF202500302,260,236,341,0,0,2026-04-24,2026-05-17,,,HAUTE,ANNULE
303,OF202500303,142,115,226,0,0,2026-08-30,2026-09-23,,,NORMALE,EN_ATTENTE
304,OF202500304,58,387,449,449,26,2025-04-23,2025-05-01,2025-04-26,2025-05-10,BASSE,TERMINE
305,OF202500305,8,400,132,132,11,2026-10-02,2026-10-08,2026-10-05,2026-10-08,NORMALE,TERMINE
306,OF202500306,90,156,145,0,0,2025-10-15,2025-10-26,2025-10-16,,BASSE,EN_COURS
307,OF202500307,167,269,139,139,2,2025-12-09,2025-12-28,2025-12-12,2026-01-11,HAUTE,TERMINE
308,OF202500308,92,6,348,348,29,2026-11-05,2026-11-12,2026-11-07,2026-11-15,NORMALE,TERMINE
309,OF202500309,192,51,56,56,2,2025-06-09,2025-06-19,2025-06-12,2025-06-25,HAUTE,TERMINE
310,OF202500310,94,297,217,217,20,2025-03-02,2025-03-12,2025-03-05,2025-03-27,NORMALE,TERMINE
311,OF202500311,1,427,202,202,11,2025-11-22,2025-11-29,2025-11-24,2025-11-28,NORMALE,TERMINE
312,OF202500312,114,55,368,0,0,2026-06-30,2026-07-29,2026-07-03,,NORMALE,EN_COURS
313,OF202500313,189,18,457,457,49,2026-02-14,2026-03-15,2026-02-16,2026-03-17,BASSE,TERMINE
314,OF202500314,262,265,377,0,0,2026-08-07,2026-08-24,,,NORMALE,EN_ATTENTE
315,OF202500315,256,161,374,374,43,2026-02-14,2026-03-02,2026-02-15,2026-02-25,NORMALE,TERMINE
316,OF202500316,119,320,247,0,0,2026-09-11,2026-10-08,,,NORMALE,EN_ATTENTE
317,OF202500317,271,462,200,0,0,2026-08-19,2026-08-31,2026-08-22,,HAUTE,EN_COURS
318,OF202500318,90,156,105,105,3,2026-09-12,2026-10-01,2026-09-15,2026-09-22,BASSE,TERMINE
319,OF202500319,211,172,47,0,0,2026-04-10,2026-05-01,,,NORMALE,EN_ATTENTE
320,OF202500320,299,267,203,0,0,2026-09-17,2026-10-08,2026-09-18,,BASSE,EN_COURS
321,OF202500321,281,134,386,0,0,2026-05-04,2026-06-03,2026-05-07,,NORMALE,EN_COURS
322,OF202500322,285,278,322,322,16,2025-07-11,2025-07-25,2025-07-14,2025-07-16,NORMALE,TERMINE
323,OF202500323,127,187,495,495,26,2025-09-15,2025-10-07,2025-09-16,2025-09-23,HAUTE,TERMINE
324,OF202500324,271,462,89,0,0,2025-05-10,2025-05-25,,,NORMALE,ANNULE
325,OF202500325,6,17,162,0,0,2025-02-20,2025-03-15,,,HAUTE,EN_ATTENTE
326,OF202500326,239,410,392,0,0,2025-03-10,2025-04-07,,,NORMALE,EN_ATTENTE
327,OF202500327,157,62,384,384,12,2026-08-01,2026-08-06,2026-08-02,2026-08-15,BASSE,TERMINE
328,OF202500328,105,279,87,87,2,2026-10-13,2026-11-11,2026-10-16,2026-10-22,NORMALE,TERMINE
329,OF202500329,277,155,206,206,22,2025-11-01,2025-11-09,2025-11-02,2025-11-15,NORMALE,TERMINE
330,OF202500330,169,333,38,0,0,2026-06-16,2026-06-24,,,NORMALE,ANNULE
331,OF202500331,120,181,487,487,55,2026-05-12,2026-05-28,2026-05-15,2026-06-05,HAUTE,TERMINE
332,OF202500332,53,334,327,327,38,2026-02-15,2026-02-22,2026-02-15,2026-03-12,NORMALE,TERMINE
333,OF202500333,190,216,53,53,4,2026-05-01,2026-05-25,2026-05-03,2026-05-13,BASSE,TERMINE
334,OF202500334,2,496,489,489,17,2026-06-23,2026-07-09,2026-06-25,2026-07-13,NORMALE,TERMINE
335,OF202500335,149,5,167,0,0,2026-05-18,2026-05-29,2026-05-18,,NORMALE,EN_COURS
336,OF202500336,84,341,109,0,0,2026-05-09,2026-06-02,2026-05-11,,HAUTE,EN_COURS
337,OF202500337,208,56,263,0,0,2025-07-21,2025-08-13,,,NORMALE,EN_ATTENTE
338,OF202500338,87,287,41,41,3,2025-08-20,2025-09-05,2025-08-20,2025-09-18,BASSE,TERMINE
339,OF202500339,92,6,328,0,0,2026-08-21,2026-09-12,,,NORMALE,EN_ATTENTE
340,OF202500340,37,249,245,245,9,2025-02-11,2025-02-20,2025-02-13,2025-03-11,HAUTE,TERMINE
341,OF202500341,151,453,291,0,0,2026-09-16,2026-09-19,2026-09-18,,NORMALE,EN_COURS
342,OF202500342,253,351,283,0,0,2026-03-02,2026-04-01,,,NORMALE,EN_ATTENTE
343,OF202500343,66,154,463,0,0,2025-01-06,2025-01-31,2025-01-09,,HAUTE,EN_COURS
344,OF202500344,212,362,46,0,0,2026-04-28,2026-05-21,,,NORMALE,EN_ATTENTE
345,OF202500345,18,262,346,0,0,2025-06-20,2025-07-20,,,NORMALE,EN_ATTENTE
346,OF202500346,276,173,108,0,0,2025-09-19,2025-09-23,,,NORMALE,EN_ATTENTE
347,OF202500347,38,46,288,288,31,2025-03-22,2025-04-17,2025-03-22,2025-04-06,NORMALE,TERMINE
348,OF202500348,232,331,210,0,0,2026-11-17,2026-12-01,2026-11-18,,NORMALE,EN_COURS
349,OF202500349,60,385,252,0,0,2025-01-03,2025-01-07,,,NORMALE,EN_ATTENTE
350,OF202500350,146,402,420,420,45,2025-01-13,2025-02-07,2025-01-15,2025-01-28,BASSE,TERMINE
351,OF202500351,61,399,399,0,0,2025-09-12,2025-10-04,2025-09-13,,HAUTE,EN_COURS
352,OF202500352,92,6,117,117,4,2026-08-26,2026-09-10,2026-08-29,2026-09-24,HAUTE,TERMINE
353,OF202500353,21,333,288,288,33,2026-07-22,2026-08-06,2026-07-24,2026-08-16,BASSE,TERMINE
354,OF202500354,11,356,87,87,7,2026-02-06,2026-02-19,2026-02-07,2026-03-02,NORMALE,TERMINE
355,OF202500355,47,486,373,0,0,2026-09-07,2026-09-16,2026-09-08,,NORMALE,EN_COURS
356,OF202500356,122,444,38,38,1,2025-07-14,2025-08-05,2025-07-17,2025-07-28,HAUTE,TERMINE
357,OF202500357,11,272,400,400,36,2026-03-19,2026-04-06,2026-03-19,2026-04-09,BASSE,TERMINE
358,OF202500358,286,315,96,0,0,2025-02-12,2025-03-08,,,HAUTE,ANNULE
359,OF202500359,61,399,439,439,12,2026-10-07,2026-10-19,2026-10-08,2026-10-14,HAUTE,TERMINE
360,OF202500360,75,316,285,0,0,2025-10-10,2025-10-30,2025-10-12,,HAUTE,EN_COURS
361,OF202500361,288,14,133,0,0,2025-07-10,2025-08-03,2025-07-10,,NORMALE,EN_COURS
362,OF202500362,58,320,242,242,5,2026-12-02,2026-12-26,2026-12-03,2026-12-11,HAUTE,TERMINE
363,OF202500363,116,443,497,497,33,2025-10-07,2025-10-21,2025-10-09,2025-10-21,NORMALE,TERMINE
364,OF202500364,30,126,50,50,2,2026-03-31,2026-04-27,2026-03-31,2026-04-14,BASSE,TERMINE
365,OF202500365,38,46,225,225,7,2026-05-13,2026-06-10,2026-05-16,2026-05-31,NORMALE,TERMINE
366,OF202500366,209,100,305,0,0,2026-01-20,2026-01-23,2026-01-22,,NORMALE,EN_COURS
367,OF202500367,119,199,388,0,0,2026-07-02,2026-07-14,,,NORMALE,EN_ATTENTE
368,OF202500368,9,102,474,0,0,2026-04-05,2026-04-08,2026-04-06,,NORMALE,EN_COURS
369,OF202500369,199,323,36,0,0,2026-02-07,2026-02-17,,,BASSE,EN_ATTENTE
370,OF202500370,22,218,14,0,0,2026-01-15,2026-01-19,2026-01-16,,NORMALE,EN_COURS
371,OF202500371,272,107,438,438,46,2025-01-09,2025-01-31,2025-01-09,2025-01-14,NORMALE,TERMINE
372,OF202500372,23,93,389,0,0,2025-08-31,2025-09-23,,,HAUTE,ANNULE
373,OF202500373,15,80,144,0,0,2025-12-14,2025-12-22,2025-12-15,,HAUTE,EN_COURS
374,OF202500374,236,266,197,197,16,2025-08-25,2025-09-24,2025-08-25,2025-09-17,NORMALE,TERMINE
375,OF202500375,96,211,283,0,0,2026-03-17,2026-03-21,,,NORMALE,EN_ATTENTE
376,OF202500376,69,361,262,0,0,2025-10-30,2025-11-23,2025-11-01,,NORMALE,EN_COURS
377,OF202500377,132,459,80,0,0,2025-02-14,2025-02-27,,,NORMALE,ANNULE
378,OF202500378,147,335,125,125,2,2026-06-11,2026-06-16,2026-06-11,2026-07-03,BASSE,TERMINE
379,OF202500379,288,14,188,188,20,2026-10-07,2026-10-21,2026-10-08,2026-10-21,NORMALE,TERMINE
380,OF202500380,145,434,453,0,0,2025-06-21,2025-07-13,2025-06-23,,NORMALE,EN_COURS
381,OF202500381,77,73,171,171,19,2026-02-22,2026-03-09,2026-02-22,2026-03-06,NORMALE,TERMINE
382,OF202500382,210,59,168,168,3,2026-07-09,2026-07-25,2026-07-09,2026-07-28,NORMALE,TERMINE
383,OF202500383,230,470,217,217,21,2025-01-17,2025-01-24,2025-01-18,2025-02-02,BASSE,TERMINE
384,OF202500384,33,184,201,201,12,2025-07-23,2025-08-16,2025-07-23,2025-07-30,HAUTE,TERMINE
385,OF202500385,47,227,226,226,5,2025-02-25,2025-03-11,2025-02-28,2025-03-20,HAUTE,TERMINE
386,OF202500386,67,242,135,0,0,2026-08-28,2026-09-10,2026-08-30,,HAUTE,EN_COURS
387,OF202500387,227,352,145,0,0,2026-01-10,2026-01-19,,,NORMALE,EN_ATTENTE
388,OF202500388,50,170,249,249,16,2026-08-21,2026-08-25,2026-08-23,2026-09-18,BASSE,TERMINE
389,OF202500389,294,422,278,0,0,2026-10-15,2026-11-05,,,NORMALE,EN_ATTENTE
390,OF202500390,273,417,163,163,8,2026-02-19,2026-03-12,2026-02-20,2026-03-09,NORMALE,TERMINE
391,OF202500391,64,298,375,0,0,2026-09-14,2026-10-02,2026-09-16,,BASSE,EN_COURS
392,OF202500392,287,133,201,0,0,2026-04-25,2026-04-29,2026-04-26,,BASSE,EN_COURS
393,OF202500393,125,418,55,55,1,2026-07-10,2026-07-21,2026-07-11,2026-08-11,NORMALE,TERMINE
394,OF202500394,52,304,194,0,0,2026-03-19,2026-04-06,2026-03-20,,HAUTE,EN_COURS
395,OF202500395,112,220,371,371,36,2026-09-11,2026-10-06,2026-09-14,2026-09-22,HAUTE,TERMINE
396,OF202500396,69,361,158,158,12,2025-09-23,2025-09-27,2025-09-24,2025-10-25,BASSE,TERMINE
397,OF202500397,69,361,212,0,0,2026-04-17,2026-05-02,2026-04-18,,HAUTE,EN_COURS
398,OF202500398,133,141,328,328,11,2025-06-13,2025-06-23,2025-06-15,2025-07-08,BASSE,TERMINE
399,OF202500399,70,191,58,58,3,2025-09-15,2025-10-10,2025-09-15,2025-09-22,HAUTE,TERMINE
400,OF202500400,97,437,152,152,7,2025-10-28,2025-11-04,2025-10-29,2025-12-02,HAUTE,TERMINE
401,OF202500401,37,249,354,354,10,2026-05-10,2026-05-23,2026-05-12,2026-06-11,HAUTE,TERMINE
402,OF202500402,138,372,39,0,0,2026-03-30,2026-04-12,2026-04-02,,BASSE,EN_COURS
403,OF202500403,292,372,292,292,26,2025-08-15,2025-08-21,2025-08-15,2025-08-20,HAUTE,TERMINE
404,OF202500404,202,277,89,0,0,2025-07-08,2025-08-04,,,NORMALE,ANNULE
405,OF202500405,222,472,249,249,6,2026-04-24,2026-05-03,2026-04-25,2026-05-29,NORMALE,TERMINE
406,OF202500406,260,136,162,0,0,2026-05-05,2026-05-08,,,NORMALE,ANNULE
407,OF202500407,227,215,131,0,0,2026-01-23,2026-02-20,2026-01-23,,NORMALE,EN_COURS
408,OF202500408,172,330,417,0,0,2025-11-08,2025-11-15,2025-11-10,,NORMALE,EN_COURS
409,OF202500409,44,391,415,415,45,2025-11-01,2025-11-27,2025-11-01,2025-11-10,NORMALE,TERMINE
410,OF202500410,139,164,252,252,16,2026-01-11,2026-01-30,2026-01-12,2026-01-29,BASSE,TERMINE
411,OF202500411,71,308,484,484,50,2026-03-17,2026-04-15,2026-03-18,2026-03-22,HAUTE,TERMINE
412,OF202500412,126,332,192,0,0,2026-10-12,2026-11-11,2026-10-15,,NORMALE,EN_COURS
413,OF202500413,135,280,239,239,18,2025-10-01,2025-10-14,2025-10-04,2025-10-26,NORMALE,TERMINE
414,OF202500414,54,282,367,367,28,2026-08-08,2026-09-01,2026-08-11,2026-09-05,BASSE,TERMINE
415,OF202500415,278,151,49,49,3,2025-09-21,2025-10-13,2025-09-24,2025-09-27,NORMALE,TERMINE
416,OF202500416,162,257,369,0,0,2026-11-09,2026-11-18,,,NORMALE,EN_ATTENTE
417,OF202500417,74,443,161,161,6,2025-08-10,2025-08-17,2025-08-11,2025-09-07,BASSE,TERMINE
418,OF202500418,132,459,377,0,0,2026-07-16,2026-08-06,,,HAUTE,EN_ATTENTE
419,OF202500419,274,8,178,178,8,2026-09-23,2026-10-05,2026-09-25,2026-10-05,BASSE,TERMINE
420,OF202500420,3,111,389,0,0,2025-06-17,2025-06-24,2025-06-18,,NORMALE,EN_COURS
421,OF202500421,272,303,433,433,39,2026-10-15,2026-10-23,2026-10-17,2026-11-01,NORMALE,TERMINE
422,OF202500422,259,27,266,0,0,2026-06-23,2026-06-30,,,NORMALE,EN_ATTENTE
423,OF202500423,66,154,342,342,25,2026-05-10,2026-05-14,2026-05-12,2026-06-05,NORMALE,TERMINE
424,OF202500424,149,5,367,0,0,2025-03-20,2025-04-15,2025-03-21,,HAUTE,EN_COURS
425,OF202500425,131,372,304,304,6,2026-09-06,2026-09-26,2026-09-08,2026-09-23,NORMALE,TERMINE
426,OF202500426,167,269,300,300,31,2026-02-01,2026-02-10,2026-02-02,2026-02-06,NORMALE,TERMINE
427,OF202500427,228,180,35,0,0,2026-07-11,2026-07-15,2026-07-12,,NORMALE,EN_COURS
428,OF202500428,214,48,60,0,0,2026-03-05,2026-03-18,2026-03-07,,HAUTE,EN_COURS
429,OF202500429,164,395,496,496,55,2025-10-12,2025-10-25,2025-10-15,2025-11-07,NORMALE,TERMINE
430,OF202500430,205,174,464,0,0,2026-05-21,2026-06-04,2026-05-21,,NORMALE,EN_COURS
431,OF202500431,89,138,13,13,0,2025-02-23,2025-03-10,2025-02-26,2025-03-10,NORMALE,TERMINE
432,OF202500432,213,370,46,0,0,2026-03-01,2026-03-16,2026-03-03,,HAUTE,EN_COURS
433,OF202500433,131,372,141,0,0,2025-11-06,2025-11-17,,,HAUTE,EN_ATTENTE
434,OF202500434,36,487,420,420,30,2025-07-26,2025-08-04,2025-07-29,2025-08-29,HAUTE,TERMINE
435,OF202500435,219,254,172,172,4,2026-04-27,2026-05-27,2026-04-27,2026-05-25,NORMALE,TERMINE
436,OF202500436,11,133,328,328,36,2025-11-02,2025-11-30,2025-11-04,2025-11-11,HAUTE,TERMINE
437,OF202500437,263,452,418,418,33,2025-12-07,2026-01-02,2025-12-07,2025-12-29,HAUTE,TERMINE
438,OF202500438,274,49,456,0,0,2025-10-12,2025-11-07,,,NORMALE,EN_ATTENTE
439,OF202500439,36,132,308,0,0,2026-03-20,2026-04-12,2026-03-20,,NORMALE,EN_COURS
440,OF202500440,244,321,430,430,20,2026-08-13,2026-08-31,2026-08-14,2026-09-13,NORMALE,TERMINE
441,OF202500441,79,438,322,0,0,2025-10-04,2025-10-23,,,NORMALE,EN_ATTENTE
442,OF202500442,7,214,114,0,0,2025-12-29,2026-01-25,2026-01-01,,HAUTE,EN_COURS
443,OF202500443,252,206,17,0,0,2026-08-10,2026-08-23,,,BASSE,ANNULE
444,OF202500444,256,161,464,464,39,2025-12-11,2026-01-01,2025-12-11,2025-12-20,NORMALE,TERMINE
445,OF202500445,222,472,148,0,0,2025-05-31,2025-06-23,2025-05-31,,NORMALE,EN_COURS
446,OF202500446,120,53,400,0,0,2025-05-24,2025-06-06,2025-05-26,,NORMALE,EN_COURS
447,OF202500447,9,102,30,0,0,2025-08-21,2025-08-27,2025-08-24,,NORMALE,EN_COURS
448,OF202500448,236,266,195,0,0,2026-09-17,2026-10-01,2026-09-17,,NORMALE,EN_COURS
449,OF202500449,159,347,146,146,2,2026-06-20,2026-07-16,2026-06-21,2026-07-01,NORMALE,TERMINE
450,OF202500450,268,241,412,0,0,2026-10-19,2026-11-07,,,NORMALE,EN_ATTENTE
451,OF202500451,203,222,135,0,0,2026-10-25,2026-11-21,,,NORMALE,EN_ATTENTE
452,OF202500452,113,94,387,0,0,2026-10-21,2026-11-04,,,NORMALE,ANNULE
453,OF202500453,281,203,94,94,10,2026-04-16,2026-05-02,2026-04-19,2026-04-30,NORMALE,TERMINE
454,OF202500454,108,37,368,368,38,2025-01-03,2025-01-18,2025-01-06,2025-01-13,NORMALE,TERMINE
455,OF202500455,110,355,54,0,0,2026-01-16,2026-01-21,,,BASSE,ANNULE
456,OF202500456,272,107,160,160,8,2025-05-31,2025-06-15,2025-06-02,2025-07-01,NORMALE,TERMINE
457,OF202500457,160,397,21,21,1,2026-03-07,2026-03-14,2026-03-08,2026-03-16,NORMALE,TERMINE
458,OF202500458,74,120,329,329,35,2026-05-30,2026-06-20,2026-05-30,2026-06-08,HAUTE,TERMINE
459,OF202500459,117,274,28,28,2,2026-03-15,2026-03-28,2026-03-17,2026-04-16,NORMALE,TERMINE
460,OF202500460,278,151,153,0,0,2026-04-23,2026-05-10,,,BASSE,EN_ATTENTE
461,OF202500461,298,223,415,415,21,2026-04-01,2026-04-17,2026-04-04,2026-04-16,HAUTE,TERMINE
462,OF202500462,269,283,288,0,0,2026-07-08,2026-07-30,,,BASSE,ANNULE
463,OF202500463,21,333,43,43,2,2025-12-28,2026-01-18,2025-12-28,2026-01-12,NORMALE,TERMINE
464,OF202500464,30,248,400,0,0,2026-10-05,2026-10-20,2026-10-06,,BASSE,EN_COURS
465,OF202500465,208,445,291,291,21,2026-06-09,2026-06-26,2026-06-12,2026-06-20,NORMALE,TERMINE
466,OF202500466,80,186,87,87,2,2025-09-01,2025-09-22,2025-09-04,2025-09-27,NORMALE,TERMINE
467,OF202500467,59,91,55,55,6,2026-07-15,2026-08-12,2026-07-15,2026-07-24,NORMALE,TERMINE
468,OF202500468,277,155,60,60,6,2026-06-08,2026-07-05,2026-06-09,2026-07-09,NORMALE,TERMINE
469,OF202500469,251,232,399,399,26,2026-09-03,2026-09-07,2026-09-03,2026-09-09,NORMALE,TERMINE
470,OF202500470,68,311,294,294,13,2025-05-28,2025-06-12,2025-05-29,2025-06-09,HAUTE,TERMINE
471,OF202500471,262,174,242,242,15,2025-02-17,2025-02-27,2025-02-19,2025-02-23,NORMALE,TERMINE
472,OF202500472,168,249,275,275,24,2025-08-19,2025-08-28,2025-08-21,2025-09-04,NORMALE,TERMINE
473,OF202500473,7,214,402,402,21,2025-06-24,2025-07-23,2025-06-25,2025-07-02,NORMALE,TERMINE
474,OF202500474,175,499,172,0,0,2026-03-27,2026-04-20,,,NORMALE,EN_ATTENTE
475,OF202500475,17,355,254,0,0,2026-09-25,2026-10-17,,,HAUTE,EN_ATTENTE
476,OF202500476,114,55,32,32,3,2025-11-15,2025-11-29,2025-11-16,2025-11-23,NORMALE,TERMINE
477,OF202500477,160,210,36,0,0,2026-10-30,2026-11-24,2026-10-30,,NORMALE,EN_COURS
478,OF202500478,79,391,445,0,0,2025-02-20,2025-03-01,,,NORMALE,ANNULE
479,OF202500479,206,125,211,0,0,2026-07-01,2026-07-23,,,NORMALE,EN_ATTENTE
480,OF202500480,39,20,456,456,11,2026-04-07,2026-04-29,2026-04-10,2026-04-29,NORMALE,TERMINE
481,OF202500481,73,294,408,408,29,2026-10-05,2026-10-16,2026-10-07,2026-10-23,NORMALE,TERMINE
482,OF202500482,135,280,160,0,0,2025-01-26,2025-02-22,,,NORMALE,ANNULE
483,OF202500483,119,320,162,162,18,2025-01-23,2025-01-28,2025-01-26,2025-02-03,NORMALE,TERMINE
484,OF202500484,164,259,348,0,0,2025-08-02,2025-09-01,2025-08-02,,NORMALE,EN_COURS
485,OF202500485,182,382,92,0,0,2026-09-08,2026-10-03,2026-09-09,,NORMALE,EN_COURS
486,OF202500486,225,48,296,0,0,2025-08-02,2025-08-27,,,NORMALE,EN_ATTENTE
487,OF202500487,20,76,296,296,10,2026-01-13,2026-02-07,2026-01-15,2026-02-07,HAUTE,TERMINE
488,OF202500488,117,194,447,0,0,2026-01-17,2026-01-22,2026-01-19,,HAUTE,EN_COURS
489,OF202500489,131,109,22,22,2,2026-04-23,2026-05-02,2026-04-25,2026-05-07,NORMALE,TERMINE
490,OF202500490,242,404,72,0,0,2025-12-20,2026-01-15,2025-12-22,,HAUTE,EN_COURS
491,OF202500491,279,153,259,259,6,2025-10-02,2025-10-28,2025-10-02,2025-10-20,BASSE,TERMINE
492,OF202500492,2,496,94,0,0,2025-03-20,2025-04-08,,,HAUTE,EN_ATTENTE
493,OF202500493,49,216,437,437,42,2025-10-21,2025-10-27,2025-10-22,2025-11-20,HAUTE,TERMINE
494,OF202500494,141,318,371,0,0,2026-08-28,2026-09-08,2026-08-29,,BASSE,EN_COURS
495,OF202500495,250,440,75,0,0,2026-08-29,2026-09-26,2026-08-30,,NORMALE,EN_COURS
496,OF202500496,275,497,133,0,0,2025-07-26,2025-08-22,2025-07-26,,NORMALE,EN_COURS
497,OF202500497,78,460,487,0,0,2025-01-31,2025-02-21,,,NORMALE,ANNULE
498,OF202500498,300,338,295,295,19,2025-07-13,2025-07-29,2025-07-16,2025-08-01,HAUTE,TERMINE
499,OF202500499,194,84,10,10,0,2025-05-23,2025-06-05,2025-05-26,2025-06-26,BASSE,TERMINE
500,OF202500500,90,156,75,0,0,2025-05-17,2025-06-10,,,NORMALE,EN_ATTENTE
501,OF202500501,113,145,47,47,3,2025-08-02,2025-08-28,2025-08-05,2025-08-20,NORMALE,TERMINE
502,OF202500502,216,264,58,0,0,2026-05-01,2026-05-31,2026-05-04,,NORMALE,EN_COURS
503,OF202500503,37,439,426,0,0,2026-02-18,2026-02-24,,,NORMALE,EN_ATTENTE
504,OF202500504,141,318,135,0,0,2025-12-25,2025-12-30,,,HAUTE,EN_ATTENTE
505,OF202500505,235,140,232,232,5,2025-11-11,2025-11-18,2025-11-14,2025-12-12,BASSE,TERMINE
506,OF202500506,282,260,204,0,0,2025-08-12,2025-08-17,2025-08-14,,NORMALE,EN_COURS
507,OF202500507,196,275,398,398,35,2025-06-11,2025-07-04,2025-06-12,2025-07-01,NORMALE,TERMINE
508,OF202500508,193,85,33,33,3,2025-01-27,2025-02-05,2025-01-29,2025-02-01,NORMALE,TERMINE
509,OF202500509,172,184,116,0,0,2025-10-05,2025-11-01,,,NORMALE,EN_ATTENTE
510,OF202500510,148,364,82,82,1,2025-07-04,2025-07-24,2025-07-05,2025-07-27,NORMALE,TERMINE
511,OF202500511,241,197,483,0,0,2026-01-05,2026-01-16,,,HAUTE,ANNULE
512,OF202500512,194,84,307,0,0,2025-07-22,2025-07-29,2025-07-24,,NORMALE,EN_COURS
513,OF202500513,48,144,244,0,0,2026-06-23,2026-07-12,2026-06-26,,NORMALE,EN_COURS
514,OF202500514,163,26,14,0,0,2025-10-24,2025-10-27,,,BASSE,EN_ATTENTE
515,OF202500515,299,267,343,0,0,2026-03-22,2026-04-07,2026-03-22,,NORMALE,EN_COURS
516,OF202500516,264,107,201,0,0,2026-05-30,2026-06-03,,,NORMALE,EN_ATTENTE
517,OF202500517,31,226,134,134,3,2025-03-29,2025-04-10,2025-03-30,2025-04-21,NORMALE,TERMINE
518,OF202500518,48,144,283,0,0,2026-02-27,2026-03-07,2026-02-27,,NORMALE,EN_COURS
519,OF202500519,8,400,243,243,17,2025-04-10,2025-04-14,2025-04-13,2025-05-05,HAUTE,TERMINE
520,OF202500520,217,202,439,0,0,2025-02-24,2025-03-12,,,NORMALE,EN_ATTENTE
521,OF202500521,281,350,229,229,25,2026-08-16,2026-09-09,2026-08-17,2026-08-28,HAUTE,TERMINE
522,OF202500522,37,439,390,390,9,2025-07-20,2025-07-23,2025-07-23,2025-07-26,HAUTE,TERMINE
523,OF202500523,100,19,457,0,0,2025-12-10,2026-01-02,2025-12-12,,NORMALE,EN_COURS
524,OF202500524,10,381,157,157,5,2025-04-08,2025-04-14,2025-04-10,2025-05-08,HAUTE,TERMINE
525,OF202500525,207,495,48,48,1,2025-09-20,2025-10-03,2025-09-21,2025-09-25,HAUTE,TERMINE
526,OF202500526,206,125,388,388,40,2026-06-16,2026-06-23,2026-06-17,2026-06-25,NORMALE,TERMINE
527,OF202500527,143,458,454,0,0,2026-08-25,2026-09-01,,,NORMALE,EN_ATTENTE
528,OF202500528,95,319,345,0,0,2025-01-29,2025-02-04,,,NORMALE,EN_ATTENTE
529,OF202500529,24,457,141,0,0,2026-07-02,2026-07-14,,,NORMALE,EN_ATTENTE
530,OF202500530,108,37,338,338,19,2025-06-28,2025-07-12,2025-06-29,2025-07-19,HAUTE,TERMINE
531,OF202500531,60,385,140,0,0,2025-12-10,2026-01-08,2025-12-13,,NORMALE,EN_COURS
532,OF202500532,146,402,266,0,0,2026-02-14,2026-02-26,,,NORMALE,EN_ATTENTE
533,OF202500533,153,219,145,145,5,2026-08-21,2026-09-09,2026-08-24,2026-09-08,HAUTE,TERMINE
534,OF202500534,90,156,192,192,16,2025-09-11,2025-09-27,2025-09-14,2025-10-06,NORMALE,TERMINE
535,OF202500535,125,418,330,330,14,2026-01-05,2026-01-13,2026-01-08,2026-02-05,NORMALE,TERMINE
536,OF202500536,208,449,100,100,5,2026-01-28,2026-02-12,2026-01-30,2026-02-28,NORMALE,TERMINE
537,OF202500537,34,326,90,90,7,2026-01-14,2026-02-11,2026-01-15,2026-02-15,BASSE,TERMINE
538,OF202500538,32,485,63,63,2,2025-09-30,2025-10-18,2025-10-02,2025-10-12,NORMALE,TERMINE
539,OF202500539,298,223,408,0,0,2025-10-05,2025-11-01,2025-10-08,,BASSE,EN_COURS
540,OF202500540,223,436,116,0,0,2026-07-29,2026-08-19,2026-08-01,,NORMALE,EN_COURS
541,OF202500541,66,154,113,113,3,2026-02-02,2026-02-20,2026-02-03,2026-02-16,HAUTE,TERMINE
542,OF202500542,244,47,340,0,0,2026-03-05,2026-03-14,2026-03-06,,NORMALE,EN_COURS
543,OF202500543,166,233,220,0,0,2026-07-16,2026-07-29,2026-07-19,,NORMALE,EN_COURS
544,OF202500544,127,187,384,384,25,2026-07-06,2026-07-13,2026-07-08,2026-07-29,HAUTE,TERMINE
545,OF202500545,122,444,124,124,7,2026-11-21,2026-12-10,2026-11-21,2026-11-29,NORMALE,TERMINE
546,OF202500546,264,352,24,0,0,2025-09-08,2025-09-11,2025-09-11,,NORMALE,EN_COURS
547,OF202500547,107,246,363,0,0,2025-06-20,2025-07-17,,,HAUTE,EN_ATTENTE
548,OF202500548,3,111,427,0,0,2026-05-09,2026-05-29,2026-05-09,,NORMALE,EN_COURS
549,OF202500549,285,483,303,0,0,2025-08-01,2025-08-07,,,NORMALE,EN_ATTENTE
550,OF202500550,68,311,110,0,0,2026-08-30,2026-09-26,,,NORMALE,ANNULE
551,OF202500551,153,219,152,0,0,2025-05-28,2025-06-23,2025-05-29,,NORMALE,EN_COURS
552,OF202500552,199,323,479,0,0,2025-07-15,2025-08-06,2025-07-15,,NORMALE,EN_COURS
553,OF202500553,236,266,422,422,17,2026-08-26,2026-09-18,2026-08-28,2026-08-31,NORMALE,TERMINE
554,OF202500554,294,146,351,351,38,2025-04-23,2025-05-01,2025-04-26,2025-05-20,NORMALE,TERMINE
555,OF202500555,150,456,354,0,0,2025-01-27,2025-02-12,,,NORMALE,EN_ATTENTE
556,OF202500556,282,121,66,0,0,2025-02-03,2025-02-09,2025-02-06,,NORMALE,EN_COURS
557,OF202500557,56,363,24,0,0,2025-04-27,2025-05-12,2025-04-28,,NORMALE,EN_COURS
558,OF202500558,291,446,396,396,18,2025-03-25,2025-04-03,2025-03-26,2025-04-06,HAUTE,TERMINE
559,OF202500559,140,118,436,436,38,2026-05-09,2026-06-02,2026-05-10,2026-06-13,NORMALE,TERMINE
560,OF202500560,274,8,289,0,0,2025-09-29,2025-10-04,2025-09-29,,NORMALE,EN_COURS
561,OF202500561,37,439,47,47,2,2025-09-15,2025-10-05,2025-09-15,2025-09-23,NORMALE,TERMINE
562,OF202500562,145,434,169,169,12,2026-11-03,2026-11-11,2026-11-03,2026-11-12,HAUTE,TERMINE
563,OF202500563,214,458,478,478,39,2026-07-12,2026-07-16,2026-07-12,2026-08-14,HAUTE,TERMINE
564,OF202500564,21,333,442,0,0,2025-07-25,2025-08-05,2025-07-27,,HAUTE,EN_COURS
565,OF202500565,155,305,117,117,3,2025-11-23,2025-12-02,2025-11-23,2025-12-11,BASSE,TERMINE
566,OF202500566,245,198,312,312,8,2025-04-13,2025-04-22,2025-04-16,2025-04-19,BASSE,TERMINE
567,OF202500567,247,87,414,414,13,2026-05-23,2026-05-29,2026-05-24,2026-06-25,BASSE,TERMINE
568,OF202500568,51,477,428,428,28,2025-01-17,2025-01-24,2025-01-19,2025-02-19,BASSE,TERMINE
569,OF202500569,3,111,421,0,0,2026-11-02,2026-11-07,,,NORMALE,ANNULE
570,OF202500570,149,5,245,0,0,2026-10-10,2026-10-22,,,NORMALE,EN_ATTENTE
571,OF202500571,163,26,48,48,5,2026-09-15,2026-09-24,2026-09-18,2026-10-05,BASSE,TERMINE
572,OF202500572,189,18,106,0,0,2026-09-12,2026-09-17,2026-09-13,,BASSE,EN_COURS
573,OF202500573,284,4,164,0,0,2026-09-22,2026-09-28,,,NORMALE,EN_ATTENTE
574,OF202500574,195,329,96,96,5,2025-09-13,2025-10-06,2025-09-14,2025-09-21,BASSE,TERMINE
575,OF202500575,25,15,181,181,14,2025-08-12,2025-08-25,2025-08-12,2025-08-30,HAUTE,TERMINE
576,OF202500576,222,472,139,0,0,2025-12-19,2026-01-01,2025-12-20,,NORMALE,EN_COURS
577,OF202500577,166,82,169,169,9,2025-03-18,2025-03-21,2025-03-19,2025-04-12,NORMALE,TERMINE
578,OF202500578,250,59,287,287,20,2026-09-04,2026-09-29,2026-09-06,2026-09-25,NORMALE,TERMINE
579,OF202500579,184,321,301,0,0,2026-09-05,2026-09-15,2026-09-05,,NORMALE,EN_COURS
580,OF202500580,16,413,368,0,0,2025-12-15,2025-12-31,,,BASSE,EN_ATTENTE
581,OF202500581,232,331,116,116,4,2026-01-10,2026-01-24,2026-01-12,2026-02-12,BASSE,TERMINE
582,OF202500582,95,482,89,89,7,2026-02-04,2026-02-19,2026-02-05,2026-03-05,HAUTE,TERMINE
583,OF202500583,208,198,14,0,0,2026-05-03,2026-05-06,,,NORMALE,EN_ATTENTE
584,OF202500584,22,80,481,0,0,2025-10-09,2025-10-15,2025-10-10,,BASSE,EN_COURS
585,OF202500585,3,122,225,225,20,2025-07-04,2025-07-15,2025-07-04,2025-08-03,BASSE,TERMINE
586,OF202500586,228,180,336,336,15,2026-02-26,2026-03-14,2026-02-26,2026-03-24,HAUTE,TERMINE
587,OF202500587,52,263,251,0,0,2026-02-22,2026-03-02,,,HAUTE,EN_ATTENTE
588,OF202500588,99,35,347,0,0,2025-06-15,2025-06-22,,,BASSE,EN_ATTENTE
589,OF202500589,118,142,294,294,14,2025-06-08,2025-06-20,2025-06-08,2025-06-30,HAUTE,TERMINE
590,OF202500590,168,465,320,0,0,2026-08-29,2026-09-20,2026-08-31,,HAUTE,EN_COURS
591,OF202500591,17,355,394,0,0,2026-07-22,2026-08-02,2026-07-25,,HAUTE,EN_COURS
592,OF202500592,60,385,370,0,0,2025-04-29,2025-05-09,2025-05-01,,NORMALE,EN_COURS
593,OF202500593,16,413,493,0,0,2026-03-30,2026-04-06,2026-03-31,,BASSE,EN_COURS
594,OF202500594,272,107,485,485,43,2026-03-24,2026-04-05,2026-03-24,2026-04-18,HAUTE,TERMINE
595,OF202500595,185,298,398,398,13,2026-04-21,2026-05-10,2026-04-22,2026-04-26,HAUTE,TERMINE
596,OF202500596,277,155,163,163,17,2025-04-15,2025-05-07,2025-04-17,2025-05-19,HAUTE,TERMINE
597,OF202500597,169,132,456,0,0,2025-05-10,2025-06-07,2025-05-10,,NORMALE,EN_COURS
598,OF202500598,135,280,242,242,5,2025-10-22,2025-11-17,2025-10-23,2025-11-13,NORMALE,TERMINE
599,OF202500599,44,344,322,322,30,2025-08-17,2025-08-20,2025-08-20,2025-08-29,NORMALE,TERMINE
600,OF202500600,255,387,354,354,12,2025-08-21,2025-09-07,2025-08-21,2025-09-16,BASSE,TERMINE
601,OF202500601,114,55,132,0,0,2026-02-17,2026-03-11,2026-02-17,,BASSE,EN_COURS
602,OF202500602,164,438,186,0,0,2026-05-20,2026-06-17,2026-05-22,,NORMALE,EN_COURS
603,OF202500603,293,330,398,398,24,2025-10-12,2025-10-20,2025-10-12,2025-11-12,HAUTE,TERMINE
604,OF202500604,221,489,193,193,11,2025-06-06,2025-06-25,2025-06-09,2025-06-11,NORMALE,TERMINE
605,OF202500605,25,15,129,0,0,2026-04-09,2026-05-06,2026-04-11,,NORMALE,EN_COURS
606,OF202500606,191,162,172,172,19,2025-05-28,2025-06-14,2025-05-31,2025-06-04,HAUTE,TERMINE
607,OF202500607,215,358,470,470,19,2026-07-20,2026-07-24,2026-07-21,2026-08-05,NORMALE,TERMINE
608,OF202500608,11,277,214,0,0,2026-09-23,2026-10-15,2026-09-24,,NORMALE,EN_COURS
609,OF202500609,204,160,438,0,0,2026-05-26,2026-06-25,2026-05-27,,NORMALE,EN_COURS
610,OF202500610,166,484,154,154,5,2026-11-23,2026-12-01,2026-11-24,2026-12-21,HAUTE,TERMINE
611,OF202500611,129,11,402,0,0,2025-02-02,2025-02-13,2025-02-02,,NORMALE,EN_COURS
612,OF202500612,233,81,185,0,0,2025-09-10,2025-10-10,2025-09-13,,NORMALE,EN_COURS
613,OF202500613,56,425,154,154,15,2026-08-22,2026-08-25,2026-08-25,2026-09-01,NORMALE,TERMINE
614,OF202500614,289,139,198,0,0,2026-04-09,2026-04-13,,,NORMALE,EN_ATTENTE
615,OF202500615,123,411,327,0,0,2025-12-13,2026-01-06,2025-12-15,,NORMALE,EN_COURS
616,OF202500616,184,230,174,174,10,2026-10-18,2026-11-07,2026-10-19,2026-11-08,NORMALE,TERMINE
617,OF202500617,24,151,319,0,0,2026-03-22,2026-04-06,,,NORMALE,EN_ATTENTE
618,OF202500618,95,319,161,161,5,2025-06-10,2025-07-02,2025-06-11,2025-07-11,HAUTE,TERMINE
619,OF202500619,155,47,403,403,17,2025-07-01,2025-07-07,2025-07-03,2025-07-27,NORMALE,TERMINE
620,OF202500620,91,424,449,0,0,2025-01-06,2025-01-21,2025-01-07,,NORMALE,EN_COURS
621,OF202500621,65,208,72,72,1,2025-08-25,2025-09-15,2025-08-26,2025-09-15,BASSE,TERMINE
622,OF202500622,273,301,224,0,0,2025-04-08,2025-05-02,,,HAUTE,EN_ATTENTE
623,OF202500623,300,114,134,0,0,2025-08-05,2025-08-19,,,NORMALE,EN_ATTENTE
624,OF202500624,116,443,41,41,3,2025-01-03,2025-01-07,2025-01-03,2025-01-13,HAUTE,TERMINE
625,OF202500625,175,419,440,0,0,2025-12-15,2025-12-30,,,HAUTE,EN_ATTENTE
626,OF202500626,144,307,191,0,0,2026-09-07,2026-09-19,,,NORMALE,EN_ATTENTE
627,OF202500627,2,496,470,470,46,2025-05-27,2025-06-06,2025-05-27,2025-06-10,NORMALE,TERMINE
628,OF202500628,177,54,207,0,0,2026-10-29,2026-11-21,,,NORMALE,EN_ATTENTE
629,OF202500629,240,409,48,48,3,2025-10-19,2025-11-01,2025-10-22,2025-11-02,NORMALE,TERMINE
630,OF202500630,148,291,70,70,6,2026-09-22,2026-10-04,2026-09-24,2026-10-03,NORMALE,TERMINE
631,OF202500631,54,496,265,0,0,2026-03-15,2026-03-31,,,NORMALE,EN_ATTENTE
632,OF202500632,220,183,251,0,0,2026-10-26,2026-11-22,,,HAUTE,EN_ATTENTE
633,OF202500633,215,39,91,0,0,2026-07-22,2026-07-27,,,NORMALE,EN_ATTENTE
634,OF202500634,165,258,47,47,2,2026-10-02,2026-10-06,2026-10-03,2026-10-11,NORMALE,TERMINE
635,OF202500635,59,91,484,484,49,2026-03-29,2026-04-01,2026-04-01,2026-04-23,NORMALE,TERMINE
636,OF202500636,219,254,111,0,0,2026-12-02,2026-12-20,2026-12-02,,HAUTE,EN_COURS
637,OF202500637,277,155,80,80,5,2026-01-23,2026-02-21,2026-01-25,2026-02-17,HAUTE,TERMINE
638,OF202500638,213,370,156,156,3,2025-06-05,2025-06-27,2025-06-07,2025-06-16,HAUTE,TERMINE
639,OF202500639,15,403,405,0,0,2025-09-09,2025-09-30,2025-09-10,,NORMALE,EN_COURS
640,OF202500640,125,31,186,0,0,2026-09-06,2026-09-30,2026-09-09,,NORMALE,EN_COURS
641,OF202500641,195,329,284,0,0,2025-09-22,2025-09-28,,,NORMALE,EN_ATTENTE
642,OF202500642,252,206,185,185,7,2026-08-07,2026-08-12,2026-08-09,2026-09-09,NORMALE,TERMINE
643,OF202500643,269,283,150,0,0,2026-11-15,2026-12-15,,,HAUTE,EN_ATTENTE
644,OF202500644,16,413,229,229,14,2026-02-07,2026-02-19,2026-02-08,2026-02-25,HAUTE,TERMINE
645,OF202500645,113,468,83,83,9,2026-05-15,2026-05-23,2026-05-17,2026-05-30,HAUTE,TERMINE
646,OF202500646,113,435,437,437,49,2026-01-10,2026-02-03,2026-01-13,2026-01-25,NORMALE,TERMINE
647,OF202500647,198,299,235,0,0,2026-06-08,2026-06-20,,,NORMALE,ANNULE
648,OF202500648,219,254,305,0,0,2025-10-22,2025-11-16,2025-10-24,,NORMALE,EN_COURS
649,OF202500649,62,21,171,0,0,2025-01-06,2025-01-22,2025-01-07,,NORMALE,EN_COURS
650,OF202500650,291,446,180,0,0,2025-04-23,2025-04-30,2025-04-23,,NORMALE,EN_COURS
651,OF202500651,216,413,223,0,0,2026-05-20,2026-05-28,,,NORMALE,EN_ATTENTE
652,OF202500652,119,320,309,309,10,2025-08-09,2025-08-20,2025-08-11,2025-09-10,NORMALE,TERMINE
653,OF202500653,68,311,346,0,0,2026-01-16,2026-01-19,2026-01-17,,BASSE,EN_COURS
654,OF202500654,76,424,246,0,0,2026-07-18,2026-08-17,2026-07-18,,BASSE,EN_COURS
655,OF202500655,147,335,247,0,0,2025-05-21,2025-06-04,,,NORMALE,ANNULE
656,OF202500656,60,385,22,22,1,2025-07-28,2025-08-07,2025-07-29,2025-08-04,HAUTE,TERMINE
657,OF202500657,285,367,495,495,31,2025-05-28,2025-06-24,2025-05-29,2025-06-08,BASSE,TERMINE
658,OF202500658,80,186,148,148,8,2025-11-21,2025-11-26,2025-11-24,2025-12-11,NORMALE,TERMINE
659,OF202500659,228,180,122,0,0,2026-11-19,2026-11-26,2026-11-22,,NORMALE,EN_COURS
660,OF202500660,103,147,462,0,0,2025-06-05,2025-06-08,,,BASSE,EN_ATTENTE
661,OF202500661,26,481,159,159,16,2026-05-31,2026-06-11,2026-06-01,2026-06-17,NORMALE,TERMINE
662,OF202500662,279,112,226,0,0,2026-04-08,2026-05-02,2026-04-11,,NORMALE,EN_COURS
663,OF202500663,12,182,319,319,12,2026-02-20,2026-03-10,2026-02-20,2026-03-19,NORMALE,TERMINE
664,OF202500664,5,166,479,479,36,2025-10-20,2025-11-05,2025-10-21,2025-10-25,NORMALE,TERMINE
665,OF202500665,190,494,436,436,20,2025-02-23,2025-03-01,2025-02-24,2025-03-04,NORMALE,TERMINE
666,OF202500666,190,411,486,486,41,2025-08-09,2025-08-23,2025-08-09,2025-09-09,BASSE,TERMINE
667,OF202500667,1,427,210,0,0,2025-04-23,2025-05-11,,,NORMALE,EN_ATTENTE
668,OF202500668,177,54,497,497,22,2026-06-21,2026-07-17,2026-06-21,2026-07-05,HAUTE,TERMINE
669,OF202500669,35,58,42,0,0,2025-12-23,2026-01-07,2025-12-26,,NORMALE,EN_COURS
670,OF202500670,261,34,179,0,0,2025-07-15,2025-08-03,,,NORMALE,EN_ATTENTE
671,OF202500671,53,148,168,168,4,2026-04-15,2026-04-28,2026-04-17,2026-05-06,NORMALE,TERMINE
672,OF202500672,22,471,216,216,13,2026-06-13,2026-06-26,2026-06-16,2026-06-27,HAUTE,TERMINE
673,OF202500673,250,440,484,484,32,2026-09-15,2026-09-19,2026-09-16,2026-10-18,HAUTE,TERMINE
674,OF202500674,53,218,296,296,26,2026-10-24,2026-11-18,2026-10-25,2026-11-13,NORMALE,TERMINE
675,OF202500675,224,65,209,0,0,2026-03-11,2026-04-08,,,NORMALE,EN_ATTENTE
676,OF202500676,265,143,250,0,0,2026-01-30,2026-02-16,,,NORMALE,EN_ATTENTE
677,OF202500677,183,149,43,43,2,2026-05-03,2026-06-02,2026-05-03,2026-05-31,HAUTE,TERMINE
678,OF202500678,15,179,201,0,0,2025-07-14,2025-07-25,,,NORMALE,ANNULE
679,OF202500679,183,149,235,235,13,2025-06-03,2025-06-23,2025-06-05,2025-06-15,NORMALE,TERMINE
680,OF202500680,123,134,399,399,23,2026-06-06,2026-06-14,2026-06-08,2026-06-16,NORMALE,TERMINE
681,OF202500681,73,294,256,256,22,2025-12-10,2025-12-30,2025-12-10,2025-12-17,NORMALE,TERMINE
682,OF202500682,277,155,258,258,26,2026-09-12,2026-10-12,2026-09-13,2026-09-17,NORMALE,TERMINE
683,OF202500683,104,312,114,0,0,2025-06-11,2025-07-10,2025-06-14,,NORMALE,EN_COURS
684,OF202500684,92,252,296,296,7,2026-10-25,2026-11-04,2026-10-27,2026-11-09,NORMALE,TERMINE
685,OF202500685,190,437,173,173,8,2025-05-09,2025-06-08,2025-05-11,2025-06-13,HAUTE,TERMINE
686,OF202500686,55,227,428,0,0,2025-07-15,2025-07-18,,,NORMALE,EN_ATTENTE
687,OF202500687,275,497,14,0,0,2026-10-17,2026-11-03,,,NORMALE,EN_ATTENTE
688,OF202500688,115,299,496,496,32,2026-05-11,2026-06-08,2026-05-14,2026-05-31,NORMALE,TERMINE
689,OF202500689,60,385,81,81,5,2025-11-23,2025-11-30,2025-11-26,2025-12-18,NORMALE,TERMINE
690,OF202500690,200,44,14,0,0,2026-03-30,2026-04-04,,,NORMALE,EN_ATTENTE
691,OF202500691,75,176,449,0,0,2025-10-13,2025-10-20,,,HAUTE,EN_ATTENTE
692,OF202500692,100,375,464,464,39,2026-11-26,2026-11-30,2026-11-28,2026-12-24,NORMALE,TERMINE
693,OF202500693,229,406,485,0,0,2026-03-14,2026-03-20,,,NORMALE,EN_ATTENTE
694,OF202500694,297,358,322,0,0,2026-03-21,2026-04-04,,,NORMALE,EN_ATTENTE
695,OF202500695,205,217,30,30,3,2026-09-14,2026-10-06,2026-09-17,2026-10-05,NORMALE,TERMINE
696,OF202500696,100,375,324,324,33,2026-01-11,2026-01-18,2026-01-12,2026-02-14,HAUTE,TERMINE
697,OF202500697,145,434,374,0,0,2026-01-09,2026-01-18,,,NORMALE,ANNULE
698,OF202500698,235,140,438,0,0,2025-04-01,2025-04-22,,,HAUTE,ANNULE
699,OF202500699,39,483,16,0,0,2026-04-15,2026-04-18,2026-04-17,,NORMALE,EN_COURS
700,OF202500700,146,402,400,400,33,2025-04-27,2025-05-10,2025-04-30,2025-05-27,NORMALE,TERMINE
701,OF202500701,59,91,391,391,35,2025-04-09,2025-04-13,2025-04-09,2025-04-26,NORMALE,TERMINE
702,OF202500702,78,460,78,0,0,2026-02-15,2026-03-01,,,NORMALE,EN_ATTENTE
703,OF202500703,287,433,442,442,33,2026-04-25,2026-05-08,2026-04-28,2026-05-27,NORMALE,TERMINE
704,OF202500704,105,120,375,0,0,2025-07-31,2025-08-14,2025-08-03,,NORMALE,EN_COURS
705,OF202500705,46,323,216,0,0,2026-04-29,2026-05-20,2026-04-29,,NORMALE,EN_COURS
706,OF202500706,130,207,268,0,0,2026-02-28,2026-03-23,2026-03-03,,BASSE,EN_COURS
707,OF202500707,146,402,116,116,9,2025-04-04,2025-04-22,2025-04-05,2025-05-05,HAUTE,TERMINE
708,OF202500708,217,202,168,0,0,2026-02-07,2026-02-27,,,NORMALE,EN_ATTENTE
709,OF202500709,171,374,95,95,1,2026-05-26,2026-06-19,2026-05-27,2026-06-09,NORMALE,TERMINE
710,OF202500710,18,262,35,0,0,2025-03-30,2025-04-11,,,NORMALE,EN_ATTENTE
711,OF202500711,194,84,296,0,0,2025-12-13,2025-12-24,2025-12-14,,NORMALE,EN_COURS
712,OF202500712,74,268,343,343,28,2025-07-27,2025-08-22,2025-07-27,2025-08-29,NORMALE,TERMINE
713,OF202500713,102,407,345,0,0,2025-08-11,2025-08-26,2025-08-12,,NORMALE,EN_COURS
714,OF202500714,7,214,29,29,2,2026-08-27,2026-08-31,2026-08-28,2026-09-03,HAUTE,TERMINE
715,OF202500715,267,181,168,168,14,2026-06-29,2026-07-03,2026-06-30,2026-07-20,NORMALE,TERMINE
716,OF202500716,119,320,181,181,15,2026-07-11,2026-08-02,2026-07-12,2026-08-04,NORMALE,TERMINE
717,OF202500717,118,142,334,334,14,2026-03-31,2026-04-16,2026-04-03,2026-04-07,NORMALE,TERMINE
718,OF202500718,214,212,22,0,0,2026-06-09,2026-07-07,2026-06-09,,BASSE,EN_COURS
719,OF202500719,72,88,44,44,2,2025-12-24,2026-01-23,2025-12-26,2026-01-22,NORMALE,TERMINE
720,OF202500720,132,459,476,476,56,2025-08-14,2025-08-19,2025-08-14,2025-08-20,BASSE,TERMINE
721,OF202500721,281,116,14,14,0,2026-09-20,2026-10-06,2026-09-23,2026-10-24,NORMALE,TERMINE
722,OF202500722,230,470,309,0,0,2025-05-08,2025-06-03,,,HAUTE,ANNULE
723,OF202500723,158,78,252,252,5,2026-02-22,2026-03-20,2026-02-24,2026-03-19,NORMALE,TERMINE
724,OF202500724,54,218,363,363,21,2025-04-11,2025-04-30,2025-04-14,2025-05-01,NORMALE,TERMINE
725,OF202500725,65,208,288,288,8,2026-06-23,2026-07-17,2026-06-25,2026-06-28,NORMALE,TERMINE
726,OF202500726,204,473,245,245,15,2026-02-16,2026-02-24,2026-02-17,2026-02-26,NORMALE,TERMINE
727,OF202500727,223,420,15,15,1,2026-08-07,2026-09-01,2026-08-08,2026-08-26,NORMALE,TERMINE
728,OF202500728,44,213,105,0,0,2026-07-18,2026-08-10,,,NORMALE,ANNULE
729,OF202500729,276,173,133,133,6,2025-11-22,2025-12-13,2025-11-22,2025-12-01,NORMALE,TERMINE
730,OF202500730,245,198,318,318,23,2026-05-23,2026-06-07,2026-05-25,2026-05-28,NORMALE,TERMINE
731,OF202500731,97,437,172,0,0,2025-01-31,2025-02-05,,,NORMALE,ANNULE
732,OF202500732,149,5,494,494,38,2026-02-01,2026-02-14,2026-02-04,2026-02-23,HAUTE,TERMINE
733,OF202500733,293,177,500,0,0,2025-12-27,2026-01-26,,,HAUTE,ANNULE
734,OF202500734,203,222,235,235,27,2025-03-24,2025-04-16,2025-03-24,2025-04-24,NORMALE,TERMINE
735,OF202500735,270,448,194,0,0,2025-02-14,2025-02-17,,,BASSE,EN_ATTENTE
736,OF202500736,95,482,102,0,0,2026-06-20,2026-07-07,2026-06-23,,NORMALE,EN_COURS
737,OF202500737,179,343,129,129,5,2026-10-20,2026-10-23,2026-10-21,2026-11-12,HAUTE,TERMINE
738,OF202500738,64,59,334,334,27,2025-01-14,2025-01-19,2025-01-17,2025-02-14,HAUTE,TERMINE
739,OF202500739,253,351,21,0,0,2026-02-16,2026-03-12,2026-02-18,,NORMALE,EN_COURS
740,OF202500740,77,73,218,0,0,2026-09-12,2026-09-21,2026-09-12,,BASSE,EN_COURS
741,OF202500741,288,14,16,0,0,2026-05-26,2026-06-18,2026-05-27,,BASSE,EN_COURS
742,OF202500742,11,76,473,473,21,2026-01-30,2026-02-22,2026-02-02,2026-02-08,NORMALE,TERMINE
743,OF202500743,294,146,415,0,0,2026-10-13,2026-10-25,2026-10-13,,NORMALE,EN_COURS
744,OF202500744,168,268,423,423,25,2026-10-20,2026-11-16,2026-10-22,2026-11-03,NORMALE,TERMINE
745,OF202500745,189,18,140,140,15,2025-02-20,2025-03-18,2025-02-23,2025-03-14,BASSE,TERMINE
746,OF202500746,107,246,200,200,5,2025-08-13,2025-08-24,2025-08-15,2025-09-10,NORMALE,TERMINE
747,OF202500747,195,344,349,349,33,2026-03-05,2026-03-19,2026-03-06,2026-03-31,BASSE,TERMINE
748,OF202500748,138,274,389,0,0,2025-08-23,2025-09-16,2025-08-25,,NORMALE,EN_COURS
749,OF202500749,281,230,436,436,44,2026-05-22,2026-05-31,2026-05-25,2026-06-08,BASSE,TERMINE
750,OF202500750,266,250,349,0,0,2026-04-17,2026-05-05,2026-04-19,,HAUTE,EN_COURS
751,OF202500751,269,313,321,0,0,2025-10-25,2025-11-04,,,NORMALE,EN_ATTENTE
752,OF202500752,82,416,421,421,43,2026-09-17,2026-10-07,2026-09-18,2026-10-13,NORMALE,TERMINE
753,OF202500753,129,17,230,0,0,2026-09-04,2026-09-29,2026-09-06,,BASSE,EN_COURS
754,OF202500754,275,378,414,0,0,2025-11-09,2025-11-22,2025-11-09,,NORMALE,EN_COURS
755,OF202500755,185,171,215,215,14,2026-04-20,2026-04-28,2026-04-20,2026-04-26,NORMALE,TERMINE
756,OF202500756,144,89,398,398,26,2025-07-20,2025-08-10,2025-07-20,2025-08-16,NORMALE,TERMINE
757,OF202500757,117,309,312,312,25,2025-11-19,2025-11-30,2025-11-21,2025-12-15,HAUTE,TERMINE
758,OF202500758,3,111,225,225,12,2025-05-22,2025-06-04,2025-05-24,2025-05-30,HAUTE,TERMINE
759,OF202500759,68,311,346,0,0,2025-07-09,2025-07-29,2025-07-09,,NORMALE,EN_COURS
760,OF202500760,160,217,81,0,0,2026-04-21,2026-05-13,2026-04-23,,BASSE,EN_COURS
761,OF202500761,120,444,449,0,0,2025-12-05,2025-12-14,2025-12-05,,NORMALE,EN_COURS
762,OF202500762,52,64,304,0,0,2025-01-30,2025-02-10,,,NORMALE,EN_ATTENTE
763,OF202500763,86,465,428,0,0,2025-09-28,2025-10-05,2025-10-01,,BASSE,EN_COURS
764,OF202500764,195,329,364,364,15,2025-02-22,2025-03-13,2025-02-24,2025-03-14,NORMALE,TERMINE
765,OF202500765,99,398,51,0,0,2025-09-23,2025-10-16,2025-09-26,,NORMALE,EN_COURS
766,OF202500766,21,333,50,50,5,2026-05-04,2026-05-28,2026-05-06,2026-05-20,NORMALE,TERMINE
767,OF202500767,161,64,482,482,35,2026-03-04,2026-03-11,2026-03-07,2026-03-14,NORMALE,TERMINE
768,OF202500768,56,425,138,138,3,2026-01-30,2026-02-05,2026-01-31,2026-03-03,NORMALE,TERMINE
769,OF202500769,163,61,379,0,0,2025-06-20,2025-07-17,2025-06-23,,NORMALE,EN_COURS
770,OF202500770,132,306,273,0,0,2025-09-21,2025-10-10,2025-09-21,,NORMALE,EN_COURS
771,OF202500771,262,174,328,0,0,2025-03-02,2025-03-18,2025-03-03,,HAUTE,EN_COURS
772,OF202500772,43,457,414,414,11,2025-08-29,2025-09-20,2025-08-31,2025-10-03,NORMALE,TERMINE
773,OF202500773,253,351,178,0,0,2026-09-23,2026-10-22,2026-09-24,,HAUTE,EN_COURS
774,OF202500774,65,208,61,61,5,2025-06-27,2025-07-24,2025-06-28,2025-07-10,NORMALE,TERMINE
775,OF202500775,272,107,489,0,0,2025-04-03,2025-04-27,2025-04-05,,NORMALE,EN_COURS
776,OF202500776,78,209,134,0,0,2026-02-15,2026-02-27,,,NORMALE,EN_ATTENTE
777,OF202500777,188,27,99,99,3,2025-09-01,2025-09-07,2025-09-02,2025-09-14,HAUTE,TERMINE
778,OF202500778,186,413,104,0,0,2026-09-13,2026-10-05,2026-09-13,,NORMALE,EN_COURS
779,OF202500779,57,386,393,0,0,2025-10-20,2025-11-12,2025-10-22,,NORMALE,EN_COURS
780,OF202500780,100,19,341,341,27,2025-11-03,2025-11-13,2025-11-06,2025-12-06,NORMALE,TERMINE
781,OF202500781,116,324,448,448,14,2025-06-10,2025-07-04,2025-06-13,2025-06-30,NORMALE,TERMINE
782,OF202500782,55,416,309,0,0,2025-04-28,2025-05-22,,,HAUTE,EN_ATTENTE
783,OF202500783,240,190,183,0,0,2025-03-07,2025-03-24,2025-03-08,,NORMALE,EN_COURS
784,OF202500784,83,120,324,324,22,2025-03-27,2025-04-22,2025-03-27,2025-04-24,HAUTE,TERMINE
785,OF202500785,118,142,136,0,0,2026-02-11,2026-03-04,2026-02-11,,NORMALE,EN_COURS
786,OF202500786,165,238,408,0,0,2026-05-11,2026-05-17,2026-05-11,,NORMALE,EN_COURS
787,OF202500787,184,230,259,259,27,2025-01-02,2025-01-19,2025-01-04,2025-01-18,NORMALE,TERMINE
788,OF202500788,42,68,150,150,17,2025-11-22,2025-11-26,2025-11-22,2025-12-22,HAUTE,TERMINE
789,OF202500789,4,74,423,423,34,2026-06-18,2026-06-28,2026-06-21,2026-07-10,NORMALE,TERMINE
790,OF202500790,110,402,460,460,27,2025-02-26,2025-03-06,2025-02-28,2025-03-19,NORMALE,TERMINE
791,OF202500791,204,28,149,0,0,2025-01-09,2025-01-31,2025-01-10,,NORMALE,EN_COURS
792,OF202500792,140,219,188,188,17,2025-11-01,2025-11-24,2025-11-01,2025-11-23,NORMALE,TERMINE
793,OF202500793,75,212,59,59,4,2025-02-15,2025-02-20,2025-02-16,2025-03-18,NORMALE,TERMINE
794,OF202500794,68,311,394,0,0,2025-11-18,2025-11-24,2025-11-19,,HAUTE,EN_COURS
795,OF202500795,126,332,168,0,0,2025-06-13,2025-06-20,2025-06-13,,HAUTE,EN_COURS
796,OF202500796,51,300,195,195,14,2025-08-30,2025-09-07,2025-08-30,2025-09-28,NORMALE,TERMINE
797,OF202500797,101,69,277,277,17,2025-05-05,2025-05-31,2025-05-08,2025-05-17,NORMALE,TERMINE
798,OF202500798,5,30,358,358,33,2025-03-30,2025-04-22,2025-04-02,2025-04-11,NORMALE,TERMINE
799,OF202500799,7,214,166,166,6,2026-10-26,2026-11-13,2026-10-29,2026-11-15,NORMALE,TERMINE
800,OF202500800,22,80,367,0,0,2025-04-13,2025-05-10,2025-04-13,,HAUTE,EN_COURS
801,OF202500801,243,455,147,147,12,2026-07-29,2026-08-12,2026-07-29,2026-08-28,NORMALE,TERMINE
802,OF202500802,273,468,244,0,0,2025-01-07,2025-01-26,2025-01-09,,HAUTE,EN_COURS
803,OF202500803,42,68,51,51,2,2026-09-30,2026-10-11,2026-10-02,2026-10-16,NORMALE,TERMINE
804,OF202500804,187,237,212,212,6,2025-12-19,2026-01-01,2025-12-22,2026-01-19,HAUTE,TERMINE
805,OF202500805,96,246,234,234,22,2026-04-02,2026-04-28,2026-04-02,2026-04-29,HAUTE,TERMINE
806,OF202500806,257,271,227,227,6,2025-09-04,2025-09-25,2025-09-06,2025-09-21,HAUTE,TERMINE
807,OF202500807,206,125,122,122,4,2025-01-26,2025-02-09,2025-01-28,2025-02-15,NORMALE,TERMINE
808,OF202500808,51,300,254,254,23,2025-10-21,2025-11-19,2025-10-21,2025-10-31,BASSE,TERMINE
809,OF202500809,112,220,164,164,9,2025-11-01,2025-11-29,2025-11-04,2025-12-04,BASSE,TERMINE
810,OF202500810,254,228,161,0,0,2026-11-28,2026-12-04,2026-11-28,,NORMALE,EN_COURS
811,OF202500811,235,140,99,99,3,2026-10-04,2026-10-28,2026-10-04,2026-10-20,NORMALE,TERMINE
812,OF202500812,262,128,282,0,0,2026-03-08,2026-03-17,,,NORMALE,EN_ATTENTE
813,OF202500813,213,441,208,208,14,2025-11-17,2025-12-02,2025-11-20,2025-12-10,NORMALE,TERMINE
814,OF202500814,248,78,409,0,0,2025-08-25,2025-08-28,2025-08-25,,NORMALE,EN_COURS
815,OF202500815,143,458,338,338,35,2025-08-22,2025-09-06,2025-08-23,2025-09-18,NORMALE,TERMINE
816,OF202500816,177,54,498,498,56,2026-09-01,2026-09-07,2026-09-02,2026-09-21,HAUTE,TERMINE
817,OF202500817,197,343,32,32,3,2025-09-28,2025-10-02,2025-10-01,2025-10-26,NORMALE,TERMINE
818,OF202500818,75,346,97,0,0,2025-05-12,2025-05-31,,,NORMALE,EN_ATTENTE
819,OF202500819,81,304,20,20,1,2025-03-31,2025-04-20,2025-03-31,2025-04-19,NORMALE,TERMINE
820,OF202500820,206,125,356,356,27,2026-04-04,2026-04-23,2026-04-06,2026-05-05,NORMALE,TERMINE
821,OF202500821,146,402,92,92,2,2025-05-19,2025-05-25,2025-05-22,2025-05-27,HAUTE,TERMINE
822,OF202500822,280,445,192,192,15,2026-06-14,2026-07-10,2026-06-14,2026-07-06,BASSE,TERMINE
823,OF202500823,53,481,262,0,0,2025-08-05,2025-08-28,,,NORMALE,ANNULE
824,OF202500824,161,64,218,218,17,2025-07-24,2025-08-22,2025-07-24,2025-08-03,HAUTE,TERMINE
825,OF202500825,188,448,391,0,0,2026-03-01,2026-03-07,2026-03-04,,NORMALE,EN_COURS
826,OF202500826,157,67,269,0,0,2025-03-14,2025-03-19,2025-03-15,,BASSE,EN_COURS
827,OF202500827,270,295,95,0,0,2025-02-18,2025-02-24,2025-02-19,,BASSE,EN_COURS
828,OF202500828,7,214,188,0,0,2025-07-13,2025-08-10,,,BASSE,EN_ATTENTE
829,OF202500829,88,98,363,0,0,2025-07-19,2025-08-04,2025-07-19,,NORMALE,EN_COURS
830,OF202500830,124,45,178,178,18,2025-10-02,2025-10-23,2025-10-02,2025-10-31,BASSE,TERMINE
831,OF202500831,159,347,317,0,0,2026-01-01,2026-01-27,2026-01-03,,NORMALE,EN_COURS
832,OF202500832,191,162,225,225,15,2025-08-29,2025-09-22,2025-08-29,2025-09-07,NORMALE,TERMINE
833,OF202500833,143,458,476,476,30,2025-11-26,2025-12-23,2025-11-28,2025-12-04,HAUTE,TERMINE
834,OF202500834,140,41,104,104,9,2025-11-27,2025-12-17,2025-11-27,2025-12-22,NORMALE,TERMINE
835,OF202500835,131,372,473,473,18,2025-04-19,2025-05-18,2025-04-20,2025-05-16,BASSE,TERMINE
836,OF202500836,20,69,302,302,8,2026-09-05,2026-09-16,2026-09-07,2026-09-18,NORMALE,TERMINE
837,OF202500837,107,246,209,0,0,2025-08-11,2025-09-07,2025-08-11,,HAUTE,EN_COURS
838,OF202500838,125,31,316,316,36,2026-02-14,2026-03-05,2026-02-16,2026-03-15,NORMALE,TERMINE
839,OF202500839,24,350,166,166,13,2026-01-07,2026-02-04,2026-01-10,2026-01-16,NORMALE,TERMINE
840,OF202500840,17,355,335,335,20,2025-07-12,2025-07-25,2025-07-12,2025-07-30,NORMALE,TERMINE
841,OF202500841,33,45,328,328,7,2026-04-27,2026-05-06,2026-04-30,2026-05-16,NORMALE,TERMINE
842,OF202500842,70,191,160,160,5,2025-01-12,2025-02-06,2025-01-13,2025-01-26,NORMALE,TERMINE
843,OF202500843,88,98,58,58,5,2026-09-24,2026-10-13,2026-09-25,2026-10-24,BASSE,TERMINE
844,OF202500844,211,172,170,0,0,2025-11-12,2025-11-15,2025-11-12,,NORMALE,EN_COURS
845,OF202500845,279,58,147,147,12,2025-06-22,2025-07-04,2025-06-24,2025-07-01,NORMALE,TERMINE
846,OF202500846,16,383,438,438,26,2026-01-12,2026-01-15,2026-01-14,2026-01-31,NORMALE,TERMINE
847,OF202500847,47,67,346,346,7,2025-03-08,2025-03-21,2025-03-11,2025-03-21,NORMALE,TERMINE
848,OF202500848,295,365,108,0,0,2026-09-28,2026-10-18,,,NORMALE,EN_ATTENTE
849,OF202500849,34,326,435,435,22,2026-10-14,2026-10-21,2026-10-16,2026-11-14,NORMALE,TERMINE
850,OF202500850,48,479,475,475,52,2025-07-03,2025-07-18,2025-07-03,2025-07-29,HAUTE,TERMINE
851,OF202500851,37,249,173,173,13,2026-09-24,2026-10-05,2026-09-25,2026-10-22,NORMALE,TERMINE
852,OF202500852,90,156,255,255,19,2026-01-27,2026-02-21,2026-01-30,2026-02-14,HAUTE,TERMINE
853,OF202500853,217,202,129,129,9,2025-08-26,2025-09-15,2025-08-29,2025-09-02,NORMALE,TERMINE
854,OF202500854,48,144,396,396,32,2025-07-16,2025-08-07,2025-07-16,2025-08-16,NORMALE,TERMINE
855,OF202500855,119,320,449,0,0,2025-06-02,2025-06-14,,,NORMALE,EN_ATTENTE
856,OF202500856,2,496,391,391,15,2025-07-12,2025-07-23,2025-07-15,2025-07-23,HAUTE,TERMINE
857,OF202500857,154,271,251,0,0,2026-01-15,2026-01-21,,,NORMALE,ANNULE
858,OF202500858,270,448,384,384,38,2025-02-08,2025-02-27,2025-02-11,2025-03-09,NORMALE,TERMINE
859,OF202500859,148,291,100,0,0,2026-01-28,2026-02-19,2026-01-29,,NORMALE,EN_COURS
860,OF202500860,284,234,114,0,0,2025-12-15,2026-01-13,2025-12-15,,NORMALE,EN_COURS
861,OF202500861,296,253,296,0,0,2026-10-11,2026-10-30,2026-10-13,,NORMALE,EN_COURS
862,OF202500862,140,473,333,0,0,2025-01-09,2025-01-19,,,NORMALE,ANNULE
863,OF202500863,292,229,226,226,18,2025-10-18,2025-10-31,2025-10-19,2025-11-02,NORMALE,TERMINE
864,OF202500864,241,213,73,0,0,2026-07-17,2026-08-05,2026-07-18,,NORMALE,EN_COURS
865,OF202500865,3,111,184,184,20,2025-10-08,2025-10-15,2025-10-11,2025-10-19,NORMALE,TERMINE
866,OF202500866,146,402,232,232,5,2026-03-17,2026-04-03,2026-03-19,2026-04-05,NORMALE,TERMINE
867,OF202500867,55,416,21,21,2,2026-03-20,2026-04-10,2026-03-20,2026-03-27,BASSE,TERMINE
868,OF202500868,226,288,120,0,0,2026-06-21,2026-07-02,,,BASSE,EN_ATTENTE
869,OF202500869,230,470,193,0,0,2026-03-05,2026-03-21,2026-03-07,,NORMALE,EN_COURS
870,OF202500870,1,427,226,0,0,2025-01-21,2025-02-14,,,NORMALE,EN_ATTENTE
871,OF202500871,50,170,298,298,26,2026-12-01,2026-12-09,2026-12-02,2026-12-15,NORMALE,TERMINE
872,OF202500872,189,18,462,462,24,2025-10-12,2025-10-25,2025-10-12,2025-11-06,NORMALE,TERMINE
873,OF202500873,210,220,495,495,12,2025-08-23,2025-09-10,2025-08-25,2025-09-06,NORMALE,TERMINE
874,OF202500874,136,466,251,251,13,2026-07-04,2026-07-25,2026-07-05,2026-08-06,NORMALE,TERMINE
875,OF202500875,229,406,76,0,0,2025-12-05,2025-12-09,2025-12-06,,HAUTE,EN_COURS
876,OF202500876,276,173,229,229,23,2025-06-26,2025-07-23,2025-06-29,2025-07-28,BASSE,TERMINE
877,OF202500877,264,425,397,0,0,2025-09-13,2025-10-02,,,NORMALE,EN_ATTENTE
878,OF202500878,148,291,296,296,15,2025-02-23,2025-03-19,2025-02-26,2025-03-06,NORMALE,TERMINE
879,OF202500879,180,401,21,0,0,2025-03-23,2025-04-22,,,NORMALE,EN_ATTENTE
880,OF202500880,73,294,180,180,17,2025-03-28,2025-04-25,2025-03-29,2025-04-02,NORMALE,TERMINE
881,OF202500881,258,75,372,0,0,2026-05-17,2026-06-03,,,BASSE,EN_ATTENTE
882,OF202500882,180,401,120,120,3,2026-02-01,2026-02-14,2026-02-04,2026-02-10,HAUTE,TERMINE
883,OF202500883,100,475,154,0,0,2025-08-05,2025-08-28,2025-08-07,,NORMALE,EN_COURS
884,OF202500884,207,495,129,129,15,2025-04-18,2025-05-08,2025-04-18,2025-05-14,NORMALE,TERMINE
885,OF202500885,101,69,55,0,0,2026-05-04,2026-05-29,2026-05-04,,NORMALE,EN_COURS
886,OF202500886,230,470,164,164,10,2025-10-14,2025-11-13,2025-10-16,2025-11-02,BASSE,TERMINE
887,OF202500887,220,96,208,208,10,2025-09-08,2025-09-23,2025-09-11,2025-09-30,BASSE,TERMINE
888,OF202500888,22,471,478,478,47,2026-09-12,2026-09-30,2026-09-15,2026-09-25,BASSE,TERMINE
889,OF202500889,192,389,132,0,0,2025-10-20,2025-11-18,2025-10-22,,NORMALE,EN_COURS
890,OF202500890,71,308,245,245,23,2025-09-17,2025-10-16,2025-09-17,2025-10-22,NORMALE,TERMINE
891,OF202500891,123,257,253,0,0,2025-10-16,2025-10-19,2025-10-18,,NORMALE,EN_COURS
892,OF202500892,77,73,249,0,0,2025-12-30,2026-01-04,,,NORMALE,ANNULE
893,OF202500893,158,321,55,55,2,2025-03-19,2025-04-01,2025-03-22,2025-04-17,HAUTE,TERMINE
894,OF202500894,107,246,26,26,2,2026-10-21,2026-11-15,2026-10-21,2026-11-13,HAUTE,TERMINE
895,OF202500895,18,262,269,0,0,2025-06-03,2025-06-13,2025-06-05,,NORMALE,EN_COURS
896,OF202500896,135,280,419,0,0,2025-12-08,2025-12-31,2025-12-11,,BASSE,EN_COURS
897,OF202500897,188,133,112,0,0,2026-11-25,2026-12-02,2026-11-28,,HAUTE,EN_COURS
898,OF202500898,221,106,353,353,23,2025-01-14,2025-02-13,2025-01-14,2025-01-27,BASSE,TERMINE
899,OF202500899,293,177,427,0,0,2025-11-12,2025-12-03,,,NORMALE,EN_ATTENTE
900,OF202500900,186,444,362,362,18,2026-09-05,2026-09-24,2026-09-08,2026-10-06,HAUTE,TERMINE
901,OF202500901,42,68,172,172,19,2026-05-30,2026-06-08,2026-06-02,2026-06-29,NORMALE,TERMINE
902,OF202500902,206,125,250,0,0,2026-04-05,2026-04-21,,,NORMALE,EN_ATTENTE
903,OF202500903,48,479,271,271,24,2026-05-14,2026-06-07,2026-05-14,2026-05-27,NORMALE,TERMINE
904,OF202500904,299,267,410,0,0,2026-01-28,2026-02-17,2026-01-29,,NORMALE,EN_COURS
905,OF202500905,9,102,185,185,13,2026-09-07,2026-09-28,2026-09-09,2026-09-12,NORMALE,TERMINE
906,OF202500906,35,58,364,364,32,2025-08-26,2025-08-29,2025-08-27,2025-09-18,NORMALE,TERMINE
907,OF202500907,255,350,171,171,7,2025-10-12,2025-11-10,2025-10-15,2025-11-07,BASSE,TERMINE
908,OF202500908,274,207,139,0,0,2025-02-26,2025-03-12,2025-02-26,,HAUTE,EN_COURS
909,OF202500909,111,97,167,167,7,2026-05-12,2026-05-24,2026-05-15,2026-06-13,NORMALE,TERMINE
910,OF202500910,283,72,266,0,0,2025-12-14,2025-12-22,2025-12-16,,NORMALE,EN_COURS
911,OF202500911,234,205,11,11,0,2025-07-12,2025-07-25,2025-07-14,2025-07-26,NORMALE,TERMINE
912,OF202500912,86,36,125,125,6,2026-01-01,2026-01-06,2026-01-04,2026-01-19,NORMALE,TERMINE
913,OF202500913,255,350,114,0,0,2026-01-11,2026-01-16,2026-01-12,,NORMALE,EN_COURS
914,OF202500914,5,30,146,0,0,2026-03-05,2026-04-01,2026-03-07,,NORMALE,EN_COURS
915,OF202500915,274,8,489,0,0,2026-06-24,2026-07-21,2026-06-26,,BASSE,EN_COURS
916,OF202500916,86,36,185,185,14,2026-09-30,2026-10-28,2026-09-30,2026-10-30,NORMALE,TERMINE
917,OF202500917,156,454,293,293,21,2026-01-20,2026-02-02,2026-01-22,2026-02-19,BASSE,TERMINE
918,OF202500918,57,203,101,101,10,2025-08-09,2025-08-29,2025-08-10,2025-09-13,NORMALE,TERMINE
919,OF202500919,113,168,56,56,1,2026-07-15,2026-08-09,2026-07-15,2026-08-12,BASSE,TERMINE
920,OF202500920,101,69,106,106,11,2025-09-23,2025-09-30,2025-09-24,2025-10-07,BASSE,TERMINE
921,OF202500921,53,371,247,247,19,2025-09-05,2025-10-02,2025-09-05,2025-10-06,NORMALE,TERMINE
922,OF202500922,53,96,251,0,0,2025-07-17,2025-07-29,,,NORMALE,EN_ATTENTE
923,OF202500923,47,50,110,0,0,2025-09-13,2025-09-18,2025-09-15,,NORMALE,EN_COURS
924,OF202500924,183,189,42,0,0,2025-11-25,2025-12-05,2025-11-25,,HAUTE,EN_COURS
925,OF202500925,98,251,240,240,21,2026-03-28,2026-04-17,2026-03-28,2026-04-23,NORMALE,TERMINE
926,OF202500926,25,15,349,0,0,2025-11-17,2025-11-30,2025-11-20,,NORMALE,EN_COURS
927,OF202500927,209,400,393,393,38,2025-11-09,2025-11-22,2025-11-11,2025-11-17,NORMALE,TERMINE
928,OF202500928,95,319,449,0,0,2026-09-05,2026-09-16,,,BASSE,EN_ATTENTE
929,OF202500929,175,137,52,0,0,2026-09-25,2026-10-21,,,NORMALE,EN_ATTENTE
930,OF202500930,53,12,365,365,29,2026-01-27,2026-02-19,2026-01-30,2026-02-23,HAUTE,TERMINE
931,OF202500931,9,102,445,445,38,2026-06-24,2026-07-17,2026-06-25,2026-07-04,BASSE,TERMINE
932,OF202500932,69,361,432,432,12,2026-05-31,2026-06-07,2026-06-01,2026-06-26,HAUTE,TERMINE
933,OF202500933,256,225,342,342,11,2026-01-26,2026-02-24,2026-01-29,2026-03-02,NORMALE,TERMINE
934,OF202500934,271,462,419,419,22,2025-03-30,2025-04-25,2025-03-30,2025-04-04,NORMALE,TERMINE
935,OF202500935,118,142,482,482,46,2026-10-11,2026-10-25,2026-10-14,2026-10-20,NORMALE,TERMINE
936,OF202500936,283,72,84,0,0,2025-02-01,2025-02-05,,,NORMALE,EN_ATTENTE
937,OF202500937,238,423,386,386,25,2025-05-12,2025-05-23,2025-05-13,2025-06-03,NORMALE,TERMINE
938,OF202500938,63,480,181,181,15,2025-07-10,2025-08-04,2025-07-10,2025-07-25,HAUTE,TERMINE
939,OF202500939,263,452,477,0,0,2026-10-09,2026-10-28,,,BASSE,EN_ATTENTE
940,OF202500940,205,9,292,292,6,2025-01-30,2025-02-07,2025-01-31,2025-02-12,HAUTE,TERMINE
941,OF202500941,184,321,498,498,45,2026-02-13,2026-03-10,2026-02-15,2026-02-19,NORMALE,TERMINE
942,OF202500942,12,182,383,383,22,2026-08-22,2026-09-10,2026-08-24,2026-09-09,NORMALE,TERMINE
943,OF202500943,133,141,178,0,0,2026-10-05,2026-11-03,,,BASSE,EN_ATTENTE
944,OF202500944,182,382,296,296,31,2026-05-19,2026-06-07,2026-05-22,2026-06-16,NORMALE,TERMINE
945,OF202500945,178,228,324,324,13,2026-10-01,2026-10-30,2026-10-02,2026-10-08,BASSE,TERMINE
946,OF202500946,27,224,80,80,7,2026-08-29,2026-09-01,2026-08-29,2026-09-06,BASSE,TERMINE
947,OF202500947,100,475,435,0,0,2026-08-27,2026-09-07,,,NORMALE,EN_ATTENTE
948,OF202500948,229,406,119,119,3,2026-06-06,2026-06-09,2026-06-07,2026-06-21,NORMALE,TERMINE
949,OF202500949,132,459,496,496,39,2026-08-07,2026-08-19,2026-08-09,2026-08-14,NORMALE,TERMINE
950,OF202500950,63,480,34,34,1,2026-01-06,2026-01-16,2026-01-08,2026-01-25,NORMALE,TERMINE
951,OF202500951,123,317,386,0,0,2026-02-23,2026-03-13,2026-02-24,,HAUTE,EN_COURS
952,OF202500952,29,272,383,383,28,2026-02-08,2026-02-26,2026-02-08,2026-03-10,HAUTE,TERMINE
953,OF202500953,262,265,393,393,34,2026-02-28,2026-03-29,2026-03-02,2026-03-17,NORMALE,TERMINE
954,OF202500954,77,73,349,0,0,2026-07-02,2026-07-26,2026-07-03,,NORMALE,EN_COURS
955,OF202500955,82,284,471,471,19,2025-01-02,2025-01-29,2025-01-02,2025-01-23,NORMALE,TERMINE
956,OF202500956,126,332,271,0,0,2026-06-11,2026-06-24,2026-06-14,,NORMALE,EN_COURS
957,OF202500957,275,497,258,258,5,2026-02-24,2026-03-19,2026-02-27,2026-03-17,NORMALE,TERMINE
958,OF202500958,205,150,255,0,0,2025-10-03,2025-10-29,2025-10-05,,NORMALE,EN_COURS
959,OF202500959,295,365,85,85,3,2025-03-23,2025-04-02,2025-03-25,2025-04-17,NORMALE,TERMINE
960,OF202500960,245,198,373,373,26,2025-12-04,2025-12-26,2025-12-05,2026-01-07,NORMALE,TERMINE
961,OF202500961,251,327,151,151,12,2025-03-31,2025-04-24,2025-03-31,2025-04-27,NORMALE,TERMINE
962,OF202500962,270,448,90,90,2,2026-03-15,2026-04-01,2026-03-17,2026-04-13,BASSE,TERMINE
963,OF202500963,61,399,181,181,17,2025-08-18,2025-08-29,2025-08-21,2025-09-03,NORMALE,TERMINE
964,OF202500964,37,439,464,464,33,2025-04-25,2025-05-17,2025-04-28,2025-05-14,NORMALE,TERMINE
965,OF202500965,219,254,424,424,39,2025-02-21,2025-03-14,2025-02-22,2025-03-09,HAUTE,TERMINE
966,OF202500966,95,319,108,108,7,2025-02-08,2025-02-13,2025-02-10,2025-03-03,NORMALE,TERMINE
967,OF202500967,80,186,278,278,27,2025-10-15,2025-11-11,2025-10-16,2025-10-29,HAUTE,TERMINE
968,OF202500968,86,465,300,0,0,2026-10-06,2026-10-25,2026-10-08,,NORMALE,EN_COURS
969,OF202500969,224,65,457,0,0,2026-06-03,2026-06-07,,,NORMALE,ANNULE
970,OF202500970,141,318,163,163,17,2026-07-21,2026-07-24,2026-07-21,2026-08-21,HAUTE,TERMINE
971,OF202500971,113,236,461,461,31,2026-06-24,2026-07-09,2026-06-27,2026-07-22,NORMALE,TERMINE
972,OF202500972,178,176,18,0,0,2025-12-20,2025-12-30,2025-12-21,,NORMALE,EN_COURS
973,OF202500973,202,53,448,448,40,2025-10-01,2025-10-27,2025-10-04,2025-10-26,NORMALE,TERMINE
974,OF202500974,254,76,115,0,0,2026-02-09,2026-03-06,,,NORMALE,EN_ATTENTE
975,OF202500975,154,168,373,0,0,2026-06-28,2026-07-27,,,NORMALE,EN_ATTENTE
976,OF202500976,179,220,359,359,8,2025-06-07,2025-07-05,2025-06-09,2025-07-05,NORMALE,TERMINE
977,OF202500977,44,473,174,174,7,2026-10-27,2026-11-25,2026-10-28,2026-11-18,NORMALE,TERMINE
978,OF202500978,11,363,173,173,6,2026-07-17,2026-07-24,2026-07-17,2026-08-20,NORMALE,TERMINE
979,OF202500979,94,224,199,0,0,2026-02-12,2026-03-02,2026-02-14,,BASSE,EN_COURS
980,OF202500980,148,364,407,0,0,2025-01-23,2025-02-21,,,NORMALE,EN_ATTENTE
981,OF202500981,247,377,298,0,0,2026-08-07,2026-08-13,,,NORMALE,EN_ATTENTE
982,OF202500982,259,27,45,45,1,2025-06-06,2025-06-27,2025-06-08,2025-06-20,NORMALE,TERMINE
983,OF202500983,158,325,354,354,26,2025-04-13,2025-04-29,2025-04-15,2025-05-07,NORMALE,TERMINE
984,OF202500984,267,181,349,349,22,2026-08-08,2026-08-26,2026-08-10,2026-08-27,NORMALE,TERMINE
985,OF202500985,180,401,28,28,1,2026-05-08,2026-05-11,2026-05-10,2026-05-23,NORMALE,TERMINE
986,OF202500986,135,83,402,402,27,2026-03-19,2026-04-08,2026-03-22,2026-04-14,NORMALE,TERMINE
987,OF202500987,173,462,496,496,38,2025-05-25,2025-06-20,2025-05-25,2025-06-25,NORMALE,TERMINE
988,OF202500988,28,336,133,133,5,2025-11-02,2025-12-02,2025-11-02,2025-11-18,BASSE,TERMINE
989,OF202500989,238,423,34,0,0,2025-04-23,2025-04-29,,,HAUTE,EN_ATTENTE
990,OF202500990,171,374,402,402,34,2025-10-22,2025-11-13,2025-10-24,2025-11-03,BASSE,TERMINE
991,OF202500991,135,280,197,0,0,2026-04-25,2026-05-14,,,NORMALE,EN_ATTENTE
992,OF202500992,173,216,148,0,0,2026-10-26,2026-11-21,2026-10-29,,NORMALE,EN_COURS
993,OF202500993,159,347,342,0,0,2026-01-19,2026-02-05,2026-01-20,,NORMALE,EN_COURS
994,OF202500994,161,64,197,0,0,2026-01-17,2026-01-31,2026-01-17,,HAUTE,EN_COURS
995,OF202500995,299,267,436,436,26,2026-05-15,2026-05-29,2026-05-15,2026-06-09,NORMALE,TERMINE
996,OF202500996,23,93,405,405,15,2025-09-26,2025-10-19,2025-09-26,2025-10-25,BASSE,TERMINE
997,OF202500997,86,36,412,0,0,2026-10-16,2026-10-28,2026-10-19,,NORMALE,EN_COURS
998,OF202500998,1,427,215,0,0,2026-08-31,2026-09-17,,,HAUTE,EN_ATTENTE
999,OF202500999,50,170,312,312,10,2026-05-16,2026-06-11,2026-05-17,2026-05-30,NORMALE,TERMINE
1000,OF202501000,179,384,31,0,0,2026-06-15,2026-07-10,2026-06-16,,NORMALE,EN_COURS
1001,OF202501001,256,225,28,0,0,2025-05-06,2025-05-23,2025-05-06,,NORMALE,EN_COURS
1002,OF202501002,98,251,188,0,0,2026-09-23,2026-10-17,,,HAUTE,EN_ATTENTE
1003,OF202501003,16,383,28,28,0,2026-01-28,2026-02-14,2026-01-30,2026-02-20,NORMALE,TERMINE
1004,OF202501004,279,232,280,280,30,2025-11-17,2025-11-30,2025-11-17,2025-12-04,HAUTE,TERMINE
1005,OF202501005,80,186,424,424,25,2025-08-31,2025-09-24,2025-09-03,2025-09-19,NORMALE,TERMINE
1006,OF202501006,128,1,259,0,0,2025-09-03,2025-09-17,,,NORMALE,ANNULE
1007,OF202501007,183,189,75,0,0,2025-05-17,2025-06-06,,,HAUTE,EN_ATTENTE
1008,OF202501008,276,173,119,0,0,2025-08-25,2025-09-22,2025-08-27,,HAUTE,EN_COURS
1009,OF202501009,55,227,107,107,11,2025-02-18,2025-03-12,2025-02-21,2025-03-24,HAUTE,TERMINE
1010,OF202501010,85,384,126,126,8,2026-03-19,2026-04-03,2026-03-20,2026-04-03,BASSE,TERMINE
1011,OF202501011,291,446,42,42,3,2025-10-02,2025-10-21,2025-10-02,2025-10-13,NORMALE,TERMINE
1012,OF202501012,6,359,379,0,0,2025-08-22,2025-09-19,,,NORMALE,EN_ATTENTE
1013,OF202501013,187,237,88,88,3,2026-02-04,2026-03-05,2026-02-04,2026-02-25,NORMALE,TERMINE
1014,OF202501014,176,178,131,131,12,2026-04-28,2026-05-26,2026-04-30,2026-05-25,NORMALE,TERMINE
1015,OF202501015,35,58,277,277,27,2026-02-04,2026-02-20,2026-02-04,2026-02-11,BASSE,TERMINE
1016,OF202501016,66,154,145,145,15,2026-10-04,2026-10-28,2026-10-05,2026-10-19,HAUTE,TERMINE
1017,OF202501017,194,84,414,414,22,2026-10-20,2026-11-09,2026-10-21,2026-11-20,NORMALE,TERMINE
1018,OF202501018,157,67,241,0,0,2025-09-28,2025-10-21,,,NORMALE,ANNULE
1019,OF202501019,140,204,102,102,4,2026-01-19,2026-02-12,2026-01-21,2026-02-01,NORMALE,TERMINE
1020,OF202501020,40,450,362,362,14,2026-06-30,2026-07-24,2026-07-02,2026-07-07,NORMALE,TERMINE
1021,OF202501021,231,43,183,183,18,2025-05-28,2025-06-01,2025-05-29,2025-06-19,HAUTE,TERMINE
1022,OF202501022,277,155,438,438,13,2026-03-16,2026-04-04,2026-03-18,2026-04-14,NORMALE,TERMINE
1023,OF202501023,144,307,353,353,9,2025-05-18,2025-05-26,2025-05-18,2025-06-22,NORMALE,TERMINE
1024,OF202501024,268,9,40,0,0,2025-04-10,2025-04-16,2025-04-11,,NORMALE,EN_COURS
1025,OF202501025,227,215,15,15,1,2025-07-20,2025-07-23,2025-07-23,2025-08-22,BASSE,TERMINE
1026,OF202501026,150,456,303,303,9,2025-01-11,2025-01-27,2025-01-14,2025-01-29,HAUTE,TERMINE
1027,OF202501027,279,129,389,389,24,2026-09-11,2026-09-25,2026-09-11,2026-10-01,NORMALE,TERMINE
1028,OF202501028,248,78,58,58,4,2026-05-26,2026-06-02,2026-05-26,2026-06-09,HAUTE,TERMINE
1029,OF202501029,265,143,62,62,2,2026-05-29,2026-06-13,2026-05-30,2026-06-04,NORMALE,TERMINE
1030,OF202501030,83,357,417,417,20,2026-02-15,2026-02-26,2026-02-18,2026-03-06,NORMALE,TERMINE
1031,OF202501031,43,279,360,0,0,2025-08-25,2025-09-16,,,NORMALE,EN_ATTENTE
1032,OF202501032,11,209,418,418,9,2026-08-06,2026-08-10,2026-08-09,2026-08-31,NORMALE,TERMINE
1033,OF202501033,153,219,68,0,0,2026-09-03,2026-09-20,2026-09-03,,NORMALE,EN_COURS
1034,OF202501034,64,297,296,0,0,2026-08-11,2026-08-17,,,BASSE,EN_ATTENTE
1035,OF202501035,97,437,210,0,0,2026-04-21,2026-04-24,,,HAUTE,ANNULE
1036,OF202501036,237,414,482,0,0,2025-09-10,2025-09-15,2025-09-11,,BASSE,EN_COURS
1037,OF202501037,204,392,497,0,0,2025-06-25,2025-07-10,,,BASSE,EN_ATTENTE
1038,OF202501038,2,496,386,0,0,2025-01-26,2025-02-15,2025-01-29,,NORMALE,EN_COURS
1039,OF202501039,188,426,452,0,0,2026-09-10,2026-09-20,2026-09-11,,HAUTE,EN_COURS
1040,OF202501040,189,18,108,108,6,2026-11-30,2026-12-29,2026-11-30,2026-12-05,NORMALE,TERMINE
1041,OF202501041,230,470,53,53,2,2026-05-07,2026-05-19,2026-05-09,2026-06-10,NORMALE,TERMINE
1042,OF202501042,294,25,72,72,1,2025-01-27,2025-02-04,2025-01-27,2025-02-10,NORMALE,TERMINE
1043,OF202501043,46,84,54,54,6,2026-08-09,2026-08-22,2026-08-11,2026-08-30,NORMALE,TERMINE
1044,OF202501044,299,431,487,487,33,2025-08-14,2025-08-27,2025-08-17,2025-08-22,NORMALE,TERMINE
1045,OF202501045,253,351,108,108,7,2025-02-03,2025-02-17,2025-02-06,2025-02-24,NORMALE,TERMINE
1046,OF202501046,30,248,487,0,0,2026-01-27,2026-01-30,,,NORMALE,EN_ATTENTE
1047,OF202501047,169,54,424,0,0,2025-08-26,2025-09-22,,,NORMALE,ANNULE
1048,OF202501048,285,318,207,0,0,2026-07-27,2026-08-07,2026-07-27,,NORMALE,EN_COURS
1049,OF202501049,286,315,247,247,14,2026-11-15,2026-12-01,2026-11-15,2026-11-20,NORMALE,TERMINE
1050,OF202501050,115,167,441,0,0,2026-08-25,2026-09-22,2026-08-28,,BASSE,EN_COURS
1051,OF202501051,120,453,399,0,0,2025-08-31,2025-09-04,,,NORMALE,EN_ATTENTE
1052,OF202501052,117,194,225,0,0,2026-04-08,2026-04-21,2026-04-11,,NORMALE,EN_COURS
1053,OF202501053,136,466,287,0,0,2025-10-15,2025-11-04,,,HAUTE,EN_ATTENTE
1054,OF202501054,23,395,381,381,11,2025-08-11,2025-09-09,2025-08-11,2025-09-02,BASSE,TERMINE
1055,OF202501055,177,286,158,0,0,2025-06-16,2025-07-04,,,NORMALE,EN_ATTENTE
1056,OF202501056,27,246,466,466,31,2026-01-04,2026-02-02,2026-01-06,2026-02-03,NORMALE,TERMINE
1057,OF202501057,61,90,304,0,0,2026-04-30,2026-05-15,,,NORMALE,EN_ATTENTE
1058,OF202501058,158,474,390,390,13,2025-12-26,2026-01-11,2025-12-28,2026-01-14,NORMALE,TERMINE
1059,OF202501059,290,345,305,0,0,2025-08-04,2025-08-16,2025-08-06,,NORMALE,EN_COURS
1060,OF202501060,138,367,15,0,0,2026-09-16,2026-10-05,,,NORMALE,EN_ATTENTE
1061,OF202501061,133,490,389,0,0,2026-03-03,2026-03-06,2026-03-06,,BASSE,EN_COURS
1062,OF202501062,195,329,377,377,12,2026-02-22,2026-02-27,2026-02-23,2026-03-15,BASSE,TERMINE
1063,OF202501063,210,421,402,402,32,2026-03-30,2026-04-16,2026-04-02,2026-04-18,HAUTE,TERMINE
1064,OF202501064,240,190,299,299,20,2026-02-21,2026-02-28,2026-02-24,2026-03-05,NORMALE,TERMINE
1065,OF202501065,95,482,38,0,0,2026-03-25,2026-04-21,,,NORMALE,EN_ATTENTE
1066,OF202501066,123,193,224,0,0,2025-06-26,2025-07-04,,,NORMALE,EN_ATTENTE
1067,OF202501067,17,355,479,479,20,2025-06-21,2025-07-03,2025-06-22,2025-07-01,BASSE,TERMINE
1068,OF202501068,124,30,311,311,6,2025-08-24,2025-09-04,2025-08-26,2025-09-10,NORMALE,TERMINE
1069,OF202501069,206,125,203,203,22,2026-08-03,2026-08-14,2026-08-04,2026-08-29,BASSE,TERMINE
1070,OF202501070,205,329,184,0,0,2026-03-25,2026-04-14,2026-03-28,,HAUTE,EN_COURS
1071,OF202501071,166,484,79,0,0,2026-06-02,2026-06-15,,,NORMALE,EN_ATTENTE
1072,OF202501072,125,418,412,412,30,2026-01-27,2026-02-26,2026-01-29,2026-02-09,HAUTE,TERMINE
1073,OF202501073,285,181,494,0,0,2025-12-15,2025-12-25,2025-12-15,,NORMALE,EN_COURS
1074,OF202501074,60,385,169,0,0,2025-05-27,2025-06-15,2025-05-27,,NORMALE,EN_COURS
1075,OF202501075,166,82,164,0,0,2025-05-16,2025-05-30,,,NORMALE,ANNULE
1076,OF202501076,171,374,497,497,29,2026-03-11,2026-03-31,2026-03-14,2026-04-02,BASSE,TERMINE
1077,OF202501077,93,56,76,0,0,2025-06-22,2025-06-28,2025-06-23,,NORMALE,EN_COURS
1078,OF202501078,39,483,328,0,0,2025-11-30,2025-12-20,,,BASSE,EN_ATTENTE
1079,OF202501079,206,125,407,407,41,2026-08-14,2026-09-07,2026-08-15,2026-09-05,BASSE,TERMINE
1080,OF202501080,290,345,264,0,0,2025-07-27,2025-08-25,2025-07-27,,BASSE,EN_COURS
1081,OF202501081,129,11,418,418,46,2026-02-23,2026-03-03,2026-02-23,2026-03-15,NORMALE,TERMINE
1082,OF202501082,296,253,14,0,0,2025-08-29,2025-09-07,2025-08-30,,HAUTE,EN_COURS
1083,OF202501083,278,151,50,50,2,2025-02-12,2025-02-20,2025-02-15,2025-02-26,HAUTE,TERMINE
1084,OF202501084,41,150,91,91,8,2026-11-03,2026-11-30,2026-11-03,2026-11-10,HAUTE,TERMINE
1085,OF202501085,251,327,44,0,0,2026-02-12,2026-02-23,2026-02-15,,BASSE,EN_COURS
1086,OF202501086,71,308,217,0,0,2026-03-02,2026-03-09,,,BASSE,EN_ATTENTE
1087,OF202501087,239,410,60,60,5,2025-12-31,2026-01-08,2026-01-03,2026-01-26,HAUTE,TERMINE
1088,OF202501088,230,470,127,0,0,2026-02-12,2026-02-16,2026-02-15,,NORMALE,EN_COURS
1089,OF202501089,274,193,490,0,0,2025-07-13,2025-07-22,2025-07-13,,NORMALE,EN_COURS
1090,OF202501090,294,146,471,471,34,2025-09-01,2025-09-26,2025-09-02,2025-09-18,NORMALE,TERMINE
1091,OF202501091,6,229,142,0,0,2025-12-10,2025-12-27,,,HAUTE,EN_ATTENTE
1092,OF202501092,79,391,147,0,0,2026-11-11,2026-12-01,,,NORMALE,EN_ATTENTE
1093,OF202501093,176,178,58,58,3,2026-01-09,2026-01-13,2026-01-09,2026-02-01,NORMALE,TERMINE
1094,OF202501094,248,78,47,0,0,2026-08-09,2026-08-16,,,HAUTE,EN_ATTENTE
1095,OF202501095,24,68,380,380,34,2025-12-28,2026-01-04,2025-12-29,2026-01-09,HAUTE,TERMINE
1096,OF202501096,290,345,304,304,20,2026-10-25,2026-11-24,2026-10-26,2026-11-23,NORMALE,TERMINE
1097,OF202501097,175,499,185,0,0,2026-07-03,2026-07-26,2026-07-05,,BASSE,EN_COURS
1098,OF202501098,166,484,118,0,0,2026-09-11,2026-10-04,,,NORMALE,EN_ATTENTE
1099,OF202501099,228,180,19,0,0,2026-04-23,2026-05-06,2026-04-26,,HAUTE,EN_COURS
1100,OF202501100,155,47,478,0,0,2025-07-07,2025-07-19,,,BASSE,ANNULE
1101,OF202501101,288,200,91,91,2,2026-01-30,2026-02-06,2026-02-01,2026-02-23,NORMALE,TERMINE
1102,OF202501102,280,50,344,344,22,2026-08-12,2026-09-09,2026-08-15,2026-09-09,HAUTE,TERMINE
1103,OF202501103,223,436,461,461,23,2025-09-22,2025-10-04,2025-09-23,2025-10-17,NORMALE,TERMINE
1104,OF202501104,176,451,263,263,17,2025-06-18,2025-07-10,2025-06-21,2025-07-04,NORMALE,TERMINE
1105,OF202501105,173,487,167,167,5,2025-08-17,2025-09-05,2025-08-17,2025-09-17,NORMALE,TERMINE
1106,OF202501106,293,177,485,485,24,2026-07-01,2026-07-24,2026-07-01,2026-07-26,NORMALE,TERMINE
1107,OF202501107,151,453,35,35,1,2026-10-04,2026-10-07,2026-10-04,2026-10-27,NORMALE,TERMINE
1108,OF202501108,34,326,254,254,9,2026-03-02,2026-03-09,2026-03-04,2026-04-04,NORMALE,TERMINE
1109,OF202501109,196,275,80,80,2,2025-05-09,2025-05-23,2025-05-11,2025-06-02,NORMALE,TERMINE
1110,OF202501110,17,355,37,37,4,2026-09-02,2026-09-29,2026-09-02,2026-09-29,NORMALE,TERMINE
1111,OF202501111,31,226,133,133,8,2025-04-22,2025-05-17,2025-04-22,2025-05-21,HAUTE,TERMINE
1112,OF202501112,94,213,261,0,0,2025-12-03,2025-12-19,2025-12-03,,HAUTE,EN_COURS
1113,OF202501113,6,340,480,0,0,2026-09-18,2026-10-16,,,NORMALE,EN_ATTENTE
1114,OF202501114,115,119,387,0,0,2025-10-07,2025-10-24,,,NORMALE,ANNULE
1115,OF202501115,157,62,134,0,0,2026-10-25,2026-11-21,2026-10-27,,NORMALE,EN_COURS
1116,OF202501116,214,369,413,413,18,2026-05-04,2026-06-01,2026-05-04,2026-05-20,NORMALE,TERMINE
1117,OF202501117,11,425,477,0,0,2025-06-17,2025-07-13,2025-06-19,,NORMALE,EN_COURS
1118,OF202501118,239,408,378,378,8,2025-07-27,2025-08-03,2025-07-27,2025-08-19,HAUTE,TERMINE
1119,OF202501119,29,272,44,0,0,2026-10-23,2026-11-04,2026-10-25,,NORMALE,EN_COURS
1120,OF202501120,75,316,387,387,44,2025-11-29,2025-12-12,2025-12-01,2025-12-25,NORMALE,TERMINE
1121,OF202501121,146,402,327,327,29,2026-05-20,2026-06-11,2026-05-21,2026-06-17,HAUTE,TERMINE
1122,OF202501122,32,485,425,425,16,2025-10-02,2025-10-23,2025-10-03,2025-10-26,BASSE,TERMINE
1123,OF202501123,119,320,447,447,53,2025-08-06,2025-09-01,2025-08-07,2025-09-05,NORMALE,TERMINE
1124,OF202501124,178,97,123,123,12,2025-12-09,2025-12-26,2025-12-10,2025-12-21,NORMALE,TERMINE
1125,OF202501125,262,100,488,488,21,2026-05-08,2026-05-18,2026-05-10,2026-05-23,NORMALE,TERMINE
1126,OF202501126,107,246,168,0,0,2025-04-14,2025-05-14,2025-04-15,,NORMALE,EN_COURS
1127,OF202501127,79,438,21,21,1,2026-10-11,2026-11-01,2026-10-13,2026-10-22,BASSE,TERMINE
1128,OF202501128,235,140,32,0,0,2025-11-28,2025-12-03,,,NORMALE,EN_ATTENTE
1129,OF202501129,205,28,177,0,0,2025-04-09,2025-05-08,,,NORMALE,EN_ATTENTE
1130,OF202501130,15,264,192,192,19,2025-11-29,2025-12-19,2025-12-02,2025-12-05,NORMALE,TERMINE
1131,OF202501131,137,179,341,0,0,2026-11-23,2026-12-05,2026-11-25,,HAUTE,EN_COURS
1132,OF202501132,202,277,90,0,0,2026-01-16,2026-02-14,,,NORMALE,EN_ATTENTE
1133,OF202501133,191,162,420,0,0,2025-02-06,2025-02-24,,,NORMALE,EN_ATTENTE
1134,OF202501134,265,33,431,431,40,2025-12-20,2025-12-23,2025-12-22,2026-01-16,NORMALE,TERMINE
1135,OF202501135,159,347,325,325,22,2026-04-27,2026-05-03,2026-04-29,2026-05-24,BASSE,TERMINE
1136,OF202501136,161,64,487,487,56,2026-02-06,2026-02-22,2026-02-07,2026-02-16,HAUTE,TERMINE
1137,OF202501137,68,311,411,411,42,2026-03-17,2026-03-23,2026-03-20,2026-03-26,HAUTE,TERMINE
1138,OF202501138,39,483,131,131,12,2025-11-20,2025-11-27,2025-11-20,2025-12-22,NORMALE,TERMINE
1139,OF202501139,235,140,158,158,12,2025-06-07,2025-06-11,2025-06-09,2025-07-01,NORMALE,TERMINE
1140,OF202501140,198,299,238,238,21,2026-04-17,2026-04-22,2026-04-19,2026-04-28,NORMALE,TERMINE
1141,OF202501141,217,202,391,391,10,2026-08-31,2026-09-04,2026-08-31,2026-09-06,NORMALE,TERMINE
1142,OF202501142,146,402,385,385,39,2025-08-10,2025-09-01,2025-08-11,2025-08-30,NORMALE,TERMINE
1143,OF202501143,269,392,116,116,3,2025-02-09,2025-02-20,2025-02-12,2025-03-07,NORMALE,TERMINE
1144,OF202501144,125,31,372,372,27,2026-07-03,2026-07-29,2026-07-05,2026-07-10,NORMALE,TERMINE
1145,OF202501145,181,86,189,189,22,2026-10-05,2026-10-09,2026-10-08,2026-10-20,HAUTE,TERMINE
1146,OF202501146,286,228,27,0,0,2025-01-13,2025-01-31,2025-01-14,,HAUTE,EN_COURS
1147,OF202501147,250,79,293,293,10,2025-04-25,2025-05-19,2025-04-27,2025-05-14,NORMALE,TERMINE
1148,OF202501148,99,398,19,0,0,2026-04-23,2026-05-12,2026-04-24,,NORMALE,EN_COURS
1149,OF202501149,15,288,319,0,0,2026-03-31,2026-04-19,2026-04-02,,NORMALE,EN_COURS
1150,OF202501150,53,344,321,0,0,2026-07-16,2026-07-25,2026-07-19,,BASSE,EN_COURS
1151,OF202501151,237,414,298,0,0,2025-02-06,2025-02-22,2025-02-09,,NORMALE,EN_COURS
1152,OF202501152,270,448,297,297,8,2025-12-12,2026-01-08,2025-12-15,2026-01-14,HAUTE,TERMINE
1153,OF202501153,218,38,352,0,0,2026-09-15,2026-10-13,2026-09-17,,HAUTE,EN_COURS
1154,OF202501154,206,125,394,0,0,2025-04-02,2025-04-21,,,NORMALE,ANNULE
1155,OF202501155,25,15,18,0,0,2025-02-03,2025-02-10,2025-02-05,,BASSE,EN_COURS
1156,OF202501156,271,462,119,119,8,2025-09-03,2025-09-30,2025-09-06,2025-09-30,NORMALE,TERMINE
1157,OF202501157,124,10,263,263,25,2026-07-25,2026-08-12,2026-07-25,2026-08-17,HAUTE,TERMINE
1158,OF202501158,213,370,354,0,0,2025-06-07,2025-06-10,2025-06-07,,NORMALE,EN_COURS
1159,OF202501159,74,142,201,201,17,2025-10-25,2025-11-07,2025-10-27,2025-10-30,HAUTE,TERMINE
1160,OF202501160,176,451,391,391,40,2025-02-07,2025-03-03,2025-02-08,2025-03-02,HAUTE,TERMINE
1161,OF202501161,206,125,79,0,0,2025-11-14,2025-11-29,2025-11-14,,NORMALE,EN_COURS
1162,OF202501162,201,474,405,0,0,2025-10-16,2025-10-26,,,NORMALE,EN_ATTENTE
1163,OF202501163,270,295,25,25,1,2026-08-18,2026-08-23,2026-08-20,2026-08-30,HAUTE,TERMINE
1164,OF202501164,158,332,261,261,20,2025-10-12,2025-10-18,2025-10-15,2025-11-04,BASSE,TERMINE
1165,OF202501165,212,362,208,0,0,2025-06-06,2025-06-25,,,NORMALE,ANNULE
1166,OF202501166,255,387,320,0,0,2026-01-22,2026-01-30,2026-01-23,,HAUTE,EN_COURS
1167,OF202501167,173,86,216,216,9,2025-02-27,2025-03-02,2025-02-28,2025-03-08,NORMALE,TERMINE
1168,OF202501168,67,242,200,200,21,2026-01-27,2026-02-22,2026-01-30,2026-02-15,NORMALE,TERMINE
1169,OF202501169,53,102,275,0,0,2026-08-01,2026-08-27,2026-08-01,,NORMALE,EN_COURS
1170,OF202501170,135,83,94,94,5,2026-06-04,2026-06-07,2026-06-06,2026-06-11,BASSE,TERMINE
1171,OF202501171,221,106,445,445,32,2025-07-04,2025-07-13,2025-07-05,2025-07-24,NORMALE,TERMINE
1172,OF202501172,151,453,308,308,8,2026-07-25,2026-08-09,2026-07-26,2026-08-12,NORMALE,TERMINE
1173,OF202501173,72,88,292,0,0,2025-10-16,2025-10-28,2025-10-18,,NORMALE,EN_COURS
1174,OF202501174,80,186,142,0,0,2026-07-23,2026-07-30,,,NORMALE,EN_ATTENTE
1175,OF202501175,129,491,380,380,25,2025-03-14,2025-03-24,2025-03-17,2025-03-26,NORMALE,TERMINE
1176,OF202501176,154,359,438,0,0,2025-04-23,2025-05-13,,,BASSE,EN_ATTENTE
1177,OF202501177,17,355,310,0,0,2025-05-05,2025-05-16,2025-05-05,,NORMALE,EN_COURS
1178,OF202501178,128,1,145,0,0,2026-04-11,2026-05-09,,,HAUTE,EN_ATTENTE
1179,OF202501179,48,479,435,435,22,2025-04-15,2025-05-14,2025-04-16,2025-05-13,NORMALE,TERMINE
1180,OF202501180,194,84,219,219,5,2026-07-28,2026-08-17,2026-07-29,2026-08-11,NORMALE,TERMINE
1181,OF202501181,24,120,111,0,0,2025-03-13,2025-04-01,2025-03-13,,NORMALE,EN_COURS
1182,OF202501182,57,461,63,0,0,2025-11-16,2025-11-19,,,NORMALE,ANNULE
1183,OF202501183,176,178,171,171,13,2026-10-14,2026-10-20,2026-10-17,2026-11-15,NORMALE,TERMINE
1184,OF202501184,2,496,194,0,0,2026-03-01,2026-03-04,2026-03-03,,HAUTE,EN_COURS
1185,OF202501185,25,15,428,428,9,2026-05-31,2026-06-17,2026-06-01,2026-06-07,NORMALE,TERMINE
1186,OF202501186,54,142,476,476,15,2026-02-04,2026-02-15,2026-02-06,2026-02-24,NORMALE,TERMINE
1187,OF202501187,79,438,317,0,0,2025-10-03,2025-10-31,2025-10-03,,BASSE,EN_COURS
1188,OF202501188,233,442,489,0,0,2026-04-06,2026-04-17,,,NORMALE,EN_ATTENTE
1189,OF202501189,133,486,278,278,22,2026-04-06,2026-04-09,2026-04-07,2026-04-18,NORMALE,TERMINE
1190,OF202501190,118,142,157,157,7,2025-04-02,2025-04-10,2025-04-05,2025-05-07,BASSE,TERMINE
1191,OF202501191,3,122,398,0,0,2026-04-07,2026-04-21,,,HAUTE,EN_ATTENTE
1192,OF202501192,120,38,188,188,16,2026-05-16,2026-05-31,2026-05-17,2026-05-23,NORMALE,TERMINE
1193,OF202501193,19,129,217,0,0,2026-10-22,2026-11-04,,,NORMALE,EN_ATTENTE
1194,OF202501194,152,12,125,125,6,2026-02-10,2026-02-14,2026-02-13,2026-03-16,HAUTE,TERMINE
1195,OF202501195,32,426,214,214,16,2026-04-21,2026-05-13,2026-04-23,2026-05-24,BASSE,TERMINE
1196,OF202501196,299,431,274,274,23,2025-03-13,2025-03-30,2025-03-13,2025-04-15,NORMALE,TERMINE
1197,OF202501197,208,435,481,0,0,2026-04-12,2026-05-10,,,BASSE,EN_ATTENTE
1198,OF202501198,240,190,496,496,38,2025-08-16,2025-09-08,2025-08-19,2025-08-31,NORMALE,TERMINE
1199,OF202501199,159,347,488,488,55,2025-02-07,2025-02-24,2025-02-07,2025-02-15,NORMALE,TERMINE
1200,OF202501200,38,46,226,0,0,2025-02-23,2025-02-27,,,NORMALE,EN_ATTENTE
1201,OF202501201,143,458,156,0,0,2025-10-28,2025-11-02,2025-10-30,,HAUTE,EN_COURS
1202,OF202501202,172,456,126,126,9,2025-08-26,2025-09-05,2025-08-28,2025-09-21,NORMALE,TERMINE
1203,OF202501203,209,378,92,92,8,2025-08-23,2025-09-13,2025-08-23,2025-09-12,NORMALE,TERMINE
1204,OF202501204,14,185,474,474,38,2025-01-02,2025-01-29,2025-01-02,2025-01-16,NORMALE,TERMINE
1205,OF202501205,300,114,188,0,0,2025-08-08,2025-09-03,2025-08-11,,NORMALE,EN_COURS
1206,OF202501206,58,399,243,243,28,2025-08-30,2025-09-05,2025-09-02,2025-09-10,NORMALE,TERMINE
1207,OF202501207,156,498,269,269,30,2026-05-23,2026-06-17,2026-05-24,2026-06-26,HAUTE,TERMINE
1208,OF202501208,287,133,178,178,12,2026-11-09,2026-11-19,2026-11-10,2026-12-11,NORMALE,TERMINE
1209,OF202501209,199,323,50,50,1,2025-09-05,2025-09-16,2025-09-06,2025-10-05,NORMALE,TERMINE
1210,OF202501210,247,447,230,0,0,2025-01-07,2025-01-21,2025-01-09,,BASSE,EN_COURS
1211,OF202501211,287,433,432,0,0,2025-11-24,2025-12-11,,,BASSE,EN_ATTENTE
1212,OF202501212,65,208,79,79,7,2025-12-14,2025-12-17,2025-12-17,2026-01-10,HAUTE,TERMINE
1213,OF202501213,286,228,144,144,14,2026-02-07,2026-02-19,2026-02-10,2026-02-18,NORMALE,TERMINE
1214,OF202501214,274,256,161,161,11,2026-11-10,2026-12-03,2026-11-12,2026-11-26,HAUTE,TERMINE
1215,OF202501215,119,199,366,0,0,2025-04-12,2025-05-08,2025-04-15,,HAUTE,EN_COURS
1216,OF202501216,204,403,174,174,3,2025-05-10,2025-06-01,2025-05-10,2025-05-25,HAUTE,TERMINE
1217,OF202501217,89,210,351,0,0,2025-03-24,2025-04-21,,,HAUTE,ANNULE
1218,OF202501218,57,360,428,428,11,2025-12-01,2025-12-17,2025-12-01,2025-12-19,HAUTE,TERMINE
1219,OF202501219,300,338,139,0,0,2026-10-01,2026-10-24,2026-10-01,,NORMALE,EN_COURS
1220,OF202501220,72,88,354,354,34,2026-07-24,2026-08-12,2026-07-25,2026-08-18,HAUTE,TERMINE
1221,OF202501221,272,303,303,303,9,2026-10-02,2026-10-06,2026-10-05,2026-10-22,NORMALE,TERMINE
1222,OF202501222,112,220,280,0,0,2025-05-08,2025-05-26,,,NORMALE,EN_ATTENTE
1223,OF202501223,239,408,471,471,37,2026-01-07,2026-01-20,2026-01-10,2026-01-14,NORMALE,TERMINE
1224,OF202501224,65,208,79,79,7,2025-05-24,2025-05-27,2025-05-27,2025-06-04,NORMALE,TERMINE
1225,OF202501225,270,448,206,206,4,2025-03-06,2025-03-29,2025-03-07,2025-04-06,HAUTE,TERMINE
1226,OF202501226,98,251,331,0,0,2026-03-23,2026-04-14,2026-03-24,,HAUTE,EN_COURS
1227,OF202501227,217,202,312,0,0,2025-03-09,2025-03-25,2025-03-12,,NORMALE,EN_COURS
1228,OF202501228,223,273,125,0,0,2026-08-15,2026-09-08,,,NORMALE,EN_ATTENTE
1229,OF202501229,35,58,81,81,5,2026-07-01,2026-07-08,2026-07-04,2026-07-31,BASSE,TERMINE
1230,OF202501230,53,97,246,0,0,2026-08-21,2026-09-01,2026-08-23,,NORMALE,EN_COURS
1231,OF202501231,85,76,222,0,0,2025-09-21,2025-10-02,2025-09-23,,BASSE,EN_COURS
1232,OF202501232,267,181,481,481,15,2026-10-07,2026-10-23,2026-10-10,2026-10-28,NORMALE,TERMINE
1233,OF202501233,60,385,123,0,0,2025-02-17,2025-03-05,2025-02-19,,BASSE,EN_COURS
1234,OF202501234,13,325,297,297,15,2026-05-27,2026-06-14,2026-05-27,2026-06-27,HAUTE,TERMINE
1235,OF202501235,179,320,38,38,2,2026-10-18,2026-11-02,2026-10-19,2026-11-16,NORMALE,TERMINE
1236,OF202501236,246,376,60,0,0,2025-06-05,2025-06-08,2025-06-07,,NORMALE,EN_COURS
1237,OF202501237,200,44,101,101,3,2026-02-11,2026-02-26,2026-02-11,2026-02-22,HAUTE,TERMINE
1238,OF202501238,166,259,13,0,0,2025-06-29,2025-07-21,2025-07-01,,NORMALE,EN_COURS
1239,OF202501239,177,286,243,243,25,2026-08-08,2026-08-17,2026-08-10,2026-08-28,NORMALE,TERMINE
1240,OF202501240,162,257,427,0,0,2025-05-30,2025-06-10,,,BASSE,EN_ATTENTE
1241,OF202501241,232,331,255,255,28,2026-11-23,2026-12-02,2026-11-26,2026-12-28,HAUTE,TERMINE
1242,OF202501242,7,214,191,191,12,2026-02-07,2026-03-02,2026-02-10,2026-03-11,NORMALE,TERMINE
1243,OF202501243,53,89,383,0,0,2025-06-14,2025-06-23,2025-06-15,,NORMALE,EN_COURS
1244,OF202501244,16,383,499,499,58,2025-09-13,2025-09-17,2025-09-14,2025-10-06,NORMALE,TERMINE
1245,OF202501245,130,342,124,124,13,2025-06-25,2025-07-23,2025-06-25,2025-07-01,NORMALE,TERMINE
1246,OF202501246,268,241,235,0,0,2025-08-24,2025-09-18,2025-08-27,,HAUTE,EN_COURS
1247,OF202501247,181,86,11,11,0,2026-04-29,2026-05-06,2026-04-29,2026-05-06,HAUTE,TERMINE
1248,OF202501248,12,182,434,0,0,2026-11-21,2026-11-26,,,NORMALE,EN_ATTENTE
1249,OF202501249,224,65,400,400,10,2025-08-03,2025-08-26,2025-08-06,2025-08-18,NORMALE,TERMINE
1250,OF202501250,168,190,19,0,0,2025-01-19,2025-02-02,2025-01-19,,NORMALE,EN_COURS
1251,OF202501251,17,355,403,403,25,2025-09-20,2025-10-15,2025-09-21,2025-09-29,NORMALE,TERMINE
1252,OF202501252,89,114,224,224,9,2025-01-11,2025-01-28,2025-01-12,2025-01-20,HAUTE,TERMINE
1253,OF202501253,20,85,11,11,0,2025-07-14,2025-08-07,2025-07-16,2025-08-09,NORMALE,TERMINE
1254,OF202501254,141,318,114,0,0,2026-08-12,2026-08-18,,,NORMALE,ANNULE
1255,OF202501255,223,430,25,0,0,2026-09-13,2026-09-19,,,BASSE,EN_ATTENTE
1256,OF202501256,213,441,470,0,0,2026-03-13,2026-04-04,2026-03-16,,NORMALE,EN_COURS
1257,OF202501257,286,315,137,137,7,2025-07-31,2025-08-30,2025-07-31,2025-08-13,NORMALE,TERMINE
1258,OF202501258,130,37,233,233,5,2026-02-05,2026-02-16,2026-02-08,2026-02-10,NORMALE,TERMINE
1259,OF202501259,280,445,292,0,0,2025-01-29,2025-02-04,2025-01-31,,NORMALE,EN_COURS
1260,OF202501260,49,216,494,494,10,2026-02-27,2026-03-28,2026-02-28,2026-03-20,HAUTE,TERMINE
1261,OF202501261,67,281,172,0,0,2025-01-19,2025-02-11,,,NORMALE,EN_ATTENTE
1262,OF202501262,209,331,60,60,2,2025-07-19,2025-07-25,2025-07-21,2025-08-19,NORMALE,TERMINE
1263,OF202501263,170,412,93,0,0,2025-05-17,2025-06-10,2025-05-17,,NORMALE,EN_COURS
1264,OF202501264,167,221,335,0,0,2025-11-08,2025-11-18,,,NORMALE,ANNULE
1265,OF202501265,180,401,445,445,50,2025-11-10,2025-11-28,2025-11-13,2025-11-20,BASSE,TERMINE
1266,OF202501266,102,407,69,0,0,2025-12-04,2025-12-31,,,HAUTE,EN_ATTENTE
1267,OF202501267,82,440,232,0,0,2025-07-05,2025-07-22,2025-07-08,,NORMALE,EN_COURS
1268,OF202501268,279,297,123,123,9,2025-03-26,2025-04-12,2025-03-28,2025-04-17,NORMALE,TERMINE
1269,OF202501269,122,444,420,0,0,2026-07-01,2026-07-29,2026-07-01,,BASSE,EN_COURS
1270,OF202501270,242,160,419,419,33,2025-11-13,2025-12-12,2025-11-14,2025-11-23,NORMALE,TERMINE
1271,OF202501271,113,199,364,0,0,2025-10-30,2025-11-23,,,NORMALE,ANNULE
1272,OF202501272,187,63,190,0,0,2026-08-01,2026-08-17,,,NORMALE,EN_ATTENTE
1273,OF202501273,227,352,446,446,28,2025-04-01,2025-04-07,2025-04-02,2025-05-01,NORMALE,TERMINE
1274,OF202501274,281,122,179,0,0,2026-04-24,2026-05-10,,,NORMALE,EN_ATTENTE
1275,OF202501275,74,238,454,454,9,2026-12-01,2026-12-07,2026-12-01,2026-12-18,NORMALE,TERMINE
1276,OF202501276,292,481,302,302,16,2026-04-21,2026-04-25,2026-04-21,2026-05-24,BASSE,TERMINE
1277,OF202501277,86,36,204,0,0,2026-06-19,2026-07-11,,,NORMALE,EN_ATTENTE
1278,OF202501278,193,85,149,0,0,2026-04-15,2026-05-01,,,NORMALE,EN_ATTENTE
1279,OF202501279,37,249,464,464,41,2026-06-13,2026-07-04,2026-06-14,2026-06-18,NORMALE,TERMINE
1280,OF202501280,254,151,69,0,0,2025-09-10,2025-10-06,2025-09-13,,HAUTE,EN_COURS
1281,OF202501281,296,270,474,0,0,2025-12-03,2025-12-28,,,HAUTE,EN_ATTENTE
1282,OF202501282,202,53,122,122,9,2025-08-05,2025-08-24,2025-08-08,2025-09-02,BASSE,TERMINE
1283,OF202501283,266,250,197,197,16,2026-10-21,2026-11-10,2026-10-24,2026-11-11,HAUTE,TERMINE
1284,OF202501284,280,445,249,249,22,2026-02-10,2026-03-07,2026-02-11,2026-02-16,BASSE,TERMINE
1285,OF202501285,292,5,264,264,12,2026-08-25,2026-09-06,2026-08-27,2026-09-24,NORMALE,TERMINE
1286,OF202501286,237,414,66,66,7,2025-02-14,2025-03-03,2025-02-17,2025-03-09,NORMALE,TERMINE
1287,OF202501287,88,98,484,0,0,2025-12-18,2025-12-30,,,NORMALE,EN_ATTENTE
1288,OF202501288,119,320,300,300,34,2025-04-22,2025-05-17,2025-04-25,2025-04-27,NORMALE,TERMINE
1289,OF202501289,133,141,273,0,0,2025-08-03,2025-08-25,2025-08-05,,NORMALE,EN_COURS
1290,OF202501290,291,446,410,410,43,2026-08-10,2026-08-26,2026-08-12,2026-08-31,NORMALE,TERMINE
1291,OF202501291,231,43,223,223,15,2026-11-13,2026-12-11,2026-11-13,2026-11-30,NORMALE,TERMINE
1292,OF202501292,159,347,260,0,0,2025-08-04,2025-08-08,,,NORMALE,ANNULE
1293,OF202501293,227,215,248,248,21,2026-02-02,2026-02-08,2026-02-03,2026-02-17,NORMALE,TERMINE
1294,OF202501294,2,496,308,308,28,2025-06-10,2025-06-17,2025-06-11,2025-06-21,NORMALE,TERMINE
1295,OF202501295,257,173,106,0,0,2026-02-23,2026-03-16,2026-02-25,,NORMALE,EN_COURS
1296,OF202501296,67,281,105,105,10,2025-08-18,2025-08-23,2025-08-19,2025-09-21,HAUTE,TERMINE
1297,OF202501297,202,277,170,0,0,2026-11-19,2026-12-14,2026-11-21,,NORMALE,EN_COURS
1298,OF202501298,61,119,314,314,10,2025-02-24,2025-03-05,2025-02-25,2025-03-31,HAUTE,TERMINE
1299,OF202501299,138,260,415,415,18,2026-09-20,2026-10-03,2026-09-20,2026-10-13,NORMALE,TERMINE
1300,OF202501300,183,189,31,0,0,2025-06-02,2025-06-06,2025-06-02,,NORMALE,EN_COURS
1301,OF202501301,211,172,224,224,10,2025-11-13,2025-11-24,2025-11-15,2025-12-06,HAUTE,TERMINE
1302,OF202501302,241,213,292,0,0,2026-08-01,2026-08-11,,,HAUTE,EN_ATTENTE
1303,OF202501303,48,479,396,0,0,2025-01-15,2025-02-13,,,NORMALE,EN_ATTENTE
1304,OF202501304,215,175,62,0,0,2025-06-07,2025-06-15,,,NORMALE,EN_ATTENTE
1305,OF202501305,77,73,196,196,14,2026-01-31,2026-02-12,2026-02-02,2026-02-18,NORMALE,TERMINE
1306,OF202501306,181,7,199,199,10,2026-01-14,2026-01-27,2026-01-16,2026-02-06,BASSE,TERMINE
1307,OF202501307,65,208,13,0,0,2026-05-27,2026-06-14,2026-05-30,,NORMALE,EN_COURS
1308,OF202501308,276,173,340,340,40,2025-05-21,2025-06-08,2025-05-24,2025-06-22,NORMALE,TERMINE
1309,OF202501309,296,270,431,431,16,2026-02-25,2026-03-01,2026-02-25,2026-03-18,NORMALE,TERMINE
1310,OF202501310,126,332,429,429,49,2025-05-26,2025-06-11,2025-05-26,2025-06-05,NORMALE,TERMINE
1311,OF202501311,95,319,495,0,0,2025-12-12,2026-01-05,,,NORMALE,EN_ATTENTE
1312,OF202501312,12,182,29,0,0,2026-03-19,2026-04-11,,,NORMALE,EN_ATTENTE
1313,OF202501313,237,414,184,184,4,2026-11-26,2026-12-02,2026-11-27,2026-12-02,HAUTE,TERMINE
1314,OF202501314,300,114,244,0,0,2026-03-23,2026-04-14,2026-03-26,,NORMALE,EN_COURS
1315,OF202501315,84,169,292,0,0,2026-10-27,2026-11-05,2026-10-28,,NORMALE,EN_COURS
1316,OF202501316,119,199,480,480,9,2026-01-22,2026-02-19,2026-01-23,2026-01-30,HAUTE,TERMINE
1317,OF202501317,173,122,98,0,0,2026-03-04,2026-03-08,,,HAUTE,EN_ATTENTE
1318,OF202501318,29,10,344,344,22,2026-04-20,2026-05-07,2026-04-22,2026-04-30,NORMALE,TERMINE
1319,OF202501319,28,336,261,0,0,2026-07-09,2026-07-29,2026-07-12,,NORMALE,EN_COURS
1320,OF202501320,86,36,91,0,0,2026-11-08,2026-11-27,,,HAUTE,EN_ATTENTE
1321,OF202501321,14,185,305,0,0,2026-07-21,2026-07-25,,,HAUTE,ANNULE
1322,OF202501322,150,456,267,267,28,2026-08-17,2026-08-30,2026-08-18,2026-09-14,NORMALE,TERMINE
1323,OF202501323,252,206,429,0,0,2025-01-20,2025-02-12,,,NORMALE,EN_ATTENTE
1324,OF202501324,219,328,141,141,5,2025-12-17,2025-12-25,2025-12-19,2026-01-05,NORMALE,TERMINE
1325,OF202501325,282,260,290,290,5,2026-07-04,2026-07-15,2026-07-04,2026-07-23,NORMALE,TERMINE
1326,OF202501326,140,224,407,0,0,2025-02-24,2025-03-12,2025-02-24,,NORMALE,EN_COURS
1327,OF202501327,73,294,166,0,0,2025-06-08,2025-06-23,,,HAUTE,ANNULE
1328,OF202501328,268,9,417,417,35,2025-05-31,2025-06-15,2025-05-31,2025-06-27,HAUTE,TERMINE
1329,OF202501329,194,84,184,0,0,2025-07-20,2025-08-19,,,HAUTE,EN_ATTENTE
1330,OF202501330,253,351,27,27,1,2025-12-09,2025-12-24,2025-12-12,2025-12-31,BASSE,TERMINE
1331,OF202501331,104,312,215,215,16,2026-01-23,2026-02-04,2026-01-26,2026-02-24,BASSE,TERMINE
1332,OF202501332,189,18,107,0,0,2025-05-07,2025-05-15,,,NORMALE,EN_ATTENTE
1333,OF202501333,135,83,201,201,20,2026-11-20,2026-12-14,2026-11-22,2026-11-27,NORMALE,TERMINE
1334,OF202501334,10,70,325,325,7,2026-07-24,2026-08-17,2026-07-26,2026-08-15,HAUTE,TERMINE
1335,OF202501335,226,288,10,10,1,2026-06-11,2026-07-08,2026-06-14,2026-07-01,HAUTE,TERMINE
1336,OF202501336,53,198,342,0,0,2025-04-16,2025-05-12,2025-04-16,,NORMALE,EN_COURS
1337,OF202501337,242,292,227,0,0,2026-07-16,2026-08-06,,,NORMALE,EN_ATTENTE
1338,OF202501338,191,162,87,87,7,2026-10-26,2026-11-07,2026-10-29,2026-11-02,NORMALE,TERMINE
1339,OF202501339,168,39,302,0,0,2025-01-01,2025-01-05,,,BASSE,EN_ATTENTE
1340,OF202501340,241,197,387,387,22,2026-01-06,2026-01-09,2026-01-07,2026-01-11,NORMALE,TERMINE
1341,OF202501341,77,492,93,93,2,2026-10-04,2026-10-14,2026-10-05,2026-10-10,NORMALE,TERMINE
1342,OF202501342,89,333,473,473,40,2026-10-02,2026-10-30,2026-10-05,2026-10-15,NORMALE,TERMINE
1343,OF202501343,171,374,314,314,32,2026-04-08,2026-05-04,2026-04-10,2026-04-21,NORMALE,TERMINE
1344,OF202501344,86,465,358,0,0,2026-09-23,2026-10-20,2026-09-25,,NORMALE,EN_COURS
1345,OF202501345,85,76,67,0,0,2025-12-24,2026-01-20,2025-12-25,,NORMALE,EN_COURS
1346,OF202501346,226,334,358,0,0,2026-01-11,2026-01-16,,,NORMALE,EN_ATTENTE
1347,OF202501347,97,437,323,323,20,2025-08-24,2025-09-23,2025-08-27,2025-09-23,NORMALE,TERMINE
1348,OF202501348,203,222,356,0,0,2026-01-21,2026-02-17,2026-01-21,,HAUTE,EN_COURS
1349,OF202501349,272,303,423,0,0,2026-04-14,2026-04-26,2026-04-14,,NORMALE,EN_COURS
1350,OF202501350,186,281,274,0,0,2026-06-06,2026-06-11,2026-06-08,,NORMALE,EN_COURS
1351,OF202501351,140,317,118,118,5,2025-12-12,2025-12-31,2025-12-15,2025-12-22,NORMALE,TERMINE
1352,OF202501352,24,364,179,0,0,2025-01-28,2025-02-18,2025-01-31,,NORMALE,EN_COURS
1353,OF202501353,108,37,172,0,0,2025-05-29,2025-06-15,2025-05-29,,NORMALE,EN_COURS
1354,OF202501354,50,103,476,0,0,2026-06-15,2026-06-29,,,BASSE,EN_ATTENTE
1355,OF202501355,37,439,271,271,11,2026-09-17,2026-10-07,2026-09-19,2026-10-11,NORMALE,TERMINE
1356,OF202501356,85,76,220,0,0,2025-05-01,2025-05-20,2025-05-02,,NORMALE,EN_COURS
1357,OF202501357,27,441,111,111,10,2026-10-29,2026-11-09,2026-10-29,2026-12-01,NORMALE,TERMINE
1358,OF202501358,80,186,89,89,10,2025-12-21,2026-01-12,2025-12-24,2026-01-16,NORMALE,TERMINE
1359,OF202501359,5,166,433,433,42,2025-06-17,2025-07-16,2025-06-20,2025-07-21,NORMALE,TERMINE
1360,OF202501360,53,386,447,447,41,2025-10-16,2025-11-03,2025-10-18,2025-11-09,BASSE,TERMINE
1361,OF202501361,144,307,99,0,0,2026-08-21,2026-08-31,2026-08-24,,HAUTE,EN_COURS
1362,OF202501362,54,260,359,359,16,2026-05-01,2026-05-29,2026-05-02,2026-05-08,BASSE,TERMINE
1363,OF202501363,41,449,34,0,0,2025-10-05,2025-10-19,2025-10-06,,NORMALE,EN_COURS
1364,OF202501364,93,367,229,229,27,2026-09-27,2026-10-16,2026-09-30,2026-10-20,BASSE,TERMINE
1365,OF202501365,269,313,152,152,9,2025-12-04,2025-12-23,2025-12-06,2026-01-06,NORMALE,TERMINE
1366,OF202501366,151,29,480,0,0,2026-09-18,2026-09-25,2026-09-19,,HAUTE,EN_COURS
1367,OF202501367,213,370,232,232,20,2025-07-06,2025-07-31,2025-07-09,2025-07-21,BASSE,TERMINE
1368,OF202501368,33,238,468,468,16,2025-09-13,2025-10-02,2025-09-13,2025-09-21,NORMALE,TERMINE
1369,OF202501369,143,458,134,134,4,2026-03-09,2026-04-04,2026-03-11,2026-03-27,NORMALE,TERMINE
1370,OF202501370,36,204,79,79,8,2025-05-16,2025-06-10,2025-05-17,2025-06-17,NORMALE,TERMINE
1371,OF202501371,239,408,139,139,6,2026-06-15,2026-06-18,2026-06-17,2026-07-20,NORMALE,TERMINE
1372,OF202501372,194,84,335,0,0,2025-11-03,2025-11-13,,,HAUTE,EN_ATTENTE
1373,OF202501373,128,1,355,0,0,2025-06-30,2025-07-28,2025-07-03,,NORMALE,EN_COURS
1374,OF202501374,35,58,162,162,6,2026-04-13,2026-05-13,2026-04-15,2026-05-01,HAUTE,TERMINE
1375,OF202501375,33,45,288,0,0,2025-01-15,2025-02-02,,,HAUTE,EN_ATTENTE
1376,OF202501376,279,455,286,0,0,2025-02-18,2025-03-05,2025-02-21,,BASSE,EN_COURS
1377,OF202501377,40,450,328,328,14,2026-06-07,2026-06-20,2026-06-10,2026-06-24,NORMALE,TERMINE
1378,OF202501378,222,472,277,277,9,2025-01-30,2025-02-07,2025-01-31,2025-02-14,NORMALE,TERMINE
1379,OF202501379,88,98,483,483,38,2025-11-20,2025-12-19,2025-11-22,2025-12-07,HAUTE,TERMINE
1380,OF202501380,270,448,90,0,0,2026-06-30,2026-07-12,2026-07-03,,NORMALE,EN_COURS
1381,OF202501381,19,129,352,0,0,2025-08-14,2025-09-12,2025-08-15,,NORMALE,EN_COURS
1382,OF202501382,277,155,452,0,0,2025-06-21,2025-06-30,,,NORMALE,EN_ATTENTE
1383,OF202501383,82,494,493,0,0,2026-01-26,2026-02-14,,,BASSE,EN_ATTENTE
1384,OF202501384,224,65,456,0,0,2026-05-08,2026-05-28,,,NORMALE,EN_ATTENTE
1385,OF202501385,200,44,349,349,25,2025-12-13,2025-12-21,2025-12-16,2025-12-22,NORMALE,TERMINE
1386,OF202501386,194,84,268,268,12,2026-05-10,2026-05-27,2026-05-11,2026-06-10,HAUTE,TERMINE
1387,OF202501387,41,124,126,126,13,2025-08-16,2025-08-27,2025-08-18,2025-09-16,NORMALE,TERMINE
1388,OF202501388,189,18,98,0,0,2025-07-17,2025-08-09,2025-07-18,,BASSE,EN_COURS
1389,OF202501389,232,337,38,38,2,2025-09-18,2025-10-01,2025-09-19,2025-10-03,NORMALE,TERMINE
1390,OF202501390,300,338,407,0,0,2026-04-19,2026-04-29,2026-04-20,,BASSE,EN_COURS
1391,OF202501391,88,98,482,482,21,2025-01-24,2025-02-05,2025-01-25,2025-02-23,NORMALE,TERMINE
1392,OF202501392,79,438,220,0,0,2026-06-18,2026-07-10,2026-06-19,,NORMALE,EN_COURS
1393,OF202501393,297,358,342,342,21,2025-02-09,2025-02-21,2025-02-09,2025-02-17,BASSE,TERMINE
1394,OF202501394,286,228,336,0,0,2025-10-20,2025-11-04,2025-10-23,,NORMALE,EN_COURS
1395,OF202501395,120,285,457,0,0,2025-12-18,2026-01-02,2025-12-18,,NORMALE,EN_COURS
1396,OF202501396,153,219,145,145,6,2026-11-19,2026-12-05,2026-11-22,2026-12-17,BASSE,TERMINE
1397,OF202501397,96,383,363,0,0,2025-06-16,2025-06-28,2025-06-18,,NORMALE,EN_COURS
1398,OF202501398,181,86,15,15,0,2026-11-07,2026-12-07,2026-11-10,2026-12-10,NORMALE,TERMINE
1399,OF202501399,135,280,441,441,10,2025-10-13,2025-10-21,2025-10-16,2025-10-26,NORMALE,TERMINE
1400,OF202501400,212,116,115,115,10,2025-03-02,2025-03-07,2025-03-03,2025-04-06,NORMALE,TERMINE
1401,OF202501401,116,324,70,70,7,2025-09-05,2025-10-01,2025-09-08,2025-09-12,HAUTE,TERMINE
1402,OF202501402,193,85,227,227,24,2026-07-17,2026-08-08,2026-07-17,2026-08-01,NORMALE,TERMINE
1403,OF202501403,281,417,354,0,0,2025-01-18,2025-01-24,,,HAUTE,ANNULE
1404,OF202501404,188,441,438,0,0,2025-07-22,2025-08-04,2025-07-25,,NORMALE,EN_COURS
1405,OF202501405,235,140,261,0,0,2025-06-19,2025-07-08,,,NORMALE,EN_ATTENTE
1406,OF202501406,236,266,197,0,0,2026-09-15,2026-10-01,,,BASSE,ANNULE
1407,OF202501407,189,18,469,469,36,2025-10-30,2025-11-13,2025-11-02,2025-11-14,NORMALE,TERMINE
1408,OF202501408,292,200,185,0,0,2025-11-28,2025-12-21,,,HAUTE,ANNULE
1409,OF202501409,123,371,373,373,18,2026-10-09,2026-10-14,2026-10-12,2026-10-17,HAUTE,TERMINE
1410,OF202501410,187,237,329,329,30,2025-12-20,2025-12-28,2025-12-22,2025-12-29,NORMALE,TERMINE
1411,OF202501411,188,80,242,242,23,2026-11-16,2026-12-13,2026-11-17,2026-12-15,HAUTE,TERMINE
1412,OF202501412,202,435,322,0,0,2026-10-07,2026-11-01,2026-10-08,,BASSE,EN_COURS
1413,OF202501413,48,268,161,161,16,2025-10-30,2025-11-12,2025-10-31,2025-11-05,NORMALE,TERMINE
1414,OF202501414,21,333,328,328,23,2025-09-26,2025-10-13,2025-09-27,2025-10-01,NORMALE,TERMINE
1415,OF202501415,281,79,431,0,0,2026-01-07,2026-01-31,2026-01-08,,HAUTE,EN_COURS
1416,OF202501416,89,389,387,387,34,2025-10-19,2025-10-31,2025-10-19,2025-11-16,NORMALE,TERMINE
1417,OF202501417,299,99,158,0,0,2026-10-22,2026-11-20,,,NORMALE,ANNULE
1418,OF202501418,12,182,55,0,0,2026-07-19,2026-07-23,,,NORMALE,EN_ATTENTE
1419,OF202501419,186,386,254,254,5,2026-08-09,2026-08-22,2026-08-09,2026-09-05,HAUTE,TERMINE
1420,OF202501420,245,198,345,0,0,2025-08-31,2025-09-07,,,NORMALE,EN_ATTENTE
1421,OF202501421,167,269,470,470,46,2026-09-01,2026-09-06,2026-09-01,2026-09-12,HAUTE,TERMINE
1422,OF202501422,120,142,252,252,24,2025-03-12,2025-03-21,2025-03-13,2025-04-05,NORMALE,TERMINE
1423,OF202501423,222,472,222,222,10,2025-03-31,2025-04-08,2025-04-03,2025-04-12,NORMALE,TERMINE
1424,OF202501424,66,154,405,405,36,2025-06-19,2025-07-11,2025-06-19,2025-07-22,HAUTE,TERMINE
1425,OF202501425,105,272,57,0,0,2025-10-24,2025-11-14,,,NORMALE,EN_ATTENTE
1426,OF202501426,157,62,318,0,0,2025-02-21,2025-03-13,2025-02-21,,NORMALE,EN_COURS
1427,OF202501427,297,358,194,194,14,2025-06-11,2025-06-20,2025-06-11,2025-07-12,NORMALE,TERMINE
1428,OF202501428,295,494,353,0,0,2025-08-11,2025-08-20,,,HAUTE,EN_ATTENTE
1429,OF202501429,165,211,366,0,0,2025-07-31,2025-08-06,,,NORMALE,ANNULE
1430,OF202501430,227,215,451,0,0,2026-10-04,2026-10-19,2026-10-07,,NORMALE,EN_COURS
1431,OF202501431,28,336,366,0,0,2025-03-12,2025-03-30,,,NORMALE,ANNULE
1432,OF202501432,44,6,290,290,20,2026-07-31,2026-08-05,2026-07-31,2026-09-02,NORMALE,TERMINE
1433,OF202501433,246,376,25,0,0,2025-04-25,2025-05-05,,,NORMALE,EN_ATTENTE
1434,OF202501434,106,148,137,0,0,2025-10-06,2025-11-03,,,BASSE,EN_ATTENTE
1435,OF202501435,135,280,49,49,2,2025-09-20,2025-10-09,2025-09-23,2025-10-19,BASSE,TERMINE
1436,OF202501436,30,248,88,88,3,2026-01-02,2026-01-27,2026-01-05,2026-01-11,NORMALE,TERMINE
1437,OF202501437,194,84,110,0,0,2026-11-10,2026-11-28,,,HAUTE,EN_ATTENTE
1438,OF202501438,258,75,353,0,0,2025-02-26,2025-03-11,,,BASSE,EN_ATTENTE
1439,OF202501439,226,288,303,0,0,2026-09-19,2026-10-04,,,NORMALE,ANNULE
1440,OF202501440,106,148,21,21,2,2025-01-14,2025-01-28,2025-01-16,2025-01-31,BASSE,TERMINE
1441,OF202501441,204,214,376,376,33,2025-05-21,2025-06-17,2025-05-22,2025-06-01,NORMALE,TERMINE
1442,OF202501442,31,226,172,172,3,2026-06-20,2026-07-19,2026-06-20,2026-07-20,NORMALE,TERMINE
1443,OF202501443,254,465,34,34,1,2026-07-27,2026-08-12,2026-07-28,2026-08-08,NORMALE,TERMINE
1444,OF202501444,153,219,217,217,10,2025-12-12,2026-01-01,2025-12-15,2025-12-26,NORMALE,TERMINE
1445,OF202501445,278,151,134,134,10,2026-04-25,2026-05-08,2026-04-25,2026-05-26,NORMALE,TERMINE
1446,OF202501446,96,79,477,477,27,2026-07-09,2026-08-07,2026-07-10,2026-08-04,BASSE,TERMINE
1447,OF202501447,173,401,455,0,0,2025-04-26,2025-05-05,2025-04-26,,NORMALE,EN_COURS
1448,OF202501448,295,415,480,480,45,2025-11-15,2025-12-04,2025-11-16,2025-12-14,BASSE,TERMINE
1449,OF202501449,220,268,290,290,22,2026-05-16,2026-05-25,2026-05-19,2026-06-18,BASSE,TERMINE
1450,OF202501450,99,35,26,0,0,2025-09-22,2025-10-17,,,NORMALE,ANNULE
1451,OF202501451,121,421,169,0,0,2026-02-28,2026-03-16,2026-03-02,,NORMALE,EN_COURS
1452,OF202501452,265,143,146,146,14,2025-04-11,2025-04-26,2025-04-12,2025-05-01,BASSE,TERMINE
1453,OF202501453,67,105,180,180,10,2025-12-20,2025-12-28,2025-12-23,2026-01-09,HAUTE,TERMINE
1454,OF202501454,63,480,272,0,0,2025-04-16,2025-04-22,2025-04-18,,NORMALE,EN_COURS
1455,OF202501455,130,430,288,0,0,2025-04-26,2025-05-21,,,NORMALE,EN_ATTENTE
1456,OF202501456,160,217,47,47,1,2026-03-01,2026-03-21,2026-03-04,2026-03-09,BASSE,TERMINE
1457,OF202501457,198,299,48,48,4,2025-04-02,2025-04-21,2025-04-03,2025-04-19,BASSE,TERMINE
1458,OF202501458,12,182,148,0,0,2026-01-24,2026-02-07,2026-01-26,,NORMALE,EN_COURS
1459,OF202501459,90,156,269,269,17,2025-09-19,2025-10-19,2025-09-20,2025-10-09,NORMALE,TERMINE
1460,OF202501460,137,179,356,0,0,2025-10-07,2025-10-30,2025-10-09,,BASSE,EN_COURS
1461,OF202501461,144,307,220,220,26,2026-03-11,2026-03-14,2026-03-11,2026-03-23,NORMALE,TERMINE
1462,OF202501462,45,130,80,80,3,2025-06-05,2025-06-23,2025-06-06,2025-07-10,NORMALE,TERMINE
1463,OF202501463,268,196,146,146,15,2025-05-09,2025-06-03,2025-05-09,2025-06-03,NORMALE,TERMINE
1464,OF202501464,228,180,283,0,0,2026-01-12,2026-02-05,2026-01-12,,NORMALE,EN_COURS
1465,OF202501465,298,223,20,20,1,2026-08-23,2026-09-01,2026-08-25,2026-08-28,NORMALE,TERMINE
1466,OF202501466,294,25,194,194,7,2025-02-03,2025-02-23,2025-02-03,2025-02-10,BASSE,TERMINE
1467,OF202501467,133,95,331,0,0,2025-09-15,2025-10-05,2025-09-17,,NORMALE,EN_COURS
1468,OF202501468,97,437,363,363,27,2026-03-07,2026-03-15,2026-03-10,2026-04-10,HAUTE,TERMINE
1469,OF202501469,296,253,425,425,20,2025-07-05,2025-07-27,2025-07-07,2025-07-18,HAUTE,TERMINE
1470,OF202501470,199,323,437,437,39,2025-03-28,2025-04-23,2025-03-31,2025-04-28,NORMALE,TERMINE
1471,OF202501471,182,382,266,0,0,2025-01-08,2025-01-11,,,NORMALE,EN_ATTENTE
1472,OF202501472,58,223,464,0,0,2025-03-10,2025-04-02,,,NORMALE,ANNULE
1473,OF202501473,229,406,349,0,0,2025-10-19,2025-11-13,2025-10-21,,NORMALE,EN_COURS
1474,OF202501474,300,114,427,0,0,2026-02-24,2026-03-21,2026-02-25,,NORMALE,EN_COURS
1475,OF202501475,283,72,475,475,13,2026-06-11,2026-07-03,2026-06-14,2026-07-08,NORMALE,TERMINE
1476,OF202501476,24,31,294,0,0,2025-04-16,2025-04-23,,,HAUTE,EN_ATTENTE
1477,OF202501477,146,402,387,387,46,2025-09-03,2025-09-07,2025-09-05,2025-10-05,BASSE,TERMINE
1478,OF202501478,290,345,481,481,43,2025-10-23,2025-10-31,2025-10-24,2025-11-07,HAUTE,TERMINE
1479,OF202501479,77,73,355,355,19,2026-07-02,2026-07-30,2026-07-05,2026-07-29,NORMALE,TERMINE
1480,OF202501480,208,356,73,73,2,2026-11-07,2026-11-16,2026-11-07,2026-12-11,BASSE,TERMINE
1481,OF202501481,167,269,374,0,0,2026-04-29,2026-05-05,2026-04-29,,NORMALE,EN_COURS
1482,OF202501482,175,499,383,383,9,2025-03-08,2025-04-06,2025-03-11,2025-04-12,BASSE,TERMINE
1483,OF202501483,268,241,489,0,0,2025-01-03,2025-01-21,2025-01-03,,BASSE,EN_COURS
1484,OF202501484,60,385,215,0,0,2025-09-21,2025-10-02,,,NORMALE,EN_ATTENTE
1485,OF202501485,196,275,308,308,23,2026-06-01,2026-06-11,2026-06-01,2026-06-30,BASSE,TERMINE
1486,OF202501486,186,430,164,0,0,2026-05-17,2026-05-26,2026-05-19,,NORMALE,EN_COURS
1487,OF202501487,95,319,257,257,5,2025-10-27,2025-11-16,2025-10-30,2025-11-15,NORMALE,TERMINE
1488,OF202501488,241,322,85,85,9,2025-12-15,2025-12-25,2025-12-16,2025-12-30,HAUTE,TERMINE
1489,OF202501489,81,304,294,294,10,2025-02-01,2025-02-21,2025-02-02,2025-03-02,NORMALE,TERMINE
1490,OF202501490,248,78,220,220,24,2025-01-20,2025-01-27,2025-01-23,2025-02-05,NORMALE,TERMINE
1491,OF202501491,105,296,341,0,0,2026-01-05,2026-01-22,,,NORMALE,ANNULE
1492,OF202501492,33,184,352,0,0,2026-06-27,2026-07-04,2026-06-27,,NORMALE,EN_COURS
1493,OF202501493,1,427,251,0,0,2025-01-10,2025-02-08,2025-01-10,,BASSE,EN_COURS
1494,OF202501494,229,406,407,407,37,2025-03-04,2025-03-23,2025-03-07,2025-04-07,NORMALE,TERMINE
1495,OF202501495,223,430,419,0,0,2025-02-05,2025-02-26,2025-02-06,,HAUTE,EN_COURS
1496,OF202501496,140,273,365,0,0,2026-03-22,2026-04-09,2026-03-24,,HAUTE,EN_COURS
1497,OF202501497,277,155,100,100,10,2026-09-23,2026-10-09,2026-09-25,2026-09-29,BASSE,TERMINE
1498,OF202501498,147,335,236,236,13,2025-05-17,2025-06-02,2025-05-20,2025-06-03,NORMALE,TERMINE
1499,OF202501499,142,115,267,267,18,2025-04-16,2025-05-03,2025-04-18,2025-05-06,NORMALE,TERMINE
1500,OF202501500,180,401,109,109,3,2025-11-11,2025-11-24,2025-11-12,2025-12-10,NORMALE,TERMINE
1501,OF202501501,96,234,125,0,0,2025-03-01,2025-03-10,,,NORMALE,ANNULE
1502,OF202501502,65,208,186,186,8,2025-06-25,2025-07-09,2025-06-28,2025-07-07,BASSE,TERMINE
1503,OF202501503,17,355,407,407,21,2025-02-10,2025-03-08,2025-02-13,2025-02-22,NORMALE,TERMINE
1504,OF202501504,222,472,248,0,0,2026-02-14,2026-03-12,,,HAUTE,EN_ATTENTE
1505,OF202501505,246,376,295,0,0,2025-07-24,2025-08-11,,,NORMALE,EN_ATTENTE
1506,OF202501506,295,494,418,0,0,2026-01-02,2026-01-31,,,HAUTE,ANNULE
1507,OF202501507,108,158,317,317,20,2025-08-02,2025-08-11,2025-08-03,2025-08-22,NORMALE,TERMINE
1508,OF202501508,112,220,191,0,0,2026-02-14,2026-02-22,,,NORMALE,EN_ATTENTE
1509,OF202501509,267,181,436,436,23,2025-08-13,2025-08-31,2025-08-14,2025-08-23,BASSE,TERMINE
1510,OF202501510,297,71,127,0,0,2026-04-28,2026-05-27,,,NORMALE,EN_ATTENTE
1511,OF202501511,28,290,82,82,8,2026-11-02,2026-11-11,2026-11-04,2026-12-06,NORMALE,TERMINE
1512,OF202501512,105,401,107,107,3,2025-08-27,2025-09-23,2025-08-28,2025-09-22,NORMALE,TERMINE
1513,OF202501513,276,173,334,334,22,2025-03-26,2025-04-02,2025-03-28,2025-04-20,NORMALE,TERMINE
1514,OF202501514,281,336,122,122,13,2026-03-27,2026-04-02,2026-03-29,2026-04-25,NORMALE,TERMINE
1515,OF202501515,59,91,207,207,11,2026-07-08,2026-07-11,2026-07-11,2026-07-22,NORMALE,TERMINE
1516,OF202501516,183,189,83,0,0,2025-04-09,2025-04-23,2025-04-12,,NORMALE,EN_COURS
1517,OF202501517,277,155,232,232,21,2025-10-24,2025-10-27,2025-10-26,2025-11-04,NORMALE,TERMINE
1518,OF202501518,231,43,318,318,12,2026-03-15,2026-04-03,2026-03-17,2026-04-08,BASSE,TERMINE
1519,OF202501519,68,311,123,123,13,2026-09-10,2026-09-27,2026-09-13,2026-10-14,NORMALE,TERMINE
1520,OF202501520,266,250,200,200,15,2025-01-24,2025-02-03,2025-01-25,2025-02-01,HAUTE,TERMINE
1521,OF202501521,192,389,186,186,16,2026-01-07,2026-02-03,2026-01-07,2026-02-02,NORMALE,TERMINE
1522,OF202501522,16,383,232,0,0,2026-10-27,2026-11-15,2026-10-30,,NORMALE,EN_COURS
1523,OF202501523,19,129,162,162,17,2026-05-22,2026-06-07,2026-05-25,2026-05-29,NORMALE,TERMINE
1524,OF202501524,291,446,193,0,0,2026-09-23,2026-09-28,2026-09-23,,NORMALE,EN_COURS
1525,OF202501525,119,320,250,0,0,2026-01-26,2026-02-03,2026-01-27,,HAUTE,EN_COURS
1526,OF202501526,53,175,133,0,0,2026-11-25,2026-12-12,2026-11-27,,NORMALE,EN_COURS
1527,OF202501527,106,148,324,0,0,2025-12-11,2026-01-02,2025-12-13,,NORMALE,EN_COURS
1528,OF202501528,4,110,413,413,40,2025-10-20,2025-11-05,2025-10-22,2025-11-07,NORMALE,TERMINE
1529,OF202501529,189,18,261,0,0,2025-08-11,2025-08-15,,,HAUTE,EN_ATTENTE
1530,OF202501530,28,290,349,349,14,2025-05-30,2025-06-25,2025-06-02,2025-07-04,HAUTE,TERMINE
1531,OF202501531,193,85,189,189,17,2026-02-04,2026-02-28,2026-02-07,2026-02-15,BASSE,TERMINE
1532,OF202501532,96,95,480,480,19,2026-06-02,2026-06-19,2026-06-04,2026-06-25,NORMALE,TERMINE
1533,OF202501533,34,326,59,59,1,2026-08-18,2026-08-24,2026-08-18,2026-09-11,HAUTE,TERMINE
1534,OF202501534,281,280,382,382,44,2025-01-24,2025-02-19,2025-01-27,2025-02-04,NORMALE,TERMINE
1535,OF202501535,79,438,239,0,0,2026-07-26,2026-08-16,2026-07-27,,BASSE,EN_COURS
1536,OF202501536,241,322,490,0,0,2025-10-14,2025-10-19,2025-10-17,,NORMALE,EN_COURS
1537,OF202501537,221,106,21,21,2,2026-09-06,2026-09-15,2026-09-09,2026-09-14,NORMALE,TERMINE
1538,OF202501538,150,456,17,17,0,2025-10-20,2025-11-03,2025-10-23,2025-11-20,NORMALE,TERMINE
1539,OF202501539,140,225,163,163,18,2025-09-19,2025-10-07,2025-09-20,2025-10-16,NORMALE,TERMINE
1540,OF202501540,120,291,39,39,2,2025-11-30,2025-12-07,2025-11-30,2025-12-26,NORMALE,TERMINE
1541,OF202501541,224,65,107,107,6,2026-03-30,2026-04-19,2026-04-01,2026-04-27,HAUTE,TERMINE
1542,OF202501542,47,319,267,267,27,2025-08-31,2025-09-17,2025-09-02,2025-09-12,NORMALE,TERMINE
1543,OF202501543,182,382,173,173,6,2026-09-26,2026-10-05,2026-09-26,2026-10-13,NORMALE,TERMINE
1544,OF202501544,166,24,450,0,0,2026-08-08,2026-08-31,,,HAUTE,EN_ATTENTE
1545,OF202501545,200,201,337,0,0,2025-06-19,2025-06-30,2025-06-20,,NORMALE,EN_COURS
1546,OF202501546,153,219,314,0,0,2025-12-04,2025-12-12,2025-12-04,,NORMALE,EN_COURS
1547,OF202501547,96,441,26,0,0,2025-08-29,2025-09-17,,,NORMALE,EN_ATTENTE
1548,OF202501548,232,2,117,0,0,2025-12-05,2026-01-04,,,NORMALE,EN_ATTENTE
1549,OF202501549,159,347,10,10,0,2025-11-03,2025-11-24,2025-11-03,2025-11-14,NORMALE,TERMINE
1550,OF202501550,133,411,477,0,0,2026-08-20,2026-08-26,2026-08-20,,NORMALE,EN_COURS
1551,OF202501551,219,254,183,0,0,2025-02-15,2025-03-14,2025-02-16,,HAUTE,EN_COURS
1552,OF202501552,295,415,292,292,22,2026-02-23,2026-03-20,2026-02-23,2026-03-20,BASSE,TERMINE
1553,OF202501553,23,93,170,170,7,2026-06-18,2026-07-10,2026-06-19,2026-06-29,NORMALE,TERMINE
1554,OF202501554,68,311,10,10,0,2025-04-13,2025-05-12,2025-04-14,2025-05-04,NORMALE,TERMINE
1555,OF202501555,1,427,447,0,0,2026-05-09,2026-05-18,2026-05-09,,NORMALE,EN_COURS
1556,OF202501556,55,227,425,0,0,2025-12-29,2026-01-28,,,BASSE,EN_ATTENTE
1557,OF202501557,239,408,201,0,0,2026-07-27,2026-07-31,,,HAUTE,ANNULE
1558,OF202501558,198,299,404,404,24,2026-08-16,2026-08-22,2026-08-17,2026-09-19,NORMALE,TERMINE
1559,OF202501559,192,51,304,304,34,2025-04-08,2025-05-02,2025-04-09,2025-05-09,NORMALE,TERMINE
1560,OF202501560,211,172,348,0,0,2026-05-20,2026-05-25,,,NORMALE,EN_ATTENTE
1561,OF202501561,248,78,322,322,11,2025-06-01,2025-06-23,2025-06-02,2025-06-28,NORMALE,TERMINE
1562,OF202501562,286,315,369,0,0,2025-04-14,2025-05-06,,,BASSE,EN_ATTENTE
1563,OF202501563,217,202,116,0,0,2025-05-24,2025-05-29,2025-05-25,,NORMALE,EN_COURS
1564,OF202501564,144,307,298,0,0,2025-09-29,2025-10-03,2025-09-29,,HAUTE,EN_COURS
1565,OF202501565,110,258,485,485,36,2026-04-28,2026-05-16,2026-04-30,2026-05-19,HAUTE,TERMINE
1566,OF202501566,198,299,13,13,1,2026-02-02,2026-02-17,2026-02-02,2026-02-09,NORMALE,TERMINE
1567,OF202501567,93,367,379,379,9,2025-02-03,2025-02-26,2025-02-04,2025-03-09,NORMALE,TERMINE
1568,OF202501568,199,323,261,261,8,2026-11-21,2026-11-26,2026-11-22,2026-11-29,NORMALE,TERMINE
1569,OF202501569,221,106,51,51,4,2025-05-05,2025-05-29,2025-05-06,2025-06-06,HAUTE,TERMINE
1570,OF202501570,118,142,192,0,0,2026-08-21,2026-09-20,2026-08-24,,HAUTE,EN_COURS
1571,OF202501571,298,223,123,0,0,2025-04-28,2025-05-26,,,NORMALE,EN_ATTENTE
1572,OF202501572,146,402,362,362,7,2026-06-02,2026-06-27,2026-06-02,2026-07-04,NORMALE,TERMINE
1573,OF202501573,299,431,400,0,0,2026-02-19,2026-03-21,2026-02-19,,HAUTE,EN_COURS
1574,OF202501574,148,364,43,0,0,2025-05-25,2025-06-21,,,HAUTE,EN_ATTENTE
1575,OF202501575,26,453,275,0,0,2025-05-06,2025-05-21,2025-05-08,,NORMALE,EN_COURS
1576,OF202501576,53,371,139,139,3,2025-09-19,2025-10-15,2025-09-22,2025-10-20,NORMALE,TERMINE
1577,OF202501577,278,151,62,62,3,2025-09-20,2025-09-24,2025-09-21,2025-10-03,NORMALE,TERMINE
1578,OF202501578,167,269,25,0,0,2026-02-18,2026-02-21,2026-02-20,,BASSE,EN_COURS
1579,OF202501579,257,19,493,493,31,2026-04-13,2026-04-24,2026-04-15,2026-04-30,HAUTE,TERMINE
1580,OF202501580,286,228,478,478,21,2025-12-23,2026-01-13,2025-12-23,2026-01-12,NORMALE,TERMINE
1581,OF202501581,141,318,346,0,0,2025-01-17,2025-01-29,2025-01-19,,NORMALE,EN_COURS
1582,OF202501582,233,442,444,444,26,2025-07-15,2025-08-08,2025-07-17,2025-08-03,HAUTE,TERMINE
1583,OF202501583,200,493,186,0,0,2025-07-19,2025-07-23,,,NORMALE,EN_ATTENTE
1584,OF202501584,50,170,263,263,17,2025-05-23,2025-06-11,2025-05-26,2025-05-31,BASSE,TERMINE
1585,OF202501585,151,453,474,474,38,2025-01-15,2025-01-22,2025-01-18,2025-01-24,NORMALE,TERMINE
1586,OF202501586,229,406,208,0,0,2025-05-21,2025-06-17,,,NORMALE,EN_ATTENTE
1587,OF202501587,277,155,167,167,16,2026-09-04,2026-09-23,2026-09-05,2026-09-17,NORMALE,TERMINE
1588,OF202501588,205,471,412,412,10,2026-11-23,2026-12-09,2026-11-26,2026-12-18,BASSE,TERMINE
1589,OF202501589,203,222,391,0,0,2026-05-18,2026-06-16,2026-05-20,,NORMALE,EN_COURS
1590,OF202501590,23,93,488,0,0,2026-05-25,2026-06-01,,,NORMALE,EN_ATTENTE
1591,OF202501591,106,148,85,85,2,2025-10-08,2025-10-16,2025-10-09,2025-10-23,HAUTE,TERMINE
1592,OF202501592,200,44,438,0,0,2026-06-20,2026-07-19,,,NORMALE,EN_ATTENTE
1593,OF202501593,159,347,65,65,6,2026-01-06,2026-02-05,2026-01-06,2026-01-21,NORMALE,TERMINE
1594,OF202501594,5,297,126,0,0,2025-12-05,2025-12-14,2025-12-05,,NORMALE,EN_COURS
1595,OF202501595,97,437,221,221,19,2025-01-18,2025-01-31,2025-01-19,2025-02-01,NORMALE,TERMINE
1596,OF202501596,125,31,73,0,0,2025-01-07,2025-01-29,,,NORMALE,EN_ATTENTE
1597,OF202501597,44,475,148,0,0,2025-09-22,2025-10-18,,,BASSE,EN_ATTENTE
1598,OF202501598,116,324,367,367,38,2026-10-19,2026-11-16,2026-10-19,2026-11-01,NORMALE,TERMINE
1599,OF202501599,276,173,474,474,49,2025-07-21,2025-08-14,2025-07-24,2025-08-23,NORMALE,TERMINE
1600,OF202501600,279,84,397,397,44,2025-06-02,2025-06-08,2025-06-02,2025-06-20,NORMALE,TERMINE
1601,OF202501601,76,124,491,0,0,2026-08-03,2026-09-02,,,NORMALE,EN_ATTENTE
1602,OF202501602,265,33,31,31,3,2026-11-29,2026-12-20,2026-12-02,2026-12-08,NORMALE,TERMINE
1603,OF202501603,84,341,405,0,0,2026-09-24,2026-10-21,2026-09-27,,NORMALE,EN_COURS
1604,OF202501604,112,220,154,0,0,2025-12-22,2026-01-21,2025-12-23,,NORMALE,EN_COURS
1605,OF202501605,214,117,277,277,26,2026-06-30,2026-07-07,2026-07-01,2026-07-28,NORMALE,TERMINE
1606,OF202501606,253,351,105,0,0,2025-05-12,2025-06-04,2025-05-14,,NORMALE,EN_COURS
1607,OF202501607,104,340,279,0,0,2026-11-27,2026-12-17,,,BASSE,EN_ATTENTE
1608,OF202501608,96,298,137,0,0,2025-09-15,2025-09-28,,,HAUTE,EN_ATTENTE
1609,OF202501609,188,125,271,271,17,2026-04-29,2026-05-07,2026-04-29,2026-05-12,NORMALE,TERMINE
1610,OF202501610,243,455,32,0,0,2026-06-30,2026-07-07,2026-07-03,,NORMALE,EN_COURS
1611,OF202501611,154,359,238,238,19,2025-03-22,2025-04-17,2025-03-23,2025-03-28,NORMALE,TERMINE
1612,OF202501612,161,64,120,0,0,2026-02-04,2026-02-24,,,NORMALE,EN_ATTENTE
1613,OF202501613,185,171,373,0,0,2025-05-20,2025-06-04,,,NORMALE,EN_ATTENTE
1614,OF202501614,66,154,440,440,43,2025-10-30,2025-11-24,2025-10-30,2025-11-12,HAUTE,TERMINE
1615,OF202501615,135,83,17,0,0,2026-02-01,2026-02-06,,,NORMALE,EN_ATTENTE
1616,OF202501616,143,458,454,0,0,2026-09-04,2026-09-19,2026-09-06,,NORMALE,EN_COURS
1617,OF202501617,181,86,119,0,0,2025-03-12,2025-04-03,2025-03-15,,BASSE,EN_COURS
1618,OF202501618,50,103,126,126,10,2025-09-06,2025-09-17,2025-09-09,2025-09-16,NORMALE,TERMINE
1619,OF202501619,240,190,392,0,0,2025-07-30,2025-08-27,,,NORMALE,EN_ATTENTE
1620,OF202501620,155,263,264,0,0,2026-01-09,2026-02-04,2026-01-11,,NORMALE,EN_COURS
1621,OF202501621,283,72,278,278,16,2026-06-03,2026-06-08,2026-06-06,2026-06-24,NORMALE,TERMINE
1622,OF202501622,67,105,265,0,0,2026-09-14,2026-09-25,2026-09-15,,NORMALE,EN_COURS
1623,OF202501623,234,205,75,0,0,2026-05-18,2026-05-30,,,NORMALE,ANNULE
1624,OF202501624,299,99,70,0,0,2025-06-14,2025-06-22,,,NORMALE,ANNULE
1625,OF202501625,96,125,295,295,19,2025-02-11,2025-02-28,2025-02-11,2025-02-25,NORMALE,TERMINE
1626,OF202501626,61,119,459,459,30,2026-06-22,2026-07-01,2026-06-25,2026-07-14,BASSE,TERMINE
1627,OF202501627,236,266,13,13,0,2026-04-16,2026-04-19,2026-04-17,2026-05-03,NORMALE,TERMINE
1628,OF202501628,181,86,240,0,0,2026-01-22,2026-02-16,,,NORMALE,EN_ATTENTE
1629,OF202501629,72,88,89,89,7,2025-05-04,2025-06-03,2025-05-05,2025-06-03,NORMALE,TERMINE
1630,OF202501630,276,173,118,0,0,2026-05-31,2026-06-16,,,NORMALE,EN_ATTENTE
1631,OF202501631,276,173,400,400,36,2026-03-27,2026-04-03,2026-03-30,2026-04-09,NORMALE,TERMINE
1632,OF202501632,111,97,163,0,0,2026-01-04,2026-01-27,2026-01-07,,HAUTE,EN_COURS
1633,OF202501633,292,93,215,215,23,2026-02-15,2026-03-11,2026-02-18,2026-02-21,HAUTE,TERMINE
1634,OF202501634,279,190,113,0,0,2025-09-16,2025-10-09,,,HAUTE,ANNULE
1635,OF202501635,136,466,382,0,0,2025-10-11,2025-11-01,,,NORMALE,ANNULE
1636,OF202501636,288,14,168,0,0,2026-03-20,2026-04-03,,,NORMALE,EN_ATTENTE
1637,OF202501637,51,300,24,0,0,2026-02-03,2026-03-01,,,HAUTE,ANNULE
1638,OF202501638,121,421,397,397,22,2025-01-20,2025-02-01,2025-01-21,2025-02-19,HAUTE,TERMINE
1639,OF202501639,271,462,183,0,0,2026-08-17,2026-08-31,,,NORMALE,EN_ATTENTE
1640,OF202501640,186,398,330,0,0,2026-01-17,2026-02-07,,,NORMALE,ANNULE
1641,OF202501641,133,141,303,0,0,2025-07-22,2025-07-28,,,NORMALE,EN_ATTENTE
1642,OF202501642,107,246,182,0,0,2026-08-14,2026-09-01,2026-08-15,,NORMALE,EN_COURS
1643,OF202501643,251,327,253,253,25,2026-05-15,2026-05-29,2026-05-16,2026-05-31,NORMALE,TERMINE
1644,OF202501644,218,38,55,0,0,2026-05-13,2026-05-24,2026-05-13,,NORMALE,EN_COURS
1645,OF202501645,300,338,294,0,0,2025-01-25,2025-02-14,2025-01-27,,NORMALE,EN_COURS
1646,OF202501646,92,252,108,108,10,2025-07-25,2025-08-16,2025-07-25,2025-08-20,BASSE,TERMINE
1647,OF202501647,208,65,58,0,0,2025-03-18,2025-03-23,2025-03-19,,HAUTE,EN_COURS
1648,OF202501648,55,416,167,0,0,2025-10-17,2025-10-25,2025-10-18,,BASSE,EN_COURS
1649,OF202501649,212,325,48,48,0,2025-09-25,2025-10-16,2025-09-25,2025-10-02,HAUTE,TERMINE
1650,OF202501650,269,313,407,0,0,2025-09-14,2025-10-13,,,BASSE,EN_ATTENTE
1651,OF202501651,236,266,419,0,0,2026-11-06,2026-11-28,2026-11-06,,NORMALE,EN_COURS
1652,OF202501652,176,451,23,0,0,2026-01-26,2026-02-12,2026-01-29,,NORMALE,EN_COURS
1653,OF202501653,237,414,28,0,0,2026-08-22,2026-09-15,2026-08-25,,HAUTE,EN_COURS
1654,OF202501654,61,90,244,244,21,2025-07-05,2025-07-21,2025-07-07,2025-07-17,NORMALE,TERMINE
1655,OF202501655,30,248,299,299,16,2026-03-26,2026-04-03,2026-03-28,2026-04-29,NORMALE,TERMINE
1656,OF202501656,241,197,196,196,7,2026-01-06,2026-01-30,2026-01-09,2026-01-30,NORMALE,TERMINE
1657,OF202501657,251,327,181,0,0,2025-11-12,2025-12-06,,,HAUTE,EN_ATTENTE
1658,OF202501658,50,170,423,423,43,2025-07-07,2025-08-02,2025-07-10,2025-07-12,NORMALE,TERMINE
1659,OF202501659,218,38,284,284,7,2026-10-19,2026-11-12,2026-10-22,2026-11-17,NORMALE,TERMINE
1660,OF202501660,269,313,492,492,33,2025-12-22,2026-01-10,2025-12-25,2026-01-26,NORMALE,TERMINE
1661,OF202501661,151,29,447,447,31,2026-02-25,2026-03-08,2026-02-27,2026-03-30,BASSE,TERMINE
1662,OF202501662,87,287,439,0,0,2026-05-20,2026-06-13,2026-05-23,,NORMALE,EN_COURS
1663,OF202501663,180,401,386,386,36,2025-12-09,2025-12-28,2025-12-12,2026-01-03,NORMALE,TERMINE
1664,OF202501664,198,299,236,236,19,2025-03-22,2025-04-05,2025-03-24,2025-04-22,NORMALE,TERMINE
1665,OF202501665,123,148,452,452,37,2025-11-24,2025-12-17,2025-11-24,2025-12-21,BASSE,TERMINE
1666,OF202501666,130,13,263,263,24,2025-06-23,2025-07-15,2025-06-23,2025-07-15,NORMALE,TERMINE
1667,OF202501667,269,392,338,0,0,2026-10-01,2026-10-12,2026-10-03,,BASSE,EN_COURS
1668,OF202501668,14,185,153,153,17,2026-07-22,2026-08-21,2026-07-22,2026-08-20,NORMALE,TERMINE
1669,OF202501669,269,283,111,0,0,2026-07-01,2026-07-15,2026-07-04,,NORMALE,EN_COURS
1670,OF202501670,298,223,136,0,0,2026-02-21,2026-03-15,2026-02-24,,NORMALE,EN_COURS
1671,OF202501671,156,454,409,409,16,2025-01-30,2025-02-17,2025-01-31,2025-02-18,NORMALE,TERMINE
1672,OF202501672,141,318,207,0,0,2025-08-12,2025-08-20,2025-08-14,,NORMALE,EN_COURS
1673,OF202501673,16,413,460,0,0,2025-05-25,2025-06-10,,,NORMALE,EN_ATTENTE
1674,OF202501674,185,171,307,307,15,2026-03-19,2026-03-28,2026-03-20,2026-04-21,NORMALE,TERMINE
1675,OF202501675,203,222,364,0,0,2026-02-08,2026-03-10,2026-02-11,,NORMALE,EN_COURS
1676,OF202501676,20,134,79,0,0,2026-05-13,2026-05-22,2026-05-16,,BASSE,EN_COURS
1677,OF202501677,136,466,37,0,0,2026-08-13,2026-08-25,2026-08-13,,HAUTE,EN_COURS
1678,OF202501678,28,290,233,0,0,2025-02-15,2025-03-05,,,NORMALE,EN_ATTENTE
1679,OF202501679,274,8,68,68,7,2026-02-06,2026-02-18,2026-02-08,2026-03-01,NORMALE,TERMINE
1680,OF202501680,244,305,110,110,3,2025-08-30,2025-09-29,2025-08-30,2025-09-17,NORMALE,TERMINE
1681,OF202501681,129,11,345,345,27,2026-01-16,2026-01-27,2026-01-19,2026-02-06,NORMALE,TERMINE
1682,OF202501682,175,137,352,352,8,2026-10-19,2026-11-12,2026-10-20,2026-11-06,BASSE,TERMINE
1683,OF202501683,240,190,250,250,17,2025-12-09,2025-12-25,2025-12-12,2025-12-15,BASSE,TERMINE
1684,OF202501684,278,151,132,132,4,2026-02-13,2026-02-19,2026-02-14,2026-03-08,NORMALE,TERMINE
1685,OF202501685,97,437,340,340,29,2026-08-26,2026-09-14,2026-08-28,2026-09-30,NORMALE,TERMINE
1686,OF202501686,107,246,238,238,18,2025-01-10,2025-01-23,2025-01-10,2025-01-30,BASSE,TERMINE
1687,OF202501687,23,395,463,463,11,2025-01-31,2025-03-01,2025-02-03,2025-02-13,NORMALE,TERMINE
1688,OF202501688,19,129,358,358,33,2026-10-23,2026-11-04,2026-10-26,2026-11-13,NORMALE,TERMINE
1689,OF202501689,263,3,274,274,30,2025-12-26,2026-01-12,2025-12-27,2026-01-13,NORMALE,TERMINE
1690,OF202501690,169,356,454,0,0,2025-10-26,2025-11-06,2025-10-27,,NORMALE,EN_COURS
1691,OF202501691,246,376,106,106,11,2025-05-01,2025-05-31,2025-05-04,2025-05-23,NORMALE,TERMINE
1692,OF202501692,260,136,421,421,29,2025-09-20,2025-09-30,2025-09-20,2025-10-08,NORMALE,TERMINE
1693,OF202501693,266,250,146,146,11,2025-09-25,2025-10-06,2025-09-25,2025-10-17,NORMALE,TERMINE
1694,OF202501694,294,146,22,0,0,2025-07-24,2025-08-01,,,NORMALE,ANNULE
1695,OF202501695,18,262,12,12,0,2025-12-17,2025-12-24,2025-12-20,2026-01-10,NORMALE,TERMINE
1696,OF202501696,28,290,436,436,50,2026-10-27,2026-10-31,2026-10-28,2026-11-20,HAUTE,TERMINE
1697,OF202501697,206,125,317,0,0,2025-06-19,2025-06-29,2025-06-21,,HAUTE,EN_COURS
1698,OF202501698,205,190,135,0,0,2025-01-31,2025-02-17,2025-01-31,,HAUTE,EN_COURS
1699,OF202501699,181,86,421,421,47,2025-07-04,2025-07-28,2025-07-07,2025-07-15,NORMALE,TERMINE
1700,OF202501700,14,185,321,0,0,2026-01-01,2026-01-10,,,BASSE,EN_ATTENTE
1701,OF202501701,48,479,21,0,0,2025-10-27,2025-11-03,,,NORMALE,ANNULE
1702,OF202501702,103,147,368,368,26,2025-02-09,2025-03-08,2025-02-12,2025-03-15,NORMALE,TERMINE
1703,OF202501703,29,272,364,364,42,2025-02-03,2025-02-24,2025-02-04,2025-03-09,HAUTE,TERMINE
1704,OF202501704,178,161,121,121,12,2026-06-13,2026-06-27,2026-06-16,2026-07-12,NORMALE,TERMINE
1705,OF202501705,229,406,393,393,34,2025-06-03,2025-06-14,2025-06-05,2025-06-28,NORMALE,TERMINE
1706,OF202501706,122,444,90,0,0,2026-05-13,2026-05-20,2026-05-14,,HAUTE,EN_COURS
1707,OF202501707,264,467,446,0,0,2025-05-15,2025-06-05,,,BASSE,EN_ATTENTE
1708,OF202501708,182,382,195,195,12,2026-01-09,2026-02-01,2026-01-12,2026-02-04,HAUTE,TERMINE
1709,OF202501709,271,462,31,0,0,2025-09-07,2025-09-11,2025-09-07,,NORMALE,EN_COURS
1710,OF202501710,295,415,327,327,30,2025-12-03,2026-01-02,2025-12-05,2025-12-16,BASSE,TERMINE
1711,OF202501711,233,442,17,0,0,2025-10-29,2025-11-17,,,NORMALE,EN_ATTENTE
1712,OF202501712,284,234,375,375,28,2025-11-30,2025-12-26,2025-11-30,2025-12-21,HAUTE,TERMINE
1713,OF202501713,131,372,131,131,13,2025-12-07,2025-12-10,2025-12-10,2026-01-10,NORMALE,TERMINE
1714,OF202501714,185,298,419,419,29,2025-08-04,2025-08-18,2025-08-06,2025-08-25,NORMALE,TERMINE
1715,OF202501715,32,485,88,88,5,2026-04-03,2026-04-20,2026-04-05,2026-04-17,HAUTE,TERMINE
1716,OF202501716,232,337,304,304,27,2025-07-04,2025-07-18,2025-07-06,2025-08-06,NORMALE,TERMINE
1717,OF202501717,65,208,157,157,12,2026-08-24,2026-09-21,2026-08-25,2026-09-13,HAUTE,TERMINE
1718,OF202501718,20,9,457,457,47,2025-12-05,2025-12-19,2025-12-07,2025-12-27,NORMALE,TERMINE
1719,OF202501719,292,371,145,145,5,2025-04-19,2025-05-05,2025-04-22,2025-04-28,NORMALE,TERMINE
1720,OF202501720,289,139,260,260,20,2025-05-01,2025-05-08,2025-05-03,2025-05-17,NORMALE,TERMINE
1721,OF202501721,176,178,230,230,11,2026-04-03,2026-04-14,2026-04-03,2026-04-20,NORMALE,TERMINE
1722,OF202501722,80,186,213,213,10,2026-01-05,2026-01-14,2026-01-05,2026-02-09,NORMALE,TERMINE
1723,OF202501723,189,18,62,62,3,2026-05-24,2026-06-16,2026-05-24,2026-05-30,NORMALE,TERMINE
1724,OF202501724,187,237,190,190,19,2025-12-31,2026-01-22,2026-01-02,2026-02-02,NORMALE,TERMINE
1725,OF202501725,223,123,295,0,0,2026-11-11,2026-11-20,,,NORMALE,ANNULE
1726,OF202501726,105,201,257,257,26,2026-03-01,2026-03-17,2026-03-01,2026-03-23,BASSE,TERMINE
1727,OF202501727,183,149,307,0,0,2025-04-04,2025-04-07,2025-04-07,,NORMALE,EN_COURS
1728,OF202501728,27,159,199,0,0,2025-12-04,2025-12-28,2025-12-07,,NORMALE,EN_COURS
1729,OF202501729,287,133,377,377,22,2026-08-16,2026-09-02,2026-08-17,2026-08-28,HAUTE,TERMINE
1730,OF202501730,197,343,134,134,9,2025-03-12,2025-04-05,2025-03-15,2025-03-18,NORMALE,TERMINE
1731,OF202501731,266,250,55,55,5,2025-02-04,2025-02-18,2025-02-06,2025-03-06,HAUTE,TERMINE
1732,OF202501732,101,69,114,0,0,2025-06-27,2025-07-01,,,NORMALE,EN_ATTENTE
1733,OF202501733,83,357,372,0,0,2025-07-14,2025-08-07,2025-07-15,,HAUTE,EN_COURS
1734,OF202501734,112,220,104,0,0,2025-01-03,2025-01-27,2025-01-04,,NORMALE,EN_COURS
1735,OF202501735,279,301,493,493,24,2026-11-02,2026-11-07,2026-11-03,2026-11-23,NORMALE,TERMINE
1736,OF202501736,231,43,241,241,26,2026-03-19,2026-04-03,2026-03-20,2026-04-16,NORMALE,TERMINE
1737,OF202501737,70,191,368,368,34,2025-04-05,2025-04-13,2025-04-07,2025-04-15,NORMALE,TERMINE
1738,OF202501738,208,233,382,0,0,2026-02-27,2026-03-11,2026-03-01,,NORMALE,EN_COURS
1739,OF202501739,16,413,402,402,27,2026-12-02,2026-12-29,2026-12-03,2026-12-31,NORMALE,TERMINE
1740,OF202501740,223,420,343,0,0,2025-12-02,2025-12-21,2025-12-02,,NORMALE,EN_COURS
1741,OF202501741,282,260,149,149,8,2026-09-17,2026-10-08,2026-09-18,2026-10-01,BASSE,TERMINE
1742,OF202501742,229,406,206,0,0,2026-09-17,2026-09-26,2026-09-19,,BASSE,EN_COURS
1743,OF202501743,128,1,233,233,18,2026-02-18,2026-03-02,2026-02-19,2026-03-01,NORMALE,TERMINE
1744,OF202501744,6,85,308,308,29,2025-01-12,2025-02-11,2025-01-15,2025-01-25,NORMALE,TERMINE
1745,OF202501745,199,323,275,275,9,2025-03-07,2025-03-13,2025-03-08,2025-04-07,BASSE,TERMINE
1746,OF202501746,75,212,461,461,35,2026-10-24,2026-10-31,2026-10-26,2026-11-10,NORMALE,TERMINE
1747,OF202501747,71,308,116,116,13,2025-08-24,2025-09-11,2025-08-26,2025-08-30,NORMALE,TERMINE
1748,OF202501748,33,45,164,164,7,2026-06-18,2026-07-01,2026-06-21,2026-07-09,NORMALE,TERMINE
1749,OF202501749,136,466,419,0,0,2025-11-30,2025-12-24,2025-12-03,,NORMALE,EN_COURS
1750,OF202501750,205,350,200,200,17,2026-04-17,2026-05-06,2026-04-20,2026-05-09,BASSE,TERMINE
1751,OF202501751,28,336,77,0,0,2026-02-10,2026-03-05,2026-02-13,,NORMALE,EN_COURS
1752,OF202501752,218,38,145,145,9,2025-08-08,2025-08-24,2025-08-09,2025-08-18,BASSE,TERMINE
1753,OF202501753,189,18,191,0,0,2025-07-17,2025-07-28,,,BASSE,EN_ATTENTE
1754,OF202501754,130,98,54,0,0,2026-06-07,2026-06-23,,,NORMALE,EN_ATTENTE
1755,OF202501755,227,352,198,198,5,2025-05-21,2025-05-25,2025-05-22,2025-06-05,HAUTE,TERMINE
1756,OF202501756,295,42,353,353,20,2026-11-05,2026-11-08,2026-11-07,2026-11-23,NORMALE,TERMINE
1757,OF202501757,52,128,290,0,0,2025-11-24,2025-11-28,2025-11-24,,BASSE,EN_COURS
1758,OF202501758,135,83,373,373,23,2026-07-31,2026-08-19,2026-08-03,2026-09-02,NORMALE,TERMINE
1759,OF202501759,105,103,364,364,14,2025-02-18,2025-03-17,2025-02-20,2025-02-27,NORMALE,TERMINE
1760,OF202501760,281,56,390,0,0,2026-06-02,2026-06-24,,,HAUTE,EN_ATTENTE
1761,OF202501761,40,450,74,0,0,2026-09-10,2026-09-15,,,NORMALE,EN_ATTENTE
1762,OF202501762,271,462,345,0,0,2025-10-30,2025-11-20,2025-11-02,,BASSE,EN_COURS
1763,OF202501763,186,332,77,77,6,2026-04-30,2026-05-03,2026-05-01,2026-05-16,NORMALE,TERMINE
1764,OF202501764,220,55,120,0,0,2025-11-21,2025-12-10,,,NORMALE,ANNULE
1765,OF202501765,100,19,331,0,0,2026-05-11,2026-05-29,2026-05-13,,BASSE,EN_COURS
1766,OF202501766,64,121,314,0,0,2025-06-06,2025-06-13,,,HAUTE,EN_ATTENTE
1767,OF202501767,56,425,183,183,8,2025-07-25,2025-08-23,2025-07-28,2025-08-02,NORMALE,TERMINE
1768,OF202501768,229,406,155,0,0,2025-09-09,2025-09-14,,,HAUTE,ANNULE
1769,OF202501769,65,208,101,0,0,2026-02-28,2026-03-16,2026-03-03,,NORMALE,EN_COURS
1770,OF202501770,180,401,113,113,6,2026-02-16,2026-02-21,2026-02-19,2026-03-23,HAUTE,TERMINE
1771,OF202501771,262,100,242,242,15,2025-11-30,2025-12-13,2025-12-02,2025-12-09,HAUTE,TERMINE
1772,OF202501772,72,88,466,466,30,2026-04-30,2026-05-26,2026-04-30,2026-05-09,NORMALE,TERMINE
1773,OF202501773,161,64,192,0,0,2026-03-24,2026-04-13,,,BASSE,EN_ATTENTE
1774,OF202501774,250,59,246,246,6,2025-03-19,2025-04-15,2025-03-19,2025-03-29,HAUTE,TERMINE
1775,OF202501775,268,9,362,362,20,2026-09-06,2026-09-15,2026-09-07,2026-09-18,NORMALE,TERMINE
1776,OF202501776,97,437,18,18,1,2026-10-07,2026-11-06,2026-10-09,2026-10-20,BASSE,TERMINE
1777,OF202501777,299,431,455,0,0,2026-03-05,2026-03-18,2026-03-08,,HAUTE,EN_COURS
1778,OF202501778,29,272,450,450,15,2025-04-21,2025-05-16,2025-04-22,2025-04-27,HAUTE,TERMINE
1779,OF202501779,91,424,280,280,8,2025-12-09,2026-01-01,2025-12-11,2026-01-06,NORMALE,TERMINE
1780,OF202501780,13,80,448,448,22,2026-10-31,2026-11-05,2026-11-02,2026-11-27,NORMALE,TERMINE
1781,OF202501781,259,27,320,320,31,2025-08-15,2025-08-24,2025-08-17,2025-09-01,HAUTE,TERMINE
1782,OF202501782,127,187,131,0,0,2025-01-07,2025-01-20,,,NORMALE,ANNULE
1783,OF202501783,247,447,109,109,8,2026-04-22,2026-05-17,2026-04-22,2026-04-27,NORMALE,TERMINE
1784,OF202501784,277,155,144,0,0,2025-08-27,2025-09-13,,,NORMALE,EN_ATTENTE
1785,OF202501785,230,470,412,412,10,2026-04-19,2026-04-22,2026-04-21,2026-05-08,HAUTE,TERMINE
1786,OF202501786,95,482,96,96,3,2026-07-20,2026-08-13,2026-07-21,2026-08-21,BASSE,TERMINE
1787,OF202501787,290,345,443,0,0,2026-07-07,2026-07-21,,,NORMALE,EN_ATTENTE
1788,OF202501788,195,329,201,201,23,2025-02-07,2025-02-21,2025-02-07,2025-02-27,NORMALE,TERMINE
1789,OF202501789,122,444,39,0,0,2025-12-22,2026-01-17,,,NORMALE,EN_ATTENTE
1790,OF202501790,186,481,203,203,18,2026-09-14,2026-10-11,2026-09-15,2026-09-26,HAUTE,TERMINE
1791,OF202501791,38,46,202,202,14,2025-10-22,2025-11-14,2025-10-25,2025-10-27,BASSE,TERMINE
1792,OF202501792,132,459,377,0,0,2026-10-07,2026-10-19,,,NORMALE,EN_ATTENTE
1793,OF202501793,182,382,113,0,0,2026-01-13,2026-01-30,,,NORMALE,ANNULE
1794,OF202501794,11,358,205,205,7,2026-01-13,2026-01-16,2026-01-15,2026-01-30,BASSE,TERMINE
1795,OF202501795,7,214,227,227,7,2025-05-31,2025-06-23,2025-06-01,2025-06-19,NORMALE,TERMINE
1796,OF202501796,82,221,487,0,0,2026-10-09,2026-11-02,,,HAUTE,EN_ATTENTE
1797,OF202501797,197,343,450,0,0,2025-01-21,2025-02-16,,,NORMALE,EN_ATTENTE
1798,OF202501798,61,90,413,0,0,2025-08-14,2025-08-30,,,BASSE,ANNULE
1799,OF202501799,2,496,11,11,0,2026-07-24,2026-07-29,2026-07-27,2026-07-30,NORMALE,TERMINE
1800,OF202501800,101,69,96,96,10,2026-06-25,2026-06-28,2026-06-27,2026-07-29,NORMALE,TERMINE
1801,OF202501801,269,313,263,263,20,2025-02-20,2025-02-25,2025-02-22,2025-03-18,NORMALE,TERMINE
1802,OF202501802,69,361,61,61,5,2025-04-18,2025-05-09,2025-04-20,2025-05-06,BASSE,TERMINE
1803,OF202501803,206,125,240,240,19,2025-07-27,2025-08-19,2025-07-29,2025-08-31,BASSE,TERMINE
1804,OF202501804,200,493,313,313,33,2025-06-21,2025-06-28,2025-06-21,2025-07-07,NORMALE,TERMINE
1805,OF202501805,62,21,484,0,0,2026-08-06,2026-09-01,2026-08-09,,NORMALE,EN_COURS
1806,OF202501806,145,434,192,0,0,2025-04-19,2025-05-05,2025-04-22,,HAUTE,EN_COURS
1807,OF202501807,137,473,287,287,8,2025-05-04,2025-05-24,2025-05-05,2025-06-01,HAUTE,TERMINE
1808,OF202501808,255,350,154,154,16,2026-05-27,2026-06-13,2026-05-28,2026-06-12,BASSE,TERMINE
1809,OF202501809,171,374,207,0,0,2026-09-11,2026-10-02,2026-09-14,,NORMALE,EN_COURS
1810,OF202501810,64,98,441,0,0,2025-03-24,2025-04-15,2025-03-25,,NORMALE,EN_COURS
1811,OF202501811,32,485,337,0,0,2026-08-15,2026-08-21,2026-08-16,,NORMALE,EN_COURS
1812,OF202501812,196,175,225,0,0,2026-08-23,2026-09-13,,,HAUTE,EN_ATTENTE
1813,OF202501813,97,437,118,0,0,2026-10-05,2026-10-10,2026-10-06,,NORMALE,EN_COURS
1814,OF202501814,285,258,338,338,33,2026-02-07,2026-02-26,2026-02-08,2026-02-28,HAUTE,TERMINE
1815,OF202501815,245,198,179,0,0,2025-07-02,2025-07-18,2025-07-03,,NORMALE,EN_COURS
1816,OF202501816,28,290,291,291,9,2026-05-18,2026-05-29,2026-05-21,2026-06-08,NORMALE,TERMINE
1817,OF202501817,96,300,350,0,0,2026-08-27,2026-09-05,2026-08-29,,NORMALE,EN_COURS
1818,OF202501818,189,18,94,94,6,2025-05-11,2025-05-18,2025-05-12,2025-05-18,NORMALE,TERMINE
1819,OF202501819,236,266,416,0,0,2025-09-08,2025-09-29,2025-09-10,,BASSE,EN_COURS
1820,OF202501820,225,127,38,38,3,2025-11-20,2025-12-03,2025-11-23,2025-12-17,NORMALE,TERMINE
1821,OF202501821,248,78,478,478,23,2025-05-09,2025-06-02,2025-05-11,2025-05-20,NORMALE,TERMINE
1822,OF202501822,164,113,366,0,0,2025-03-20,2025-03-25,2025-03-22,,NORMALE,EN_COURS
1823,OF202501823,254,190,470,0,0,2026-04-16,2026-04-24,,,NORMALE,EN_ATTENTE
1824,OF202501824,26,332,413,0,0,2025-07-12,2025-07-27,2025-07-14,,HAUTE,EN_COURS
1825,OF202501825,231,342,323,0,0,2025-09-20,2025-09-29,,,HAUTE,ANNULE
1826,OF202501826,103,147,433,433,9,2026-04-17,2026-04-20,2026-04-19,2026-05-02,NORMALE,TERMINE
1827,OF202501827,294,146,339,0,0,2025-10-07,2025-10-18,2025-10-07,,BASSE,EN_COURS
1828,OF202501828,31,226,259,0,0,2026-08-31,2026-09-18,,,HAUTE,EN_ATTENTE
1829,OF202501829,134,461,86,0,0,2025-04-28,2025-05-01,2025-04-28,,NORMALE,EN_COURS
1830,OF202501830,269,283,324,324,37,2026-03-02,2026-03-24,2026-03-02,2026-03-13,BASSE,TERMINE
1831,OF202501831,126,332,117,117,3,2026-06-26,2026-07-08,2026-06-26,2026-07-04,BASSE,TERMINE
1832,OF202501832,256,161,199,199,23,2026-02-10,2026-02-14,2026-02-10,2026-03-14,NORMALE,TERMINE
1833,OF202501833,211,172,92,92,10,2026-01-29,2026-02-06,2026-01-31,2026-03-01,BASSE,TERMINE
1834,OF202501834,166,233,476,476,43,2025-07-02,2025-07-08,2025-07-03,2025-07-17,HAUTE,TERMINE
1835,OF202501835,200,493,349,349,24,2025-09-13,2025-10-04,2025-09-15,2025-09-18,HAUTE,TERMINE
1836,OF202501836,43,279,151,0,0,2026-01-30,2026-02-14,2026-01-30,,NORMALE,EN_COURS
1837,OF202501837,175,419,348,348,34,2025-02-21,2025-03-09,2025-02-21,2025-03-23,HAUTE,TERMINE
1838,OF202501838,293,177,406,0,0,2026-01-02,2026-01-08,,,NORMALE,EN_ATTENTE
1839,OF202501839,201,474,333,0,0,2025-03-29,2025-04-24,2025-03-30,,HAUTE,EN_COURS
1840,OF202501840,1,427,259,0,0,2025-12-13,2025-12-28,2025-12-13,,NORMALE,EN_COURS
1841,OF202501841,197,343,139,139,12,2026-11-12,2026-12-11,2026-11-12,2026-12-03,NORMALE,TERMINE
1842,OF202501842,172,146,110,0,0,2026-03-22,2026-04-06,,,NORMALE,EN_ATTENTE
1843,OF202501843,185,171,491,0,0,2026-09-04,2026-10-02,,,NORMALE,EN_ATTENTE
1844,OF202501844,35,58,460,460,38,2025-11-24,2025-12-14,2025-11-24,2025-12-13,NORMALE,TERMINE
1845,OF202501845,51,477,97,0,0,2026-08-03,2026-08-07,2026-08-05,,NORMALE,EN_COURS
1846,OF202501846,91,424,426,426,37,2026-08-22,2026-09-21,2026-08-22,2026-09-16,HAUTE,TERMINE
1847,OF202501847,145,434,148,148,7,2026-05-31,2026-06-06,2026-06-02,2026-06-08,BASSE,TERMINE
1848,OF202501848,44,118,365,365,11,2026-02-11,2026-03-04,2026-02-12,2026-03-06,BASSE,TERMINE
1849,OF202501849,87,287,71,0,0,2025-06-16,2025-07-15,2025-06-16,,HAUTE,EN_COURS
1850,OF202501850,56,425,36,0,0,2026-09-27,2026-10-16,2026-09-29,,HAUTE,EN_COURS
1851,OF202501851,158,234,276,276,13,2026-02-05,2026-02-20,2026-02-07,2026-03-01,NORMALE,TERMINE
1852,OF202501852,38,41,317,317,34,2025-05-08,2025-05-18,2025-05-11,2025-05-27,BASSE,TERMINE
1853,OF202501853,168,326,169,0,0,2025-10-07,2025-11-01,,,BASSE,ANNULE
1854,OF202501854,296,118,107,0,0,2025-06-03,2025-06-29,,,BASSE,ANNULE
1855,OF202501855,59,91,41,41,1,2026-06-14,2026-06-27,2026-06-15,2026-06-25,HAUTE,TERMINE
1856,OF202501856,207,135,103,103,3,2026-07-11,2026-07-22,2026-07-11,2026-08-08,NORMALE,TERMINE
1857,OF202501857,129,17,436,0,0,2025-03-25,2025-04-17,2025-03-26,,NORMALE,EN_COURS
1858,OF202501858,81,304,489,0,0,2025-09-17,2025-09-25,,,NORMALE,ANNULE
1859,OF202501859,124,289,426,426,21,2026-04-04,2026-04-22,2026-04-07,2026-04-09,NORMALE,TERMINE
1860,OF202501860,69,361,348,348,31,2026-11-08,2026-11-29,2026-11-11,2026-12-03,NORMALE,TERMINE
1861,OF202501861,219,360,36,0,0,2026-07-07,2026-08-01,2026-07-10,,NORMALE,EN_COURS
1862,OF202501862,250,79,183,0,0,2025-07-02,2025-07-30,,,NORMALE,EN_ATTENTE
1863,OF202501863,150,428,367,0,0,2025-02-06,2025-03-06,,,NORMALE,EN_ATTENTE
1864,OF202501864,190,459,426,0,0,2026-09-05,2026-09-30,,,NORMALE,EN_ATTENTE
1865,OF202501865,253,351,80,0,0,2025-12-19,2025-12-30,2025-12-20,,NORMALE,EN_COURS
1866,OF202501866,222,472,391,0,0,2026-11-14,2026-12-04,2026-11-15,,HAUTE,EN_COURS
1867,OF202501867,92,252,380,0,0,2025-08-28,2025-09-18,,,NORMALE,ANNULE
1868,OF202501868,283,72,346,346,39,2025-04-16,2025-05-14,2025-04-17,2025-05-16,NORMALE,TERMINE
1869,OF202501869,296,118,353,353,30,2026-10-04,2026-10-12,2026-10-07,2026-10-26,NORMALE,TERMINE
1870,OF202501870,265,33,480,480,51,2025-02-10,2025-02-21,2025-02-11,2025-03-07,BASSE,TERMINE
1871,OF202501871,181,86,276,276,12,2026-09-21,2026-10-13,2026-09-23,2026-10-14,NORMALE,TERMINE
1872,OF202501872,42,68,355,355,15,2025-03-24,2025-04-16,2025-03-25,2025-04-08,NORMALE,TERMINE
1873,OF202501873,240,190,447,0,0,2026-11-03,2026-11-06,2026-11-06,,NORMALE,EN_COURS
1874,OF202501874,246,376,480,0,0,2025-11-01,2025-11-22,,,NORMALE,EN_ATTENTE
1875,OF202501875,145,434,203,0,0,2026-06-01,2026-06-17,2026-06-04,,NORMALE,EN_COURS
1876,OF202501876,65,208,425,0,0,2025-11-30,2025-12-21,2025-12-02,,BASSE,EN_COURS
1877,OF202501877,38,46,152,152,8,2025-06-25,2025-07-03,2025-06-27,2025-07-18,NORMALE,TERMINE
1878,OF202501878,52,108,372,372,9,2025-02-05,2025-03-03,2025-02-07,2025-03-01,NORMALE,TERMINE
1879,OF202501879,151,29,362,362,28,2025-12-29,2026-01-04,2025-12-29,2026-01-03,NORMALE,TERMINE
1880,OF202501880,255,350,450,0,0,2026-03-16,2026-03-26,2026-03-19,,NORMALE,EN_COURS
1881,OF202501881,183,149,25,25,1,2025-09-15,2025-09-20,2025-09-18,2025-09-27,NORMALE,TERMINE
1882,OF202501882,73,294,453,0,0,2026-05-14,2026-06-12,2026-05-17,,HAUTE,EN_COURS
1883,OF202501883,21,333,98,98,7,2025-08-10,2025-09-02,2025-08-10,2025-08-19,NORMALE,TERMINE
1884,OF202501884,226,288,427,427,48,2026-09-30,2026-10-23,2026-10-01,2026-10-16,BASSE,TERMINE
1885,OF202501885,158,364,393,393,43,2025-11-24,2025-12-01,2025-11-24,2025-12-01,NORMALE,TERMINE
1886,OF202501886,226,334,397,397,11,2026-05-25,2026-06-23,2026-05-26,2026-06-01,NORMALE,TERMINE
1887,OF202501887,106,148,18,0,0,2026-07-02,2026-07-21,,,HAUTE,ANNULE
1888,OF202501888,207,135,231,0,0,2025-12-09,2026-01-06,,,HAUTE,ANNULE
1889,OF202501889,298,223,130,130,11,2026-06-30,2026-07-06,2026-06-30,2026-07-12,HAUTE,TERMINE
1890,OF202501890,153,219,479,479,16,2025-02-15,2025-02-22,2025-02-15,2025-03-08,NORMALE,TERMINE
1891,OF202501891,39,483,33,0,0,2025-05-18,2025-06-06,,,HAUTE,EN_ATTENTE
1892,OF202501892,135,280,250,0,0,2026-06-30,2026-07-17,,,NORMALE,EN_ATTENTE
1893,OF202501893,99,35,320,320,27,2026-08-11,2026-08-29,2026-08-11,2026-08-22,NORMALE,TERMINE
1894,OF202501894,11,151,263,0,0,2025-09-19,2025-09-28,2025-09-20,,NORMALE,EN_COURS
1895,OF202501895,158,165,194,0,0,2025-03-09,2025-04-08,,,HAUTE,EN_ATTENTE
1896,OF202501896,24,434,10,0,0,2025-03-09,2025-03-12,,,NORMALE,EN_ATTENTE
1897,OF202501897,150,428,197,0,0,2025-12-08,2026-01-03,2025-12-11,,NORMALE,EN_COURS
1898,OF202501898,293,330,399,0,0,2025-05-31,2025-06-24,,,NORMALE,EN_ATTENTE
1899,OF202501899,66,154,396,396,22,2026-04-21,2026-04-28,2026-04-21,2026-05-11,NORMALE,TERMINE
1900,OF202501900,40,450,431,431,40,2026-04-10,2026-04-28,2026-04-13,2026-04-30,BASSE,TERMINE
1901,OF202501901,190,464,247,0,0,2026-11-04,2026-11-09,,,NORMALE,EN_ATTENTE
1902,OF202501902,66,154,303,303,25,2025-08-17,2025-09-08,2025-08-20,2025-09-11,HAUTE,TERMINE
1903,OF202501903,83,120,29,0,0,2025-10-09,2025-10-23,2025-10-09,,NORMALE,EN_COURS
1904,OF202501904,130,172,485,0,0,2026-06-07,2026-07-05,2026-06-07,,NORMALE,EN_COURS
1905,OF202501905,234,192,470,0,0,2025-02-01,2025-02-19,2025-02-04,,NORMALE,EN_COURS
1906,OF202501906,160,210,64,0,0,2025-12-23,2026-01-10,2025-12-25,,NORMALE,EN_COURS
1907,OF202501907,262,153,64,64,5,2026-07-07,2026-07-30,2026-07-09,2026-07-19,BASSE,TERMINE
1908,OF202501908,72,88,166,0,0,2026-09-08,2026-09-17,2026-09-09,,NORMALE,EN_COURS
1909,OF202501909,299,99,171,171,12,2025-09-15,2025-09-18,2025-09-18,2025-09-27,NORMALE,TERMINE
1910,OF202501910,216,483,37,37,2,2026-04-25,2026-05-18,2026-04-25,2026-05-24,HAUTE,TERMINE
1911,OF202501911,235,140,187,0,0,2026-01-03,2026-01-27,2026-01-05,,NORMALE,EN_COURS
1912,OF202501912,173,407,154,0,0,2025-02-06,2025-02-23,2025-02-09,,NORMALE,EN_COURS
1913,OF202501913,234,205,279,279,25,2026-07-05,2026-08-02,2026-07-06,2026-07-30,NORMALE,TERMINE
1914,OF202501914,70,191,29,29,2,2026-04-12,2026-05-09,2026-04-13,2026-05-08,HAUTE,TERMINE
1915,OF202501915,142,115,263,263,15,2025-03-11,2025-03-17,2025-03-12,2025-03-25,NORMALE,TERMINE
1916,OF202501916,228,390,17,17,1,2025-10-14,2025-10-20,2025-10-14,2025-11-18,NORMALE,TERMINE
1917,OF202501917,160,397,224,224,14,2025-09-21,2025-10-02,2025-09-22,2025-10-26,HAUTE,TERMINE
1918,OF202501918,150,456,40,40,1,2025-09-22,2025-10-13,2025-09-25,2025-10-12,BASSE,TERMINE
1919,OF202501919,9,102,17,17,1,2025-08-25,2025-09-04,2025-08-26,2025-09-09,NORMALE,TERMINE
1920,OF202501920,25,15,396,396,20,2025-01-30,2025-02-16,2025-01-31,2025-02-08,NORMALE,TERMINE
1921,OF202501921,193,85,324,324,32,2026-05-10,2026-06-03,2026-05-12,2026-06-03,NORMALE,TERMINE
1922,OF202501922,31,226,418,418,27,2025-08-22,2025-09-10,2025-08-22,2025-09-21,HAUTE,TERMINE
1923,OF202501923,257,318,440,440,9,2026-08-11,2026-08-19,2026-08-13,2026-08-30,NORMALE,TERMINE
1924,OF202501924,271,462,108,0,0,2025-03-02,2025-03-07,,,BASSE,EN_ATTENTE
1925,OF202501925,262,174,79,79,4,2025-09-11,2025-09-16,2025-09-13,2025-10-15,NORMALE,TERMINE
1926,OF202501926,195,344,95,0,0,2026-04-20,2026-05-04,,,NORMALE,EN_ATTENTE
1927,OF202501927,42,68,133,0,0,2026-04-17,2026-04-28,,,NORMALE,EN_ATTENTE
1928,OF202501928,102,407,359,0,0,2026-04-26,2026-05-08,2026-04-26,,NORMALE,EN_COURS
1929,OF202501929,170,66,458,0,0,2026-10-27,2026-11-20,2026-10-28,,NORMALE,EN_COURS
1930,OF202501930,106,148,65,0,0,2026-10-15,2026-10-20,,,NORMALE,EN_ATTENTE
1931,OF202501931,59,91,15,15,0,2026-05-16,2026-05-22,2026-05-17,2026-06-13,HAUTE,TERMINE
1932,OF202501932,299,99,456,0,0,2025-05-12,2025-05-20,,,HAUTE,EN_ATTENTE
1933,OF202501933,39,483,227,0,0,2026-03-25,2026-04-17,2026-03-26,,NORMALE,EN_COURS
1934,OF202501934,188,439,79,0,0,2025-11-20,2025-12-17,2025-11-23,,NORMALE,EN_COURS
1935,OF202501935,62,21,360,360,33,2025-11-17,2025-12-11,2025-11-19,2025-11-30,HAUTE,TERMINE
1936,OF202501936,212,258,178,178,17,2025-11-19,2025-11-28,2025-11-22,2025-12-18,BASSE,TERMINE
1937,OF202501937,163,429,75,0,0,2026-10-19,2026-11-10,,,NORMALE,ANNULE
1938,OF202501938,189,18,323,323,7,2026-08-18,2026-09-16,2026-08-20,2026-09-22,NORMALE,TERMINE
1939,OF202501939,99,35,313,0,0,2025-08-24,2025-09-22,2025-08-26,,NORMALE,EN_COURS
1940,OF202501940,262,100,387,387,27,2026-10-06,2026-10-19,2026-10-07,2026-10-27,BASSE,TERMINE
1941,OF202501941,173,15,33,33,2,2026-05-25,2026-06-19,2026-05-25,2026-06-17,NORMALE,TERMINE
1942,OF202501942,231,43,431,0,0,2025-10-29,2025-11-05,2025-10-31,,NORMALE,EN_COURS
1943,OF202501943,93,348,260,260,28,2026-05-10,2026-05-21,2026-05-12,2026-06-08,NORMALE,TERMINE
1944,OF202501944,290,345,27,0,0,2025-11-10,2025-11-26,2025-11-12,,NORMALE,EN_COURS
1945,OF202501945,28,290,282,282,21,2026-06-08,2026-06-15,2026-06-11,2026-06-22,NORMALE,TERMINE
1946,OF202501946,65,208,116,0,0,2026-05-24,2026-06-10,2026-05-25,,NORMALE,EN_COURS
1947,OF202501947,288,200,344,344,11,2026-01-24,2026-01-27,2026-01-24,2026-02-02,BASSE,TERMINE
1948,OF202501948,131,109,139,139,8,2025-12-29,2026-01-24,2025-12-30,2026-01-22,BASSE,TERMINE
1949,OF202501949,48,268,324,0,0,2025-08-16,2025-08-23,,,NORMALE,EN_ATTENTE
1950,OF202501950,130,253,213,0,0,2025-05-20,2025-06-03,,,NORMALE,EN_ATTENTE
1951,OF202501951,54,380,361,361,11,2026-02-08,2026-03-07,2026-02-08,2026-02-19,NORMALE,TERMINE
1952,OF202501952,31,226,407,407,33,2026-08-22,2026-09-03,2026-08-23,2026-09-17,BASSE,TERMINE
1953,OF202501953,261,34,245,245,21,2026-07-25,2026-08-15,2026-07-27,2026-08-03,BASSE,TERMINE
1954,OF202501954,125,418,312,0,0,2025-09-28,2025-10-19,,,BASSE,EN_ATTENTE
1955,OF202501955,213,441,319,0,0,2025-12-29,2026-01-23,2025-12-31,,NORMALE,EN_COURS
1956,OF202501956,234,192,381,0,0,2025-04-22,2025-05-10,2025-04-24,,NORMALE,EN_COURS
1957,OF202501957,74,236,77,77,1,2025-05-29,2025-06-22,2025-05-31,2025-07-01,NORMALE,TERMINE
1958,OF202501958,110,323,350,0,0,2025-05-13,2025-05-31,,,NORMALE,ANNULE
1959,OF202501959,199,323,148,148,7,2025-02-01,2025-02-28,2025-02-03,2025-02-07,BASSE,TERMINE
1960,OF202501960,200,201,93,93,2,2026-07-20,2026-08-04,2026-07-21,2026-08-10,HAUTE,TERMINE
1961,OF202501961,63,480,372,0,0,2025-05-15,2025-06-04,2025-05-16,,BASSE,EN_COURS
1962,OF202501962,20,258,335,335,33,2025-12-13,2026-01-03,2025-12-15,2025-12-23,NORMALE,TERMINE
1963,OF202501963,270,295,225,225,9,2026-05-18,2026-06-05,2026-05-20,2026-05-28,BASSE,TERMINE
1964,OF202501964,108,158,395,395,36,2025-08-23,2025-09-21,2025-08-26,2025-09-03,NORMALE,TERMINE
1965,OF202501965,69,361,224,224,25,2026-08-16,2026-08-24,2026-08-16,2026-09-16,NORMALE,TERMINE
1966,OF202501966,62,21,260,0,0,2026-03-28,2026-04-24,,,NORMALE,EN_ATTENTE
1967,OF202501967,85,76,330,0,0,2025-09-15,2025-10-10,2025-09-18,,BASSE,EN_COURS
1968,OF202501968,292,360,484,484,27,2025-12-18,2025-12-27,2025-12-21,2025-12-25,BASSE,TERMINE
1969,OF202501969,183,189,192,0,0,2025-07-05,2025-07-08,2025-07-06,,BASSE,EN_COURS
1970,OF202501970,34,326,300,0,0,2026-01-06,2026-01-10,2026-01-09,,NORMALE,EN_COURS
1971,OF202501971,108,37,473,473,31,2025-08-22,2025-08-28,2025-08-23,2025-09-15,NORMALE,TERMINE
1972,OF202501972,99,398,274,274,24,2025-12-15,2025-12-19,2025-12-16,2026-01-10,NORMALE,TERMINE
1973,OF202501973,192,389,23,23,2,2026-06-23,2026-06-30,2026-06-26,2026-07-15,BASSE,TERMINE
1974,OF202501974,1,427,297,297,31,2026-11-02,2026-11-25,2026-11-05,2026-11-09,HAUTE,TERMINE
1975,OF202501975,63,480,339,0,0,2025-11-28,2025-12-19,2025-12-01,,NORMALE,EN_COURS
1976,OF202501976,20,74,177,0,0,2026-09-28,2026-10-25,2026-10-01,,HAUTE,EN_COURS
1977,OF202501977,180,401,327,327,6,2025-01-31,2025-02-09,2025-02-01,2025-02-11,NORMALE,TERMINE
1978,OF202501978,283,72,463,463,24,2026-09-12,2026-09-24,2026-09-12,2026-10-01,BASSE,TERMINE
1979,OF202501979,87,287,22,0,0,2025-02-18,2025-03-07,,,NORMALE,EN_ATTENTE
1980,OF202501980,263,452,188,188,10,2026-06-13,2026-07-08,2026-06-16,2026-06-28,NORMALE,TERMINE
1981,OF202501981,278,151,183,183,9,2026-08-12,2026-09-08,2026-08-12,2026-08-26,HAUTE,TERMINE
1982,OF202501982,152,12,221,0,0,2026-09-29,2026-10-11,2026-10-02,,NORMALE,EN_COURS
1983,OF202501983,66,154,183,0,0,2025-04-17,2025-05-07,2025-04-17,,NORMALE,EN_COURS
1984,OF202501984,148,291,480,0,0,2025-08-20,2025-09-12,,,NORMALE,EN_ATTENTE
1985,OF202501985,284,234,33,33,1,2026-11-30,2026-12-25,2026-12-02,2027-01-03,NORMALE,TERMINE
1986,OF202501986,55,416,109,109,8,2025-10-30,2025-11-21,2025-10-31,2025-12-01,NORMALE,TERMINE
1987,OF202501987,147,335,495,495,11,2026-01-22,2026-02-08,2026-01-24,2026-02-26,BASSE,TERMINE
1988,OF202501988,285,482,365,365,18,2026-03-06,2026-03-27,2026-03-08,2026-03-28,NORMALE,TERMINE
1989,OF202501989,139,164,212,0,0,2026-10-24,2026-11-21,,,HAUTE,ANNULE
1990,OF202501990,224,65,158,158,6,2025-04-04,2025-04-23,2025-04-07,2025-04-28,BASSE,TERMINE
1991,OF202501991,297,358,120,120,14,2026-04-11,2026-04-29,2026-04-11,2026-04-18,BASSE,TERMINE
1992,OF202501992,143,458,389,389,42,2025-09-30,2025-10-14,2025-10-01,2025-11-03,HAUTE,TERMINE
1993,OF202501993,127,187,11,11,0,2025-10-27,2025-10-31,2025-10-30,2025-11-21,NORMALE,TERMINE
1994,OF202501994,200,201,238,0,0,2026-01-18,2026-02-02,,,NORMALE,EN_ATTENTE
1995,OF202501995,297,71,472,0,0,2026-08-27,2026-09-03,,,BASSE,ANNULE
1996,OF202501996,26,448,122,0,0,2026-11-16,2026-12-12,,,NORMALE,ANNULE
1997,OF202501997,82,254,407,0,0,2026-05-24,2026-05-30,,,BASSE,ANNULE
1998,OF202501998,73,294,104,0,0,2025-03-16,2025-03-23,2025-03-17,,NORMALE,EN_COURS
1999,OF202501999,3,111,347,347,27,2026-06-03,2026-07-03,2026-06-05,2026-07-03,NORMALE,TERMINE
2000,OF202502000,189,18,184,0,0,2026-02-02,2026-02-17,,,NORMALE,EN_ATTENTE
2001,OF202502001,11,4,447,447,30,2025-01-01,2025-01-31,2025-01-03,2025-02-04,NORMALE,TERMINE
2002,OF202502002,276,173,367,367,40,2025-07-30,2025-08-02,2025-07-31,2025-09-01,NORMALE,TERMINE
2003,OF202502003,38,41,344,344,32,2025-07-13,2025-07-20,2025-07-15,2025-07-31,NORMALE,TERMINE
2004,OF202502004,275,497,449,449,52,2026-03-31,2026-04-30,2026-04-03,2026-05-01,NORMALE,TERMINE
2005,OF202502005,256,161,149,149,6,2026-01-22,2026-01-28,2026-01-24,2026-02-21,HAUTE,TERMINE
2006,OF202502006,228,180,385,0,0,2026-08-29,2026-09-03,,,NORMALE,ANNULE
2007,OF202502007,250,282,208,208,19,2026-07-28,2026-08-14,2026-07-28,2026-08-23,NORMALE,TERMINE
2008,OF202502008,196,108,233,233,12,2025-07-10,2025-08-09,2025-07-10,2025-08-13,NORMALE,TERMINE
2009,OF202502009,245,198,388,388,27,2025-11-29,2025-12-10,2025-12-01,2025-12-30,NORMALE,TERMINE
2010,OF202502010,220,69,286,286,10,2026-05-27,2026-06-08,2026-05-27,2026-06-09,NORMALE,TERMINE
2011,OF202502011,260,236,138,138,8,2025-04-22,2025-05-18,2025-04-25,2025-05-02,NORMALE,TERMINE
2012,OF202502012,133,490,92,92,9,2025-05-20,2025-05-29,2025-05-21,2025-06-12,HAUTE,TERMINE
2013,OF202502013,269,283,22,0,0,2025-01-15,2025-02-01,,,NORMALE,EN_ATTENTE
2014,OF202502014,63,480,366,366,26,2025-01-07,2025-01-19,2025-01-09,2025-02-11,HAUTE,TERMINE
2015,OF202502015,180,401,46,46,4,2026-01-08,2026-02-06,2026-01-10,2026-01-16,NORMALE,TERMINE
2016,OF202502016,238,467,161,161,4,2025-11-20,2025-12-06,2025-11-21,2025-12-13,NORMALE,TERMINE
2017,OF202502017,51,393,199,199,22,2026-03-27,2026-04-19,2026-03-30,2026-04-16,NORMALE,TERMINE
2018,OF202502018,231,342,378,378,17,2026-03-20,2026-04-04,2026-03-23,2026-04-21,NORMALE,TERMINE
2019,OF202502019,202,53,266,266,22,2026-11-19,2026-12-15,2026-11-21,2026-12-21,HAUTE,TERMINE
2020,OF202502020,224,65,104,0,0,2025-03-14,2025-04-01,2025-03-16,,NORMALE,EN_COURS
2021,OF202502021,32,426,263,263,17,2026-06-26,2026-07-03,2026-06-29,2026-07-05,NORMALE,TERMINE
2022,OF202502022,154,359,49,0,0,2026-07-22,2026-08-05,,,HAUTE,EN_ATTENTE
2023,OF202502023,21,333,433,433,31,2026-07-04,2026-07-21,2026-07-05,2026-07-29,HAUTE,TERMINE
2024,OF202502024,142,115,81,0,0,2025-11-09,2025-11-25,,,NORMALE,EN_ATTENTE
2025,OF202502025,222,472,419,419,16,2025-03-31,2025-04-11,2025-04-01,2025-04-06,NORMALE,TERMINE
2026,OF202502026,279,375,469,0,0,2025-09-02,2025-09-12,2025-09-02,,NORMALE,EN_COURS
2027,OF202502027,41,124,270,270,14,2025-09-27,2025-10-21,2025-09-27,2025-10-14,NORMALE,TERMINE
2028,OF202502028,257,287,173,0,0,2026-01-16,2026-01-23,2026-01-18,,NORMALE,EN_COURS
2029,OF202502029,183,149,48,48,3,2025-10-11,2025-10-20,2025-10-14,2025-11-04,HAUTE,TERMINE
2030,OF202502030,130,186,118,118,9,2025-11-21,2025-11-26,2025-11-24,2025-12-26,BASSE,TERMINE
2031,OF202502031,280,50,483,483,26,2025-04-02,2025-04-26,2025-04-03,2025-04-17,NORMALE,TERMINE
2032,OF202502032,204,228,458,458,47,2025-09-11,2025-10-05,2025-09-12,2025-10-11,NORMALE,TERMINE
2033,OF202502033,295,365,233,233,19,2026-11-12,2026-11-23,2026-11-12,2026-12-01,NORMALE,TERMINE
2034,OF202502034,73,294,33,33,3,2025-05-06,2025-05-28,2025-05-06,2025-06-04,NORMALE,TERMINE
2035,OF202502035,222,472,318,0,0,2025-11-10,2025-12-03,2025-11-13,,NORMALE,EN_COURS
2036,OF202502036,216,379,211,211,13,2026-12-02,2026-12-22,2026-12-04,2026-12-11,NORMALE,TERMINE
2037,OF202502037,186,450,244,0,0,2025-07-15,2025-07-31,,,BASSE,EN_ATTENTE
2038,OF202502038,247,447,34,34,2,2025-04-03,2025-05-02,2025-04-03,2025-04-12,NORMALE,TERMINE
2039,OF202502039,254,438,357,0,0,2026-09-28,2026-10-11,,,NORMALE,EN_ATTENTE
2040,OF202502040,66,154,242,0,0,2025-06-12,2025-06-18,2025-06-13,,BASSE,EN_COURS
2041,OF202502041,64,418,48,48,2,2026-08-09,2026-08-13,2026-08-11,2026-09-11,NORMALE,TERMINE
2042,OF202502042,196,108,380,380,8,2025-10-05,2025-10-21,2025-10-06,2025-10-14,NORMALE,TERMINE
2043,OF202502043,201,474,415,415,22,2025-08-30,2025-09-21,2025-08-31,2025-09-25,NORMALE,TERMINE
2044,OF202502044,268,9,206,0,0,2025-05-12,2025-05-25,2025-05-13,,NORMALE,EN_COURS
2045,OF202502045,276,173,37,0,0,2026-10-21,2026-11-08,,,HAUTE,ANNULE
2046,OF202502046,161,64,279,279,10,2025-10-18,2025-10-23,2025-10-20,2025-11-20,NORMALE,TERMINE
2047,OF202502047,73,294,495,495,28,2025-12-21,2025-12-25,2025-12-24,2026-01-03,HAUTE,TERMINE
2048,OF202502048,109,293,447,447,15,2026-08-22,2026-09-14,2026-08-25,2026-08-27,NORMALE,TERMINE
2049,OF202502049,139,164,54,0,0,2025-01-25,2025-02-16,2025-01-25,,NORMALE,EN_COURS
2050,OF202502050,240,409,130,0,0,2026-11-25,2026-12-08,,,NORMALE,EN_ATTENTE
2051,OF202502051,124,500,253,0,0,2026-10-07,2026-10-30,,,BASSE,EN_ATTENTE
2052,OF202502052,113,265,235,235,15,2026-02-12,2026-02-17,2026-02-15,2026-02-21,NORMALE,TERMINE
2053,OF202502053,244,123,484,0,0,2025-04-20,2025-05-02,2025-04-23,,NORMALE,EN_COURS
2054,OF202502054,50,103,64,64,2,2025-12-14,2026-01-07,2025-12-15,2026-01-06,NORMALE,TERMINE
2055,OF202502055,296,270,101,101,3,2026-04-19,2026-05-14,2026-04-19,2026-05-20,NORMALE,TERMINE
2056,OF202502056,36,204,116,0,0,2025-09-18,2025-10-17,,,NORMALE,EN_ATTENTE
2057,OF202502057,114,28,251,251,9,2026-09-26,2026-10-26,2026-09-28,2026-10-17,NORMALE,TERMINE
2058,OF202502058,148,364,462,462,49,2026-08-02,2026-08-07,2026-08-03,2026-08-26,NORMALE,TERMINE
2059,OF202502059,23,93,317,317,25,2025-04-23,2025-04-30,2025-04-26,2025-05-09,HAUTE,TERMINE
2060,OF202502060,291,446,54,0,0,2025-10-22,2025-11-19,2025-10-23,,NORMALE,EN_COURS
2061,OF202502061,44,425,354,354,39,2025-07-11,2025-07-19,2025-07-11,2025-08-11,NORMALE,TERMINE
2062,OF202502062,201,474,377,377,22,2025-10-10,2025-11-08,2025-10-12,2025-10-21,HAUTE,TERMINE
2063,OF202502063,111,97,431,0,0,2025-06-14,2025-07-10,2025-06-17,,NORMALE,EN_COURS
2064,OF202502064,48,268,482,0,0,2025-01-08,2025-01-31,,,NORMALE,EN_ATTENTE
2065,OF202502065,29,272,465,465,16,2026-03-29,2026-04-13,2026-03-30,2026-04-13,HAUTE,TERMINE
2066,OF202502066,261,34,461,461,31,2026-04-02,2026-04-22,2026-04-04,2026-04-28,NORMALE,TERMINE
2067,OF202502067,29,10,121,0,0,2025-02-10,2025-02-13,2025-02-10,,NORMALE,EN_COURS
2068,OF202502068,23,93,81,81,9,2025-12-17,2026-01-05,2025-12-20,2026-01-11,NORMALE,TERMINE
2069,OF202502069,229,406,221,0,0,2025-05-04,2025-05-22,2025-05-05,,NORMALE,EN_COURS
2070,OF202502070,284,234,133,0,0,2025-10-24,2025-11-04,,,NORMALE,ANNULE
2071,OF202502071,216,342,156,0,0,2026-01-23,2026-02-06,2026-01-26,,HAUTE,EN_COURS
2072,OF202502072,271,462,181,181,7,2025-10-31,2025-11-26,2025-11-03,2025-11-28,NORMALE,TERMINE
2073,OF202502073,62,21,397,0,0,2025-03-11,2025-04-09,2025-03-13,,NORMALE,EN_COURS
2074,OF202502074,56,425,193,0,0,2026-08-03,2026-08-17,2026-08-06,,NORMALE,EN_COURS
2075,OF202502075,168,425,485,485,20,2026-10-18,2026-11-14,2026-10-19,2026-11-14,HAUTE,TERMINE
2076,OF202502076,162,152,387,0,0,2025-10-06,2025-10-25,2025-10-08,,NORMALE,EN_COURS
2077,OF202502077,72,88,464,0,0,2025-05-11,2025-05-24,,,HAUTE,EN_ATTENTE
2078,OF202502078,48,479,479,0,0,2026-08-25,2026-09-17,2026-08-27,,NORMALE,EN_COURS
2079,OF202502079,102,407,213,213,10,2026-02-28,2026-03-04,2026-03-02,2026-03-07,NORMALE,TERMINE
2080,OF202502080,220,166,443,0,0,2026-04-29,2026-05-03,2026-04-29,,HAUTE,EN_COURS
2081,OF202502081,113,425,296,296,28,2025-05-27,2025-06-02,2025-05-27,2025-06-20,HAUTE,TERMINE
2082,OF202502082,186,342,353,353,28,2025-07-14,2025-08-05,2025-07-15,2025-07-24,NORMALE,TERMINE
2083,OF202502083,190,18,351,0,0,2025-11-09,2025-11-30,,,BASSE,EN_ATTENTE
2084,OF202502084,202,53,422,422,33,2026-03-19,2026-04-12,2026-03-21,2026-03-30,HAUTE,TERMINE
2085,OF202502085,280,445,346,346,22,2025-10-29,2025-11-25,2025-11-01,2025-11-15,NORMALE,TERMINE
2086,OF202502086,13,29,89,0,0,2025-11-15,2025-11-27,,,NORMALE,ANNULE
2087,OF202502087,205,231,168,0,0,2026-07-30,2026-08-09,,,NORMALE,ANNULE
2088,OF202502088,221,489,299,299,18,2026-10-11,2026-10-23,2026-10-12,2026-11-01,NORMALE,TERMINE
2089,OF202502089,82,472,383,383,29,2025-01-17,2025-02-05,2025-01-19,2025-02-01,NORMALE,TERMINE
2090,OF202502090,172,424,254,254,24,2025-07-08,2025-07-23,2025-07-11,2025-07-31,HAUTE,TERMINE
2091,OF202502091,75,212,177,177,7,2026-04-04,2026-04-30,2026-04-05,2026-04-24,NORMALE,TERMINE
2092,OF202502092,156,498,320,320,28,2025-06-19,2025-07-07,2025-06-19,2025-07-17,NORMALE,TERMINE
2093,OF202502093,240,190,133,0,0,2025-09-17,2025-10-10,2025-09-19,,NORMALE,EN_COURS
2094,OF202502094,221,284,61,0,0,2025-11-02,2025-11-24,2025-11-05,,HAUTE,EN_COURS
2095,OF202502095,45,130,212,0,0,2025-06-22,2025-07-11,,,BASSE,ANNULE
2096,OF202502096,282,260,366,366,42,2026-06-19,2026-07-07,2026-06-20,2026-07-02,NORMALE,TERMINE
2097,OF202502097,131,109,417,417,30,2026-10-28,2026-11-21,2026-10-30,2026-11-04,NORMALE,TERMINE
2098,OF202502098,219,360,54,54,1,2025-08-24,2025-09-17,2025-08-26,2025-09-06,NORMALE,TERMINE
2099,OF202502099,288,14,61,61,3,2026-07-12,2026-07-22,2026-07-12,2026-07-20,NORMALE,TERMINE
2100,OF202502100,98,251,421,421,49,2025-05-19,2025-06-11,2025-05-20,2025-06-08,NORMALE,TERMINE
2101,OF202502101,127,187,90,0,0,2025-06-13,2025-07-11,,,NORMALE,EN_ATTENTE
2102,OF202502102,15,45,401,0,0,2026-01-11,2026-01-19,2026-01-11,,HAUTE,EN_COURS
2103,OF202502103,4,337,196,0,0,2025-06-05,2025-06-14,2025-06-05,,NORMALE,EN_COURS
2104,OF202502104,100,368,399,399,38,2025-08-11,2025-09-04,2025-08-11,2025-08-25,NORMALE,TERMINE
2105,OF202502105,284,4,103,0,0,2025-09-08,2025-09-14,,,NORMALE,EN_ATTENTE
2106,OF202502106,282,373,27,27,0,2025-04-26,2025-05-04,2025-04-28,2025-05-20,NORMALE,TERMINE
2107,OF202502107,126,332,335,335,30,2025-11-24,2025-12-09,2025-11-24,2025-11-29,NORMALE,TERMINE
2108,OF202502108,54,352,393,393,21,2025-03-23,2025-04-09,2025-03-26,2025-04-24,BASSE,TERMINE
2109,OF202502109,109,293,281,281,29,2025-09-02,2025-09-13,2025-09-03,2025-10-02,NORMALE,TERMINE
2110,OF202502110,247,87,155,0,0,2026-05-20,2026-06-01,2026-05-23,,HAUTE,EN_COURS
2111,OF202502111,60,385,469,469,32,2026-07-20,2026-08-06,2026-07-20,2026-07-29,NORMALE,TERMINE
2112,OF202502112,273,203,37,37,4,2025-02-17,2025-03-11,2025-02-18,2025-03-15,NORMALE,TERMINE
2113,OF202502113,267,181,382,382,39,2025-07-26,2025-08-07,2025-07-26,2025-08-05,NORMALE,TERMINE
2114,OF202502114,86,36,22,0,0,2026-01-19,2026-02-18,2026-01-20,,NORMALE,EN_COURS
2115,OF202502115,92,145,81,81,7,2026-12-01,2026-12-27,2026-12-03,2026-12-11,NORMALE,TERMINE
2116,OF202502116,197,343,31,0,0,2025-06-17,2025-06-22,2025-06-18,,NORMALE,EN_COURS
2117,OF202502117,58,57,381,381,41,2025-10-25,2025-11-02,2025-10-26,2025-11-04,NORMALE,TERMINE
2118,OF202502118,253,351,215,0,0,2026-04-02,2026-04-21,,,NORMALE,EN_ATTENTE
2119,OF202502119,57,64,249,249,19,2026-07-04,2026-07-20,2026-07-05,2026-08-08,BASSE,TERMINE
2120,OF202502120,92,145,213,0,0,2025-09-20,2025-10-17,,,HAUTE,EN_ATTENTE
2121,OF202502121,87,287,97,97,6,2025-06-25,2025-06-29,2025-06-27,2025-07-02,NORMALE,TERMINE
2122,OF202502122,174,403,494,494,19,2026-11-21,2026-11-24,2026-11-23,2026-12-21,HAUTE,TERMINE
2123,OF202502123,268,196,185,185,9,2025-01-29,2025-02-15,2025-01-31,2025-02-28,HAUTE,TERMINE
2124,OF202502124,271,462,159,159,6,2026-02-27,2026-03-17,2026-03-02,2026-03-05,HAUTE,TERMINE
2125,OF202502125,255,387,261,0,0,2025-02-20,2025-03-18,2025-02-20,,NORMALE,EN_COURS
2126,OF202502126,287,433,343,343,16,2026-04-06,2026-04-21,2026-04-08,2026-05-02,BASSE,TERMINE
2127,OF202502127,21,333,177,177,6,2025-01-08,2025-01-13,2025-01-11,2025-02-10,NORMALE,TERMINE
2128,OF202502128,86,465,134,134,3,2025-05-21,2025-06-10,2025-05-22,2025-06-13,BASSE,TERMINE
2129,OF202502129,281,489,65,0,0,2025-04-03,2025-04-30,2025-04-04,,HAUTE,EN_COURS
2130,OF202502130,33,45,110,0,0,2026-01-28,2026-02-17,2026-01-28,,NORMALE,EN_COURS
2131,OF202502131,38,41,31,0,0,2026-02-15,2026-02-28,2026-02-15,,HAUTE,EN_COURS
2132,OF202502132,34,326,448,448,12,2026-05-02,2026-05-30,2026-05-02,2026-05-30,NORMALE,TERMINE
2133,OF202502133,26,361,490,0,0,2026-03-27,2026-04-17,2026-03-30,,NORMALE,EN_COURS
2134,OF202502134,262,265,346,346,8,2025-04-02,2025-04-10,2025-04-04,2025-05-03,HAUTE,TERMINE
2135,OF202502135,13,166,51,51,1,2025-09-10,2025-09-30,2025-09-10,2025-10-03,NORMALE,TERMINE
2136,OF202502136,64,58,150,0,0,2025-12-10,2026-01-04,,,BASSE,ANNULE
2137,OF202502137,209,270,234,234,10,2026-03-03,2026-03-08,2026-03-05,2026-03-12,NORMALE,TERMINE
2138,OF202502138,205,398,300,0,0,2025-06-06,2025-07-04,,,NORMALE,EN_ATTENTE
2139,OF202502139,49,216,487,487,48,2026-05-10,2026-06-09,2026-05-13,2026-06-08,NORMALE,TERMINE
2140,OF202502140,67,242,138,138,9,2025-12-25,2026-01-04,2025-12-27,2026-01-13,NORMALE,TERMINE
2141,OF202502141,84,341,451,451,36,2025-07-14,2025-08-09,2025-07-15,2025-07-20,HAUTE,TERMINE
2142,OF202502142,181,7,294,294,26,2026-05-01,2026-05-29,2026-05-02,2026-05-17,NORMALE,TERMINE
2143,OF202502143,256,161,327,0,0,2026-09-15,2026-09-24,,,BASSE,ANNULE
2144,OF202502144,111,97,331,331,36,2025-01-17,2025-01-25,2025-01-19,2025-01-22,BASSE,TERMINE
2145,OF202502145,125,418,320,320,23,2026-06-26,2026-07-08,2026-06-29,2026-07-10,HAUTE,TERMINE
2146,OF202502146,137,179,295,295,25,2025-08-27,2025-09-09,2025-08-30,2025-09-26,NORMALE,TERMINE
2147,OF202502147,68,311,293,293,10,2026-03-03,2026-03-27,2026-03-06,2026-03-20,NORMALE,TERMINE
2148,OF202502148,80,224,453,0,0,2025-08-20,2025-09-18,2025-08-21,,BASSE,EN_COURS
2149,OF202502149,160,210,38,38,1,2025-04-17,2025-05-03,2025-04-20,2025-04-28,NORMALE,TERMINE
2150,OF202502150,31,226,57,0,0,2026-01-19,2026-02-03,2026-01-20,,BASSE,EN_COURS
2151,OF202502151,131,372,118,0,0,2026-02-15,2026-02-23,2026-02-18,,BASSE,EN_COURS
2152,OF202502152,94,479,26,0,0,2025-10-18,2025-10-29,2025-10-20,,NORMALE,EN_COURS
2153,OF202502153,187,237,474,474,50,2026-10-31,2026-11-12,2026-11-01,2026-11-13,HAUTE,TERMINE
2154,OF202502154,76,49,145,0,0,2026-08-13,2026-08-24,,,NORMALE,EN_ATTENTE
2155,OF202502155,151,453,401,401,42,2025-03-24,2025-04-16,2025-03-26,2025-04-03,NORMALE,TERMINE
2156,OF202502156,154,380,197,0,0,2025-03-18,2025-03-26,2025-03-18,,HAUTE,EN_COURS
2157,OF202502157,63,480,322,0,0,2025-06-27,2025-07-08,2025-06-30,,NORMALE,EN_COURS
2158,OF202502158,148,291,236,236,9,2025-06-27,2025-07-08,2025-06-30,2025-07-25,BASSE,TERMINE
2159,OF202502159,110,350,461,461,20,2026-05-23,2026-06-06,2026-05-23,2026-06-08,NORMALE,TERMINE
2160,OF202502160,2,496,143,143,10,2026-01-13,2026-02-05,2026-01-13,2026-02-12,NORMALE,TERMINE
2161,OF202502161,143,458,361,361,24,2025-08-29,2025-09-02,2025-08-31,2025-10-03,HAUTE,TERMINE
2162,OF202502162,286,228,49,0,0,2025-01-27,2025-02-22,2025-01-27,,NORMALE,EN_COURS
2163,OF202502163,72,88,496,496,41,2025-09-02,2025-09-28,2025-09-05,2025-09-24,NORMALE,TERMINE
2164,OF202502164,197,343,428,0,0,2026-10-13,2026-10-18,2026-10-15,,NORMALE,EN_COURS
2165,OF202502165,213,370,312,312,31,2026-02-03,2026-02-09,2026-02-03,2026-02-20,NORMALE,TERMINE
2166,OF202502166,212,317,320,320,33,2025-04-15,2025-05-13,2025-04-16,2025-05-15,BASSE,TERMINE
2167,OF202502167,33,238,368,368,7,2026-10-06,2026-10-10,2026-10-09,2026-10-21,NORMALE,TERMINE
2168,OF202502168,40,450,14,14,0,2025-04-15,2025-04-21,2025-04-16,2025-04-30,NORMALE,TERMINE
2169,OF202502169,98,251,140,140,10,2025-02-23,2025-03-03,2025-02-26,2025-03-05,HAUTE,TERMINE
2170,OF202502170,278,151,271,271,30,2025-08-21,2025-09-13,2025-08-22,2025-08-29,BASSE,TERMINE
2171,OF202502171,31,226,369,369,21,2026-09-24,2026-10-14,2026-09-26,2026-10-03,NORMALE,TERMINE
2172,OF202502172,237,414,426,426,45,2026-10-14,2026-11-10,2026-10-17,2026-11-04,NORMALE,TERMINE
2173,OF202502173,84,169,156,156,7,2025-03-28,2025-04-08,2025-03-30,2025-04-06,NORMALE,TERMINE
2174,OF202502174,8,400,136,0,0,2026-07-01,2026-07-17,2026-07-01,,NORMALE,EN_COURS
2175,OF202502175,182,382,441,0,0,2025-11-26,2025-12-22,2025-11-28,,NORMALE,EN_COURS
2176,OF202502176,234,205,119,119,5,2026-05-17,2026-06-11,2026-05-18,2026-06-09,NORMALE,TERMINE
2177,OF202502177,175,419,347,347,22,2026-09-08,2026-10-01,2026-09-09,2026-09-25,NORMALE,TERMINE
2178,OF202502178,9,102,30,0,0,2026-01-13,2026-02-03,2026-01-14,,NORMALE,EN_COURS
2179,OF202502179,140,392,12,12,0,2025-10-15,2025-11-13,2025-10-16,2025-11-07,HAUTE,TERMINE
2180,OF202502180,122,444,23,0,0,2025-05-17,2025-06-05,,,NORMALE,ANNULE
2181,OF202502181,183,189,227,227,12,2025-01-16,2025-02-15,2025-01-19,2025-01-27,BASSE,TERMINE
2182,OF202502182,240,409,442,0,0,2025-03-25,2025-04-22,,,NORMALE,EN_ATTENTE
2183,OF202502183,88,98,76,0,0,2026-02-03,2026-02-11,,,NORMALE,EN_ATTENTE
2184,OF202502184,71,308,478,0,0,2025-04-17,2025-05-06,2025-04-17,,NORMALE,EN_COURS
2185,OF202502185,67,281,266,0,0,2025-12-24,2026-01-21,2025-12-25,,NORMALE,EN_COURS
2186,OF202502186,165,218,420,0,0,2025-10-11,2025-11-03,2025-10-12,,NORMALE,EN_COURS
2187,OF202502187,241,213,179,179,19,2025-02-08,2025-03-09,2025-02-11,2025-03-08,BASSE,TERMINE
2188,OF202502188,186,417,124,124,12,2026-05-13,2026-06-12,2026-05-15,2026-06-04,NORMALE,TERMINE
2189,OF202502189,181,7,492,0,0,2025-12-05,2026-01-03,2025-12-07,,HAUTE,EN_COURS
2190,OF202502190,215,248,36,36,1,2025-03-26,2025-04-19,2025-03-29,2025-04-25,NORMALE,TERMINE
2191,OF202502191,87,287,334,334,29,2025-06-29,2025-07-21,2025-07-01,2025-07-22,NORMALE,TERMINE
2192,OF202502192,220,176,329,329,35,2026-02-11,2026-03-01,2026-02-13,2026-03-09,NORMALE,TERMINE
2193,OF202502193,289,366,124,0,0,2026-11-12,2026-12-01,,,HAUTE,EN_ATTENTE
2194,OF202502194,174,403,296,0,0,2025-09-26,2025-10-23,,,HAUTE,EN_ATTENTE
2195,OF202502195,46,184,75,75,7,2025-10-17,2025-10-24,2025-10-20,2025-11-09,HAUTE,TERMINE
2196,OF202502196,241,213,184,0,0,2025-03-12,2025-04-06,2025-03-13,,NORMALE,EN_COURS
2197,OF202502197,247,377,324,324,10,2025-10-19,2025-11-04,2025-10-19,2025-11-02,NORMALE,TERMINE
2198,OF202502198,223,436,271,0,0,2025-12-29,2026-01-05,2025-12-29,,NORMALE,EN_COURS
2199,OF202502199,204,425,218,0,0,2025-03-20,2025-03-25,2025-03-23,,NORMALE,EN_COURS
2200,OF202502200,270,448,101,0,0,2026-10-29,2026-11-13,2026-10-31,,HAUTE,EN_COURS
2201,OF202502201,97,437,62,62,6,2026-09-20,2026-09-25,2026-09-23,2026-09-27,HAUTE,TERMINE
2202,OF202502202,197,343,434,0,0,2026-11-25,2026-12-05,,,NORMALE,ANNULE
2203,OF202502203,32,485,54,54,3,2026-06-26,2026-07-19,2026-06-28,2026-07-08,NORMALE,TERMINE
2204,OF202502204,221,106,332,332,22,2026-09-12,2026-09-21,2026-09-12,2026-09-24,NORMALE,TERMINE
2205,OF202502205,284,4,44,44,2,2025-02-02,2025-02-23,2025-02-03,2025-03-08,NORMALE,TERMINE
2206,OF202502206,212,464,242,242,23,2025-09-03,2025-10-03,2025-09-06,2025-09-18,NORMALE,TERMINE
2207,OF202502207,234,205,179,0,0,2026-09-25,2026-09-29,2026-09-26,,NORMALE,EN_COURS
2208,OF202502208,129,491,450,0,0,2025-09-14,2025-09-23,,,NORMALE,EN_ATTENTE
2209,OF202502209,184,230,205,0,0,2026-10-02,2026-10-11,,,HAUTE,EN_ATTENTE
2210,OF202502210,294,146,35,0,0,2026-07-05,2026-07-27,2026-07-06,,NORMALE,EN_COURS
2211,OF202502211,99,35,52,0,0,2025-07-30,2025-08-13,2025-07-30,,BASSE,EN_COURS
2212,OF202502212,160,310,247,0,0,2025-01-24,2025-01-31,2025-01-27,,NORMALE,EN_COURS
2213,OF202502213,129,11,226,226,20,2025-01-15,2025-01-30,2025-01-18,2025-01-29,NORMALE,TERMINE
2214,OF202502214,164,339,162,0,0,2025-11-10,2025-12-09,,,NORMALE,ANNULE
2215,OF202502215,260,236,489,489,58,2026-03-07,2026-03-19,2026-03-08,2026-04-04,HAUTE,TERMINE
2216,OF202502216,70,191,306,306,23,2026-04-10,2026-04-20,2026-04-10,2026-04-20,NORMALE,TERMINE
2217,OF202502217,28,336,480,480,11,2025-06-22,2025-07-06,2025-06-23,2025-07-18,NORMALE,TERMINE
2218,OF202502218,118,142,246,246,9,2025-04-25,2025-05-03,2025-04-27,2025-05-17,NORMALE,TERMINE
2219,OF202502219,136,466,377,377,10,2026-08-27,2026-09-08,2026-08-29,2026-10-01,BASSE,TERMINE
2220,OF202502220,171,374,151,151,18,2025-11-18,2025-12-17,2025-11-21,2025-12-14,NORMALE,TERMINE
2221,OF202502221,153,219,131,0,0,2026-08-22,2026-08-25,2026-08-22,,NORMALE,EN_COURS
2222,OF202502222,133,95,456,0,0,2025-06-09,2025-07-09,,,HAUTE,ANNULE
2223,OF202502223,270,448,140,140,11,2026-05-21,2026-05-24,2026-05-21,2026-06-11,NORMALE,TERMINE
2224,OF202502224,250,282,360,360,8,2025-11-05,2025-11-20,2025-11-08,2025-12-10,HAUTE,TERMINE
2225,OF202502225,117,274,497,497,34,2025-12-18,2025-12-22,2025-12-19,2026-01-21,NORMALE,TERMINE
2226,OF202502226,15,34,49,49,4,2026-04-18,2026-05-06,2026-04-18,2026-05-19,NORMALE,TERMINE
2227,OF202502227,124,146,354,354,14,2025-09-12,2025-09-18,2025-09-15,2025-09-20,NORMALE,TERMINE
2228,OF202502228,153,219,75,75,5,2025-03-31,2025-04-15,2025-04-02,2025-04-16,NORMALE,TERMINE
2229,OF202502229,91,424,377,0,0,2026-05-30,2026-06-24,2026-05-31,,NORMALE,EN_COURS
2230,OF202502230,65,208,183,183,20,2025-04-03,2025-04-17,2025-04-03,2025-04-21,BASSE,TERMINE
2231,OF202502231,201,474,66,0,0,2025-11-29,2025-12-13,2025-12-02,,NORMALE,EN_COURS
2232,OF202502232,214,47,308,308,34,2025-11-05,2025-11-09,2025-11-06,2025-11-23,NORMALE,TERMINE
2233,OF202502233,123,209,184,0,0,2026-08-06,2026-08-20,2026-08-08,,NORMALE,EN_COURS
2234,OF202502234,62,21,122,0,0,2025-08-01,2025-08-22,,,BASSE,EN_ATTENTE
2235,OF202502235,172,223,143,0,0,2026-01-16,2026-01-21,,,HAUTE,ANNULE
2236,OF202502236,262,128,44,0,0,2026-08-31,2026-09-07,2026-08-31,,NORMALE,EN_COURS
2237,OF202502237,75,463,240,240,16,2025-11-16,2025-12-06,2025-11-19,2025-12-09,BASSE,TERMINE
2238,OF202502238,156,498,331,331,25,2026-09-14,2026-09-30,2026-09-15,2026-09-21,NORMALE,TERMINE
2239,OF202502239,115,34,36,0,0,2025-09-24,2025-10-19,2025-09-25,,NORMALE,EN_COURS
2240,OF202502240,200,493,102,102,4,2025-12-22,2026-01-20,2025-12-22,2026-01-09,BASSE,TERMINE
2241,OF202502241,121,60,154,154,10,2026-02-20,2026-03-13,2026-02-20,2026-02-28,HAUTE,TERMINE
2242,OF202502242,105,62,432,432,28,2026-05-30,2026-06-29,2026-06-02,2026-06-11,HAUTE,TERMINE
2243,OF202502243,9,102,208,208,8,2025-01-05,2025-01-21,2025-01-06,2025-01-15,NORMALE,TERMINE
2244,OF202502244,212,317,338,0,0,2025-12-28,2026-01-15,2025-12-31,,NORMALE,EN_COURS
2245,OF202502245,192,289,402,402,10,2026-09-15,2026-10-04,2026-09-17,2026-10-15,NORMALE,TERMINE
2246,OF202502246,153,219,121,121,5,2025-06-13,2025-07-01,2025-06-14,2025-06-18,NORMALE,TERMINE
2247,OF202502247,66,154,237,237,22,2025-11-08,2025-12-08,2025-11-11,2025-11-19,HAUTE,TERMINE
2248,OF202502248,167,221,184,184,13,2026-02-28,2026-03-05,2026-02-28,2026-03-22,NORMALE,TERMINE
2249,OF202502249,78,209,286,0,0,2025-01-04,2025-01-28,,,NORMALE,ANNULE
2250,OF202502250,220,460,308,308,10,2025-12-04,2025-12-23,2025-12-07,2026-01-08,NORMALE,TERMINE
2251,OF202502251,35,58,350,0,0,2025-03-07,2025-04-01,2025-03-07,,NORMALE,EN_COURS
2252,OF202502252,49,216,258,258,15,2026-09-10,2026-09-13,2026-09-11,2026-10-05,HAUTE,TERMINE
2253,OF202502253,198,299,490,0,0,2026-09-24,2026-10-06,2026-09-27,,NORMALE,EN_COURS
2254,OF202502254,90,156,497,497,10,2025-12-01,2025-12-22,2025-12-03,2025-12-16,HAUTE,TERMINE
2255,OF202502255,103,296,351,351,36,2026-11-11,2026-12-03,2026-11-13,2026-11-16,NORMALE,TERMINE
2256,OF202502256,252,206,111,0,0,2026-11-14,2026-12-10,2026-11-14,,NORMALE,EN_COURS
2257,OF202502257,103,147,74,74,4,2026-04-04,2026-04-29,2026-04-06,2026-04-22,NORMALE,TERMINE
2258,OF202502258,51,477,422,422,29,2025-09-13,2025-09-17,2025-09-15,2025-09-30,HAUTE,TERMINE
2259,OF202502259,285,36,368,368,38,2026-02-12,2026-02-25,2026-02-13,2026-02-26,HAUTE,TERMINE
2260,OF202502260,150,428,380,380,26,2026-09-06,2026-09-25,2026-09-07,2026-09-27,HAUTE,TERMINE
2261,OF202502261,87,287,71,71,4,2025-10-11,2025-11-01,2025-10-14,2025-10-30,HAUTE,TERMINE
2262,OF202502262,138,310,53,0,0,2026-02-23,2026-03-25,,,NORMALE,EN_ATTENTE
2263,OF202502263,181,86,270,270,28,2025-06-20,2025-06-27,2025-06-23,2025-06-28,NORMALE,TERMINE
2264,OF202502264,168,355,351,0,0,2025-01-25,2025-02-24,2025-01-26,,BASSE,EN_COURS
2265,OF202502265,289,139,408,408,43,2025-10-31,2025-11-09,2025-11-02,2025-11-28,NORMALE,TERMINE
2266,OF202502266,235,140,452,452,33,2026-02-09,2026-02-14,2026-02-10,2026-03-15,BASSE,TERMINE
2267,OF202502267,224,65,387,387,21,2025-02-04,2025-03-01,2025-02-04,2025-03-03,HAUTE,TERMINE
2268,OF202502268,178,387,106,106,12,2025-05-26,2025-06-04,2025-05-28,2025-06-30,NORMALE,TERMINE
2269,OF202502269,97,437,306,306,20,2025-10-19,2025-10-24,2025-10-20,2025-11-13,BASSE,TERMINE
2270,OF202502270,213,441,353,0,0,2025-08-24,2025-09-09,,,NORMALE,EN_ATTENTE
2271,OF202502271,18,262,234,234,25,2025-05-20,2025-05-23,2025-05-21,2025-05-25,BASSE,TERMINE
2272,OF202502272,115,499,491,491,10,2026-07-17,2026-07-23,2026-07-17,2026-07-27,NORMALE,TERMINE
2273,OF202502273,296,270,229,229,4,2025-08-14,2025-08-31,2025-08-15,2025-09-18,BASSE,TERMINE
2274,OF202502274,228,180,124,0,0,2026-01-20,2026-02-03,2026-01-23,,NORMALE,EN_COURS
2275,OF202502275,248,78,332,332,35,2025-01-03,2025-01-17,2025-01-06,2025-01-29,HAUTE,TERMINE
2276,OF202502276,252,206,311,311,16,2026-02-22,2026-03-12,2026-02-25,2026-02-28,NORMALE,TERMINE
2277,OF202502277,201,474,210,0,0,2025-09-15,2025-10-11,2025-09-15,,NORMALE,EN_COURS
2278,OF202502278,175,419,344,0,0,2026-06-30,2026-07-18,,,BASSE,ANNULE
2279,OF202502279,124,386,274,274,28,2026-05-30,2026-06-15,2026-05-30,2026-06-05,NORMALE,TERMINE
2280,OF202502280,170,66,311,0,0,2025-06-30,2025-07-16,,,HAUTE,ANNULE
2281,OF202502281,215,72,408,0,0,2026-06-05,2026-06-09,2026-06-05,,BASSE,EN_COURS
2282,OF202502282,289,139,444,444,14,2025-04-03,2025-04-30,2025-04-05,2025-04-20,NORMALE,TERMINE
2283,OF202502283,162,386,16,16,1,2025-02-11,2025-02-14,2025-02-11,2025-03-17,NORMALE,TERMINE
2284,OF202502284,29,10,490,490,54,2025-11-24,2025-12-05,2025-11-27,2025-12-13,NORMALE,TERMINE
2285,OF202502285,119,320,442,442,34,2026-02-16,2026-03-15,2026-02-17,2026-03-19,NORMALE,TERMINE
2286,OF202502286,17,355,281,0,0,2025-11-22,2025-12-13,,,HAUTE,EN_ATTENTE
2287,OF202502287,194,84,65,0,0,2025-07-25,2025-07-28,,,NORMALE,EN_ATTENTE
2288,OF202502288,180,401,336,0,0,2025-09-17,2025-10-10,,,NORMALE,EN_ATTENTE
2289,OF202502289,90,156,472,472,45,2026-08-20,2026-09-12,2026-08-20,2026-08-31,HAUTE,TERMINE
2290,OF202502290,154,168,305,305,23,2025-10-17,2025-10-22,2025-10-18,2025-11-01,HAUTE,TERMINE
2291,OF202502291,19,129,295,295,18,2026-07-10,2026-08-04,2026-07-13,2026-08-05,HAUTE,TERMINE
2292,OF202502292,240,409,333,333,30,2026-02-01,2026-03-02,2026-02-02,2026-03-04,HAUTE,TERMINE
2293,OF202502293,296,253,467,467,39,2025-07-26,2025-08-22,2025-07-28,2025-07-31,NORMALE,TERMINE
2294,OF202502294,289,366,121,121,10,2026-07-01,2026-07-18,2026-07-03,2026-07-15,NORMALE,TERMINE
2295,OF202502295,100,19,218,218,17,2025-09-02,2025-09-10,2025-09-03,2025-09-27,NORMALE,TERMINE
2296,OF202502296,230,470,134,0,0,2026-06-07,2026-06-15,2026-06-07,,NORMALE,EN_COURS
2297,OF202502297,242,160,50,0,0,2026-07-19,2026-08-01,2026-07-19,,NORMALE,EN_COURS
2298,OF202502298,114,28,426,426,23,2026-04-27,2026-05-16,2026-04-30,2026-05-03,HAUTE,TERMINE
2299,OF202502299,230,470,313,313,7,2025-05-20,2025-06-14,2025-05-21,2025-06-18,NORMALE,TERMINE
2300,OF202502300,117,194,237,237,5,2025-11-24,2025-12-22,2025-11-27,2025-12-07,NORMALE,TERMINE
2301,OF202502301,258,75,117,0,0,2026-03-04,2026-03-07,2026-03-07,,NORMALE,EN_COURS
2302,OF202502302,225,127,456,456,36,2026-10-21,2026-10-29,2026-10-23,2026-11-19,HAUTE,TERMINE
2303,OF202502303,90,156,248,0,0,2025-03-07,2025-03-16,2025-03-10,,NORMALE,EN_COURS
2304,OF202502304,145,434,196,196,8,2025-04-08,2025-05-03,2025-04-10,2025-04-23,NORMALE,TERMINE
2305,OF202502305,183,149,423,0,0,2025-11-01,2025-11-25,2025-11-02,,NORMALE,EN_COURS
2306,OF202502306,166,82,495,495,15,2026-09-11,2026-10-02,2026-09-11,2026-10-08,NORMALE,TERMINE
2307,OF202502307,267,181,62,62,6,2025-04-25,2025-05-08,2025-04-28,2025-05-15,NORMALE,TERMINE
2308,OF202502308,119,320,156,0,0,2026-03-07,2026-03-25,,,NORMALE,EN_ATTENTE
2309,OF202502309,19,129,453,0,0,2026-06-29,2026-07-02,,,NORMALE,EN_ATTENTE
2310,OF202502310,279,111,44,44,2,2026-08-20,2026-08-30,2026-08-22,2026-09-07,NORMALE,TERMINE
2311,OF202502311,31,226,497,497,41,2026-03-15,2026-03-19,2026-03-16,2026-04-18,NORMALE,TERMINE
2312,OF202502312,177,286,115,0,0,2026-07-08,2026-07-29,2026-07-09,,NORMALE,EN_COURS
2313,OF202502313,126,332,80,80,2,2025-10-13,2025-11-09,2025-10-15,2025-11-01,BASSE,TERMINE
2314,OF202502314,40,450,379,379,14,2026-04-27,2026-05-27,2026-04-28,2026-05-14,BASSE,TERMINE
2315,OF202502315,279,4,95,95,2,2025-10-03,2025-10-27,2025-10-04,2025-10-22,NORMALE,TERMINE
2316,OF202502316,57,359,405,405,45,2025-06-14,2025-07-09,2025-06-17,2025-07-07,NORMALE,TERMINE
2317,OF202502317,129,17,497,497,20,2025-08-09,2025-09-01,2025-08-12,2025-08-14,NORMALE,TERMINE
2318,OF202502318,285,185,296,296,21,2026-03-31,2026-04-27,2026-04-01,2026-04-18,NORMALE,TERMINE
2319,OF202502319,293,177,89,89,8,2025-07-03,2025-07-29,2025-07-05,2025-07-10,NORMALE,TERMINE
2320,OF202502320,90,156,10,0,0,2026-02-06,2026-02-14,,,NORMALE,EN_ATTENTE
2321,OF202502321,179,131,384,384,20,2025-04-08,2025-04-27,2025-04-10,2025-04-21,NORMALE,TERMINE
2322,OF202502322,143,458,172,172,7,2026-07-06,2026-07-25,2026-07-07,2026-07-13,NORMALE,TERMINE
2323,OF202502323,2,496,125,125,4,2025-01-29,2025-02-07,2025-01-30,2025-02-19,NORMALE,TERMINE
2324,OF202502324,244,105,323,0,0,2025-01-10,2025-01-22,2025-01-13,,NORMALE,EN_COURS
2325,OF202502325,297,358,434,0,0,2026-05-31,2026-06-21,2026-06-03,,HAUTE,EN_COURS
2326,OF202502326,72,88,416,0,0,2026-01-11,2026-01-15,2026-01-14,,NORMALE,EN_COURS
2327,OF202502327,89,457,170,170,10,2026-01-31,2026-02-12,2026-02-01,2026-02-14,BASSE,TERMINE
2328,OF202502328,26,369,492,492,38,2026-07-06,2026-07-14,2026-07-07,2026-07-11,NORMALE,TERMINE
2329,OF202502329,186,293,415,415,27,2026-10-29,2026-11-21,2026-10-31,2026-11-15,NORMALE,TERMINE
2330,OF202502330,110,212,134,0,0,2025-01-17,2025-02-16,2025-01-19,,NORMALE,EN_COURS
2331,OF202502331,199,323,211,0,0,2025-06-05,2025-06-24,,,HAUTE,EN_ATTENTE
2332,OF202502332,8,400,217,217,22,2025-11-16,2025-12-08,2025-11-16,2025-12-07,NORMALE,TERMINE
2333,OF202502333,146,402,56,0,0,2026-03-20,2026-04-17,2026-03-21,,HAUTE,EN_COURS
2334,OF202502334,131,109,127,127,7,2025-04-08,2025-04-12,2025-04-08,2025-04-25,NORMALE,TERMINE
2335,OF202502335,193,85,83,0,0,2026-06-21,2026-07-02,2026-06-23,,NORMALE,EN_COURS
2336,OF202502336,163,61,283,0,0,2026-10-13,2026-10-26,,,NORMALE,EN_ATTENTE
2337,OF202502337,233,442,190,0,0,2025-03-19,2025-04-15,2025-03-19,,BASSE,EN_COURS
2338,OF202502338,1,427,205,205,17,2026-03-01,2026-03-27,2026-03-01,2026-03-29,HAUTE,TERMINE
2339,OF202502339,31,226,161,161,4,2026-03-05,2026-03-26,2026-03-05,2026-03-30,BASSE,TERMINE
2340,OF202502340,135,280,329,0,0,2025-04-19,2025-05-18,2025-04-22,,NORMALE,EN_COURS
2341,OF202502341,69,361,223,0,0,2026-02-03,2026-02-26,2026-02-06,,BASSE,EN_COURS
2342,OF202502342,280,445,486,0,0,2025-08-15,2025-09-14,2025-08-16,,NORMALE,EN_COURS
2343,OF202502343,39,483,476,0,0,2026-12-01,2026-12-12,2026-12-02,,BASSE,EN_COURS
2344,OF202502344,109,293,443,0,0,2025-01-15,2025-02-01,2025-01-15,,NORMALE,EN_COURS
2345,OF202502345,35,58,325,325,14,2026-06-13,2026-06-27,2026-06-13,2026-06-23,NORMALE,TERMINE
2346,OF202502346,14,185,440,440,19,2026-03-12,2026-03-28,2026-03-15,2026-03-20,NORMALE,TERMINE
2347,OF202502347,174,403,407,407,26,2025-05-05,2025-05-23,2025-05-05,2025-05-18,NORMALE,TERMINE
2348,OF202502348,163,61,97,0,0,2026-07-31,2026-08-28,2026-08-01,,NORMALE,EN_COURS
2349,OF202502349,150,428,102,0,0,2026-06-04,2026-06-28,2026-06-04,,NORMALE,EN_COURS
2350,OF202502350,183,149,358,0,0,2025-12-29,2026-01-05,,,NORMALE,EN_ATTENTE
2351,OF202502351,57,454,11,11,0,2025-05-04,2025-06-02,2025-05-05,2025-05-22,NORMALE,TERMINE
2352,OF202502352,86,465,398,0,0,2025-02-28,2025-03-18,,,BASSE,ANNULE
2353,OF202502353,117,309,317,0,0,2025-03-06,2025-03-16,,,NORMALE,EN_ATTENTE
2354,OF202502354,152,12,362,0,0,2025-06-22,2025-07-06,,,NORMALE,EN_ATTENTE
2355,OF202502355,24,400,317,317,37,2026-02-11,2026-03-12,2026-02-12,2026-03-13,NORMALE,TERMINE
2356,OF202502356,288,14,34,34,2,2026-11-27,2026-12-26,2026-11-28,2026-12-17,NORMALE,TERMINE
2357,OF202502357,182,382,146,0,0,2025-06-08,2025-07-07,2025-06-10,,NORMALE,EN_COURS
2358,OF202502358,269,283,277,0,0,2026-02-25,2026-03-20,2026-02-27,,BASSE,EN_COURS
2359,OF202502359,50,170,434,434,22,2025-05-12,2025-06-02,2025-05-12,2025-06-02,NORMALE,TERMINE
2360,OF202502360,11,179,149,0,0,2026-11-19,2026-12-08,,,NORMALE,ANNULE
2361,OF202502361,254,357,438,0,0,2025-11-19,2025-11-25,,,NORMALE,EN_ATTENTE
2362,OF202502362,286,228,97,97,4,2025-04-18,2025-04-22,2025-04-18,2025-05-08,NORMALE,TERMINE
2363,OF202502363,132,459,64,64,7,2025-03-15,2025-04-02,2025-03-15,2025-04-04,NORMALE,TERMINE
2364,OF202502364,6,17,211,0,0,2026-06-25,2026-07-19,2026-06-27,,NORMALE,EN_COURS
2365,OF202502365,272,303,396,0,0,2025-08-02,2025-08-20,2025-08-04,,BASSE,EN_COURS
2366,OF202502366,143,458,236,236,21,2025-05-19,2025-05-29,2025-05-22,2025-06-05,BASSE,TERMINE
2367,OF202502367,150,456,295,0,0,2025-04-19,2025-05-09,2025-04-19,,HAUTE,EN_COURS
2368,OF202502368,99,398,337,337,24,2025-06-07,2025-06-21,2025-06-08,2025-07-07,NORMALE,TERMINE
2369,OF202502369,300,338,136,0,0,2026-01-09,2026-01-15,,,NORMALE,EN_ATTENTE
2370,OF202502370,206,125,372,0,0,2025-12-03,2025-12-21,,,NORMALE,EN_ATTENTE
2371,OF202502371,226,334,224,0,0,2026-07-29,2026-08-10,,,BASSE,EN_ATTENTE
2372,OF202502372,287,117,228,0,0,2025-07-21,2025-08-05,2025-07-24,,NORMALE,EN_COURS
2373,OF202502373,268,9,437,437,23,2026-10-26,2026-11-15,2026-10-26,2026-11-07,HAUTE,TERMINE
2374,OF202502374,250,440,434,434,17,2026-06-12,2026-06-22,2026-06-13,2026-06-17,HAUTE,TERMINE
2375,OF202502375,184,230,367,367,13,2026-02-11,2026-02-15,2026-02-13,2026-02-22,HAUTE,TERMINE
2376,OF202502376,287,133,452,452,37,2025-01-31,2025-02-05,2025-01-31,2025-02-13,NORMALE,TERMINE
2377,OF202502377,251,327,382,382,25,2026-05-17,2026-05-26,2026-05-20,2026-06-18,NORMALE,TERMINE
2378,OF202502378,142,115,283,283,28,2025-03-11,2025-04-02,2025-03-13,2025-03-27,NORMALE,TERMINE
2379,OF202502379,200,201,129,129,14,2026-09-17,2026-10-02,2026-09-17,2026-10-16,BASSE,TERMINE
2380,OF202502380,103,296,475,0,0,2026-02-16,2026-03-08,,,NORMALE,EN_ATTENTE
2381,OF202502381,298,223,391,391,34,2025-01-21,2025-02-02,2025-01-21,2025-02-17,NORMALE,TERMINE
2382,OF202502382,161,64,119,119,3,2025-02-02,2025-02-20,2025-02-03,2025-03-04,NORMALE,TERMINE
2383,OF202502383,258,75,356,356,18,2026-03-11,2026-04-01,2026-03-11,2026-03-28,NORMALE,TERMINE
2384,OF202502384,237,414,400,0,0,2025-03-13,2025-03-19,2025-03-13,,NORMALE,EN_COURS
2385,OF202502385,136,466,375,375,12,2026-03-06,2026-03-23,2026-03-06,2026-04-10,NORMALE,TERMINE
2386,OF202502386,168,436,435,435,42,2025-03-10,2025-03-30,2025-03-11,2025-04-10,HAUTE,TERMINE
2387,OF202502387,61,112,329,329,27,2026-10-19,2026-11-18,2026-10-21,2026-11-22,NORMALE,TERMINE
2388,OF202502388,133,486,329,0,0,2026-02-19,2026-02-22,,,NORMALE,ANNULE
2389,OF202502389,272,303,356,0,0,2026-07-28,2026-08-24,,,NORMALE,EN_ATTENTE
2390,OF202502390,172,471,126,0,0,2025-03-05,2025-03-30,2025-03-07,,NORMALE,EN_COURS
2391,OF202502391,110,247,281,281,6,2025-11-25,2025-12-09,2025-11-28,2025-12-15,NORMALE,TERMINE
2392,OF202502392,64,233,140,140,13,2026-07-15,2026-08-09,2026-07-15,2026-07-28,NORMALE,TERMINE
2393,OF202502393,2,496,28,0,0,2026-04-01,2026-04-15,,,NORMALE,EN_ATTENTE
2394,OF202502394,211,172,72,0,0,2025-02-22,2025-03-20,,,NORMALE,EN_ATTENTE
2395,OF202502395,217,202,403,0,0,2026-09-14,2026-10-02,,,HAUTE,ANNULE
2396,OF202502396,82,315,100,100,9,2026-07-30,2026-08-18,2026-08-01,2026-08-27,NORMALE,TERMINE
2397,OF202502397,79,438,142,142,14,2026-08-26,2026-09-20,2026-08-29,2026-09-18,NORMALE,TERMINE
2398,OF202502398,77,492,480,0,0,2026-09-03,2026-09-21,,,BASSE,EN_ATTENTE
2399,OF202502399,100,475,174,174,19,2025-10-10,2025-10-27,2025-10-12,2025-10-31,NORMALE,TERMINE
2400,OF202502400,237,414,44,0,0,2025-03-03,2025-04-01,,,NORMALE,ANNULE
2401,OF202502401,166,82,83,0,0,2025-12-30,2026-01-22,,,NORMALE,ANNULE
2402,OF202502402,29,272,71,71,4,2026-07-26,2026-08-08,2026-07-27,2026-08-22,NORMALE,TERMINE
2403,OF202502403,55,416,20,0,0,2025-09-21,2025-09-25,2025-09-22,,NORMALE,EN_COURS
2404,OF202502404,180,401,160,0,0,2025-05-04,2025-05-13,,,HAUTE,ANNULE
2405,OF202502405,51,393,248,248,29,2025-12-27,2026-01-03,2025-12-30,2026-01-25,NORMALE,TERMINE
2406,OF202502406,225,48,304,0,0,2026-04-25,2026-05-01,,,BASSE,ANNULE
2407,OF202502407,225,127,14,0,0,2026-02-25,2026-03-27,2026-02-27,,BASSE,EN_COURS
2408,OF202502408,92,252,479,0,0,2025-01-25,2025-02-19,2025-01-27,,NORMALE,EN_COURS
2409,OF202502409,108,37,246,246,26,2026-02-12,2026-02-19,2026-02-13,2026-03-16,NORMALE,TERMINE
2410,OF202502410,18,262,496,496,13,2025-03-15,2025-03-30,2025-03-16,2025-04-07,NORMALE,TERMINE
2411,OF202502411,262,153,257,0,0,2025-05-10,2025-05-23,,,NORMALE,ANNULE
2412,OF202502412,215,31,249,249,10,2026-06-09,2026-06-17,2026-06-09,2026-07-05,NORMALE,TERMINE
2413,OF202502413,11,211,373,373,41,2025-12-26,2025-12-30,2025-12-27,2026-01-12,HAUTE,TERMINE
2414,OF202502414,122,444,251,0,0,2025-08-20,2025-08-25,,,NORMALE,EN_ATTENTE
2415,OF202502415,70,191,427,427,25,2026-03-19,2026-04-03,2026-03-22,2026-04-06,NORMALE,TERMINE
2416,OF202502416,166,233,386,386,31,2026-10-13,2026-10-21,2026-10-15,2026-10-23,NORMALE,TERMINE
2417,OF202502417,59,91,181,0,0,2025-08-18,2025-09-12,,,NORMALE,ANNULE
2418,OF202502418,86,465,350,350,41,2025-01-13,2025-01-27,2025-01-13,2025-01-25,NORMALE,TERMINE
2419,OF202502419,266,250,105,0,0,2025-04-29,2025-05-09,,,NORMALE,ANNULE
2420,OF202502420,194,84,477,477,26,2026-11-01,2026-11-21,2026-11-04,2026-11-15,NORMALE,TERMINE
2421,OF202502421,191,162,25,25,1,2026-03-28,2026-03-31,2026-03-30,2026-04-23,NORMALE,TERMINE
2422,OF202502422,255,239,328,0,0,2026-01-18,2026-01-22,2026-01-21,,BASSE,EN_COURS
2423,OF202502423,273,417,57,57,6,2025-05-10,2025-06-06,2025-05-11,2025-05-25,NORMALE,TERMINE
2424,OF202502424,299,431,98,98,3,2025-11-22,2025-12-12,2025-11-25,2025-12-16,NORMALE,TERMINE
2425,OF202502425,205,134,206,0,0,2026-10-26,2026-11-03,2026-10-28,,HAUTE,EN_COURS
2426,OF202502426,178,37,399,0,0,2026-08-25,2026-09-24,2026-08-28,,NORMALE,EN_COURS
2427,OF202502427,186,44,459,459,12,2026-06-18,2026-06-29,2026-06-20,2026-06-29,NORMALE,TERMINE
2428,OF202502428,89,246,454,454,38,2025-09-15,2025-10-13,2025-09-17,2025-10-06,NORMALE,TERMINE
2429,OF202502429,34,326,111,111,5,2025-10-03,2025-10-19,2025-10-03,2025-10-20,HAUTE,TERMINE
2430,OF202502430,193,85,421,0,0,2026-03-18,2026-04-14,2026-03-20,,BASSE,EN_COURS
2431,OF202502431,128,1,355,355,33,2025-09-25,2025-10-22,2025-09-28,2025-10-01,HAUTE,TERMINE
2432,OF202502432,262,100,148,0,0,2026-06-25,2026-07-20,,,HAUTE,ANNULE
2433,OF202502433,56,363,325,325,31,2026-07-26,2026-08-15,2026-07-28,2026-08-01,NORMALE,TERMINE
2434,OF202502434,285,323,136,136,11,2026-04-04,2026-05-01,2026-04-06,2026-04-26,NORMALE,TERMINE
2435,OF202502435,62,21,259,259,5,2026-09-08,2026-09-18,2026-09-08,2026-10-06,NORMALE,TERMINE
2436,OF202502436,10,381,321,321,10,2025-01-13,2025-01-26,2025-01-13,2025-02-04,NORMALE,TERMINE
2437,OF202502437,9,102,22,0,0,2025-12-15,2025-12-19,2025-12-15,,NORMALE,EN_COURS
2438,OF202502438,25,15,123,0,0,2025-12-16,2026-01-08,2025-12-19,,BASSE,EN_COURS
2439,OF202502439,20,340,130,0,0,2025-03-12,2025-03-18,2025-03-15,,HAUTE,EN_COURS
2440,OF202502440,213,441,335,335,21,2025-03-18,2025-03-26,2025-03-20,2025-04-20,BASSE,TERMINE
2441,OF202502441,230,470,68,68,4,2025-06-02,2025-06-27,2025-06-04,2025-06-25,HAUTE,TERMINE
2442,OF202502442,98,251,428,428,47,2025-10-01,2025-10-23,2025-10-03,2025-10-24,HAUTE,TERMINE
2443,OF202502443,165,322,12,0,0,2026-08-16,2026-08-23,,,HAUTE,EN_ATTENTE
2444,OF202502444,1,427,142,0,0,2026-03-20,2026-04-03,2026-03-23,,NORMALE,EN_COURS
2445,OF202502445,182,382,398,398,41,2026-03-06,2026-03-21,2026-03-08,2026-03-26,BASSE,TERMINE
2446,OF202502446,263,452,304,0,0,2026-10-01,2026-10-15,,,HAUTE,EN_ATTENTE
2447,OF202502447,30,248,355,0,0,2026-02-10,2026-02-22,2026-02-10,,NORMALE,EN_COURS
2448,OF202502448,204,146,83,0,0,2026-08-01,2026-08-14,2026-08-02,,NORMALE,EN_COURS
2449,OF202502449,67,242,85,85,3,2025-10-05,2025-10-31,2025-10-08,2025-10-22,HAUTE,TERMINE
2450,OF202502450,96,222,453,0,0,2026-08-06,2026-08-20,,,NORMALE,EN_ATTENTE
2451,OF202502451,186,265,70,0,0,2026-06-01,2026-06-27,2026-06-01,,NORMALE,EN_COURS
2452,OF202502452,166,484,169,169,7,2025-02-07,2025-02-26,2025-02-08,2025-02-23,NORMALE,TERMINE
2453,OF202502453,143,458,281,281,10,2025-12-28,2026-01-18,2025-12-28,2026-01-20,NORMALE,TERMINE
2454,OF202502454,222,472,101,0,0,2026-01-15,2026-02-08,2026-01-18,,NORMALE,EN_COURS
2455,OF202502455,73,294,132,132,13,2026-03-01,2026-03-21,2026-03-02,2026-03-08,HAUTE,TERMINE
2456,OF202502456,241,213,282,0,0,2025-07-30,2025-08-21,2025-08-01,,NORMALE,EN_COURS
2457,OF202502457,174,403,408,408,29,2025-02-03,2025-02-11,2025-02-04,2025-03-08,NORMALE,TERMINE
2458,OF202502458,46,462,23,23,2,2026-03-07,2026-03-14,2026-03-09,2026-03-23,HAUTE,TERMINE
2459,OF202502459,10,70,302,302,29,2025-10-21,2025-11-01,2025-10-24,2025-11-02,NORMALE,TERMINE
2460,OF202502460,110,150,338,0,0,2025-10-16,2025-11-10,,,BASSE,EN_ATTENTE
2461,OF202502461,127,187,496,0,0,2025-09-02,2025-09-28,,,NORMALE,EN_ATTENTE
2462,OF202502462,64,445,393,393,24,2026-03-14,2026-03-31,2026-03-14,2026-04-16,NORMALE,TERMINE
2463,OF202502463,250,282,79,79,6,2025-02-22,2025-03-19,2025-02-22,2025-03-01,NORMALE,TERMINE
2464,OF202502464,32,426,138,0,0,2025-09-10,2025-10-06,,,NORMALE,EN_ATTENTE
2465,OF202502465,240,190,338,0,0,2026-07-14,2026-07-31,2026-07-17,,NORMALE,EN_COURS
2466,OF202502466,244,423,123,123,4,2025-07-12,2025-08-11,2025-07-14,2025-07-21,NORMALE,TERMINE
2467,OF202502467,109,293,145,145,9,2025-05-12,2025-05-26,2025-05-15,2025-06-01,HAUTE,TERMINE
2468,OF202502468,93,367,355,355,30,2025-12-14,2025-12-18,2025-12-15,2025-12-22,NORMALE,TERMINE
2469,OF202502469,267,181,483,0,0,2025-10-16,2025-11-04,2025-10-18,,HAUTE,EN_COURS
2470,OF202502470,222,472,281,0,0,2025-08-24,2025-09-14,2025-08-27,,NORMALE,EN_COURS
2471,OF202502471,274,207,162,162,15,2025-06-30,2025-07-28,2025-06-30,2025-07-29,NORMALE,TERMINE
2472,OF202502472,147,335,364,0,0,2026-08-25,2026-09-21,2026-08-26,,NORMALE,EN_COURS
2473,OF202502473,189,18,460,460,36,2026-01-28,2026-02-18,2026-01-29,2026-02-23,NORMALE,TERMINE
2474,OF202502474,270,448,37,0,0,2025-06-03,2025-06-16,2025-06-05,,NORMALE,EN_COURS
2475,OF202502475,209,47,370,370,35,2026-10-23,2026-11-10,2026-10-25,2026-11-10,NORMALE,TERMINE
2476,OF202502476,228,390,276,276,25,2026-08-07,2026-08-26,2026-08-10,2026-08-18,NORMALE,TERMINE
2477,OF202502477,41,150,377,377,29,2025-10-25,2025-11-21,2025-10-27,2025-11-24,NORMALE,TERMINE
2478,OF202502478,34,326,234,234,19,2025-06-27,2025-07-07,2025-06-29,2025-08-01,NORMALE,TERMINE
2479,OF202502479,45,356,302,302,11,2026-03-09,2026-03-16,2026-03-12,2026-04-04,NORMALE,TERMINE
2480,OF202502480,299,267,402,402,26,2026-07-31,2026-08-22,2026-08-03,2026-08-26,NORMALE,TERMINE
2481,OF202502481,44,381,88,88,8,2025-05-19,2025-05-22,2025-05-19,2025-06-10,NORMALE,TERMINE
2482,OF202502482,64,12,140,140,8,2025-07-02,2025-07-21,2025-07-05,2025-07-28,HAUTE,TERMINE
2483,OF202502483,30,248,260,0,0,2025-11-28,2025-12-19,2025-11-30,,HAUTE,EN_COURS
2484,OF202502484,56,425,399,399,11,2025-02-13,2025-03-06,2025-02-16,2025-03-04,NORMALE,TERMINE
2485,OF202502485,8,400,491,0,0,2025-12-28,2026-01-16,,,NORMALE,EN_ATTENTE
2486,OF202502486,248,78,257,0,0,2026-11-21,2026-12-14,2026-11-23,,NORMALE,EN_COURS
2487,OF202502487,202,277,327,0,0,2025-11-01,2025-11-30,2025-11-02,,NORMALE,EN_COURS
2488,OF202502488,23,395,247,0,0,2025-06-09,2025-07-05,,,HAUTE,EN_ATTENTE
2489,OF202502489,170,66,475,0,0,2025-09-20,2025-09-29,2025-09-21,,NORMALE,EN_COURS
2490,OF202502490,168,126,355,355,22,2026-04-04,2026-04-28,2026-04-07,2026-04-24,NORMALE,TERMINE
2491,OF202502491,129,491,419,419,10,2025-12-09,2025-12-29,2025-12-12,2025-12-24,HAUTE,TERMINE
2492,OF202502492,36,101,234,0,0,2026-09-06,2026-09-11,2026-09-08,,NORMALE,EN_COURS
2493,OF202502493,1,427,468,468,46,2026-10-05,2026-10-13,2026-10-05,2026-11-09,HAUTE,TERMINE
2494,OF202502494,44,357,256,0,0,2025-09-28,2025-10-13,,,NORMALE,ANNULE
2495,OF202502495,202,435,264,0,0,2026-11-16,2026-11-27,,,NORMALE,ANNULE
2496,OF202502496,243,455,393,393,44,2025-04-03,2025-04-20,2025-04-03,2025-05-02,BASSE,TERMINE
2497,OF202502497,149,74,346,0,0,2025-09-08,2025-10-06,2025-09-08,,NORMALE,EN_COURS
2498,OF202502498,112,220,486,0,0,2026-08-10,2026-08-24,2026-08-11,,HAUTE,EN_COURS
2499,OF202502499,186,175,465,465,43,2026-01-24,2026-02-11,2026-01-25,2026-02-08,NORMALE,TERMINE
2500,OF202502500,243,455,100,100,7,2026-06-20,2026-07-15,2026-06-21,2026-07-15,NORMALE,TERMINE
2501,OF202502501,237,414,393,0,0,2026-11-26,2026-12-01,2026-11-27,,NORMALE,EN_COURS
2502,OF202502502,194,84,413,0,0,2026-09-15,2026-09-24,2026-09-18,,NORMALE,EN_COURS
2503,OF202502503,122,444,450,450,22,2026-03-28,2026-04-10,2026-03-31,2026-04-24,NORMALE,TERMINE
2504,OF202502504,115,313,173,173,18,2025-03-07,2025-03-30,2025-03-09,2025-03-24,HAUTE,TERMINE
2505,OF202502505,206,125,211,0,0,2025-07-25,2025-08-09,,,HAUTE,ANNULE
2506,OF202502506,75,463,37,37,1,2026-01-03,2026-01-27,2026-01-03,2026-01-20,NORMALE,TERMINE
2507,OF202502507,229,406,424,424,47,2026-10-26,2026-10-30,2026-10-28,2026-11-26,BASSE,TERMINE
2508,OF202502508,56,363,401,0,0,2025-07-20,2025-08-19,2025-07-23,,NORMALE,EN_COURS
2509,OF202502509,127,187,482,0,0,2026-10-06,2026-10-14,2026-10-08,,HAUTE,EN_COURS
2510,OF202502510,298,223,41,41,3,2025-12-09,2025-12-23,2025-12-11,2025-12-30,NORMALE,TERMINE
2511,OF202502511,19,129,310,0,0,2026-09-12,2026-09-27,,,HAUTE,EN_ATTENTE
2512,OF202502512,50,170,430,0,0,2026-05-05,2026-05-08,2026-05-05,,NORMALE,EN_COURS
2513,OF202502513,66,154,63,0,0,2025-08-06,2025-08-13,2025-08-09,,NORMALE,EN_COURS
2514,OF202502514,261,34,20,20,1,2025-06-10,2025-06-15,2025-06-11,2025-06-28,NORMALE,TERMINE
2515,OF202502515,275,497,52,0,0,2025-05-19,2025-06-14,,,NORMALE,EN_ATTENTE
2516,OF202502516,35,58,201,0,0,2025-03-06,2025-04-01,2025-03-08,,NORMALE,EN_COURS
2517,OF202502517,212,258,474,474,19,2026-01-09,2026-01-22,2026-01-10,2026-01-18,NORMALE,TERMINE
2518,OF202502518,189,18,175,175,20,2026-07-24,2026-08-11,2026-07-24,2026-08-25,NORMALE,TERMINE
2519,OF202502519,224,65,403,0,0,2025-06-01,2025-06-21,,,NORMALE,EN_ATTENTE
2520,OF202502520,91,424,83,83,6,2026-07-11,2026-08-10,2026-07-14,2026-08-01,NORMALE,TERMINE
2521,OF202502521,54,202,421,421,28,2026-09-05,2026-09-28,2026-09-08,2026-09-19,HAUTE,TERMINE
2522,OF202502522,81,304,387,387,33,2026-05-26,2026-06-06,2026-05-29,2026-06-08,NORMALE,TERMINE
2523,OF202502523,165,19,276,276,32,2025-09-09,2025-09-15,2025-09-09,2025-10-13,HAUTE,TERMINE
2524,OF202502524,282,255,289,289,17,2025-02-20,2025-03-12,2025-02-23,2025-03-07,HAUTE,TERMINE
2525,OF202502525,159,347,183,183,13,2026-07-10,2026-07-16,2026-07-10,2026-07-25,NORMALE,TERMINE
2526,OF202502526,56,363,465,465,36,2026-11-28,2026-12-27,2026-12-01,2026-12-18,NORMALE,TERMINE
2527,OF202502527,134,461,118,118,4,2026-04-03,2026-04-23,2026-04-06,2026-04-20,HAUTE,TERMINE
2528,OF202502528,197,343,489,0,0,2025-08-13,2025-08-23,2025-08-15,,NORMALE,EN_COURS
2529,OF202502529,228,390,127,0,0,2025-07-23,2025-08-10,2025-07-24,,NORMALE,EN_COURS
2530,OF202502530,80,224,68,68,2,2026-09-23,2026-09-28,2026-09-25,2026-09-28,HAUTE,TERMINE
2531,OF202502531,249,243,265,0,0,2025-09-08,2025-09-20,2025-09-10,,BASSE,EN_COURS
2532,OF202502532,26,174,158,0,0,2025-01-09,2025-01-22,,,HAUTE,ANNULE
2533,OF202502533,2,496,23,23,1,2026-10-02,2026-10-20,2026-10-05,2026-10-12,NORMALE,TERMINE
2534,OF202502534,139,164,130,130,9,2026-02-24,2026-03-11,2026-02-24,2026-03-19,NORMALE,TERMINE
2535,OF202502535,163,429,234,0,0,2025-11-02,2025-11-20,,,NORMALE,EN_ATTENTE
2536,OF202502536,119,320,235,235,15,2026-10-24,2026-11-12,2026-10-26,2026-11-14,NORMALE,TERMINE
2537,OF202502537,154,359,241,241,20,2025-04-30,2025-05-10,2025-04-30,2025-05-30,BASSE,TERMINE
2538,OF202502538,275,497,415,0,0,2026-09-08,2026-09-23,,,NORMALE,ANNULE
2539,OF202502539,34,326,102,0,0,2025-12-14,2026-01-01,2025-12-16,,NORMALE,EN_COURS
2540,OF202502540,245,198,337,337,23,2025-06-11,2025-06-16,2025-06-12,2025-06-23,NORMALE,TERMINE
2541,OF202502541,264,247,427,427,31,2025-03-16,2025-04-13,2025-03-16,2025-04-19,NORMALE,TERMINE
2542,OF202502542,289,366,313,313,29,2026-11-16,2026-12-06,2026-11-17,2026-11-25,NORMALE,TERMINE
2543,OF202502543,21,333,16,16,0,2025-11-24,2025-12-06,2025-11-26,2025-12-22,NORMALE,TERMINE
2544,OF202502544,118,142,26,0,0,2025-11-27,2025-12-23,2025-11-27,,NORMALE,EN_COURS
2545,OF202502545,293,177,158,0,0,2026-02-23,2026-03-02,2026-02-26,,BASSE,EN_COURS
2546,OF202502546,53,75,490,0,0,2025-02-26,2025-03-25,2025-03-01,,NORMALE,EN_COURS
2547,OF202502547,173,129,109,0,0,2026-01-13,2026-02-04,2026-01-16,,BASSE,EN_COURS
2548,OF202502548,161,64,90,90,5,2026-05-31,2026-06-08,2026-05-31,2026-06-24,BASSE,TERMINE
2549,OF202502549,1,427,176,176,15,2026-10-11,2026-10-29,2026-10-12,2026-11-09,NORMALE,TERMINE
2550,OF202502550,244,105,136,136,5,2025-02-18,2025-03-11,2025-02-21,2025-03-09,BASSE,TERMINE
2551,OF202502551,264,390,207,0,0,2026-02-26,2026-03-01,2026-03-01,,NORMALE,EN_COURS
2552,OF202502552,292,270,181,181,15,2025-01-12,2025-02-09,2025-01-12,2025-02-07,NORMALE,TERMINE
2553,OF202502553,143,458,81,81,6,2026-09-08,2026-09-23,2026-09-09,2026-10-13,NORMALE,TERMINE
2554,OF202502554,14,185,128,0,0,2025-07-06,2025-07-31,,,NORMALE,EN_ATTENTE
2555,OF202502555,76,218,91,0,0,2025-12-20,2026-01-01,2025-12-23,,NORMALE,EN_COURS
2556,OF202502556,122,444,50,0,0,2025-12-26,2026-01-11,2025-12-29,,NORMALE,EN_COURS
2557,OF202502557,62,21,309,309,14,2026-07-19,2026-08-17,2026-07-22,2026-07-29,NORMALE,TERMINE
2558,OF202502558,162,386,412,0,0,2026-07-21,2026-08-07,,,BASSE,EN_ATTENTE
2559,OF202502559,18,262,171,0,0,2025-07-25,2025-08-19,,,NORMALE,EN_ATTENTE
2560,OF202502560,282,57,183,0,0,2026-09-26,2026-10-19,2026-09-29,,NORMALE,EN_COURS
2561,OF202502561,73,294,494,494,44,2026-01-15,2026-01-19,2026-01-18,2026-02-12,BASSE,TERMINE
2562,OF202502562,13,187,33,0,0,2026-02-23,2026-03-17,,,HAUTE,EN_ATTENTE
2563,OF202502563,213,441,283,0,0,2025-04-20,2025-05-03,2025-04-23,,NORMALE,EN_COURS
2564,OF202502564,281,132,433,433,28,2025-07-07,2025-07-25,2025-07-09,2025-07-19,NORMALE,TERMINE
2565,OF202502565,286,228,381,0,0,2026-08-11,2026-08-19,,,BASSE,EN_ATTENTE
2566,OF202502566,159,347,133,0,0,2025-01-03,2025-02-02,2025-01-06,,HAUTE,EN_COURS
2567,OF202502567,99,35,281,281,12,2025-08-09,2025-08-13,2025-08-12,2025-08-31,NORMALE,TERMINE
2568,OF202502568,257,112,487,0,0,2026-06-13,2026-06-19,,,NORMALE,ANNULE
2569,OF202502569,217,202,227,0,0,2025-12-11,2026-01-04,2025-12-14,,NORMALE,EN_COURS
2570,OF202502570,24,215,488,488,48,2025-12-25,2026-01-15,2025-12-27,2026-01-13,NORMALE,TERMINE
2571,OF202502571,168,156,493,0,0,2026-10-17,2026-11-10,,,HAUTE,EN_ATTENTE
2572,OF202502572,227,352,16,16,1,2025-10-28,2025-11-01,2025-10-29,2025-11-12,HAUTE,TERMINE
2573,OF202502573,273,468,23,23,1,2026-10-06,2026-10-26,2026-10-08,2026-11-05,NORMALE,TERMINE
2574,OF202502574,230,470,159,0,0,2026-01-04,2026-02-01,2026-01-07,,NORMALE,EN_COURS
2575,OF202502575,77,73,491,491,27,2025-04-27,2025-04-30,2025-04-29,2025-05-04,HAUTE,TERMINE
2576,OF202502576,240,409,204,204,19,2025-01-15,2025-02-03,2025-01-15,2025-02-02,HAUTE,TERMINE
2577,OF202502577,59,91,205,0,0,2026-03-24,2026-03-29,2026-03-25,,NORMALE,EN_COURS
2578,OF202502578,146,402,345,345,36,2025-12-31,2026-01-04,2025-12-31,2026-01-06,NORMALE,TERMINE
2579,OF202502579,160,310,338,338,27,2026-07-22,2026-08-12,2026-07-23,2026-07-31,HAUTE,TERMINE
2580,OF202502580,12,182,359,359,28,2025-02-08,2025-03-03,2025-02-11,2025-02-22,NORMALE,TERMINE
2581,OF202502581,158,335,188,0,0,2026-10-28,2026-11-26,2026-10-28,,NORMALE,EN_COURS
2582,OF202502582,116,443,159,0,0,2026-05-14,2026-05-21,2026-05-15,,NORMALE,EN_COURS
2583,OF202502583,156,498,390,0,0,2025-04-10,2025-04-28,2025-04-10,,NORMALE,EN_COURS
2584,OF202502584,269,392,410,0,0,2025-10-31,2025-11-30,2025-11-01,,NORMALE,EN_COURS
2585,OF202502585,134,461,323,323,29,2026-10-08,2026-11-06,2026-10-11,2026-10-25,BASSE,TERMINE
2586,OF202502586,19,129,118,118,10,2026-08-29,2026-09-23,2026-08-29,2026-09-11,NORMALE,TERMINE
2587,OF202502587,282,373,333,333,16,2025-06-19,2025-07-18,2025-06-21,2025-06-27,NORMALE,TERMINE
2588,OF202502588,295,415,299,0,0,2026-08-17,2026-09-05,,,NORMALE,EN_ATTENTE
2589,OF202502589,230,470,497,0,0,2026-08-28,2026-09-16,,,NORMALE,EN_ATTENTE
2590,OF202502590,60,385,476,0,0,2026-07-29,2026-08-04,,,BASSE,ANNULE
2591,OF202502591,115,482,289,0,0,2025-10-29,2025-11-13,,,BASSE,EN_ATTENTE
2592,OF202502592,56,363,61,61,6,2026-01-26,2026-02-06,2026-01-28,2026-02-08,NORMALE,TERMINE
2593,OF202502593,198,299,89,0,0,2025-12-24,2026-01-03,2025-12-27,,NORMALE,EN_COURS
2594,OF202502594,56,363,241,241,23,2026-02-09,2026-02-17,2026-02-10,2026-03-11,NORMALE,TERMINE
2595,OF202502595,300,338,337,337,19,2026-08-22,2026-09-03,2026-08-25,2026-09-04,NORMALE,TERMINE
2596,OF202502596,285,35,325,325,14,2026-04-08,2026-04-14,2026-04-11,2026-05-11,NORMALE,TERMINE
2597,OF202502597,113,51,58,58,3,2026-03-11,2026-03-15,2026-03-13,2026-03-21,NORMALE,TERMINE
2598,OF202502598,43,279,239,239,25,2025-03-31,2025-04-16,2025-04-02,2025-04-06,NORMALE,TERMINE
2599,OF202502599,135,83,155,0,0,2025-12-20,2026-01-13,2025-12-21,,NORMALE,EN_COURS
2600,OF202502600,213,441,54,54,2,2026-11-07,2026-12-01,2026-11-07,2026-12-08,NORMALE,TERMINE
2601,OF202502601,238,467,258,0,0,2026-03-15,2026-03-22,,,NORMALE,EN_ATTENTE
2602,OF202502602,11,324,108,0,0,2026-03-31,2026-04-10,2026-04-03,,NORMALE,EN_COURS
2603,OF202502603,167,221,253,0,0,2026-11-18,2026-12-04,2026-11-18,,HAUTE,EN_COURS
2604,OF202502604,249,243,233,233,23,2025-09-25,2025-10-25,2025-09-27,2025-09-30,HAUTE,TERMINE
2605,OF202502605,223,436,154,0,0,2025-06-08,2025-06-21,,,NORMALE,EN_ATTENTE
2606,OF202502606,181,86,83,0,0,2026-03-17,2026-04-12,2026-03-18,,NORMALE,EN_COURS
2607,OF202502607,46,114,451,451,9,2026-01-04,2026-01-18,2026-01-04,2026-02-04,BASSE,TERMINE
2608,OF202502608,181,86,331,331,22,2026-01-06,2026-02-02,2026-01-07,2026-02-07,BASSE,TERMINE
2609,OF202502609,4,199,336,336,36,2025-03-05,2025-03-24,2025-03-07,2025-03-30,NORMALE,TERMINE
2610,OF202502610,89,375,46,0,0,2025-06-04,2025-06-19,,,HAUTE,EN_ATTENTE
2611,OF202502611,97,437,104,0,0,2026-11-04,2026-11-26,2026-11-05,,NORMALE,EN_COURS
2612,OF202502612,251,232,218,218,9,2026-04-27,2026-05-05,2026-04-30,2026-05-09,NORMALE,TERMINE
2613,OF202502613,210,71,229,229,18,2026-03-26,2026-04-07,2026-03-29,2026-04-28,BASSE,TERMINE
2614,OF202502614,260,136,400,400,36,2026-01-30,2026-02-19,2026-02-02,2026-02-24,NORMALE,TERMINE
2615,OF202502615,151,29,320,0,0,2026-09-18,2026-09-27,,,NORMALE,ANNULE
2616,OF202502616,38,41,463,463,32,2026-05-22,2026-05-30,2026-05-25,2026-06-09,NORMALE,TERMINE
2617,OF202502617,3,122,469,0,0,2026-03-26,2026-04-18,2026-03-27,,NORMALE,EN_COURS
2618,OF202502618,96,18,471,0,0,2025-07-31,2025-08-30,2025-07-31,,NORMALE,EN_COURS
2619,OF202502619,248,78,164,164,6,2025-02-12,2025-02-21,2025-02-13,2025-02-23,NORMALE,TERMINE
2620,OF202502620,164,428,382,0,0,2025-04-09,2025-04-28,,,BASSE,ANNULE
2621,OF202502621,9,102,428,0,0,2025-01-12,2025-01-20,2025-01-13,,NORMALE,EN_COURS
2622,OF202502622,217,202,456,456,17,2026-09-04,2026-09-14,2026-09-06,2026-10-09,BASSE,TERMINE
2623,OF202502623,57,191,467,0,0,2025-09-04,2025-09-25,2025-09-07,,BASSE,EN_COURS
2624,OF202502624,279,490,143,0,0,2025-03-30,2025-04-29,,,NORMALE,EN_ATTENTE
2625,OF202502625,163,429,203,203,7,2026-03-13,2026-03-16,2026-03-16,2026-04-14,HAUTE,TERMINE
2626,OF202502626,195,344,496,0,0,2025-05-25,2025-06-10,,,NORMALE,EN_ATTENTE
2627,OF202502627,90,156,292,0,0,2026-10-17,2026-11-08,2026-10-18,,BASSE,EN_COURS
2628,OF202502628,75,314,366,0,0,2025-05-30,2025-06-29,,,NORMALE,EN_ATTENTE
2629,OF202502629,219,360,135,0,0,2025-12-12,2025-12-16,,,NORMALE,EN_ATTENTE
2630,OF202502630,213,370,26,0,0,2025-03-21,2025-04-03,,,NORMALE,EN_ATTENTE
2631,OF202502631,246,376,79,79,6,2026-09-22,2026-10-11,2026-09-22,2026-09-28,HAUTE,TERMINE
2632,OF202502632,245,198,281,0,0,2026-02-10,2026-02-26,2026-02-12,,BASSE,EN_COURS
2633,OF202502633,26,288,400,0,0,2026-02-05,2026-02-25,2026-02-06,,NORMALE,EN_COURS
2634,OF202502634,59,91,251,0,0,2025-07-20,2025-07-24,,,BASSE,EN_ATTENTE
2635,OF202502635,270,448,111,0,0,2026-08-16,2026-08-19,,,NORMALE,EN_ATTENTE
2636,OF202502636,100,19,23,23,1,2025-02-23,2025-03-08,2025-02-26,2025-03-05,BASSE,TERMINE
2637,OF202502637,21,333,343,0,0,2025-10-19,2025-11-06,,,HAUTE,EN_ATTENTE
2638,OF202502638,147,335,277,277,11,2026-07-02,2026-07-31,2026-07-03,2026-07-09,NORMALE,TERMINE
2639,OF202502639,237,414,490,490,16,2025-06-28,2025-07-05,2025-06-29,2025-07-08,BASSE,TERMINE
2640,OF202502640,233,81,29,0,0,2025-04-25,2025-05-07,,,NORMALE,ANNULE
2641,OF202502641,128,1,159,159,11,2025-08-29,2025-09-21,2025-08-29,2025-09-19,BASSE,TERMINE
2642,OF202502642,160,310,36,36,4,2025-02-28,2025-03-18,2025-03-01,2025-03-28,NORMALE,TERMINE
2643,OF202502643,220,118,437,0,0,2026-06-20,2026-06-30,2026-06-23,,BASSE,EN_COURS
2644,OF202502644,180,401,341,0,0,2025-01-18,2025-01-29,,,NORMALE,ANNULE
2645,OF202502645,173,293,29,0,0,2025-01-14,2025-02-13,2025-01-17,,NORMALE,EN_COURS
2646,OF202502646,238,211,106,106,8,2025-04-29,2025-05-16,2025-04-30,2025-05-07,HAUTE,TERMINE
2647,OF202502647,40,450,371,371,15,2026-05-28,2026-05-31,2026-05-30,2026-06-08,BASSE,TERMINE
2648,OF202502648,57,434,307,307,7,2026-03-07,2026-03-18,2026-03-07,2026-03-15,NORMALE,TERMINE
2649,OF202502649,160,397,356,0,0,2025-07-24,2025-08-02,,,BASSE,EN_ATTENTE
2650,OF202502650,168,103,95,0,0,2025-06-28,2025-07-26,,,BASSE,EN_ATTENTE
2651,OF202502651,197,343,208,208,21,2025-10-10,2025-10-17,2025-10-13,2025-10-27,NORMALE,TERMINE
2652,OF202502652,117,194,36,0,0,2026-07-17,2026-07-24,,,HAUTE,EN_ATTENTE
2653,OF202502653,98,251,363,0,0,2026-04-05,2026-04-11,,,NORMALE,EN_ATTENTE
2654,OF202502654,299,267,138,0,0,2025-02-17,2025-03-02,2025-02-17,,BASSE,EN_COURS
2655,OF202502655,294,146,468,0,0,2025-01-12,2025-01-15,,,HAUTE,EN_ATTENTE
2656,OF202502656,171,374,129,129,7,2026-10-15,2026-10-29,2026-10-16,2026-11-14,NORMALE,TERMINE
2657,OF202502657,116,443,419,419,19,2026-03-19,2026-03-29,2026-03-21,2026-03-29,HAUTE,TERMINE
2658,OF202502658,123,350,105,105,12,2026-06-24,2026-07-22,2026-06-27,2026-07-14,HAUTE,TERMINE
2659,OF202502659,28,336,21,21,0,2025-06-22,2025-07-04,2025-06-23,2025-07-27,NORMALE,TERMINE
2660,OF202502660,229,406,164,164,4,2026-08-17,2026-08-21,2026-08-19,2026-09-06,HAUTE,TERMINE
2661,OF202502661,173,106,452,0,0,2026-11-30,2026-12-22,2026-12-03,,NORMALE,EN_COURS
2662,OF202502662,179,90,279,0,0,2026-04-21,2026-05-10,2026-04-21,,HAUTE,EN_COURS
2663,OF202502663,206,125,172,0,0,2025-04-27,2025-05-02,,,BASSE,EN_ATTENTE
2664,OF202502664,35,58,90,0,0,2025-10-27,2025-11-21,2025-10-29,,NORMALE,EN_COURS
2665,OF202502665,187,237,48,0,0,2026-11-20,2026-11-29,,,NORMALE,ANNULE
2666,OF202502666,228,180,440,440,26,2025-09-28,2025-10-03,2025-09-28,2025-10-24,NORMALE,TERMINE
2667,OF202502667,165,167,37,37,3,2026-07-10,2026-07-24,2026-07-13,2026-08-07,NORMALE,TERMINE
2668,OF202502668,99,398,417,0,0,2025-04-03,2025-04-21,,,HAUTE,EN_ATTENTE
2669,OF202502669,207,135,115,115,10,2026-10-28,2026-11-01,2026-10-28,2026-11-05,NORMALE,TERMINE
2670,OF202502670,232,13,350,350,12,2026-06-19,2026-07-12,2026-06-19,2026-07-08,BASSE,TERMINE
2671,OF202502671,126,332,498,498,13,2026-03-09,2026-03-20,2026-03-09,2026-03-14,NORMALE,TERMINE
2672,OF202502672,33,238,386,386,23,2025-11-21,2025-12-03,2025-11-22,2025-12-20,NORMALE,TERMINE
2673,OF202502673,30,248,446,446,47,2025-10-25,2025-10-30,2025-10-25,2025-11-12,BASSE,TERMINE
2674,OF202502674,106,148,348,348,37,2025-03-13,2025-04-11,2025-03-13,2025-03-26,HAUTE,TERMINE
2675,OF202502675,243,455,492,492,46,2026-03-23,2026-03-30,2026-03-25,2026-04-26,NORMALE,TERMINE
2676,OF202502676,75,212,339,0,0,2026-03-12,2026-03-24,2026-03-13,,NORMALE,EN_COURS
2677,OF202502677,38,41,214,214,17,2025-02-26,2025-03-08,2025-02-28,2025-03-06,NORMALE,TERMINE
2678,OF202502678,174,403,226,0,0,2026-02-05,2026-02-18,2026-02-06,,BASSE,EN_COURS
2679,OF202502679,34,326,106,0,0,2025-08-28,2025-09-03,2025-08-31,,NORMALE,EN_COURS
2680,OF202502680,139,164,175,0,0,2026-10-24,2026-11-22,,,HAUTE,EN_ATTENTE
2681,OF202502681,148,291,253,0,0,2026-10-31,2026-11-06,,,BASSE,EN_ATTENTE
2682,OF202502682,115,344,390,390,34,2025-09-05,2025-09-28,2025-09-05,2025-10-04,NORMALE,TERMINE
2683,OF202502683,255,387,337,337,34,2026-05-11,2026-05-31,2026-05-14,2026-06-03,NORMALE,TERMINE
2684,OF202502684,165,243,295,295,9,2026-06-24,2026-07-04,2026-06-24,2026-07-07,HAUTE,TERMINE
2685,OF202502685,166,339,155,155,6,2026-05-16,2026-05-28,2026-05-19,2026-05-28,NORMALE,TERMINE
2686,OF202502686,115,201,448,0,0,2026-09-16,2026-10-04,,,NORMALE,ANNULE
2687,OF202502687,128,1,58,58,6,2026-11-12,2026-11-28,2026-11-14,2026-11-21,NORMALE,TERMINE
2688,OF202502688,186,450,440,0,0,2026-05-11,2026-06-08,2026-05-13,,NORMALE,EN_COURS
2689,OF202502689,25,15,119,0,0,2026-05-01,2026-05-04,,,NORMALE,ANNULE
2690,OF202502690,43,457,213,0,0,2026-07-25,2026-08-15,,,NORMALE,EN_ATTENTE
2691,OF202502691,230,470,193,193,17,2025-06-23,2025-07-14,2025-06-23,2025-07-08,NORMALE,TERMINE
2692,OF202502692,182,382,302,302,14,2025-06-06,2025-06-25,2025-06-06,2025-06-27,NORMALE,TERMINE
2693,OF202502693,79,438,494,0,0,2025-07-30,2025-08-25,2025-07-31,,HAUTE,EN_COURS
2694,OF202502694,148,291,56,56,5,2026-09-04,2026-09-18,2026-09-06,2026-09-10,NORMALE,TERMINE
2695,OF202502695,196,108,466,466,32,2026-09-19,2026-09-22,2026-09-19,2026-10-06,NORMALE,TERMINE
2696,OF202502696,104,312,351,351,11,2025-05-01,2025-05-18,2025-05-03,2025-05-25,HAUTE,TERMINE
2697,OF202502697,284,4,117,117,6,2025-09-05,2025-09-10,2025-09-06,2025-09-20,BASSE,TERMINE
2698,OF202502698,256,161,372,0,0,2025-08-08,2025-08-27,2025-08-10,,NORMALE,EN_COURS
2699,OF202502699,220,70,368,368,17,2025-04-29,2025-05-10,2025-04-29,2025-05-10,NORMALE,TERMINE
2700,OF202502700,90,156,83,83,7,2025-07-26,2025-08-08,2025-07-29,2025-08-07,NORMALE,TERMINE
2701,OF202502701,131,109,468,468,37,2025-11-13,2025-12-09,2025-11-14,2025-11-18,HAUTE,TERMINE
2702,OF202502702,95,319,256,256,18,2025-09-25,2025-10-01,2025-09-27,2025-10-20,NORMALE,TERMINE
2703,OF202502703,34,326,450,0,0,2026-11-10,2026-11-23,,,HAUTE,EN_ATTENTE
2704,OF202502704,291,446,178,178,17,2025-08-20,2025-09-19,2025-08-20,2025-09-21,NORMALE,TERMINE
2705,OF202502705,187,237,290,290,14,2026-05-19,2026-06-06,2026-05-20,2026-06-05,NORMALE,TERMINE
2706,OF202502706,94,265,242,0,0,2025-06-02,2025-06-12,2025-06-02,,NORMALE,EN_COURS
2707,OF202502707,217,202,132,0,0,2025-11-25,2025-12-01,,,HAUTE,EN_ATTENTE
2708,OF202502708,53,356,345,345,23,2025-08-01,2025-08-05,2025-08-01,2025-08-06,HAUTE,TERMINE
2709,OF202502709,97,437,101,101,7,2025-09-24,2025-10-09,2025-09-26,2025-10-29,NORMALE,TERMINE
2710,OF202502710,148,291,383,0,0,2025-05-10,2025-05-18,2025-05-11,,HAUTE,EN_COURS
2711,OF202502711,88,98,278,278,31,2025-11-26,2025-12-21,2025-11-29,2025-12-02,NORMALE,TERMINE
2712,OF202502712,295,365,63,0,0,2025-09-12,2025-09-30,2025-09-12,,NORMALE,EN_COURS
2713,OF202502713,270,448,275,275,11,2025-07-30,2025-08-17,2025-07-31,2025-08-07,NORMALE,TERMINE
2714,OF202502714,58,228,105,105,2,2025-05-24,2025-06-08,2025-05-24,2025-06-14,NORMALE,TERMINE
2715,OF202502715,108,158,128,0,0,2025-03-18,2025-04-04,,,HAUTE,EN_ATTENTE
2716,OF202502716,279,163,296,0,0,2025-09-10,2025-09-30,2025-09-10,,NORMALE,EN_COURS
2717,OF202502717,102,407,234,234,9,2025-08-25,2025-09-14,2025-08-25,2025-09-02,BASSE,TERMINE
2718,OF202502718,107,246,146,0,0,2026-02-10,2026-02-18,,,NORMALE,EN_ATTENTE
2719,OF202502719,157,67,448,0,0,2026-05-15,2026-05-18,2026-05-15,,HAUTE,EN_COURS
2720,OF202502720,165,492,342,0,0,2026-06-04,2026-06-23,2026-06-05,,NORMALE,EN_COURS
2721,OF202502721,105,494,351,0,0,2025-05-08,2025-06-04,2025-05-08,,NORMALE,EN_COURS
2722,OF202502722,285,437,128,0,0,2026-06-14,2026-06-27,2026-06-14,,NORMALE,EN_COURS
2723,OF202502723,70,191,293,293,16,2025-06-19,2025-07-02,2025-06-22,2025-07-17,NORMALE,TERMINE
2724,OF202502724,238,211,160,0,0,2025-04-13,2025-04-26,,,NORMALE,ANNULE
2725,OF202502725,121,60,18,18,1,2026-01-26,2026-02-11,2026-01-29,2026-02-21,NORMALE,TERMINE
2726,OF202502726,32,485,119,119,11,2025-08-27,2025-09-01,2025-08-27,2025-09-19,NORMALE,TERMINE
2727,OF202502727,36,487,312,312,24,2025-12-07,2025-12-20,2025-12-08,2025-12-12,BASSE,TERMINE
2728,OF202502728,251,232,140,140,11,2025-02-28,2025-03-10,2025-03-03,2025-03-20,NORMALE,TERMINE
2729,OF202502729,239,408,302,302,18,2026-10-09,2026-11-01,2026-10-10,2026-10-14,NORMALE,TERMINE
2730,OF202502730,276,173,156,156,10,2026-01-15,2026-02-03,2026-01-16,2026-01-21,BASSE,TERMINE
2731,OF202502731,50,170,364,0,0,2025-11-02,2025-11-09,2025-11-04,,NORMALE,EN_COURS
2732,OF202502732,221,489,85,0,0,2026-01-04,2026-02-01,2026-01-06,,NORMALE,EN_COURS
2733,OF202502733,32,426,304,304,27,2026-11-08,2026-11-30,2026-11-08,2026-11-23,NORMALE,TERMINE
2734,OF202502734,113,207,329,329,33,2026-10-13,2026-10-19,2026-10-14,2026-10-18,BASSE,TERMINE
2735,OF202502735,82,489,328,328,14,2025-12-20,2026-01-07,2025-12-20,2026-01-21,NORMALE,TERMINE
2736,OF202502736,165,6,301,301,31,2026-09-11,2026-10-08,2026-09-14,2026-10-03,NORMALE,TERMINE
2737,OF202502737,135,280,370,0,0,2026-04-03,2026-04-29,2026-04-03,,NORMALE,EN_COURS
2738,OF202502738,229,406,171,0,0,2025-09-24,2025-09-28,2025-09-26,,HAUTE,EN_COURS
2739,OF202502739,44,482,350,350,41,2025-11-30,2025-12-16,2025-12-03,2025-12-30,BASSE,TERMINE
2740,OF202502740,5,297,383,383,19,2026-02-08,2026-03-03,2026-02-11,2026-03-10,HAUTE,TERMINE
2741,OF202502741,125,31,124,124,13,2025-09-21,2025-10-21,2025-09-21,2025-10-05,HAUTE,TERMINE
2742,OF202502742,179,398,332,332,15,2026-05-06,2026-05-09,2026-05-06,2026-06-06,HAUTE,TERMINE
2743,OF202502743,140,232,12,0,0,2025-02-20,2025-02-23,2025-02-20,,NORMALE,EN_COURS
2744,OF202502744,151,29,140,0,0,2026-01-03,2026-01-14,,,NORMALE,EN_ATTENTE
2745,OF202502745,237,414,384,384,14,2026-07-03,2026-07-31,2026-07-06,2026-07-19,NORMALE,TERMINE
2746,OF202502746,209,10,307,0,0,2026-09-12,2026-09-19,2026-09-14,,BASSE,EN_COURS
2747,OF202502747,203,222,40,0,0,2025-03-27,2025-04-05,,,NORMALE,EN_ATTENTE
2748,OF202502748,272,107,388,388,33,2025-03-23,2025-03-28,2025-03-23,2025-04-02,NORMALE,TERMINE
2749,OF202502749,55,416,200,0,0,2025-03-03,2025-03-23,2025-03-03,,NORMALE,EN_COURS
2750,OF202502750,189,18,65,65,6,2025-12-13,2025-12-16,2025-12-16,2026-01-14,NORMALE,TERMINE
2751,OF202502751,37,439,360,0,0,2025-10-09,2025-10-27,2025-10-12,,NORMALE,EN_COURS
2752,OF202502752,199,323,61,61,6,2026-10-03,2026-10-07,2026-10-04,2026-11-01,NORMALE,TERMINE
2753,OF202502753,127,187,39,39,2,2025-06-16,2025-06-30,2025-06-18,2025-07-21,NORMALE,TERMINE
2754,OF202502754,212,325,313,313,35,2026-03-06,2026-03-18,2026-03-08,2026-04-04,NORMALE,TERMINE
2755,OF202502755,259,27,492,0,0,2026-11-12,2026-12-02,2026-11-13,,NORMALE,EN_COURS
2756,OF202502756,95,319,417,417,13,2025-09-05,2025-10-05,2025-09-08,2025-09-30,BASSE,TERMINE
2757,OF202502757,143,458,373,373,34,2025-06-10,2025-07-07,2025-06-13,2025-07-08,NORMALE,TERMINE
2758,OF202502758,295,42,437,437,47,2025-11-03,2025-11-22,2025-11-05,2025-11-08,NORMALE,TERMINE
2759,OF202502759,295,365,452,0,0,2026-07-12,2026-07-23,2026-07-15,,BASSE,EN_COURS
2760,OF202502760,121,60,389,389,45,2026-05-31,2026-06-18,2026-05-31,2026-06-25,NORMALE,TERMINE
2761,OF202502761,125,418,422,0,0,2026-05-04,2026-05-20,2026-05-06,,NORMALE,EN_COURS
2762,OF202502762,293,330,33,33,1,2025-11-26,2025-12-06,2025-11-28,2025-12-28,NORMALE,TERMINE
2763,OF202502763,58,304,72,0,0,2026-03-10,2026-03-17,,,NORMALE,EN_ATTENTE
2764,OF202502764,276,173,244,0,0,2026-03-19,2026-04-04,2026-03-22,,NORMALE,EN_COURS
2765,OF202502765,30,126,467,467,21,2026-01-09,2026-01-17,2026-01-12,2026-02-09,NORMALE,TERMINE
2766,OF202502766,176,178,306,0,0,2026-05-24,2026-06-23,,,NORMALE,EN_ATTENTE
2767,OF202502767,8,400,173,173,9,2026-08-12,2026-08-18,2026-08-12,2026-09-06,BASSE,TERMINE
2768,OF202502768,224,65,343,343,8,2026-11-19,2026-12-18,2026-11-22,2026-12-09,NORMALE,TERMINE
2769,OF202502769,156,498,256,256,25,2025-04-24,2025-05-05,2025-04-24,2025-05-10,NORMALE,TERMINE
2770,OF202502770,240,190,497,0,0,2025-01-19,2025-02-13,,,NORMALE,EN_ATTENTE
2771,OF202502771,44,194,326,0,0,2025-10-16,2025-10-20,2025-10-18,,NORMALE,EN_COURS
2772,OF202502772,235,140,332,0,0,2025-08-10,2025-08-28,,,NORMALE,EN_ATTENTE
2773,OF202502773,133,159,192,192,16,2025-12-11,2026-01-06,2025-12-13,2026-01-07,NORMALE,TERMINE
2774,OF202502774,243,455,354,354,19,2026-02-24,2026-03-05,2026-02-25,2026-03-27,BASSE,TERMINE
2775,OF202502775,140,102,180,0,0,2025-01-28,2025-02-18,,,BASSE,EN_ATTENTE
2776,OF202502776,175,137,92,92,6,2026-04-27,2026-05-23,2026-04-30,2026-05-06,NORMALE,TERMINE
2777,OF202502777,74,257,269,0,0,2026-07-24,2026-08-11,2026-07-24,,NORMALE,EN_COURS
2778,OF202502778,285,313,452,0,0,2025-06-11,2025-07-07,,,NORMALE,ANNULE
2779,OF202502779,219,328,226,0,0,2026-09-17,2026-10-07,,,NORMALE,EN_ATTENTE
2780,OF202502780,16,383,458,458,50,2025-11-10,2025-11-21,2025-11-11,2025-12-05,NORMALE,TERMINE
2781,OF202502781,147,335,256,256,7,2026-09-10,2026-10-09,2026-09-13,2026-10-10,HAUTE,TERMINE
2782,OF202502782,182,382,249,249,11,2026-11-29,2026-12-18,2026-12-01,2026-12-08,BASSE,TERMINE
2783,OF202502783,55,416,43,0,0,2026-08-24,2026-08-30,,,NORMALE,ANNULE
2784,OF202502784,200,44,180,180,6,2025-01-23,2025-02-22,2025-01-26,2025-02-22,NORMALE,TERMINE
2785,OF202502785,91,424,47,0,0,2025-12-24,2026-01-09,,,NORMALE,EN_ATTENTE
2786,OF202502786,244,286,82,0,0,2025-08-02,2025-08-06,,,NORMALE,EN_ATTENTE
2787,OF202502787,245,198,120,0,0,2025-11-12,2025-12-11,,,HAUTE,EN_ATTENTE
2788,OF202502788,297,71,255,0,0,2025-11-03,2025-11-13,,,BASSE,EN_ATTENTE
2789,OF202502789,92,252,398,398,29,2025-10-13,2025-11-04,2025-10-15,2025-10-21,NORMALE,TERMINE
2790,OF202502790,47,375,190,0,0,2026-09-18,2026-10-10,2026-09-18,,NORMALE,EN_COURS
2791,OF202502791,61,112,471,471,56,2025-09-27,2025-10-01,2025-09-28,2025-10-04,NORMALE,TERMINE
2792,OF202502792,278,151,473,473,26,2025-04-07,2025-04-18,2025-04-10,2025-05-11,BASSE,TERMINE
2793,OF202502793,179,56,24,0,0,2025-07-13,2025-08-11,,,NORMALE,ANNULE
2794,OF202502794,119,199,207,0,0,2026-03-19,2026-04-12,,,NORMALE,ANNULE
2795,OF202502795,222,472,484,0,0,2025-10-25,2025-11-23,2025-10-26,,NORMALE,EN_COURS
2796,OF202502796,286,228,451,451,16,2026-11-24,2026-12-20,2026-11-26,2026-12-27,NORMALE,TERMINE
2797,OF202502797,257,162,255,0,0,2025-09-05,2025-09-17,2025-09-07,,NORMALE,EN_COURS
2798,OF202502798,28,405,384,0,0,2025-07-03,2025-08-02,2025-07-06,,NORMALE,EN_COURS
2799,OF202502799,244,425,242,0,0,2026-08-13,2026-08-22,,,NORMALE,EN_ATTENTE
2800,OF202502800,39,483,440,0,0,2025-12-04,2025-12-18,2025-12-05,,HAUTE,EN_COURS
2801,OF202502801,81,304,152,152,14,2026-11-02,2026-11-25,2026-11-04,2026-11-28,NORMALE,TERMINE
2802,OF202502802,262,128,498,498,45,2026-07-26,2026-08-20,2026-07-29,2026-08-24,HAUTE,TERMINE
2803,OF202502803,124,395,301,301,11,2025-10-02,2025-11-01,2025-10-02,2025-11-01,NORMALE,TERMINE
2804,OF202502804,270,448,255,255,20,2025-09-21,2025-10-09,2025-09-24,2025-10-25,NORMALE,TERMINE
2805,OF202502805,27,159,456,0,0,2025-06-19,2025-07-11,,,NORMALE,EN_ATTENTE
2806,OF202502806,194,84,154,0,0,2025-04-13,2025-05-09,2025-04-15,,NORMALE,EN_COURS
2807,OF202502807,249,231,82,0,0,2025-01-19,2025-01-31,,,NORMALE,EN_ATTENTE
2808,OF202502808,11,143,245,0,0,2025-04-15,2025-05-06,,,BASSE,EN_ATTENTE
2809,OF202502809,36,132,137,137,5,2025-09-12,2025-09-29,2025-09-12,2025-10-16,NORMALE,TERMINE
2810,OF202502810,187,237,327,327,7,2026-02-10,2026-02-20,2026-02-12,2026-02-25,HAUTE,TERMINE
2811,OF202502811,299,99,348,0,0,2025-03-23,2025-03-26,2025-03-23,,BASSE,EN_COURS
2812,OF202502812,166,259,441,0,0,2025-08-19,2025-08-24,2025-08-20,,NORMALE,EN_COURS
2813,OF202502813,245,198,376,376,28,2025-03-09,2025-04-02,2025-03-12,2025-03-22,NORMALE,TERMINE
2814,OF202502814,48,268,420,0,0,2026-05-27,2026-06-06,2026-05-27,,BASSE,EN_COURS
2815,OF202502815,95,319,445,445,19,2026-04-01,2026-04-10,2026-04-04,2026-04-12,NORMALE,TERMINE
2816,OF202502816,247,447,463,463,17,2025-01-06,2025-01-12,2025-01-08,2025-01-29,HAUTE,TERMINE
2817,OF202502817,81,304,325,325,30,2025-06-11,2025-07-11,2025-06-12,2025-07-16,BASSE,TERMINE
2818,OF202502818,134,461,116,0,0,2026-06-21,2026-07-06,,,NORMALE,ANNULE
2819,OF202502819,172,146,484,484,41,2026-02-17,2026-02-21,2026-02-18,2026-03-23,NORMALE,TERMINE
2820,OF202502820,44,146,31,0,0,2025-10-11,2025-11-09,2025-10-14,,NORMALE,EN_COURS
2821,OF202502821,43,110,25,25,0,2025-02-03,2025-02-15,2025-02-05,2025-02-09,NORMALE,TERMINE
2822,OF202502822,162,152,302,302,31,2025-12-02,2025-12-24,2025-12-05,2025-12-08,NORMALE,TERMINE
2823,OF202502823,78,460,419,419,33,2025-10-08,2025-11-05,2025-10-11,2025-10-28,NORMALE,TERMINE
2824,OF202502824,214,29,267,267,17,2025-12-07,2025-12-22,2025-12-08,2025-12-22,NORMALE,TERMINE
2825,OF202502825,5,166,452,0,0,2025-09-25,2025-10-22,2025-09-25,,NORMALE,EN_COURS
2826,OF202502826,199,323,222,222,23,2025-04-23,2025-05-20,2025-04-26,2025-05-08,NORMALE,TERMINE
2827,OF202502827,55,227,416,416,10,2025-04-29,2025-05-11,2025-04-29,2025-05-16,NORMALE,TERMINE
2828,OF202502828,285,11,353,353,26,2025-12-05,2025-12-19,2025-12-08,2025-12-11,NORMALE,TERMINE
2829,OF202502829,206,125,500,500,46,2025-11-30,2025-12-04,2025-12-02,2025-12-13,NORMALE,TERMINE
2830,OF202502830,47,486,392,0,0,2025-05-21,2025-06-12,2025-05-23,,BASSE,EN_COURS
2831,OF202502831,75,463,19,19,1,2026-06-27,2026-07-17,2026-06-27,2026-07-24,NORMALE,TERMINE
2832,OF202502832,23,93,234,0,0,2026-11-17,2026-12-06,2026-11-20,,HAUTE,EN_COURS
2833,OF202502833,91,424,495,495,22,2026-03-31,2026-04-04,2026-04-02,2026-04-09,BASSE,TERMINE
2834,OF202502834,211,172,484,0,0,2025-01-06,2025-01-23,2025-01-09,,BASSE,EN_COURS
2835,OF202502835,276,173,229,229,14,2026-07-02,2026-07-07,2026-07-04,2026-07-14,HAUTE,TERMINE
2836,OF202502836,296,253,315,0,0,2026-10-29,2026-11-26,2026-11-01,,BASSE,EN_COURS
2837,OF202502837,201,474,170,170,4,2025-09-15,2025-09-21,2025-09-18,2025-10-15,NORMALE,TERMINE
2838,OF202502838,20,15,51,51,4,2026-04-14,2026-04-28,2026-04-14,2026-05-11,NORMALE,TERMINE
2839,OF202502839,4,3,293,293,16,2025-09-14,2025-09-22,2025-09-16,2025-09-30,BASSE,TERMINE
2840,OF202502840,224,65,257,257,16,2026-05-09,2026-06-06,2026-05-09,2026-05-27,NORMALE,TERMINE
2841,OF202502841,68,311,433,433,34,2025-07-01,2025-07-21,2025-07-02,2025-07-15,HAUTE,TERMINE
2842,OF202502842,61,119,313,0,0,2025-06-04,2025-06-10,2025-06-06,,BASSE,EN_COURS
2843,OF202502843,82,243,328,0,0,2026-05-12,2026-06-01,,,NORMALE,ANNULE
2844,OF202502844,114,28,476,476,34,2025-10-15,2025-11-12,2025-10-15,2025-11-17,NORMALE,TERMINE
2845,OF202502845,296,118,186,0,0,2026-08-31,2026-09-21,2026-09-02,,NORMALE,EN_COURS
2846,OF202502846,147,335,312,312,11,2026-07-01,2026-07-31,2026-07-01,2026-07-08,NORMALE,TERMINE
2847,OF202502847,85,384,41,41,3,2026-06-29,2026-07-08,2026-07-02,2026-07-07,NORMALE,TERMINE
2848,OF202502848,287,433,431,0,0,2026-11-05,2026-11-09,,,NORMALE,EN_ATTENTE
2849,OF202502849,36,487,34,34,0,2026-11-01,2026-11-16,2026-11-02,2026-11-20,HAUTE,TERMINE
2850,OF202502850,191,162,328,328,20,2025-04-19,2025-05-02,2025-04-19,2025-05-06,BASSE,TERMINE
2851,OF202502851,194,84,303,303,32,2026-02-20,2026-03-20,2026-02-22,2026-03-14,NORMALE,TERMINE
2852,OF202502852,99,398,409,409,28,2026-01-04,2026-01-14,2026-01-07,2026-01-25,HAUTE,TERMINE
2853,OF202502853,74,436,177,0,0,2025-10-10,2025-10-24,,,HAUTE,EN_ATTENTE
2854,OF202502854,24,434,20,20,1,2026-02-01,2026-02-23,2026-02-03,2026-02-06,BASSE,TERMINE
2855,OF202502855,287,133,473,473,14,2026-10-28,2026-11-27,2026-10-31,2026-12-01,NORMALE,TERMINE
2856,OF202502856,275,378,70,70,4,2025-02-27,2025-03-03,2025-02-27,2025-03-17,NORMALE,TERMINE
2857,OF202502857,277,155,133,133,2,2026-08-01,2026-08-11,2026-08-01,2026-08-30,BASSE,TERMINE
2858,OF202502858,221,106,438,0,0,2026-10-28,2026-11-22,2026-10-31,,NORMALE,EN_COURS
2859,OF202502859,1,427,299,299,24,2026-12-01,2026-12-11,2026-12-04,2026-12-17,NORMALE,TERMINE
2860,OF202502860,3,122,36,0,0,2026-10-13,2026-11-11,2026-10-15,,BASSE,EN_COURS
2861,OF202502861,284,4,74,0,0,2026-05-16,2026-06-08,,,NORMALE,EN_ATTENTE
2862,OF202502862,272,107,144,0,0,2026-01-13,2026-01-19,2026-01-14,,NORMALE,EN_COURS
2863,OF202502863,3,111,35,0,0,2025-05-02,2025-05-24,2025-05-04,,NORMALE,EN_COURS
2864,OF202502864,252,206,287,0,0,2026-06-05,2026-07-02,2026-06-05,,NORMALE,EN_COURS
2865,OF202502865,278,151,205,0,0,2025-06-13,2025-07-02,2025-06-14,,NORMALE,EN_COURS
2866,OF202502866,257,175,186,186,10,2025-11-19,2025-11-29,2025-11-20,2025-11-24,NORMALE,TERMINE
2867,OF202502867,72,88,469,0,0,2025-02-27,2025-03-05,,,NORMALE,EN_ATTENTE
2868,OF202502868,97,437,57,0,0,2026-03-25,2026-04-14,2026-03-28,,NORMALE,EN_COURS
2869,OF202502869,177,54,453,453,33,2026-09-30,2026-10-26,2026-09-30,2026-11-02,HAUTE,TERMINE
2870,OF202502870,137,179,57,57,6,2025-10-24,2025-10-30,2025-10-25,2025-10-29,NORMALE,TERMINE
2871,OF202502871,2,496,150,0,0,2026-01-18,2026-01-23,2026-01-20,,BASSE,EN_COURS
2872,OF202502872,220,313,120,120,9,2025-06-07,2025-06-25,2025-06-10,2025-07-04,NORMALE,TERMINE
2873,OF202502873,196,275,145,145,11,2026-04-04,2026-04-14,2026-04-07,2026-05-05,BASSE,TERMINE
2874,OF202502874,22,471,101,101,11,2025-07-28,2025-08-19,2025-07-28,2025-08-14,NORMALE,TERMINE
2875,OF202502875,188,222,234,0,0,2025-03-24,2025-03-31,2025-03-26,,NORMALE,EN_COURS
2876,OF202502876,64,112,162,162,8,2026-09-23,2026-09-28,2026-09-24,2026-10-18,NORMALE,TERMINE
2877,OF202502877,36,132,157,157,18,2025-07-14,2025-07-30,2025-07-16,2025-07-25,NORMALE,TERMINE
2878,OF202502878,180,401,388,0,0,2025-11-19,2025-12-14,,,NORMALE,EN_ATTENTE
2879,OF202502879,144,307,70,0,0,2026-01-12,2026-01-16,,,NORMALE,ANNULE
2880,OF202502880,279,314,160,0,0,2026-01-26,2026-02-20,2026-01-27,,HAUTE,EN_COURS
2881,OF202502881,56,425,459,459,53,2026-02-25,2026-03-24,2026-02-26,2026-03-09,NORMALE,TERMINE
2882,OF202502882,24,72,424,0,0,2025-08-04,2025-08-14,2025-08-05,,NORMALE,EN_COURS
2883,OF202502883,266,250,12,0,0,2025-05-29,2025-06-11,,,NORMALE,EN_ATTENTE
2884,OF202502884,14,185,22,22,1,2025-11-14,2025-11-24,2025-11-17,2025-12-18,NORMALE,TERMINE
2885,OF202502885,264,164,343,343,12,2025-06-06,2025-06-21,2025-06-06,2025-07-04,NORMALE,TERMINE
2886,OF202502886,162,264,497,497,11,2026-03-13,2026-03-22,2026-03-16,2026-04-03,NORMALE,TERMINE
2887,OF202502887,106,148,294,0,0,2026-06-23,2026-06-30,2026-06-24,,HAUTE,EN_COURS
2888,OF202502888,98,251,321,321,21,2026-08-18,2026-09-07,2026-08-19,2026-09-01,HAUTE,TERMINE
2889,OF202502889,26,339,278,278,21,2026-02-10,2026-02-17,2026-02-10,2026-02-15,NORMALE,TERMINE
2890,OF202502890,212,317,361,361,22,2025-06-28,2025-07-17,2025-06-28,2025-07-31,NORMALE,TERMINE
2891,OF202502891,294,146,462,0,0,2026-02-13,2026-03-15,,,NORMALE,EN_ATTENTE
2892,OF202502892,259,27,311,311,11,2025-02-18,2025-03-02,2025-02-19,2025-03-06,HAUTE,TERMINE
2893,OF202502893,137,473,226,0,0,2026-07-14,2026-08-10,2026-07-14,,BASSE,EN_COURS
2894,OF202502894,231,43,350,0,0,2026-09-18,2026-10-10,2026-09-21,,NORMALE,EN_COURS
2895,OF202502895,227,215,41,0,0,2026-06-28,2026-07-07,2026-06-30,,HAUTE,EN_COURS
2896,OF202502896,287,433,445,0,0,2025-12-21,2026-01-16,,,NORMALE,EN_ATTENTE
2897,OF202502897,133,159,292,292,33,2026-08-11,2026-08-15,2026-08-13,2026-09-13,BASSE,TERMINE
2898,OF202502898,127,187,172,0,0,2026-07-07,2026-07-22,2026-07-10,,BASSE,EN_COURS
2899,OF202502899,70,191,45,0,0,2026-11-18,2026-12-07,,,HAUTE,EN_ATTENTE
2900,OF202502900,16,413,222,222,18,2025-11-01,2025-11-05,2025-11-03,2025-12-05,NORMALE,TERMINE
2901,OF202502901,296,253,337,337,25,2025-01-25,2025-02-13,2025-01-28,2025-02-22,NORMALE,TERMINE
2902,OF202502902,109,371,338,338,10,2025-12-09,2026-01-03,2025-12-10,2025-12-28,BASSE,TERMINE
2903,OF202502903,215,397,264,264,26,2025-01-24,2025-02-05,2025-01-24,2025-02-08,NORMALE,TERMINE
2904,OF202502904,164,264,130,130,11,2026-10-09,2026-11-04,2026-10-12,2026-10-20,NORMALE,TERMINE
2905,OF202502905,146,402,254,0,0,2026-11-16,2026-11-29,,,HAUTE,ANNULE
2906,OF202502906,199,323,151,0,0,2025-09-16,2025-09-26,2025-09-17,,NORMALE,EN_COURS
2907,OF202502907,57,269,125,0,0,2025-02-09,2025-02-23,,,HAUTE,ANNULE
2908,OF202502908,245,198,168,168,18,2025-01-15,2025-02-01,2025-01-17,2025-02-11,HAUTE,TERMINE
2909,OF202502909,130,484,236,0,0,2026-04-05,2026-04-17,,,HAUTE,EN_ATTENTE
2910,OF202502910,209,208,367,0,0,2026-05-13,2026-06-01,,,NORMALE,EN_ATTENTE
2911,OF202502911,163,61,472,0,0,2025-12-18,2026-01-11,2025-12-20,,HAUTE,EN_COURS
2912,OF202502912,77,492,215,0,0,2026-04-11,2026-04-19,2026-04-12,,NORMALE,EN_COURS
2913,OF202502913,294,422,79,0,0,2026-03-07,2026-03-25,,,NORMALE,EN_ATTENTE
2914,OF202502914,139,164,170,170,6,2025-09-24,2025-09-30,2025-09-25,2025-10-15,HAUTE,TERMINE
2915,OF202502915,120,300,121,121,4,2025-08-31,2025-09-22,2025-09-01,2025-09-30,NORMALE,TERMINE
2916,OF202502916,275,497,461,0,0,2025-09-16,2025-10-02,,,NORMALE,EN_ATTENTE
2917,OF202502917,257,399,467,467,26,2026-03-18,2026-03-23,2026-03-18,2026-03-30,NORMALE,TERMINE
2918,OF202502918,191,162,296,0,0,2025-11-16,2025-11-25,2025-11-19,,NORMALE,EN_COURS
2919,OF202502919,41,183,220,220,12,2025-05-30,2025-06-17,2025-05-31,2025-06-24,NORMALE,TERMINE
2920,OF202502920,205,18,430,0,0,2026-03-15,2026-03-31,,,HAUTE,EN_ATTENTE
2921,OF202502921,147,335,419,419,41,2026-03-21,2026-03-26,2026-03-23,2026-04-14,HAUTE,TERMINE
2922,OF202502922,291,446,230,0,0,2026-02-06,2026-02-20,,,NORMALE,EN_ATTENTE
2923,OF202502923,166,233,378,0,0,2025-09-12,2025-09-16,2025-09-12,,NORMALE,EN_COURS
2924,OF202502924,50,170,447,447,22,2026-02-14,2026-02-21,2026-02-17,2026-03-14,BASSE,TERMINE
2925,OF202502925,81,304,430,430,48,2025-05-14,2025-05-27,2025-05-17,2025-06-09,NORMALE,TERMINE
2926,OF202502926,102,407,90,90,9,2025-04-22,2025-05-08,2025-04-25,2025-05-08,BASSE,TERMINE
2927,OF202502927,205,307,239,239,26,2025-03-02,2025-03-25,2025-03-05,2025-03-31,HAUTE,TERMINE
2928,OF202502928,61,369,139,0,0,2025-01-01,2025-01-24,,,NORMALE,EN_ATTENTE
2929,OF202502929,76,193,148,0,0,2025-06-30,2025-07-07,,,HAUTE,EN_ATTENTE
2930,OF202502930,235,140,168,168,14,2026-08-13,2026-09-05,2026-08-15,2026-09-11,NORMALE,TERMINE
2931,OF202502931,174,403,478,478,23,2025-12-31,2026-01-04,2026-01-02,2026-01-11,NORMALE,TERMINE
2932,OF202502932,252,206,17,0,0,2025-06-10,2025-06-29,,,BASSE,EN_ATTENTE
2933,OF202502933,192,389,377,377,21,2026-07-17,2026-08-06,2026-07-20,2026-08-01,NORMALE,TERMINE
2934,OF202502934,288,200,388,388,10,2025-07-11,2025-07-15,2025-07-13,2025-08-08,NORMALE,TERMINE
2935,OF202502935,177,286,281,0,0,2025-06-18,2025-07-15,2025-06-19,,NORMALE,EN_COURS
2936,OF202502936,26,434,492,492,54,2025-10-08,2025-11-03,2025-10-09,2025-10-13,NORMALE,TERMINE
2937,OF202502937,127,187,370,370,15,2025-10-13,2025-10-25,2025-10-15,2025-10-25,NORMALE,TERMINE
2938,OF202502938,75,346,243,243,20,2026-06-22,2026-07-08,2026-06-25,2026-07-19,NORMALE,TERMINE
2939,OF202502939,145,434,251,0,0,2026-04-11,2026-04-18,2026-04-13,,BASSE,EN_COURS
2940,OF202502940,202,435,86,0,0,2026-06-07,2026-06-16,2026-06-09,,NORMALE,EN_COURS
2941,OF202502941,53,304,331,331,7,2026-11-06,2026-12-06,2026-11-06,2026-11-11,NORMALE,TERMINE
2942,OF202502942,294,146,98,98,7,2026-09-21,2026-10-10,2026-09-22,2026-10-14,NORMALE,TERMINE
2943,OF202502943,34,326,75,75,5,2026-05-30,2026-06-06,2026-06-02,2026-06-15,HAUTE,TERMINE
2944,OF202502944,241,197,102,0,0,2025-10-19,2025-11-07,,,BASSE,ANNULE
2945,OF202502945,37,249,298,0,0,2026-08-10,2026-08-31,2026-08-10,,NORMALE,EN_COURS
2946,OF202502946,186,413,143,143,8,2025-08-23,2025-09-03,2025-08-25,2025-09-25,NORMALE,TERMINE
2947,OF202502947,60,385,114,0,0,2025-09-29,2025-10-10,,,NORMALE,ANNULE
2948,OF202502948,29,272,20,20,2,2026-03-01,2026-03-31,2026-03-02,2026-03-08,NORMALE,TERMINE
2949,OF202502949,123,318,132,0,0,2025-11-27,2025-12-14,2025-11-29,,NORMALE,EN_COURS
2950,OF202502950,167,221,363,363,30,2025-05-07,2025-05-14,2025-05-08,2025-05-14,NORMALE,TERMINE
2951,OF202502951,37,249,58,0,0,2026-11-07,2026-11-26,2026-11-07,,NORMALE,EN_COURS
2952,OF202502952,164,139,293,0,0,2026-06-02,2026-06-23,2026-06-03,,NORMALE,EN_COURS
2953,OF202502953,238,467,39,0,0,2026-01-14,2026-02-13,,,HAUTE,ANNULE
2954,OF202502954,15,239,340,0,0,2025-01-21,2025-02-13,,,NORMALE,EN_ATTENTE
2955,OF202502955,206,125,237,0,0,2026-02-19,2026-02-27,2026-02-21,,NORMALE,EN_COURS
2956,OF202502956,104,312,11,11,1,2026-05-23,2026-06-14,2026-05-23,2026-06-05,NORMALE,TERMINE
2957,OF202502957,21,333,390,390,43,2026-10-19,2026-10-29,2026-10-22,2026-11-12,BASSE,TERMINE
2958,OF202502958,256,225,343,343,35,2025-07-15,2025-08-06,2025-07-18,2025-08-15,HAUTE,TERMINE
2959,OF202502959,200,493,163,163,17,2026-01-06,2026-01-17,2026-01-08,2026-01-14,NORMALE,TERMINE
2960,OF202502960,280,50,241,0,0,2026-08-06,2026-08-13,,,BASSE,ANNULE
2961,OF202502961,270,295,319,0,0,2025-01-19,2025-01-25,2025-01-22,,HAUTE,EN_COURS
2962,OF202502962,181,7,170,0,0,2025-06-19,2025-07-07,2025-06-21,,NORMALE,EN_COURS
2963,OF202502963,229,406,179,0,0,2025-08-18,2025-08-27,,,NORMALE,ANNULE
2964,OF202502964,105,42,491,0,0,2025-08-22,2025-08-27,,,NORMALE,ANNULE
2965,OF202502965,110,344,469,0,0,2026-01-28,2026-02-02,2026-01-31,,NORMALE,EN_COURS
2966,OF202502966,49,216,82,0,0,2025-04-26,2025-05-24,2025-04-26,,NORMALE,EN_COURS
2967,OF202502967,11,423,227,0,0,2025-11-12,2025-12-06,,,NORMALE,EN_ATTENTE
2968,OF202502968,289,139,353,353,11,2026-04-21,2026-04-25,2026-04-21,2026-05-07,NORMALE,TERMINE
2969,OF202502969,65,208,37,0,0,2026-10-28,2026-11-25,2026-10-31,,BASSE,EN_COURS
2970,OF202502970,99,35,470,470,19,2025-08-09,2025-08-27,2025-08-12,2025-09-02,HAUTE,TERMINE
2971,OF202502971,285,253,360,360,31,2025-06-21,2025-07-16,2025-06-24,2025-07-05,BASSE,TERMINE
2972,OF202502972,198,299,356,0,0,2026-09-18,2026-10-06,2026-09-20,,BASSE,EN_COURS
2973,OF202502973,100,19,93,0,0,2026-11-16,2026-11-27,,,BASSE,EN_ATTENTE
2974,OF202502974,106,148,237,0,0,2025-11-29,2025-12-16,,,NORMALE,EN_ATTENTE
2975,OF202502975,99,35,138,0,0,2026-11-01,2026-11-23,2026-11-03,,NORMALE,EN_COURS
2976,OF202502976,59,91,357,357,29,2026-08-12,2026-09-08,2026-08-15,2026-08-22,NORMALE,TERMINE
2977,OF202502977,104,340,487,0,0,2025-05-25,2025-06-21,,,NORMALE,EN_ATTENTE
2978,OF202502978,253,351,191,191,15,2026-04-07,2026-05-07,2026-04-08,2026-05-03,HAUTE,TERMINE
2979,OF202502979,271,462,174,0,0,2026-11-22,2026-11-28,,,NORMALE,EN_ATTENTE
2980,OF202502980,278,151,70,0,0,2025-02-01,2025-02-10,2025-02-01,,NORMALE,EN_COURS
2981,OF202502981,273,417,254,254,12,2025-12-30,2026-01-20,2025-12-30,2026-01-12,BASSE,TERMINE
2982,OF202502982,192,289,327,327,21,2026-02-22,2026-03-22,2026-02-25,2026-03-22,BASSE,TERMINE
2983,OF202502983,193,85,37,0,0,2025-10-04,2025-10-14,,,NORMALE,ANNULE
2984,OF202502984,140,1,104,104,6,2026-02-06,2026-03-01,2026-02-08,2026-02-21,HAUTE,TERMINE
2985,OF202502985,156,498,443,0,0,2026-02-09,2026-02-23,2026-02-12,,NORMALE,EN_COURS
2986,OF202502986,99,35,164,164,3,2025-03-27,2025-04-23,2025-03-27,2025-04-11,NORMALE,TERMINE
2987,OF202502987,267,181,420,420,34,2025-06-05,2025-06-15,2025-06-06,2025-06-11,NORMALE,TERMINE
2988,OF202502988,153,219,169,169,10,2026-05-12,2026-06-04,2026-05-12,2026-06-13,HAUTE,TERMINE
2989,OF202502989,51,393,445,0,0,2026-04-19,2026-04-29,,,NORMALE,ANNULE
2990,OF202502990,7,214,161,0,0,2025-06-18,2025-07-08,2025-06-18,,BASSE,EN_COURS
2991,OF202502991,252,206,86,86,6,2026-08-16,2026-08-25,2026-08-16,2026-09-19,NORMALE,TERMINE
2992,OF202502992,194,84,67,0,0,2025-02-21,2025-03-09,2025-02-24,,HAUTE,EN_COURS
2993,OF202502993,63,480,443,443,11,2026-04-16,2026-04-20,2026-04-18,2026-05-09,NORMALE,TERMINE
2994,OF202502994,61,90,337,337,21,2026-11-29,2026-12-17,2026-12-02,2026-12-23,NORMALE,TERMINE
2995,OF202502995,104,312,221,221,5,2026-03-30,2026-04-03,2026-04-02,2026-04-25,BASSE,TERMINE
2996,OF202502996,237,414,451,451,32,2025-06-02,2025-06-09,2025-06-03,2025-06-07,NORMALE,TERMINE
2997,OF202502997,251,327,298,298,29,2026-07-07,2026-07-26,2026-07-08,2026-07-20,NORMALE,TERMINE
2998,OF202502998,234,205,389,389,25,2026-02-06,2026-02-26,2026-02-09,2026-02-16,BASSE,TERMINE
2999,OF202502999,130,496,129,129,11,2025-01-13,2025-02-12,2025-01-13,2025-02-05,BASSE,TERMINE
3000,OF202503000,34,326,312,0,0,2025-12-30,2026-01-02,2025-12-30,,NORMALE,EN_COURS
3001,OF202503001,100,368,382,0,0,2026-11-05,2026-11-10,2026-11-05,,BASSE,EN_COURS
3002,OF202503002,168,206,43,43,3,2025-10-11,2025-10-14,2025-10-12,2025-11-14,NORMALE,TERMINE
3003,OF202503003,151,453,434,0,0,2025-05-02,2025-05-25,2025-05-03,,NORMALE,EN_COURS
3004,OF202503004,231,43,300,300,30,2025-10-13,2025-11-06,2025-10-14,2025-11-08,NORMALE,TERMINE
3005,OF202503005,111,97,337,0,0,2025-08-30,2025-09-17,2025-08-30,,NORMALE,EN_COURS
3006,OF202503006,115,67,42,42,1,2026-01-09,2026-01-15,2026-01-09,2026-02-05,NORMALE,TERMINE
3007,OF202503007,298,223,314,0,0,2025-02-19,2025-03-03,,,BASSE,EN_ATTENTE
3008,OF202503008,222,472,404,0,0,2025-12-22,2026-01-15,2025-12-22,,NORMALE,EN_COURS
3009,OF202503009,169,57,140,140,12,2025-06-09,2025-06-27,2025-06-09,2025-07-11,NORMALE,TERMINE
3010,OF202503010,38,41,315,315,27,2025-02-25,2025-02-28,2025-02-28,2025-04-01,NORMALE,TERMINE
3011,OF202503011,217,202,167,167,15,2025-03-24,2025-04-09,2025-03-27,2025-04-25,NORMALE,TERMINE
3012,OF202503012,50,103,87,87,5,2026-09-16,2026-09-27,2026-09-17,2026-09-21,NORMALE,TERMINE
3013,OF202503013,241,197,389,389,13,2026-06-16,2026-07-12,2026-06-18,2026-07-08,HAUTE,TERMINE
3014,OF202503014,6,138,374,374,25,2026-12-02,2026-12-23,2026-12-04,2026-12-29,NORMALE,TERMINE
3015,OF202503015,146,402,52,0,0,2026-01-10,2026-01-15,,,HAUTE,EN_ATTENTE
3016,OF202503016,267,181,295,0,0,2026-09-16,2026-10-02,,,NORMALE,EN_ATTENTE
3017,OF202503017,92,77,334,334,38,2026-04-25,2026-05-11,2026-04-27,2026-05-20,NORMALE,TERMINE
3018,OF202503018,139,164,102,102,2,2026-01-07,2026-01-12,2026-01-07,2026-01-14,BASSE,TERMINE
3019,OF202503019,207,135,437,0,0,2025-05-18,2025-05-25,2025-05-21,,BASSE,EN_COURS
3020,OF202503020,249,243,166,0,0,2026-11-27,2026-12-05,,,NORMALE,EN_ATTENTE
3021,OF202503021,217,202,194,0,0,2026-01-15,2026-01-26,2026-01-16,,NORMALE,EN_COURS
3022,OF202503022,143,458,133,133,4,2026-06-20,2026-07-13,2026-06-20,2026-06-28,HAUTE,TERMINE
3023,OF202503023,174,403,61,61,5,2026-11-20,2026-12-04,2026-11-20,2026-12-01,NORMALE,TERMINE
3024,OF202503024,186,199,473,473,33,2025-07-29,2025-08-16,2025-07-31,2025-08-03,NORMALE,TERMINE
3025,OF202503025,111,97,469,0,0,2025-06-20,2025-07-19,2025-06-22,,NORMALE,EN_COURS
3026,OF202503026,77,73,367,0,0,2025-05-29,2025-06-04,,,NORMALE,EN_ATTENTE
3027,OF202503027,105,307,415,0,0,2026-08-13,2026-08-29,2026-08-15,,NORMALE,EN_COURS
3028,OF202503028,224,65,463,463,28,2025-08-17,2025-08-31,2025-08-17,2025-08-22,NORMALE,TERMINE
3029,OF202503029,133,490,277,0,0,2025-02-15,2025-02-27,2025-02-16,,NORMALE,EN_COURS
3030,OF202503030,150,428,91,91,8,2026-06-16,2026-07-01,2026-06-17,2026-07-02,NORMALE,TERMINE
3031,OF202503031,268,196,454,454,43,2026-04-08,2026-04-11,2026-04-11,2026-05-11,NORMALE,TERMINE
3032,OF202503032,185,298,278,278,9,2025-03-03,2025-03-17,2025-03-05,2025-03-25,NORMALE,TERMINE
3033,OF202503033,70,191,371,0,0,2026-11-12,2026-11-17,,,NORMALE,EN_ATTENTE
3034,OF202503034,210,249,53,0,0,2026-01-14,2026-01-23,2026-01-15,,HAUTE,EN_COURS
3035,OF202503035,231,43,163,0,0,2025-04-08,2025-05-07,,,NORMALE,ANNULE
3036,OF202503036,147,335,204,204,19,2026-07-12,2026-07-31,2026-07-15,2026-07-23,NORMALE,TERMINE
3037,OF202503037,46,129,310,0,0,2026-07-05,2026-07-23,,,BASSE,ANNULE
3038,OF202503038,5,297,444,0,0,2025-12-07,2025-12-17,,,NORMALE,EN_ATTENTE
3039,OF202503039,260,136,388,388,13,2025-03-19,2025-04-16,2025-03-20,2025-04-15,NORMALE,TERMINE
3040,OF202503040,115,356,433,433,17,2025-12-05,2025-12-22,2025-12-07,2026-01-06,NORMALE,TERMINE
3041,OF202503041,250,440,68,0,0,2025-06-12,2025-07-05,2025-06-14,,NORMALE,EN_COURS
3042,OF202503042,197,343,287,287,17,2026-11-04,2026-11-13,2026-11-06,2026-12-03,HAUTE,TERMINE
3043,OF202503043,132,459,299,299,7,2026-01-31,2026-02-06,2026-02-01,2026-02-21,HAUTE,TERMINE
3044,OF202503044,39,483,301,0,0,2026-08-30,2026-09-27,,,NORMALE,EN_ATTENTE
3045,OF202503045,104,340,206,0,0,2026-11-05,2026-12-05,2026-11-06,,HAUTE,EN_COURS
3046,OF202503046,266,250,84,84,4,2026-08-20,2026-09-08,2026-08-23,2026-08-25,HAUTE,TERMINE
3047,OF202503047,95,482,417,417,25,2025-04-19,2025-05-16,2025-04-19,2025-05-01,NORMALE,TERMINE
3048,OF202503048,98,251,343,0,0,2026-10-29,2026-11-25,2026-11-01,,NORMALE,EN_COURS
3049,OF202503049,91,424,206,206,8,2026-09-21,2026-10-03,2026-09-21,2026-09-30,NORMALE,TERMINE
3050,OF202503050,87,287,465,465,10,2026-06-11,2026-07-08,2026-06-14,2026-07-10,BASSE,TERMINE
3051,OF202503051,36,101,60,60,6,2025-10-17,2025-11-08,2025-10-18,2025-11-20,HAUTE,TERMINE
3052,OF202503052,205,14,271,0,0,2025-01-31,2025-02-19,2025-02-02,,BASSE,EN_COURS
3053,OF202503053,286,315,117,0,0,2026-05-15,2026-05-22,2026-05-15,,NORMALE,EN_COURS
3054,OF202503054,102,407,373,373,39,2026-05-22,2026-06-09,2026-05-25,2026-06-02,NORMALE,TERMINE
3055,OF202503055,115,418,48,48,2,2026-12-02,2026-12-21,2026-12-02,2027-01-01,NORMALE,TERMINE
3056,OF202503056,263,94,312,312,36,2026-04-26,2026-05-17,2026-04-29,2026-05-11,HAUTE,TERMINE
3057,OF202503057,193,85,294,0,0,2025-02-03,2025-02-08,2025-02-06,,NORMALE,EN_COURS
3058,OF202503058,143,458,498,0,0,2025-08-22,2025-08-28,2025-08-22,,HAUTE,EN_COURS
3059,OF202503059,82,208,168,0,0,2026-02-01,2026-02-04,2026-02-02,,NORMALE,EN_COURS
3060,OF202503060,30,126,46,46,4,2026-05-17,2026-06-05,2026-05-17,2026-06-05,HAUTE,TERMINE
3061,OF202503061,9,102,81,0,0,2026-05-21,2026-06-20,2026-05-23,,NORMALE,EN_COURS
3062,OF202503062,270,295,322,322,7,2025-06-20,2025-06-23,2025-06-23,2025-07-01,NORMALE,TERMINE
3063,OF202503063,134,461,242,0,0,2025-06-21,2025-07-06,2025-06-21,,HAUTE,EN_COURS
3064,OF202503064,284,4,59,0,0,2025-02-13,2025-02-16,,,NORMALE,EN_ATTENTE
3065,OF202503065,36,487,397,397,42,2025-11-28,2025-12-03,2025-11-29,2025-12-15,NORMALE,TERMINE
3066,OF202503066,87,287,48,0,0,2025-08-09,2025-09-02,2025-08-12,,NORMALE,EN_COURS
3067,OF202503067,17,355,464,0,0,2026-07-28,2026-08-27,,,NORMALE,EN_ATTENTE
3068,OF202503068,47,448,453,453,48,2025-10-11,2025-10-26,2025-10-14,2025-10-18,HAUTE,TERMINE
3069,OF202503069,121,421,83,0,0,2026-05-18,2026-05-26,,,NORMALE,EN_ATTENTE
3070,OF202503070,19,129,302,0,0,2026-07-19,2026-07-22,2026-07-22,,NORMALE,EN_COURS
3071,OF202503071,105,372,127,127,3,2025-09-04,2025-09-13,2025-09-06,2025-09-09,BASSE,TERMINE
3072,OF202503072,206,125,44,44,5,2025-02-06,2025-02-18,2025-02-08,2025-02-23,NORMALE,TERMINE
3073,OF202503073,249,231,350,0,0,2025-03-18,2025-04-15,,,BASSE,EN_ATTENTE
3074,OF202503074,174,403,25,0,0,2026-08-29,2026-09-13,2026-09-01,,NORMALE,EN_COURS
3075,OF202503075,104,312,437,437,22,2025-06-03,2025-06-15,2025-06-03,2025-06-23,BASSE,TERMINE
3076,OF202503076,104,340,222,222,5,2025-12-12,2025-12-22,2025-12-13,2026-01-04,NORMALE,TERMINE
3077,OF202503077,197,343,497,497,20,2026-01-06,2026-01-24,2026-01-08,2026-01-17,NORMALE,TERMINE
3078,OF202503078,52,317,369,0,0,2025-01-12,2025-01-15,2025-01-14,,NORMALE,EN_COURS
3079,OF202503079,53,211,194,0,0,2025-02-14,2025-02-19,,,NORMALE,EN_ATTENTE
3080,OF202503080,159,347,147,147,15,2026-02-05,2026-02-19,2026-02-05,2026-03-12,NORMALE,TERMINE
3081,OF202503081,10,70,472,472,43,2026-01-15,2026-02-14,2026-01-17,2026-02-05,NORMALE,TERMINE
3082,OF202503082,149,500,92,92,7,2025-03-02,2025-03-08,2025-03-02,2025-03-31,NORMALE,TERMINE
3083,OF202503083,11,78,202,0,0,2025-12-23,2025-12-29,2025-12-23,,HAUTE,EN_COURS
3084,OF202503084,208,401,446,0,0,2026-05-14,2026-06-10,,,NORMALE,EN_ATTENTE
3085,OF202503085,179,18,480,480,52,2026-08-16,2026-08-24,2026-08-19,2026-09-16,NORMALE,TERMINE
3086,OF202503086,243,455,58,58,2,2026-02-05,2026-02-28,2026-02-06,2026-03-03,NORMALE,TERMINE
3087,OF202503087,264,337,385,385,24,2026-09-11,2026-10-05,2026-09-14,2026-09-27,BASSE,TERMINE
3088,OF202503088,286,315,82,82,8,2025-01-04,2025-01-15,2025-01-07,2025-01-11,HAUTE,TERMINE
3089,OF202503089,117,274,155,155,7,2026-05-15,2026-05-30,2026-05-17,2026-05-22,NORMALE,TERMINE
3090,OF202503090,74,388,250,0,0,2025-04-28,2025-05-22,,,BASSE,ANNULE
3091,OF202503091,299,267,42,42,0,2025-10-31,2025-11-14,2025-11-02,2025-11-16,NORMALE,TERMINE
3092,OF202503092,287,117,469,0,0,2025-01-19,2025-02-04,,,NORMALE,EN_ATTENTE
3093,OF202503093,299,267,171,0,0,2026-03-11,2026-03-22,2026-03-12,,HAUTE,EN_COURS
3094,OF202503094,230,470,332,332,23,2025-04-06,2025-04-10,2025-04-06,2025-04-29,NORMALE,TERMINE
3095,OF202503095,82,141,69,0,0,2025-09-28,2025-10-23,2025-10-01,,NORMALE,EN_COURS
3096,OF202503096,153,219,224,0,0,2025-01-07,2025-01-24,,,NORMALE,EN_ATTENTE
3097,OF202503097,152,12,16,16,0,2025-06-21,2025-06-29,2025-06-23,2025-07-01,NORMALE,TERMINE
3098,OF202503098,104,312,240,0,0,2026-03-08,2026-03-16,2026-03-09,,NORMALE,EN_COURS
3099,OF202503099,280,50,484,484,42,2025-03-12,2025-03-30,2025-03-14,2025-03-25,NORMALE,TERMINE
3100,OF202503100,50,170,324,0,0,2025-02-07,2025-02-21,2025-02-09,,BASSE,EN_COURS
3101,OF202503101,284,4,324,324,26,2025-07-29,2025-08-07,2025-08-01,2025-08-22,NORMALE,TERMINE
3102,OF202503102,53,14,465,465,40,2026-07-11,2026-07-19,2026-07-14,2026-08-05,BASSE,TERMINE
3103,OF202503103,182,382,41,0,0,2026-01-27,2026-02-08,,,HAUTE,ANNULE
3104,OF202503104,198,299,255,255,25,2026-01-21,2026-02-01,2026-01-24,2026-02-12,NORMALE,TERMINE
3105,OF202503105,196,108,143,0,0,2025-12-28,2026-01-01,2025-12-28,,HAUTE,EN_COURS
3106,OF202503106,157,62,303,303,20,2026-08-18,2026-09-08,2026-08-19,2026-09-03,NORMALE,TERMINE
3107,OF202503107,8,400,83,83,8,2026-06-18,2026-07-02,2026-06-20,2026-07-17,HAUTE,TERMINE
3108,OF202503108,129,11,175,175,7,2026-12-01,2026-12-14,2026-12-02,2026-12-06,BASSE,TERMINE
3109,OF202503109,278,151,284,0,0,2025-05-06,2025-06-05,2025-05-06,,NORMALE,EN_COURS
3110,OF202503110,179,103,319,319,6,2025-02-13,2025-03-15,2025-02-15,2025-02-24,NORMALE,TERMINE
3111,OF202503111,222,472,353,0,0,2026-07-09,2026-07-19,2026-07-09,,HAUTE,EN_COURS
3112,OF202503112,117,309,63,63,6,2026-03-18,2026-04-10,2026-03-21,2026-04-06,NORMALE,TERMINE
3113,OF202503113,73,294,386,386,26,2025-01-18,2025-01-31,2025-01-18,2025-02-19,NORMALE,TERMINE
3114,OF202503114,52,312,258,258,29,2025-10-28,2025-11-24,2025-10-30,2025-11-13,NORMALE,TERMINE
3115,OF202503115,143,458,69,69,4,2025-11-13,2025-11-23,2025-11-16,2025-12-13,NORMALE,TERMINE
3116,OF202503116,107,246,483,0,0,2026-10-11,2026-10-24,2026-10-13,,NORMALE,EN_COURS
3117,OF202503117,212,464,478,478,27,2026-04-18,2026-05-10,2026-04-19,2026-05-11,NORMALE,TERMINE
3118,OF202503118,210,124,95,0,0,2025-09-28,2025-10-08,2025-10-01,,NORMALE,EN_COURS
3119,OF202503119,22,80,50,50,3,2026-08-08,2026-09-01,2026-08-08,2026-08-23,NORMALE,TERMINE
3120,OF202503120,165,368,489,489,19,2025-09-29,2025-10-04,2025-09-30,2025-10-13,HAUTE,TERMINE
3121,OF202503121,230,470,86,86,8,2026-08-15,2026-09-11,2026-08-18,2026-09-01,BASSE,TERMINE
3122,OF202503122,281,49,27,27,0,2025-12-29,2026-01-26,2025-12-29,2026-01-21,NORMALE,TERMINE
3123,OF202503123,4,88,131,131,5,2026-03-15,2026-04-10,2026-03-16,2026-04-03,HAUTE,TERMINE
3124,OF202503124,111,97,121,0,0,2025-03-19,2025-04-07,2025-03-21,,HAUTE,EN_COURS
3125,OF202503125,99,398,355,0,0,2026-05-09,2026-06-03,,,NORMALE,EN_ATTENTE
3126,OF202503126,62,21,73,73,4,2025-03-08,2025-03-14,2025-03-10,2025-03-27,HAUTE,TERMINE
3127,OF202503127,88,98,285,285,15,2026-05-09,2026-06-06,2026-05-10,2026-06-06,NORMALE,TERMINE
3128,OF202503128,62,21,188,188,20,2026-03-04,2026-04-03,2026-03-06,2026-03-23,NORMALE,TERMINE
3129,OF202503129,100,19,272,272,16,2026-07-01,2026-07-14,2026-07-02,2026-07-18,NORMALE,TERMINE
3130,OF202503130,243,455,277,0,0,2026-09-11,2026-09-22,,,BASSE,EN_ATTENTE
3131,OF202503131,115,295,290,0,0,2026-11-15,2026-11-29,2026-11-18,,HAUTE,EN_COURS
3132,OF202503132,260,136,15,15,1,2026-06-16,2026-07-05,2026-06-16,2026-07-19,BASSE,TERMINE
3133,OF202503133,136,466,394,394,45,2026-11-19,2026-11-26,2026-11-21,2026-12-03,NORMALE,TERMINE
3134,OF202503134,95,319,144,144,13,2026-01-22,2026-01-26,2026-01-25,2026-02-02,NORMALE,TERMINE
3135,OF202503135,223,123,363,0,0,2025-04-06,2025-04-25,,,NORMALE,EN_ATTENTE
3136,OF202503136,44,105,87,87,8,2026-08-27,2026-09-22,2026-08-28,2026-09-17,HAUTE,TERMINE
3137,OF202503137,4,165,11,0,0,2026-10-20,2026-11-08,2026-10-21,,NORMALE,EN_COURS
3138,OF202503138,142,115,260,260,17,2026-02-27,2026-03-10,2026-02-28,2026-03-27,NORMALE,TERMINE
3139,OF202503139,288,200,459,459,15,2025-08-28,2025-09-23,2025-08-31,2025-09-22,HAUTE,TERMINE
3140,OF202503140,83,357,62,62,6,2026-07-26,2026-07-31,2026-07-28,2026-08-11,NORMALE,TERMINE
3141,OF202503141,297,71,137,0,0,2025-02-04,2025-02-12,2025-02-04,,NORMALE,EN_COURS
3142,OF202503142,103,296,343,343,38,2025-09-02,2025-09-12,2025-09-04,2025-09-09,NORMALE,TERMINE
3143,OF202503143,243,455,262,262,9,2025-11-14,2025-12-06,2025-11-14,2025-12-04,HAUTE,TERMINE
3144,OF202503144,129,491,365,365,24,2025-02-01,2025-02-11,2025-02-01,2025-02-19,HAUTE,TERMINE
3145,OF202503145,39,20,237,237,20,2026-09-17,2026-10-10,2026-09-18,2026-10-11,NORMALE,TERMINE
3146,OF202503146,169,488,397,397,46,2025-03-01,2025-03-28,2025-03-02,2025-04-05,NORMALE,TERMINE
3147,OF202503147,95,482,150,150,11,2026-03-12,2026-04-02,2026-03-14,2026-03-24,NORMALE,TERMINE
3148,OF202503148,126,332,134,134,11,2025-06-28,2025-07-02,2025-07-01,2025-07-08,NORMALE,TERMINE
3149,OF202503149,262,174,184,0,0,2026-03-19,2026-04-16,,,NORMALE,EN_ATTENTE
3150,OF202503150,82,126,209,0,0,2026-05-26,2026-06-15,,,NORMALE,ANNULE
3151,OF202503151,16,383,261,261,30,2025-02-08,2025-02-13,2025-02-10,2025-03-07,NORMALE,TERMINE
3152,OF202503152,78,209,464,0,0,2025-06-12,2025-06-16,2025-06-13,,NORMALE,EN_COURS
3153,OF202503153,215,72,267,0,0,2025-12-04,2025-12-19,2025-12-05,,NORMALE,EN_COURS
3154,OF202503154,110,439,294,294,33,2026-03-12,2026-04-06,2026-03-12,2026-04-01,NORMALE,TERMINE
3155,OF202503155,67,481,370,370,39,2026-03-02,2026-03-29,2026-03-03,2026-03-26,NORMALE,TERMINE
3156,OF202503156,170,66,301,301,29,2026-08-20,2026-08-24,2026-08-23,2026-09-05,NORMALE,TERMINE
3157,OF202503157,150,428,138,138,15,2026-10-22,2026-11-01,2026-10-25,2026-11-08,NORMALE,TERMINE
3158,OF202503158,125,31,200,200,21,2026-03-03,2026-03-30,2026-03-03,2026-04-05,NORMALE,TERMINE
3159,OF202503159,140,191,256,0,0,2026-05-23,2026-06-11,2026-05-25,,NORMALE,EN_COURS
3160,OF202503160,289,96,183,183,13,2026-06-02,2026-06-12,2026-06-05,2026-06-09,NORMALE,TERMINE
3161,OF202503161,263,452,287,0,0,2026-08-03,2026-08-11,2026-08-04,,NORMALE,EN_COURS
3162,OF202503162,194,84,176,0,0,2025-01-05,2025-01-13,2025-01-07,,NORMALE,EN_COURS
3163,OF202503163,200,201,255,255,29,2026-06-14,2026-06-22,2026-06-16,2026-07-14,HAUTE,TERMINE
3164,OF202503164,285,294,398,398,17,2025-04-22,2025-05-18,2025-04-22,2025-05-27,BASSE,TERMINE
3165,OF202503165,211,172,11,11,0,2025-08-17,2025-09-15,2025-08-17,2025-08-31,NORMALE,TERMINE
3166,OF202503166,131,109,466,466,24,2026-07-17,2026-07-20,2026-07-20,2026-08-01,NORMALE,TERMINE
3167,OF202503167,62,21,62,62,7,2026-09-22,2026-10-21,2026-09-25,2026-10-26,NORMALE,TERMINE
3168,OF202503168,254,456,329,329,10,2025-07-31,2025-08-24,2025-07-31,2025-08-12,NORMALE,TERMINE
3169,OF202503169,156,454,197,0,0,2026-08-26,2026-09-07,2026-08-27,,NORMALE,EN_COURS
3170,OF202503170,184,230,201,0,0,2026-04-05,2026-04-19,,,BASSE,EN_ATTENTE
3171,OF202503171,187,237,118,118,10,2026-10-12,2026-10-19,2026-10-12,2026-10-17,NORMALE,TERMINE
3172,OF202503172,254,361,184,184,12,2026-02-08,2026-02-12,2026-02-10,2026-02-23,HAUTE,TERMINE
3173,OF202503173,268,241,155,155,15,2025-04-29,2025-05-03,2025-05-02,2025-05-04,BASSE,TERMINE
3174,OF202503174,221,284,421,421,22,2026-11-22,2026-12-22,2026-11-22,2026-12-18,NORMALE,TERMINE
3175,OF202503175,41,449,364,0,0,2025-06-18,2025-06-30,2025-06-20,,HAUTE,EN_COURS
3176,OF202503176,192,289,56,56,2,2026-06-07,2026-06-12,2026-06-09,2026-06-18,NORMALE,TERMINE
3177,OF202503177,199,323,415,0,0,2026-01-06,2026-01-17,2026-01-09,,NORMALE,EN_COURS
3178,OF202503178,9,102,102,102,4,2026-03-04,2026-03-07,2026-03-06,2026-03-15,NORMALE,TERMINE
3179,OF202503179,269,392,321,0,0,2026-08-26,2026-09-11,2026-08-29,,NORMALE,EN_COURS
3180,OF202503180,194,84,489,489,25,2025-04-29,2025-05-18,2025-05-02,2025-05-28,NORMALE,TERMINE
3181,OF202503181,285,20,20,0,0,2025-07-17,2025-08-02,2025-07-18,,NORMALE,EN_COURS
3182,OF202503182,157,67,420,0,0,2026-02-04,2026-02-10,2026-02-05,,HAUTE,EN_COURS
3183,OF202503183,231,43,390,390,33,2026-09-14,2026-09-23,2026-09-14,2026-10-08,HAUTE,TERMINE
3184,OF202503184,150,456,361,0,0,2025-06-17,2025-06-22,2025-06-18,,BASSE,EN_COURS
3185,OF202503185,141,318,322,0,0,2026-09-03,2026-09-06,2026-09-03,,NORMALE,EN_COURS
3186,OF202503186,244,102,446,0,0,2026-07-25,2026-08-12,2026-07-26,,NORMALE,EN_COURS
3187,OF202503187,128,1,224,0,0,2025-12-23,2026-01-09,2025-12-24,,NORMALE,EN_COURS
3188,OF202503188,227,215,413,413,24,2025-02-23,2025-03-07,2025-02-23,2025-03-07,NORMALE,TERMINE
3189,OF202503189,234,205,320,0,0,2026-01-05,2026-02-02,,,BASSE,ANNULE
3190,OF202503190,297,71,77,77,3,2025-10-05,2025-11-04,2025-10-08,2025-10-25,NORMALE,TERMINE
3191,OF202503191,41,449,241,241,25,2026-08-20,2026-08-26,2026-08-21,2026-08-25,NORMALE,TERMINE
3192,OF202503192,157,67,93,0,0,2026-07-06,2026-07-31,2026-07-08,,HAUTE,EN_COURS
3193,OF202503193,153,219,80,80,6,2026-01-22,2026-02-20,2026-01-25,2026-02-08,NORMALE,TERMINE
3194,OF202503194,62,21,148,148,10,2026-07-14,2026-08-02,2026-07-17,2026-08-14,NORMALE,TERMINE
3195,OF202503195,299,267,402,402,30,2026-05-06,2026-05-25,2026-05-09,2026-05-18,HAUTE,TERMINE
3196,OF202503196,41,183,175,0,0,2026-08-22,2026-08-26,,,NORMALE,EN_ATTENTE
3197,OF202503197,147,335,143,143,3,2026-04-23,2026-05-04,2026-04-24,2026-05-12,NORMALE,TERMINE
3198,OF202503198,71,308,87,0,0,2026-05-07,2026-05-27,2026-05-10,,NORMALE,EN_COURS
3199,OF202503199,33,45,433,433,47,2026-10-27,2026-11-04,2026-10-30,2026-11-09,NORMALE,TERMINE
3200,OF202503200,234,205,135,0,0,2026-09-18,2026-09-24,,,BASSE,ANNULE
3201,OF202503201,130,206,289,289,14,2025-06-22,2025-07-12,2025-06-22,2025-07-04,NORMALE,TERMINE
3202,OF202503202,268,241,472,472,32,2025-01-20,2025-02-09,2025-01-22,2025-02-11,HAUTE,TERMINE
3203,OF202503203,236,266,25,25,2,2025-04-19,2025-04-28,2025-04-20,2025-05-20,NORMALE,TERMINE
3204,OF202503204,89,174,438,0,0,2026-09-19,2026-10-07,2026-09-21,,BASSE,EN_COURS
3205,OF202503205,202,53,408,0,0,2026-05-09,2026-05-14,,,BASSE,EN_ATTENTE
3206,OF202503206,266,250,235,0,0,2026-06-25,2026-07-11,2026-06-25,,NORMALE,EN_COURS
3207,OF202503207,207,135,210,210,4,2025-08-01,2025-08-29,2025-08-01,2025-08-13,NORMALE,TERMINE
3208,OF202503208,102,407,165,165,3,2026-09-22,2026-10-11,2026-09-25,2026-10-06,NORMALE,TERMINE
3209,OF202503209,130,217,151,0,0,2026-08-04,2026-08-22,2026-08-07,,NORMALE,EN_COURS
3210,OF202503210,16,413,499,0,0,2025-09-12,2025-10-11,2025-09-14,,NORMALE,EN_COURS
3211,OF202503211,289,366,65,0,0,2026-10-31,2026-11-17,2026-11-03,,HAUTE,EN_COURS
3212,OF202503212,88,98,444,444,32,2025-03-20,2025-04-14,2025-03-21,2025-04-21,NORMALE,TERMINE
3213,OF202503213,128,1,14,14,0,2025-01-25,2025-02-22,2025-01-26,2025-02-25,HAUTE,TERMINE
3214,OF202503214,127,187,191,0,0,2026-02-13,2026-03-04,2026-02-16,,NORMALE,EN_COURS
3215,OF202503215,215,322,317,0,0,2025-06-23,2025-07-02,,,BASSE,EN_ATTENTE
3216,OF202503216,97,437,422,422,48,2025-11-04,2025-11-07,2025-11-06,2025-12-07,NORMALE,TERMINE
3217,OF202503217,161,64,365,0,0,2025-05-29,2025-06-15,2025-06-01,,NORMALE,EN_COURS
3218,OF202503218,265,143,425,0,0,2025-06-28,2025-07-16,,,HAUTE,ANNULE
3219,OF202503219,230,470,434,434,15,2025-12-03,2025-12-19,2025-12-05,2026-01-05,NORMALE,TERMINE
3220,OF202503220,48,479,239,0,0,2026-02-08,2026-02-23,2026-02-08,,NORMALE,EN_COURS
3221,OF202503221,213,370,477,477,12,2026-01-08,2026-01-12,2026-01-11,2026-01-22,NORMALE,TERMINE
3222,OF202503222,110,45,343,343,20,2026-05-14,2026-05-24,2026-05-15,2026-06-08,HAUTE,TERMINE
3223,OF202503223,72,88,199,0,0,2026-01-06,2026-01-18,2026-01-09,,BASSE,EN_COURS
3224,OF202503224,33,45,122,122,10,2026-07-09,2026-07-20,2026-07-12,2026-07-28,NORMALE,TERMINE
3225,OF202503225,224,65,456,0,0,2026-09-09,2026-10-08,2026-09-10,,HAUTE,EN_COURS
3226,OF202503226,262,265,117,0,0,2025-12-08,2025-12-17,,,NORMALE,EN_ATTENTE
3227,OF202503227,174,403,376,376,35,2026-03-17,2026-03-24,2026-03-20,2026-04-16,NORMALE,TERMINE
3228,OF202503228,2,496,437,437,28,2025-09-12,2025-10-10,2025-09-14,2025-10-09,NORMALE,TERMINE
3229,OF202503229,171,374,406,0,0,2025-02-14,2025-03-03,2025-02-16,,NORMALE,EN_COURS
3230,OF202503230,46,272,201,201,19,2026-07-03,2026-07-10,2026-07-05,2026-07-09,NORMALE,TERMINE
3231,OF202503231,162,257,77,77,6,2025-03-02,2025-03-17,2025-03-02,2025-03-28,NORMALE,TERMINE
3232,OF202503232,221,106,379,0,0,2025-12-24,2026-01-20,,,BASSE,EN_ATTENTE
3233,OF202503233,233,81,132,132,9,2025-01-02,2025-01-12,2025-01-02,2025-01-17,HAUTE,TERMINE
3234,OF202503234,194,84,410,0,0,2025-09-14,2025-09-25,2025-09-15,,NORMALE,EN_COURS
3235,OF202503235,281,9,18,18,1,2025-03-04,2025-03-25,2025-03-05,2025-04-02,NORMALE,TERMINE
3236,OF202503236,108,37,34,34,0,2026-04-29,2026-05-19,2026-05-02,2026-05-11,BASSE,TERMINE
3237,OF202503237,176,178,132,132,5,2025-10-06,2025-10-29,2025-10-07,2025-11-10,NORMALE,TERMINE
3238,OF202503238,82,473,179,0,0,2026-11-29,2026-12-13,2026-12-01,,HAUTE,EN_COURS
3239,OF202503239,178,500,85,85,4,2026-06-02,2026-06-14,2026-06-05,2026-06-18,NORMALE,TERMINE
3240,OF202503240,177,286,424,424,33,2025-08-23,2025-09-14,2025-08-24,2025-09-16,NORMALE,TERMINE
3241,OF202503241,149,74,189,0,0,2025-03-23,2025-04-12,,,NORMALE,EN_ATTENTE
3242,OF202503242,259,27,281,281,29,2025-07-11,2025-08-08,2025-07-11,2025-08-06,NORMALE,TERMINE
3243,OF202503243,175,419,270,0,0,2025-09-06,2025-09-28,2025-09-09,,BASSE,EN_COURS
3244,OF202503244,266,250,297,0,0,2026-09-09,2026-09-29,,,BASSE,EN_ATTENTE
3245,OF202503245,222,472,402,402,38,2026-11-28,2026-12-17,2026-11-30,2026-12-15,NORMALE,TERMINE
3246,OF202503246,10,381,224,224,21,2025-06-11,2025-07-05,2025-06-13,2025-07-07,NORMALE,TERMINE
3247,OF202503247,240,190,239,239,17,2025-04-12,2025-05-02,2025-04-15,2025-04-28,BASSE,TERMINE
3248,OF202503248,169,31,26,26,1,2026-11-12,2026-11-19,2026-11-12,2026-12-02,NORMALE,TERMINE
3249,OF202503249,65,208,309,0,0,2025-02-18,2025-03-07,2025-02-20,,NORMALE,EN_COURS
3250,OF202503250,107,246,480,480,18,2026-06-30,2026-07-11,2026-07-03,2026-07-20,NORMALE,TERMINE
3251,OF202503251,86,36,140,0,0,2025-10-03,2025-10-06,,,NORMALE,EN_ATTENTE
3252,OF202503252,245,198,51,51,1,2026-07-09,2026-08-01,2026-07-09,2026-07-17,NORMALE,TERMINE
3253,OF202503253,30,126,102,102,6,2026-09-18,2026-10-12,2026-09-18,2026-10-16,NORMALE,TERMINE
3254,OF202503254,130,500,336,0,0,2026-02-06,2026-02-22,,,NORMALE,EN_ATTENTE
3255,OF202503255,216,148,260,260,16,2026-08-10,2026-08-20,2026-08-12,2026-08-20,BASSE,TERMINE
3256,OF202503256,216,198,22,0,0,2026-07-11,2026-07-21,,,NORMALE,EN_ATTENTE
3257,OF202503257,55,227,387,0,0,2026-01-31,2026-02-05,,,HAUTE,EN_ATTENTE
3258,OF202503258,269,283,301,0,0,2025-02-17,2025-02-21,2025-02-20,,NORMALE,EN_COURS
3259,OF202503259,152,12,203,203,11,2025-10-02,2025-10-11,2025-10-02,2025-10-24,NORMALE,TERMINE
3260,OF202503260,152,12,59,59,1,2026-02-12,2026-03-02,2026-02-13,2026-02-23,NORMALE,TERMINE
3261,OF202503261,154,380,153,153,3,2026-05-01,2026-05-07,2026-05-01,2026-05-18,NORMALE,TERMINE
3262,OF202503262,202,53,131,131,5,2026-05-19,2026-06-05,2026-05-20,2026-05-26,BASSE,TERMINE
3263,OF202503263,279,67,422,0,0,2026-09-15,2026-09-18,,,NORMALE,EN_ATTENTE
3264,OF202503264,258,75,435,435,13,2026-06-30,2026-07-26,2026-06-30,2026-07-28,NORMALE,TERMINE
3265,OF202503265,49,216,210,0,0,2025-10-05,2025-10-22,,,NORMALE,EN_ATTENTE
3266,OF202503266,220,399,242,0,0,2026-01-09,2026-01-26,2026-01-09,,NORMALE,EN_COURS
3267,OF202503267,116,324,382,0,0,2025-11-24,2025-12-17,2025-11-26,,NORMALE,EN_COURS
3268,OF202503268,251,232,308,308,31,2026-09-25,2026-10-20,2026-09-26,2026-10-23,HAUTE,TERMINE
3269,OF202503269,248,78,171,171,3,2025-06-16,2025-06-25,2025-06-16,2025-07-08,BASSE,TERMINE
3270,OF202503270,162,152,22,0,0,2025-09-28,2025-10-20,2025-09-29,,BASSE,EN_COURS
3271,OF202503271,14,185,88,88,4,2026-02-07,2026-03-06,2026-02-10,2026-02-23,HAUTE,TERMINE
3272,OF202503272,229,406,325,0,0,2026-03-21,2026-04-18,2026-03-23,,NORMALE,EN_COURS
3273,OF202503273,46,228,51,0,0,2025-04-17,2025-05-05,2025-04-18,,HAUTE,EN_COURS
3274,OF202503274,104,312,269,0,0,2025-06-17,2025-06-22,2025-06-20,,NORMALE,EN_COURS
3275,OF202503275,90,156,453,0,0,2025-01-30,2025-02-19,,,NORMALE,ANNULE
3276,OF202503276,28,405,441,441,48,2026-10-15,2026-11-07,2026-10-15,2026-11-06,NORMALE,TERMINE
3277,OF202503277,264,384,64,64,1,2025-06-20,2025-07-17,2025-06-22,2025-07-11,NORMALE,TERMINE
3278,OF202503278,156,454,358,0,0,2026-04-21,2026-05-09,,,BASSE,EN_ATTENTE
3279,OF202503279,65,208,369,0,0,2026-02-19,2026-03-10,,,NORMALE,EN_ATTENTE
3280,OF202503280,55,227,445,445,48,2026-11-07,2026-12-07,2026-11-10,2026-11-25,BASSE,TERMINE
3281,OF202503281,120,492,87,0,0,2026-03-05,2026-03-23,2026-03-06,,HAUTE,EN_COURS
3282,OF202503282,232,2,13,0,0,2026-02-09,2026-03-01,,,NORMALE,EN_ATTENTE
3283,OF202503283,211,172,435,0,0,2025-11-11,2025-11-17,2025-11-13,,BASSE,EN_COURS
3284,OF202503284,243,455,169,0,0,2026-03-14,2026-04-03,2026-03-16,,NORMALE,EN_COURS
3285,OF202503285,99,398,98,0,0,2025-11-22,2025-12-09,2025-11-25,,HAUTE,EN_COURS
3286,OF202503286,195,344,123,123,7,2026-11-28,2026-12-27,2026-11-30,2026-12-05,NORMALE,TERMINE
3287,OF202503287,198,299,352,0,0,2026-10-29,2026-11-08,2026-11-01,,HAUTE,EN_COURS
3288,OF202503288,16,383,461,0,0,2026-09-22,2026-10-06,2026-09-22,,NORMALE,EN_COURS
3289,OF202503289,226,288,59,0,0,2026-09-28,2026-10-20,2026-10-01,,BASSE,EN_COURS
3290,OF202503290,114,28,259,0,0,2026-05-19,2026-05-26,2026-05-21,,NORMALE,EN_COURS
3291,OF202503291,215,44,338,338,29,2026-09-16,2026-10-11,2026-09-18,2026-10-12,NORMALE,TERMINE
3292,OF202503292,118,142,159,159,15,2025-04-04,2025-04-19,2025-04-05,2025-05-08,NORMALE,TERMINE
3293,OF202503293,297,71,401,401,35,2026-06-06,2026-06-11,2026-06-08,2026-07-04,NORMALE,TERMINE
3294,OF202503294,210,214,475,0,0,2025-07-17,2025-07-20,,,NORMALE,EN_ATTENTE
3295,OF202503295,295,494,337,0,0,2026-06-19,2026-06-28,,,BASSE,EN_ATTENTE
3296,OF202503296,135,83,218,0,0,2025-09-13,2025-09-26,2025-09-16,,NORMALE,EN_COURS
3297,OF202503297,271,462,265,265,18,2026-03-30,2026-04-21,2026-03-31,2026-04-13,BASSE,TERMINE
3298,OF202503298,151,453,208,0,0,2025-05-28,2025-06-03,,,NORMALE,EN_ATTENTE
3299,OF202503299,275,497,326,326,10,2026-02-21,2026-03-05,2026-02-24,2026-03-07,NORMALE,TERMINE
3300,OF202503300,103,147,164,0,0,2026-06-20,2026-07-08,2026-06-20,,NORMALE,EN_COURS
3301,OF202503301,89,314,354,354,18,2025-06-22,2025-07-12,2025-06-22,2025-07-14,HAUTE,TERMINE
3302,OF202503302,136,466,473,0,0,2025-07-30,2025-08-09,2025-07-30,,NORMALE,EN_COURS
3303,OF202503303,96,181,403,403,17,2026-07-28,2026-08-14,2026-07-31,2026-08-14,HAUTE,TERMINE
3304,OF202503304,4,139,453,453,24,2025-09-16,2025-09-27,2025-09-19,2025-10-04,NORMALE,TERMINE
3305,OF202503305,94,457,442,442,42,2026-09-18,2026-10-03,2026-09-20,2026-10-23,NORMALE,TERMINE
3306,OF202503306,212,285,246,0,0,2025-04-17,2025-04-27,,,NORMALE,EN_ATTENTE
3307,OF202503307,191,162,143,143,11,2026-10-20,2026-11-06,2026-10-20,2026-11-16,NORMALE,TERMINE
3308,OF202503308,168,4,462,462,33,2026-03-27,2026-04-07,2026-03-29,2026-04-23,NORMALE,TERMINE
3309,OF202503309,23,395,245,245,18,2026-06-15,2026-06-27,2026-06-15,2026-06-27,NORMALE,TERMINE
3310,OF202503310,128,1,263,0,0,2026-07-03,2026-07-30,2026-07-04,,NORMALE,EN_COURS
3311,OF202503311,101,165,336,336,16,2025-05-11,2025-05-22,2025-05-13,2025-05-20,NORMALE,TERMINE
3312,OF202503312,278,151,106,0,0,2026-01-09,2026-02-06,2026-01-10,,HAUTE,EN_COURS
3313,OF202503313,159,347,190,190,8,2025-11-15,2025-12-01,2025-11-15,2025-12-15,NORMALE,TERMINE
3314,OF202503314,53,346,26,26,2,2026-11-01,2026-11-07,2026-11-03,2026-11-27,NORMALE,TERMINE
3315,OF202503315,114,28,269,269,12,2026-10-30,2026-11-09,2026-11-01,2026-11-20,NORMALE,TERMINE
3316,OF202503316,287,433,244,0,0,2026-05-02,2026-05-07,,,HAUTE,EN_ATTENTE
3317,OF202503317,70,191,478,0,0,2025-11-26,2025-12-11,,,NORMALE,ANNULE
3318,OF202503318,257,182,12,0,0,2026-08-28,2026-09-03,2026-08-31,,NORMALE,EN_COURS
3319,OF202503319,145,434,139,139,5,2025-01-15,2025-02-03,2025-01-15,2025-02-10,BASSE,TERMINE
3320,OF202503320,276,173,451,0,0,2026-02-17,2026-02-28,2026-02-17,,NORMALE,EN_COURS
3321,OF202503321,200,201,89,89,4,2026-08-02,2026-08-12,2026-08-05,2026-08-20,NORMALE,TERMINE
3322,OF202503322,65,208,76,76,5,2026-06-22,2026-06-25,2026-06-23,2026-07-04,NORMALE,TERMINE
3323,OF202503323,198,299,32,32,2,2025-01-14,2025-02-03,2025-01-14,2025-01-30,BASSE,TERMINE
3324,OF202503324,14,185,271,271,5,2025-01-14,2025-01-17,2025-01-15,2025-01-19,NORMALE,TERMINE
3325,OF202503325,100,475,213,213,7,2026-06-21,2026-07-17,2026-06-24,2026-07-16,NORMALE,TERMINE
3326,OF202503326,80,186,15,15,1,2026-04-11,2026-04-16,2026-04-11,2026-05-13,BASSE,TERMINE
3327,OF202503327,218,38,372,372,31,2026-08-28,2026-09-14,2026-08-31,2026-10-02,NORMALE,TERMINE
3328,OF202503328,86,36,445,0,0,2025-03-11,2025-04-01,2025-03-11,,HAUTE,EN_COURS
3329,OF202503329,229,406,74,74,6,2026-04-11,2026-05-07,2026-04-12,2026-05-05,NORMALE,TERMINE
3330,OF202503330,158,456,296,296,28,2026-02-23,2026-03-04,2026-02-25,2026-03-17,HAUTE,TERMINE
3331,OF202503331,122,444,209,209,17,2025-07-25,2025-08-14,2025-07-28,2025-08-19,NORMALE,TERMINE
3332,OF202503332,166,233,82,82,8,2025-08-24,2025-09-03,2025-08-26,2025-09-09,HAUTE,TERMINE
3333,OF202503333,259,27,466,466,27,2026-06-12,2026-07-05,2026-06-13,2026-06-25,BASSE,TERMINE
3334,OF202503334,111,97,317,317,35,2025-01-28,2025-02-11,2025-01-30,2025-03-04,HAUTE,TERMINE
3335,OF202503335,250,282,86,0,0,2026-08-25,2026-09-10,2026-08-25,,NORMALE,EN_COURS
3336,OF202503336,140,387,39,39,2,2026-11-24,2026-12-24,2026-11-26,2026-12-01,NORMALE,TERMINE
3337,OF202503337,290,345,31,31,1,2025-07-11,2025-07-28,2025-07-11,2025-07-24,HAUTE,TERMINE
3338,OF202503338,135,83,325,325,15,2025-05-04,2025-05-22,2025-05-05,2025-05-25,NORMALE,TERMINE
3339,OF202503339,265,143,310,310,33,2025-09-21,2025-09-25,2025-09-21,2025-10-14,NORMALE,TERMINE
3340,OF202503340,216,102,213,213,14,2025-12-21,2026-01-16,2025-12-21,2026-01-23,NORMALE,TERMINE
3341,OF202503341,95,319,348,348,7,2025-01-24,2025-02-07,2025-01-27,2025-02-23,NORMALE,TERMINE
3342,OF202503342,292,487,400,400,20,2026-11-05,2026-11-29,2026-11-07,2026-11-24,BASSE,TERMINE
3343,OF202503343,76,355,186,186,4,2026-01-18,2026-02-17,2026-01-21,2026-02-08,HAUTE,TERMINE
3344,OF202503344,281,145,16,16,1,2025-01-02,2025-01-08,2025-01-04,2025-01-29,NORMALE,TERMINE
3345,OF202503345,57,72,88,88,7,2025-10-07,2025-11-01,2025-10-08,2025-10-21,NORMALE,TERMINE
3346,OF202503346,147,335,476,476,52,2025-12-20,2025-12-26,2025-12-20,2026-01-06,HAUTE,TERMINE
3347,OF202503347,230,470,227,0,0,2025-02-21,2025-03-15,2025-02-23,,NORMALE,EN_COURS
3348,OF202503348,243,455,282,282,16,2026-05-06,2026-05-24,2026-05-08,2026-05-25,NORMALE,TERMINE
3349,OF202503349,28,405,77,77,6,2026-11-17,2026-12-07,2026-11-17,2026-12-22,NORMALE,TERMINE
3350,OF202503350,30,126,137,137,11,2025-10-01,2025-10-24,2025-10-04,2025-10-15,NORMALE,TERMINE
3351,OF202503351,42,68,78,78,3,2025-02-16,2025-03-12,2025-02-17,2025-02-26,BASSE,TERMINE
3352,OF202503352,162,386,137,137,13,2025-08-08,2025-09-04,2025-08-11,2025-08-30,NORMALE,TERMINE
3353,OF202503353,96,271,500,500,16,2026-04-06,2026-04-20,2026-04-08,2026-04-22,NORMALE,TERMINE
3354,OF202503354,261,34,458,458,52,2026-07-08,2026-07-22,2026-07-08,2026-08-05,BASSE,TERMINE
3355,OF202503355,197,343,278,0,0,2025-06-21,2025-07-15,,,NORMALE,ANNULE
3356,OF202503356,206,125,67,67,2,2025-08-18,2025-08-22,2025-08-18,2025-08-24,NORMALE,TERMINE
3357,OF202503357,181,86,444,444,36,2025-09-13,2025-09-23,2025-09-15,2025-10-02,NORMALE,TERMINE
3358,OF202503358,179,76,270,270,13,2025-10-21,2025-11-02,2025-10-24,2025-10-26,NORMALE,TERMINE
3359,OF202503359,61,119,391,0,0,2026-01-30,2026-02-08,2026-01-31,,NORMALE,EN_COURS
3360,OF202503360,247,87,342,342,10,2025-04-19,2025-05-19,2025-04-19,2025-05-10,BASSE,TERMINE
3361,OF202503361,202,435,235,0,0,2026-01-08,2026-01-31,,,NORMALE,EN_ATTENTE
3362,OF202503362,179,175,304,304,32,2026-06-22,2026-06-28,2026-06-23,2026-07-04,HAUTE,TERMINE
3363,OF202503363,78,460,245,0,0,2026-04-19,2026-05-15,,,NORMALE,EN_ATTENTE
3364,OF202503364,45,130,375,375,42,2026-01-22,2026-02-08,2026-01-25,2026-02-05,BASSE,TERMINE
3365,OF202503365,100,475,329,0,0,2025-01-03,2025-02-02,,,NORMALE,EN_ATTENTE
3366,OF202503366,267,181,142,142,13,2025-08-17,2025-09-10,2025-08-20,2025-09-09,NORMALE,TERMINE
3367,OF202503367,241,213,335,0,0,2025-11-10,2025-12-07,,,NORMALE,ANNULE
3368,OF202503368,246,376,308,308,18,2025-08-06,2025-08-31,2025-08-09,2025-08-13,NORMALE,TERMINE
3369,OF202503369,47,377,422,422,39,2026-04-16,2026-05-01,2026-04-18,2026-05-21,NORMALE,TERMINE
3370,OF202503370,269,392,51,0,0,2026-09-26,2026-10-12,,,NORMALE,EN_ATTENTE
3371,OF202503371,163,26,238,238,23,2026-08-01,2026-08-27,2026-08-01,2026-08-26,BASSE,TERMINE
3372,OF202503372,165,107,224,224,23,2025-01-21,2025-02-04,2025-01-23,2025-02-17,HAUTE,TERMINE
3373,OF202503373,154,168,419,0,0,2026-06-29,2026-07-26,,,NORMALE,EN_ATTENTE
3374,OF202503374,155,305,492,492,37,2026-03-29,2026-04-14,2026-03-31,2026-04-14,NORMALE,TERMINE
3375,OF202503375,49,216,27,27,2,2026-05-23,2026-06-11,2026-05-24,2026-06-11,HAUTE,TERMINE
3376,OF202503376,56,363,65,0,0,2025-06-25,2025-07-21,2025-06-26,,BASSE,EN_COURS
3377,OF202503377,134,461,100,100,9,2026-01-14,2026-02-08,2026-01-14,2026-02-18,HAUTE,TERMINE
3378,OF202503378,148,364,479,0,0,2025-04-15,2025-05-12,2025-04-18,,NORMALE,EN_COURS
3379,OF202503379,92,252,62,0,0,2025-10-17,2025-11-08,2025-10-18,,NORMALE,EN_COURS
3380,OF202503380,264,442,368,368,24,2025-02-26,2025-03-05,2025-02-27,2025-03-06,HAUTE,TERMINE
3381,OF202503381,18,262,204,204,8,2025-01-03,2025-01-30,2025-01-06,2025-01-20,HAUTE,TERMINE
3382,OF202503382,152,12,222,0,0,2025-01-03,2025-01-11,2025-01-06,,NORMALE,EN_COURS
3383,OF202503383,107,246,47,47,4,2026-02-18,2026-03-13,2026-02-19,2026-03-13,NORMALE,TERMINE
3384,OF202503384,254,21,58,58,5,2026-01-04,2026-01-30,2026-01-04,2026-01-17,NORMALE,TERMINE
3385,OF202503385,117,274,76,76,5,2026-10-28,2026-11-06,2026-10-31,2026-12-01,HAUTE,TERMINE
3386,OF202503386,23,395,169,169,4,2026-07-03,2026-07-17,2026-07-04,2026-07-20,NORMALE,TERMINE
3387,OF202503387,73,294,88,0,0,2025-06-22,2025-07-03,2025-06-22,,NORMALE,EN_COURS
3388,OF202503388,164,499,426,426,11,2025-08-31,2025-09-04,2025-09-03,2025-10-03,NORMALE,TERMINE
3389,OF202503389,60,385,197,197,11,2026-11-03,2026-11-22,2026-11-04,2026-11-23,HAUTE,TERMINE
3390,OF202503390,85,76,28,0,0,2026-01-19,2026-02-04,2026-01-20,,NORMALE,EN_COURS
3391,OF202503391,113,180,132,0,0,2026-06-06,2026-06-20,2026-06-06,,NORMALE,EN_COURS
3392,OF202503392,270,295,323,323,23,2026-08-01,2026-08-28,2026-08-04,2026-08-15,BASSE,TERMINE
3393,OF202503393,200,493,186,186,19,2026-01-04,2026-01-22,2026-01-05,2026-02-04,HAUTE,TERMINE
3394,OF202503394,104,312,74,74,5,2026-02-20,2026-03-15,2026-02-23,2026-02-25,BASSE,TERMINE
3395,OF202503395,148,291,475,0,0,2026-01-15,2026-01-18,2026-01-15,,NORMALE,EN_COURS
3396,OF202503396,233,442,439,0,0,2026-02-06,2026-02-20,,,NORMALE,EN_ATTENTE
3397,OF202503397,166,259,392,392,28,2025-02-09,2025-03-04,2025-02-12,2025-02-24,NORMALE,TERMINE
3398,OF202503398,204,466,393,393,19,2025-05-17,2025-05-25,2025-05-18,2025-05-27,BASSE,TERMINE
3399,OF202503399,22,218,132,0,0,2025-03-07,2025-03-28,2025-03-07,,HAUTE,EN_COURS
3400,OF202503400,20,445,439,439,42,2025-04-14,2025-05-10,2025-04-15,2025-05-01,NORMALE,TERMINE
3401,OF202503401,175,499,421,0,0,2025-04-04,2025-05-04,,,NORMALE,EN_ATTENTE
3402,OF202503402,155,263,88,88,8,2026-07-15,2026-07-30,2026-07-15,2026-07-24,BASSE,TERMINE
3403,OF202503403,111,97,479,479,46,2025-05-04,2025-05-15,2025-05-04,2025-05-31,NORMALE,TERMINE
3404,OF202503404,148,364,387,0,0,2026-09-01,2026-09-08,2026-09-02,,HAUTE,EN_COURS
3405,OF202503405,148,291,77,0,0,2025-02-27,2025-03-02,,,NORMALE,EN_ATTENTE
3406,OF202503406,14,185,490,0,0,2026-09-11,2026-09-19,2026-09-12,,NORMALE,EN_COURS
3407,OF202503407,136,466,438,0,0,2026-05-16,2026-06-06,2026-05-16,,NORMALE,EN_COURS
3408,OF202503408,120,180,175,0,0,2026-01-25,2026-01-31,2026-01-28,,HAUTE,EN_COURS
3409,OF202503409,211,172,366,366,25,2026-06-16,2026-06-27,2026-06-19,2026-07-14,BASSE,TERMINE
3410,OF202503410,193,85,395,0,0,2026-09-03,2026-10-03,,,NORMALE,EN_ATTENTE
3411,OF202503411,233,442,202,202,7,2025-03-12,2025-03-23,2025-03-12,2025-04-03,NORMALE,TERMINE
3412,OF202503412,239,408,468,468,32,2025-09-01,2025-09-16,2025-09-01,2025-09-10,NORMALE,TERMINE
3413,OF202503413,97,437,250,250,23,2025-06-17,2025-07-03,2025-06-17,2025-07-07,NORMALE,TERMINE
3414,OF202503414,102,407,174,0,0,2026-09-05,2026-09-29,2026-09-08,,HAUTE,EN_COURS
3415,OF202503415,231,342,103,0,0,2025-11-04,2025-11-13,2025-11-05,,NORMALE,EN_COURS
3416,OF202503416,33,184,94,94,6,2025-07-10,2025-07-18,2025-07-11,2025-07-21,NORMALE,TERMINE
3417,OF202503417,43,110,100,100,11,2025-06-17,2025-06-26,2025-06-19,2025-07-11,BASSE,TERMINE
3418,OF202503418,198,299,307,307,28,2025-10-26,2025-11-24,2025-10-26,2025-11-28,HAUTE,TERMINE
3419,OF202503419,50,170,183,0,0,2025-06-14,2025-06-22,2025-06-15,,HAUTE,EN_COURS
3420,OF202503420,129,17,277,0,0,2026-11-13,2026-12-12,2026-11-14,,NORMALE,EN_COURS
3421,OF202503421,295,138,188,188,6,2025-02-05,2025-02-16,2025-02-08,2025-03-11,NORMALE,TERMINE
3422,OF202503422,97,437,67,67,6,2025-12-27,2026-01-05,2025-12-29,2026-01-18,NORMALE,TERMINE
3423,OF202503423,120,114,339,339,37,2026-08-20,2026-09-03,2026-08-20,2026-09-17,NORMALE,TERMINE
3424,OF202503424,12,182,337,0,0,2025-10-02,2025-10-15,2025-10-05,,HAUTE,EN_COURS
3425,OF202503425,186,308,104,0,0,2025-12-20,2026-01-17,2025-12-23,,NORMALE,EN_COURS
3426,OF202503426,67,242,107,0,0,2025-01-15,2025-01-18,2025-01-18,,NORMALE,EN_COURS
3427,OF202503427,3,122,233,233,23,2026-09-10,2026-10-09,2026-09-12,2026-10-01,HAUTE,TERMINE
3428,OF202503428,202,435,332,332,24,2025-12-25,2026-01-02,2025-12-25,2026-01-07,NORMALE,TERMINE
3429,OF202503429,188,346,294,0,0,2026-10-16,2026-11-12,2026-10-19,,NORMALE,EN_COURS
3430,OF202503430,293,177,442,442,45,2026-11-08,2026-11-11,2026-11-09,2026-11-23,HAUTE,TERMINE
3431,OF202503431,189,18,66,66,6,2026-11-15,2026-11-19,2026-11-17,2026-12-01,HAUTE,TERMINE
3432,OF202503432,92,145,347,0,0,2026-02-22,2026-03-11,,,HAUTE,ANNULE
3433,OF202503433,216,483,341,341,8,2026-08-07,2026-09-05,2026-08-09,2026-09-11,HAUTE,TERMINE
3434,OF202503434,161,64,112,0,0,2026-03-11,2026-04-09,2026-03-13,,HAUTE,EN_COURS
3435,OF202503435,88,98,111,111,5,2025-06-09,2025-06-12,2025-06-12,2025-06-24,NORMALE,TERMINE
3436,OF202503436,116,324,161,0,0,2025-08-14,2025-08-26,,,NORMALE,ANNULE
3437,OF202503437,31,226,465,465,37,2025-09-30,2025-10-09,2025-09-30,2025-10-06,NORMALE,TERMINE
3438,OF202503438,172,365,136,136,12,2026-10-29,2026-11-01,2026-10-31,2026-11-10,NORMALE,TERMINE
3439,OF202503439,40,450,387,0,0,2026-02-16,2026-02-27,2026-02-19,,NORMALE,EN_COURS
3440,OF202503440,145,434,234,234,11,2026-10-29,2026-11-21,2026-11-01,2026-11-12,HAUTE,TERMINE
3441,OF202503441,260,236,28,28,2,2026-04-23,2026-05-17,2026-04-23,2026-05-12,BASSE,TERMINE
3442,OF202503442,21,333,160,160,9,2025-10-24,2025-11-12,2025-10-24,2025-11-09,HAUTE,TERMINE
3443,OF202503443,153,219,256,0,0,2025-11-11,2025-12-06,,,NORMALE,EN_ATTENTE
3444,OF202503444,11,14,433,0,0,2025-02-25,2025-03-21,2025-02-25,,NORMALE,EN_COURS
3445,OF202503445,225,48,384,384,18,2025-10-28,2025-11-18,2025-10-29,2025-11-02,NORMALE,TERMINE
3446,OF202503446,107,246,38,38,0,2025-09-29,2025-10-04,2025-09-30,2025-10-06,NORMALE,TERMINE
3447,OF202503447,21,333,24,24,0,2025-12-23,2026-01-06,2025-12-23,2026-01-03,NORMALE,TERMINE
3448,OF202503448,268,241,208,208,24,2026-03-02,2026-03-05,2026-03-05,2026-03-21,NORMALE,TERMINE
3449,OF202503449,184,230,126,0,0,2025-12-20,2025-12-25,2025-12-22,,NORMALE,EN_COURS
3450,OF202503450,207,135,378,378,33,2025-05-15,2025-06-01,2025-05-18,2025-05-21,HAUTE,TERMINE
3451,OF202503451,34,326,68,68,1,2025-04-18,2025-05-01,2025-04-18,2025-04-26,NORMALE,TERMINE
3452,OF202503452,223,123,59,59,2,2025-09-20,2025-09-29,2025-09-22,2025-10-14,NORMALE,TERMINE
3453,OF202503453,58,20,225,0,0,2025-11-30,2025-12-03,2025-12-02,,NORMALE,EN_COURS
3454,OF202503454,256,161,72,72,7,2025-02-06,2025-02-24,2025-02-07,2025-02-26,NORMALE,TERMINE
3455,OF202503455,96,81,385,0,0,2025-02-02,2025-02-22,,,HAUTE,EN_ATTENTE
3456,OF202503456,157,67,163,163,16,2025-01-21,2025-02-10,2025-01-24,2025-02-18,NORMALE,TERMINE
3457,OF202503457,220,364,493,493,11,2025-08-24,2025-09-22,2025-08-25,2025-09-11,NORMALE,TERMINE
3458,OF202503458,8,400,312,312,8,2025-04-11,2025-05-08,2025-04-13,2025-05-10,NORMALE,TERMINE
3459,OF202503459,259,27,329,0,0,2026-04-08,2026-05-03,2026-04-08,,NORMALE,EN_COURS
3460,OF202503460,70,191,470,470,42,2025-11-10,2025-12-06,2025-11-10,2025-11-25,NORMALE,TERMINE
3461,OF202503461,132,306,108,108,2,2025-11-02,2025-11-27,2025-11-04,2025-12-03,NORMALE,TERMINE
3462,OF202503462,208,229,134,0,0,2026-06-30,2026-07-25,2026-07-03,,HAUTE,EN_COURS
3463,OF202503463,202,277,459,459,52,2025-03-27,2025-03-31,2025-03-29,2025-04-03,NORMALE,TERMINE
3464,OF202503464,88,98,429,429,26,2025-10-05,2025-10-14,2025-10-05,2025-11-02,NORMALE,TERMINE
3465,OF202503465,242,292,207,207,14,2026-04-12,2026-04-29,2026-04-12,2026-04-17,NORMALE,TERMINE
3466,OF202503466,262,128,322,0,0,2025-08-17,2025-09-09,2025-08-19,,HAUTE,EN_COURS
3467,OF202503467,43,457,107,107,4,2025-04-10,2025-04-24,2025-04-13,2025-05-03,BASSE,TERMINE
3468,OF202503468,288,14,207,207,7,2025-03-27,2025-04-25,2025-03-30,2025-04-21,NORMALE,TERMINE
3469,OF202503469,43,279,311,311,10,2025-11-30,2025-12-26,2025-11-30,2025-12-26,BASSE,TERMINE
3470,OF202503470,206,125,452,452,14,2026-03-05,2026-03-26,2026-03-08,2026-04-03,NORMALE,TERMINE
3471,OF202503471,45,130,132,132,11,2026-10-02,2026-10-05,2026-10-03,2026-10-28,HAUTE,TERMINE
3472,OF202503472,245,198,220,220,23,2025-01-22,2025-02-18,2025-01-25,2025-02-03,NORMALE,TERMINE
3473,OF202503473,106,148,187,187,11,2025-02-15,2025-03-02,2025-02-18,2025-03-14,NORMALE,TERMINE
3474,OF202503474,253,351,191,0,0,2025-01-21,2025-02-09,,,NORMALE,EN_ATTENTE
3475,OF202503475,14,185,357,0,0,2026-09-16,2026-09-20,2026-09-17,,BASSE,EN_COURS
3476,OF202503476,23,395,34,34,4,2026-08-28,2026-09-24,2026-08-28,2026-09-13,HAUTE,TERMINE
3477,OF202503477,190,481,419,419,11,2025-03-21,2025-04-11,2025-03-23,2025-04-19,NORMALE,TERMINE
3478,OF202503478,65,208,34,0,0,2026-01-16,2026-01-19,2026-01-17,,HAUTE,EN_COURS
3479,OF202503479,300,114,70,70,7,2026-10-08,2026-10-27,2026-10-08,2026-11-05,HAUTE,TERMINE
3480,OF202503480,159,347,322,322,36,2025-01-15,2025-01-25,2025-01-16,2025-02-15,NORMALE,TERMINE
3481,OF202503481,231,342,366,0,0,2025-04-06,2025-04-12,2025-04-09,,NORMALE,EN_COURS
3482,OF202503482,223,420,364,0,0,2026-11-15,2026-12-13,2026-11-15,,HAUTE,EN_COURS
3483,OF202503483,143,458,455,455,46,2025-07-23,2025-08-18,2025-07-23,2025-08-07,NORMALE,TERMINE
3484,OF202503484,182,382,36,36,3,2026-07-06,2026-07-16,2026-07-09,2026-07-12,NORMALE,TERMINE
3485,OF202503485,299,99,294,0,0,2026-03-16,2026-04-02,2026-03-18,,NORMALE,EN_COURS
3486,OF202503486,203,222,405,0,0,2025-11-29,2025-12-04,,,BASSE,ANNULE
3487,OF202503487,162,152,262,0,0,2025-10-19,2025-10-28,2025-10-20,,NORMALE,EN_COURS
3488,OF202503488,255,239,244,244,16,2026-07-13,2026-07-17,2026-07-13,2026-07-24,HAUTE,TERMINE
3489,OF202503489,46,460,334,0,0,2025-05-27,2025-06-24,,,HAUTE,EN_ATTENTE
3490,OF202503490,3,111,59,59,3,2026-02-19,2026-02-22,2026-02-19,2026-03-14,NORMALE,TERMINE
3491,OF202503491,251,327,53,0,0,2026-07-31,2026-08-03,,,NORMALE,EN_ATTENTE
3492,OF202503492,256,225,316,0,0,2025-02-19,2025-03-02,2025-02-20,,NORMALE,EN_COURS
3493,OF202503493,148,364,341,341,30,2025-05-25,2025-06-01,2025-05-26,2025-06-13,NORMALE,TERMINE
3494,OF202503494,228,180,147,147,13,2026-10-26,2026-11-23,2026-10-26,2026-11-05,HAUTE,TERMINE
3495,OF202503495,10,70,417,417,14,2026-02-27,2026-03-13,2026-03-01,2026-03-22,NORMALE,TERMINE
3496,OF202503496,47,381,286,286,12,2026-06-04,2026-07-02,2026-06-07,2026-07-07,NORMALE,TERMINE
3497,OF202503497,295,138,240,240,19,2025-10-09,2025-10-23,2025-10-10,2025-11-11,NORMALE,TERMINE
3498,OF202503498,33,238,160,0,0,2026-07-24,2026-08-10,,,NORMALE,EN_ATTENTE
3499,OF202503499,211,172,140,140,12,2025-08-18,2025-09-13,2025-08-19,2025-09-13,NORMALE,TERMINE
3500,OF202503500,226,288,28,0,0,2026-09-28,2026-10-28,2026-09-28,,NORMALE,EN_COURS
3501,OF202503501,263,94,387,387,22,2026-04-25,2026-05-17,2026-04-27,2026-05-14,NORMALE,TERMINE
3502,OF202503502,111,97,140,140,5,2025-07-04,2025-07-29,2025-07-04,2025-07-09,NORMALE,TERMINE
3503,OF202503503,85,384,90,90,10,2025-07-27,2025-08-08,2025-07-30,2025-08-24,NORMALE,TERMINE
3504,OF202503504,41,183,91,0,0,2025-04-25,2025-05-22,,,BASSE,EN_ATTENTE
3505,OF202503505,219,328,277,277,6,2026-09-16,2026-10-02,2026-09-16,2026-09-23,HAUTE,TERMINE
3506,OF202503506,219,328,267,267,24,2026-11-25,2026-12-03,2026-11-27,2026-12-04,NORMALE,TERMINE
3507,OF202503507,216,194,121,121,10,2026-07-25,2026-08-23,2026-07-27,2026-08-07,NORMALE,TERMINE
3508,OF202503508,22,471,330,330,25,2025-12-11,2025-12-14,2025-12-12,2026-01-13,NORMALE,TERMINE
3509,OF202503509,205,107,392,392,37,2025-09-17,2025-10-02,2025-09-20,2025-10-11,BASSE,TERMINE
3510,OF202503510,268,9,281,0,0,2026-02-05,2026-02-09,,,NORMALE,ANNULE
3511,OF202503511,71,308,103,103,2,2026-07-24,2026-08-18,2026-07-25,2026-08-25,BASSE,TERMINE
3512,OF202503512,104,312,317,317,15,2025-04-17,2025-05-09,2025-04-17,2025-05-17,NORMALE,TERMINE
3513,OF202503513,270,448,48,48,5,2026-01-03,2026-01-07,2026-01-04,2026-02-06,BASSE,TERMINE
3514,OF202503514,142,134,86,0,0,2026-09-10,2026-10-03,,,NORMALE,EN_ATTENTE
3515,OF202503515,129,17,116,0,0,2025-07-24,2025-08-20,2025-07-27,,HAUTE,EN_COURS
3516,OF202503516,287,433,395,0,0,2025-11-11,2025-11-18,,,NORMALE,EN_ATTENTE
3517,OF202503517,180,401,123,123,12,2026-06-23,2026-07-23,2026-06-24,2026-06-29,BASSE,TERMINE
3518,OF202503518,183,149,236,236,25,2026-06-05,2026-06-21,2026-06-08,2026-06-24,NORMALE,TERMINE
3519,OF202503519,172,1,393,0,0,2025-11-23,2025-12-11,,,NORMALE,EN_ATTENTE
3520,OF202503520,197,343,241,241,11,2025-08-02,2025-08-11,2025-08-05,2025-08-09,NORMALE,TERMINE
3521,OF202503521,130,255,401,0,0,2025-04-06,2025-05-05,2025-04-09,,BASSE,EN_COURS
3522,OF202503522,115,83,372,372,40,2025-03-07,2025-03-30,2025-03-09,2025-03-28,NORMALE,TERMINE
3523,OF202503523,81,304,289,289,10,2025-12-17,2025-12-22,2025-12-20,2026-01-07,NORMALE,TERMINE
3524,OF202503524,231,342,40,40,4,2026-02-01,2026-02-06,2026-02-03,2026-03-05,NORMALE,TERMINE
3525,OF202503525,16,383,54,54,5,2026-09-02,2026-09-17,2026-09-04,2026-09-07,NORMALE,TERMINE
3526,OF202503526,31,226,177,177,18,2026-02-27,2026-03-23,2026-02-28,2026-04-01,NORMALE,TERMINE
3527,OF202503527,169,499,434,434,43,2025-05-10,2025-05-27,2025-05-11,2025-06-04,BASSE,TERMINE
3528,OF202503528,286,315,143,143,16,2025-01-01,2025-01-08,2025-01-02,2025-01-15,NORMALE,TERMINE
3529,OF202503529,242,160,108,0,0,2026-04-08,2026-04-19,2026-04-08,,HAUTE,EN_COURS
3530,OF202503530,66,154,426,426,23,2026-10-23,2026-11-19,2026-10-26,2026-11-27,NORMALE,TERMINE
3531,OF202503531,292,122,195,195,18,2026-02-02,2026-02-10,2026-02-05,2026-02-18,NORMALE,TERMINE
3532,OF202503532,175,499,408,408,26,2025-11-09,2025-11-30,2025-11-10,2025-12-03,HAUTE,TERMINE
3533,OF202503533,184,321,331,0,0,2025-06-23,2025-07-01,2025-06-23,,NORMALE,EN_COURS
3534,OF202503534,297,358,463,463,32,2025-09-24,2025-10-12,2025-09-27,2025-10-10,NORMALE,TERMINE
3535,OF202503535,103,147,345,0,0,2026-04-25,2026-05-10,,,NORMALE,EN_ATTENTE
3536,OF202503536,85,384,271,0,0,2026-07-08,2026-07-21,,,BASSE,EN_ATTENTE
3537,OF202503537,76,465,445,445,37,2025-12-28,2026-01-24,2025-12-29,2026-01-10,NORMALE,TERMINE
3538,OF202503538,137,179,327,0,0,2026-11-10,2026-11-27,,,NORMALE,EN_ATTENTE
3539,OF202503539,123,296,443,0,0,2025-06-30,2025-07-28,2025-07-02,,NORMALE,EN_COURS
3540,OF202503540,32,247,142,142,12,2026-07-03,2026-07-30,2026-07-03,2026-07-17,BASSE,TERMINE
3541,OF202503541,264,283,331,0,0,2026-09-27,2026-10-22,2026-09-27,,NORMALE,EN_COURS
3542,OF202503542,277,155,440,440,16,2025-09-19,2025-10-13,2025-09-20,2025-10-09,BASSE,TERMINE
3543,OF202503543,225,127,291,0,0,2026-04-13,2026-04-22,,,NORMALE,EN_ATTENTE
3544,OF202503544,246,376,439,0,0,2026-02-18,2026-02-26,2026-02-18,,NORMALE,EN_COURS
3545,OF202503545,251,232,53,0,0,2025-08-29,2025-09-24,2025-09-01,,NORMALE,EN_COURS
3546,OF202503546,102,407,120,0,0,2025-03-19,2025-04-09,2025-03-19,,NORMALE,EN_COURS
3547,OF202503547,204,228,71,71,6,2026-03-11,2026-03-19,2026-03-13,2026-04-08,NORMALE,TERMINE
3548,OF202503548,204,332,305,305,32,2026-10-21,2026-11-16,2026-10-24,2026-11-10,NORMALE,TERMINE
3549,OF202503549,202,53,80,80,9,2025-07-04,2025-07-16,2025-07-07,2025-07-27,HAUTE,TERMINE
3550,OF202503550,93,163,465,0,0,2026-07-20,2026-08-05,2026-07-23,,NORMALE,EN_COURS
3551,OF202503551,22,471,236,236,20,2025-04-05,2025-04-28,2025-04-07,2025-04-26,NORMALE,TERMINE
3552,OF202503552,184,321,284,284,32,2026-01-15,2026-02-09,2026-01-16,2026-01-26,NORMALE,TERMINE
3553,OF202503553,78,209,327,0,0,2025-07-13,2025-07-25,,,HAUTE,ANNULE
3554,OF202503554,36,132,184,184,18,2025-10-03,2025-10-10,2025-10-05,2025-10-23,NORMALE,TERMINE
3555,OF202503555,50,103,105,0,0,2025-07-05,2025-07-10,2025-07-05,,NORMALE,EN_COURS
3556,OF202503556,290,345,319,0,0,2025-01-02,2025-01-19,,,HAUTE,EN_ATTENTE
3557,OF202503557,14,185,351,351,10,2026-09-13,2026-09-22,2026-09-13,2026-09-24,NORMALE,TERMINE
3558,OF202503558,201,474,108,0,0,2026-02-14,2026-02-26,2026-02-15,,NORMALE,EN_COURS
3559,OF202503559,179,174,194,0,0,2025-09-08,2025-09-18,,,BASSE,ANNULE
3560,OF202503560,90,156,495,0,0,2025-11-04,2025-11-29,,,HAUTE,EN_ATTENTE
3561,OF202503561,207,495,45,0,0,2025-10-27,2025-11-17,2025-10-29,,BASSE,EN_COURS
3562,OF202503562,293,330,369,369,27,2026-05-07,2026-05-10,2026-05-09,2026-05-25,NORMALE,TERMINE
3563,OF202503563,65,208,44,44,2,2025-09-30,2025-10-28,2025-10-01,2025-10-15,HAUTE,TERMINE
3564,OF202503564,199,323,325,325,22,2026-06-07,2026-06-26,2026-06-08,2026-06-25,BASSE,TERMINE
3565,OF202503565,121,421,352,352,27,2025-11-16,2025-12-12,2025-11-18,2025-12-19,NORMALE,TERMINE
3566,OF202503566,60,385,109,109,7,2025-05-16,2025-06-13,2025-05-19,2025-06-17,BASSE,TERMINE
3567,OF202503567,99,35,373,373,44,2025-01-24,2025-02-04,2025-01-25,2025-02-25,NORMALE,TERMINE
3568,OF202503568,151,29,397,397,25,2025-03-20,2025-03-25,2025-03-21,2025-04-02,BASSE,TERMINE
3569,OF202503569,109,371,257,0,0,2026-07-09,2026-07-17,,,NORMALE,EN_ATTENTE
3570,OF202503570,31,226,70,70,4,2025-04-07,2025-04-14,2025-04-07,2025-04-18,HAUTE,TERMINE
3571,OF202503571,259,27,315,315,6,2025-02-11,2025-02-17,2025-02-13,2025-03-16,NORMALE,TERMINE
3572,OF202503572,189,18,228,228,18,2025-03-22,2025-04-07,2025-03-22,2025-04-19,NORMALE,TERMINE
3573,OF202503573,199,323,382,0,0,2025-02-01,2025-02-04,,,HAUTE,ANNULE
3574,OF202503574,168,368,225,0,0,2026-06-18,2026-06-21,,,NORMALE,ANNULE
3575,OF202503575,41,150,150,0,0,2025-08-05,2025-08-15,,,BASSE,EN_ATTENTE
3576,OF202503576,214,1,110,110,12,2025-07-10,2025-07-16,2025-07-10,2025-07-18,NORMALE,TERMINE
3577,OF202503577,177,286,388,388,10,2026-11-03,2026-11-26,2026-11-04,2026-11-26,NORMALE,TERMINE
3578,OF202503578,243,455,463,463,49,2026-09-29,2026-10-27,2026-09-29,2026-10-23,NORMALE,TERMINE
3579,OF202503579,121,421,223,0,0,2025-11-21,2025-12-16,2025-11-22,,NORMALE,EN_COURS
3580,OF202503580,10,381,334,0,0,2025-07-28,2025-08-25,,,NORMALE,ANNULE
3581,OF202503581,204,13,465,465,44,2025-03-18,2025-04-03,2025-03-18,2025-03-26,BASSE,TERMINE
3582,OF202503582,175,499,19,0,0,2026-10-02,2026-10-17,2026-10-04,,NORMALE,EN_COURS
3583,OF202503583,108,158,110,0,0,2026-11-02,2026-11-13,2026-11-05,,NORMALE,EN_COURS
3584,OF202503584,107,246,221,0,0,2025-02-04,2025-02-10,,,BASSE,EN_ATTENTE
3585,OF202503585,191,162,415,0,0,2025-01-30,2025-02-13,2025-01-31,,NORMALE,EN_COURS
3586,OF202503586,92,145,484,0,0,2025-11-12,2025-12-06,,,NORMALE,ANNULE
3587,OF202503587,288,14,315,315,15,2026-05-23,2026-05-27,2026-05-25,2026-06-10,NORMALE,TERMINE
3588,OF202503588,170,412,359,0,0,2026-02-19,2026-03-12,2026-02-20,,BASSE,EN_COURS
3589,OF202503589,84,341,401,0,0,2026-10-16,2026-11-02,,,NORMALE,EN_ATTENTE
3590,OF202503590,149,5,114,0,0,2026-01-14,2026-01-23,,,NORMALE,EN_ATTENTE
3591,OF202503591,291,446,339,339,32,2026-08-17,2026-08-22,2026-08-20,2026-09-17,NORMALE,TERMINE
3592,OF202503592,255,350,357,357,39,2026-01-04,2026-01-11,2026-01-04,2026-01-25,NORMALE,TERMINE
3593,OF202503593,171,374,143,143,11,2025-07-13,2025-08-04,2025-07-15,2025-07-22,NORMALE,TERMINE
3594,OF202503594,17,355,286,0,0,2026-10-12,2026-10-25,2026-10-15,,BASSE,EN_COURS
3595,OF202503595,264,425,288,0,0,2025-02-16,2025-02-25,2025-02-19,,NORMALE,EN_COURS
3596,OF202503596,13,117,52,52,3,2025-06-07,2025-06-11,2025-06-09,2025-07-12,NORMALE,TERMINE
3597,OF202503597,285,220,275,275,12,2025-12-30,2026-01-08,2025-12-30,2026-01-18,NORMALE,TERMINE
3598,OF202503598,235,140,21,21,0,2026-08-30,2026-09-13,2026-08-30,2026-10-03,NORMALE,TERMINE
3599,OF202503599,164,34,134,134,3,2026-01-31,2026-02-05,2026-02-03,2026-03-05,NORMALE,TERMINE
3600,OF202503600,20,149,382,382,14,2026-11-04,2026-11-10,2026-11-05,2026-11-30,NORMALE,TERMINE
3601,OF202503601,129,491,381,381,19,2026-08-20,2026-09-01,2026-08-22,2026-08-30,HAUTE,TERMINE
3602,OF202503602,128,1,230,0,0,2025-03-22,2025-04-02,,,NORMALE,EN_ATTENTE
3603,OF202503603,138,58,376,376,9,2026-08-01,2026-08-21,2026-08-04,2026-08-07,NORMALE,TERMINE
3604,OF202503604,30,126,84,84,8,2026-08-26,2026-09-06,2026-08-26,2026-09-15,HAUTE,TERMINE
3605,OF202503605,57,63,273,0,0,2025-08-28,2025-09-05,,,BASSE,EN_ATTENTE
3606,OF202503606,129,491,185,0,0,2025-05-19,2025-06-12,,,NORMALE,EN_ATTENTE
3607,OF202503607,211,172,413,0,0,2026-02-27,2026-03-24,,,NORMALE,EN_ATTENTE
3608,OF202503608,289,139,442,442,11,2026-10-15,2026-10-19,2026-10-15,2026-10-22,BASSE,TERMINE
3609,OF202503609,107,246,224,0,0,2026-04-11,2026-05-02,,,HAUTE,ANNULE
3610,OF202503610,196,175,209,0,0,2026-10-29,2026-11-15,,,NORMALE,ANNULE
3611,OF202503611,126,332,418,0,0,2025-07-16,2025-07-31,2025-07-18,,NORMALE,EN_COURS
3612,OF202503612,51,393,466,0,0,2025-06-23,2025-07-01,2025-06-23,,NORMALE,EN_COURS
3613,OF202503613,250,282,170,170,15,2025-07-24,2025-08-12,2025-07-24,2025-08-08,NORMALE,TERMINE
3614,OF202503614,189,18,383,383,28,2025-10-04,2025-10-12,2025-10-04,2025-10-22,BASSE,TERMINE
3615,OF202503615,204,85,101,0,0,2025-03-29,2025-04-01,2025-04-01,,NORMALE,EN_COURS
3616,OF202503616,95,482,498,0,0,2025-02-21,2025-03-22,2025-02-23,,BASSE,EN_COURS
3617,OF202503617,299,99,389,389,20,2026-04-17,2026-05-17,2026-04-17,2026-05-03,BASSE,TERMINE
3618,OF202503618,47,297,414,0,0,2026-01-12,2026-01-20,2026-01-15,,NORMALE,EN_COURS
3619,OF202503619,132,306,59,59,2,2026-05-11,2026-05-20,2026-05-12,2026-06-02,HAUTE,TERMINE
3620,OF202503620,136,466,300,300,32,2026-07-02,2026-07-06,2026-07-03,2026-07-07,NORMALE,TERMINE
3621,OF202503621,39,483,406,0,0,2025-04-19,2025-05-12,,,NORMALE,ANNULE
3622,OF202503622,125,418,181,0,0,2026-05-18,2026-06-06,,,NORMALE,EN_ATTENTE
3623,OF202503623,57,133,400,0,0,2026-01-24,2026-01-31,,,NORMALE,EN_ATTENTE
3624,OF202503624,191,162,80,0,0,2025-10-15,2025-11-14,,,HAUTE,EN_ATTENTE
3625,OF202503625,34,326,117,0,0,2025-03-09,2025-03-21,,,HAUTE,EN_ATTENTE
3626,OF202503626,218,38,154,154,13,2025-09-12,2025-09-29,2025-09-15,2025-10-03,HAUTE,TERMINE
3627,OF202503627,15,456,325,0,0,2025-05-22,2025-06-17,2025-05-23,,NORMALE,EN_COURS
3628,OF202503628,245,198,228,0,0,2025-02-24,2025-03-22,,,NORMALE,EN_ATTENTE
3629,OF202503629,157,67,252,0,0,2026-09-20,2026-10-11,2026-09-23,,BASSE,EN_COURS
3630,OF202503630,95,482,341,341,18,2025-11-10,2025-11-15,2025-11-10,2025-11-21,NORMALE,TERMINE
3631,OF202503631,230,470,204,204,12,2026-04-08,2026-04-16,2026-04-11,2026-05-05,NORMALE,TERMINE
3632,OF202503632,112,220,236,236,12,2025-04-26,2025-05-02,2025-04-28,2025-05-16,BASSE,TERMINE
3633,OF202503633,183,149,83,0,0,2026-05-11,2026-06-09,,,HAUTE,EN_ATTENTE
3634,OF202503634,5,297,368,0,0,2026-01-14,2026-02-04,2026-01-15,,HAUTE,EN_COURS
3635,OF202503635,121,60,423,0,0,2025-11-08,2025-11-18,2025-11-09,,NORMALE,EN_COURS
3636,OF202503636,58,219,230,230,20,2026-02-20,2026-03-18,2026-02-23,2026-03-06,BASSE,TERMINE
3637,OF202503637,212,464,319,0,0,2026-06-24,2026-07-22,,,HAUTE,EN_ATTENTE
3638,OF202503638,297,358,70,70,3,2026-01-14,2026-02-01,2026-01-17,2026-01-23,NORMALE,TERMINE
3639,OF202503639,31,226,198,198,11,2026-06-13,2026-06-28,2026-06-13,2026-06-23,NORMALE,TERMINE
3640,OF202503640,67,242,440,440,25,2025-11-06,2025-11-19,2025-11-08,2025-12-03,HAUTE,TERMINE
3641,OF202503641,298,223,246,246,26,2026-10-25,2026-11-14,2026-10-28,2026-11-10,NORMALE,TERMINE
3642,OF202503642,266,250,331,0,0,2025-03-09,2025-03-14,2025-03-12,,NORMALE,EN_COURS
3643,OF202503643,271,462,40,40,1,2025-06-09,2025-07-05,2025-06-12,2025-07-10,NORMALE,TERMINE
3644,OF202503644,261,34,128,0,0,2026-03-29,2026-04-20,2026-03-30,,NORMALE,EN_COURS
3645,OF202503645,208,210,168,168,20,2026-07-06,2026-08-02,2026-07-09,2026-08-05,HAUTE,TERMINE
3646,OF202503646,235,140,218,0,0,2025-03-11,2025-03-30,,,NORMALE,EN_ATTENTE
3647,OF202503647,87,287,161,161,9,2026-04-02,2026-04-19,2026-04-04,2026-04-25,NORMALE,TERMINE
3648,OF202503648,266,250,468,0,0,2025-08-29,2025-09-23,2025-08-30,,HAUTE,EN_COURS
3649,OF202503649,53,343,276,276,14,2025-04-18,2025-05-01,2025-04-21,2025-05-08,NORMALE,TERMINE
3650,OF202503650,146,402,151,151,13,2026-10-05,2026-11-01,2026-10-07,2026-10-20,NORMALE,TERMINE
3651,OF202503651,234,192,378,378,9,2025-03-04,2025-03-22,2025-03-07,2025-03-29,NORMALE,TERMINE
3652,OF202503652,159,347,20,0,0,2025-03-14,2025-04-01,2025-03-15,,NORMALE,EN_COURS
3653,OF202503653,54,418,251,251,21,2025-06-26,2025-07-10,2025-06-27,2025-07-04,HAUTE,TERMINE
3654,OF202503654,295,494,75,0,0,2025-09-22,2025-09-26,2025-09-24,,NORMALE,EN_COURS
3655,OF202503655,188,184,93,93,6,2025-12-01,2025-12-31,2025-12-01,2025-12-21,BASSE,TERMINE
3656,OF202503656,273,301,342,342,36,2026-02-18,2026-03-02,2026-02-19,2026-03-19,HAUTE,TERMINE
3657,OF202503657,139,164,391,391,15,2025-05-19,2025-06-16,2025-05-20,2025-05-24,HAUTE,TERMINE
3658,OF202503658,27,148,473,0,0,2026-08-08,2026-08-23,,,NORMALE,EN_ATTENTE
3659,OF202503659,22,218,375,0,0,2025-03-05,2025-04-03,2025-03-05,,NORMALE,EN_COURS
3660,OF202503660,143,458,241,241,5,2025-08-26,2025-09-12,2025-08-27,2025-09-11,NORMALE,TERMINE
3661,OF202503661,294,25,386,0,0,2026-08-10,2026-08-23,,,BASSE,ANNULE
3662,OF202503662,200,493,414,414,8,2025-07-03,2025-07-07,2025-07-05,2025-07-31,NORMALE,TERMINE
3663,OF202503663,178,25,476,0,0,2026-10-06,2026-10-12,2026-10-08,,NORMALE,EN_COURS
3664,OF202503664,277,155,121,0,0,2026-02-11,2026-02-22,2026-02-13,,NORMALE,EN_COURS
3665,OF202503665,37,249,27,27,2,2026-11-25,2026-12-03,2026-11-25,2026-12-17,HAUTE,TERMINE
3666,OF202503666,252,206,495,495,19,2026-02-26,2026-03-05,2026-02-27,2026-04-02,NORMALE,TERMINE
3667,OF202503667,186,68,171,171,13,2025-05-08,2025-05-30,2025-05-11,2025-05-28,NORMALE,TERMINE
3668,OF202503668,92,488,230,230,10,2025-12-29,2026-01-08,2025-12-29,2026-02-02,NORMALE,TERMINE
3669,OF202503669,109,371,263,263,26,2025-02-17,2025-03-01,2025-02-18,2025-02-24,HAUTE,TERMINE
3670,OF202503670,24,247,297,297,20,2026-04-23,2026-05-04,2026-04-25,2026-05-27,HAUTE,TERMINE
3671,OF202503671,99,398,286,286,27,2026-02-12,2026-02-16,2026-02-12,2026-03-04,NORMALE,TERMINE
3672,OF202503672,242,404,119,119,3,2026-05-30,2026-06-26,2026-05-30,2026-06-07,NORMALE,TERMINE
3673,OF202503673,106,148,488,488,20,2026-08-18,2026-08-25,2026-08-19,2026-09-08,HAUTE,TERMINE
3674,OF202503674,85,76,32,0,0,2025-10-04,2025-10-16,2025-10-04,,NORMALE,EN_COURS
3675,OF202503675,204,351,152,0,0,2026-07-18,2026-08-11,2026-07-21,,HAUTE,EN_COURS
3676,OF202503676,282,255,66,66,6,2025-06-23,2025-07-09,2025-06-23,2025-07-10,NORMALE,TERMINE
3677,OF202503677,188,175,309,309,10,2025-09-11,2025-09-20,2025-09-14,2025-09-17,HAUTE,TERMINE
3678,OF202503678,153,219,434,0,0,2025-02-05,2025-02-17,,,NORMALE,EN_ATTENTE
3679,OF202503679,243,455,322,0,0,2026-03-14,2026-04-07,,,HAUTE,EN_ATTENTE
3680,OF202503680,188,142,32,0,0,2025-09-29,2025-10-08,2025-10-02,,NORMALE,EN_COURS
3681,OF202503681,239,408,244,0,0,2025-02-03,2025-02-16,2025-02-03,,NORMALE,EN_COURS
3682,OF202503682,106,148,96,96,4,2025-09-01,2025-09-18,2025-09-02,2025-09-30,NORMALE,TERMINE
3683,OF202503683,138,416,213,0,0,2025-01-10,2025-01-22,2025-01-12,,BASSE,EN_COURS
3684,OF202503684,45,130,217,217,9,2025-11-24,2025-12-21,2025-11-27,2025-12-22,HAUTE,TERMINE
3685,OF202503685,96,363,399,399,21,2025-04-29,2025-05-04,2025-05-02,2025-05-20,NORMALE,TERMINE
3686,OF202503686,93,348,242,242,19,2025-07-02,2025-07-30,2025-07-02,2025-07-19,HAUTE,TERMINE
3687,OF202503687,72,88,82,0,0,2025-12-23,2026-01-02,,,NORMALE,EN_ATTENTE
3688,OF202503688,280,445,414,0,0,2026-05-05,2026-05-20,,,NORMALE,EN_ATTENTE
3689,OF202503689,45,356,92,92,10,2025-06-13,2025-07-07,2025-06-15,2025-07-15,NORMALE,TERMINE
3690,OF202503690,187,63,309,309,14,2026-07-28,2026-08-06,2026-07-29,2026-08-23,HAUTE,TERMINE
3691,OF202503691,264,110,251,251,20,2026-06-08,2026-06-17,2026-06-11,2026-07-10,NORMALE,TERMINE
3692,OF202503692,181,7,217,217,24,2026-01-27,2026-02-19,2026-01-27,2026-02-18,NORMALE,TERMINE
3693,OF202503693,247,447,36,0,0,2025-01-26,2025-01-30,2025-01-27,,NORMALE,EN_COURS
3694,OF202503694,74,263,113,0,0,2026-02-23,2026-03-19,,,HAUTE,ANNULE
3695,OF202503695,9,102,89,89,3,2026-07-28,2026-08-01,2026-07-29,2026-08-30,HAUTE,TERMINE
3696,OF202503696,45,356,421,0,0,2026-04-29,2026-05-11,,,HAUTE,EN_ATTENTE
3697,OF202503697,231,43,306,306,18,2025-06-29,2025-07-22,2025-06-30,2025-07-25,NORMALE,TERMINE
3698,OF202503698,258,75,90,90,9,2026-05-26,2026-06-24,2026-05-29,2026-06-23,NORMALE,TERMINE
3699,OF202503699,127,187,456,456,23,2026-06-08,2026-06-17,2026-06-09,2026-07-07,NORMALE,TERMINE
3700,OF202503700,242,160,410,410,28,2026-09-24,2026-10-23,2026-09-26,2026-10-18,NORMALE,TERMINE
3701,OF202503701,214,496,311,0,0,2026-06-03,2026-07-02,,,NORMALE,EN_ATTENTE
3702,OF202503702,16,383,128,0,0,2026-02-08,2026-03-06,2026-02-09,,NORMALE,EN_COURS
3703,OF202503703,225,48,178,0,0,2025-05-11,2025-05-19,,,NORMALE,ANNULE
3704,OF202503704,248,78,260,260,23,2025-08-27,2025-09-24,2025-08-28,2025-09-23,HAUTE,TERMINE
3705,OF202503705,248,78,419,0,0,2025-11-19,2025-12-03,2025-11-20,,HAUTE,EN_COURS
3706,OF202503706,75,314,326,0,0,2026-08-16,2026-08-25,,,HAUTE,EN_ATTENTE
3707,OF202503707,96,306,195,195,19,2025-04-09,2025-04-14,2025-04-12,2025-04-24,NORMALE,TERMINE
3708,OF202503708,36,487,406,0,0,2025-10-31,2025-11-29,,,NORMALE,EN_ATTENTE
3709,OF202503709,167,221,228,0,0,2025-01-05,2025-01-31,2025-01-07,,NORMALE,EN_COURS
3710,OF202503710,238,423,217,217,25,2026-02-09,2026-03-07,2026-02-11,2026-03-15,NORMALE,TERMINE
3711,OF202503711,34,326,469,469,16,2025-05-18,2025-06-11,2025-05-18,2025-06-06,NORMALE,TERMINE
3712,OF202503712,294,25,144,144,3,2026-02-14,2026-02-27,2026-02-16,2026-03-18,HAUTE,TERMINE
3713,OF202503713,211,172,449,449,29,2026-06-05,2026-06-18,2026-06-05,2026-06-22,NORMALE,TERMINE
3714,OF202503714,216,348,326,326,19,2026-08-18,2026-08-23,2026-08-21,2026-09-18,NORMALE,TERMINE
3715,OF202503715,227,352,111,0,0,2026-01-23,2026-02-03,,,HAUTE,EN_ATTENTE
3716,OF202503716,157,67,130,130,6,2026-04-07,2026-05-01,2026-04-07,2026-05-05,NORMALE,TERMINE
3717,OF202503717,129,11,224,0,0,2025-06-09,2025-06-25,2025-06-10,,HAUTE,EN_COURS
3718,OF202503718,62,21,372,372,11,2025-10-07,2025-10-14,2025-10-08,2025-10-16,NORMALE,TERMINE
3719,OF202503719,96,367,65,0,0,2026-08-28,2026-09-26,2026-08-31,,BASSE,EN_COURS
3720,OF202503720,99,35,359,359,23,2026-08-14,2026-08-17,2026-08-15,2026-08-27,BASSE,TERMINE
3721,OF202503721,54,246,100,0,0,2026-08-29,2026-09-12,2026-08-30,,HAUTE,EN_COURS
3722,OF202503722,287,133,130,0,0,2025-06-22,2025-07-10,,,NORMALE,EN_ATTENTE
3723,OF202503723,52,13,499,0,0,2025-11-27,2025-12-02,2025-11-28,,NORMALE,EN_COURS
3724,OF202503724,163,429,354,354,22,2025-10-29,2025-11-08,2025-10-29,2025-11-25,NORMALE,TERMINE
3725,OF202503725,40,450,486,486,31,2025-07-20,2025-08-16,2025-07-22,2025-08-02,NORMALE,TERMINE
3726,OF202503726,44,378,118,0,0,2025-09-06,2025-09-29,2025-09-07,,NORMALE,EN_COURS
3727,OF202503727,166,233,288,0,0,2026-08-09,2026-08-16,,,NORMALE,EN_ATTENTE
3728,OF202503728,76,18,301,0,0,2026-10-23,2026-11-13,2026-10-25,,NORMALE,EN_COURS
3729,OF202503729,175,499,272,272,23,2025-11-07,2025-11-21,2025-11-10,2025-11-15,HAUTE,TERMINE
3730,OF202503730,214,309,397,0,0,2026-08-01,2026-08-25,,,BASSE,ANNULE
3731,OF202503731,264,49,492,492,55,2025-10-28,2025-11-19,2025-10-29,2025-11-05,HAUTE,TERMINE
3732,OF202503732,165,135,112,112,11,2025-08-11,2025-08-30,2025-08-14,2025-08-19,NORMALE,TERMINE
3733,OF202503733,213,441,51,51,1,2026-03-18,2026-03-24,2026-03-21,2026-04-18,NORMALE,TERMINE
3734,OF202503734,140,131,257,0,0,2026-11-16,2026-12-14,2026-11-17,,NORMALE,EN_COURS
3735,OF202503735,196,175,142,0,0,2026-05-11,2026-05-14,,,NORMALE,EN_ATTENTE
3736,OF202503736,214,326,132,132,13,2025-03-21,2025-03-29,2025-03-21,2025-04-09,BASSE,TERMINE
3737,OF202503737,155,47,404,404,47,2026-04-07,2026-04-14,2026-04-10,2026-04-26,NORMALE,TERMINE
3738,OF202503738,27,147,323,0,0,2025-07-20,2025-07-25,,,NORMALE,EN_ATTENTE
3739,OF202503739,55,416,463,463,41,2026-10-10,2026-10-27,2026-10-12,2026-11-07,NORMALE,TERMINE
3740,OF202503740,286,315,142,142,14,2025-01-15,2025-02-11,2025-01-15,2025-02-08,NORMALE,TERMINE
3741,OF202503741,187,237,181,0,0,2025-12-01,2025-12-29,2025-12-01,,HAUTE,EN_COURS
3742,OF202503742,134,461,161,161,6,2025-08-28,2025-09-17,2025-08-30,2025-09-03,NORMALE,TERMINE
3743,OF202503743,239,408,154,154,12,2025-12-20,2026-01-06,2025-12-23,2026-01-20,NORMALE,TERMINE
3744,OF202503744,30,248,488,0,0,2026-11-07,2026-12-04,,,HAUTE,EN_ATTENTE
3745,OF202503745,32,485,356,0,0,2025-02-27,2025-03-08,2025-03-01,,HAUTE,EN_COURS
3746,OF202503746,165,89,107,107,8,2025-04-29,2025-05-08,2025-04-30,2025-05-23,NORMALE,TERMINE
3747,OF202503747,219,328,450,450,40,2025-11-13,2025-11-22,2025-11-15,2025-12-05,BASSE,TERMINE
3748,OF202503748,187,63,406,406,22,2026-04-23,2026-05-09,2026-04-24,2026-05-14,NORMALE,TERMINE
3749,OF202503749,201,474,367,0,0,2025-10-04,2025-10-14,,,NORMALE,EN_ATTENTE
3750,OF202503750,250,440,267,0,0,2026-05-25,2026-05-31,2026-05-25,,NORMALE,EN_COURS
3751,OF202503751,237,414,450,0,0,2025-08-06,2025-08-29,,,NORMALE,ANNULE
3752,OF202503752,176,451,147,0,0,2026-01-14,2026-02-11,2026-01-14,,HAUTE,EN_COURS
3753,OF202503753,218,38,320,320,31,2025-09-27,2025-10-17,2025-09-30,2025-10-09,NORMALE,TERMINE
3754,OF202503754,32,485,87,87,7,2026-06-18,2026-07-01,2026-06-20,2026-07-15,NORMALE,TERMINE
3755,OF202503755,63,480,403,403,20,2026-09-24,2026-10-06,2026-09-25,2026-10-01,NORMALE,TERMINE
3756,OF202503756,290,276,192,0,0,2025-09-16,2025-09-28,2025-09-16,,BASSE,EN_COURS
3757,OF202503757,297,358,169,169,7,2025-05-27,2025-06-16,2025-05-29,2025-06-16,NORMALE,TERMINE
3758,OF202503758,159,347,391,391,34,2026-11-17,2026-12-12,2026-11-20,2026-12-12,NORMALE,TERMINE
3759,OF202503759,11,110,230,0,0,2026-01-25,2026-02-23,2026-01-26,,BASSE,EN_COURS
3760,OF202503760,26,243,236,236,6,2026-08-08,2026-09-05,2026-08-11,2026-08-23,NORMALE,TERMINE
3761,OF202503761,1,427,402,0,0,2025-04-11,2025-05-03,2025-04-13,,NORMALE,EN_COURS
3762,OF202503762,12,182,126,0,0,2025-10-15,2025-11-12,2025-10-18,,NORMALE,EN_COURS
3763,OF202503763,53,196,374,374,13,2025-03-06,2025-03-24,2025-03-06,2025-03-27,NORMALE,TERMINE
3764,OF202503764,78,209,172,0,0,2025-04-01,2025-04-28,,,HAUTE,EN_ATTENTE
3765,OF202503765,108,37,192,0,0,2025-02-15,2025-02-20,,,NORMALE,EN_ATTENTE
3766,OF202503766,48,268,434,434,23,2026-04-02,2026-04-10,2026-04-02,2026-04-29,BASSE,TERMINE
3767,OF202503767,190,173,106,0,0,2026-09-25,2026-09-28,,,NORMALE,EN_ATTENTE
3768,OF202503768,130,329,255,0,0,2025-10-27,2025-11-09,,,NORMALE,ANNULE
3769,OF202503769,193,85,128,0,0,2025-07-20,2025-07-29,2025-07-21,,NORMALE,EN_COURS
3770,OF202503770,286,315,185,185,16,2025-03-09,2025-03-30,2025-03-09,2025-03-20,BASSE,TERMINE
3771,OF202503771,288,14,160,160,9,2025-04-02,2025-04-11,2025-04-02,2025-04-10,NORMALE,TERMINE
3772,OF202503772,26,218,348,348,19,2025-09-27,2025-10-25,2025-09-27,2025-10-08,NORMALE,TERMINE
3773,OF202503773,290,276,487,487,52,2025-05-02,2025-05-20,2025-05-05,2025-05-30,NORMALE,TERMINE
3774,OF202503774,100,368,129,0,0,2026-10-08,2026-10-12,2026-10-11,,NORMALE,EN_COURS
3775,OF202503775,57,295,61,61,6,2026-10-03,2026-11-02,2026-10-04,2026-10-10,HAUTE,TERMINE
3776,OF202503776,9,102,122,122,14,2025-03-10,2025-03-29,2025-03-13,2025-03-29,NORMALE,TERMINE
3777,OF202503777,267,181,431,431,48,2025-01-28,2025-02-17,2025-01-28,2025-02-06,NORMALE,TERMINE
3778,OF202503778,121,60,358,358,37,2026-05-07,2026-05-10,2026-05-08,2026-06-06,BASSE,TERMINE
3779,OF202503779,183,189,410,410,35,2026-01-02,2026-01-18,2026-01-04,2026-01-15,NORMALE,TERMINE
3780,OF202503780,36,132,241,0,0,2025-07-09,2025-07-28,2025-07-12,,BASSE,EN_COURS
3781,OF202503781,128,1,349,0,0,2025-06-10,2025-06-20,2025-06-12,,NORMALE,EN_COURS
3782,OF202503782,74,34,186,0,0,2026-09-30,2026-10-05,2026-10-02,,NORMALE,EN_COURS
3783,OF202503783,165,6,22,22,1,2026-11-02,2026-11-11,2026-11-04,2026-12-01,NORMALE,TERMINE
3784,OF202503784,267,181,130,130,7,2026-08-14,2026-09-06,2026-08-14,2026-08-19,NORMALE,TERMINE
3785,OF202503785,247,87,104,0,0,2026-04-01,2026-04-16,2026-04-03,,BASSE,EN_COURS
3786,OF202503786,111,97,101,101,7,2025-11-04,2025-11-25,2025-11-07,2025-11-21,HAUTE,TERMINE
3787,OF202503787,295,138,290,0,0,2025-12-20,2026-01-15,2025-12-22,,NORMALE,EN_COURS
3788,OF202503788,94,14,67,0,0,2026-10-12,2026-11-06,,,NORMALE,EN_ATTENTE
3789,OF202503789,187,237,444,0,0,2025-11-14,2025-12-02,2025-11-15,,NORMALE,EN_COURS
3790,OF202503790,3,122,418,0,0,2026-07-17,2026-08-16,2026-07-20,,NORMALE,EN_COURS
3791,OF202503791,8,400,379,379,30,2026-10-30,2026-11-16,2026-11-02,2026-11-14,HAUTE,TERMINE
3792,OF202503792,28,290,469,0,0,2026-10-05,2026-10-27,2026-10-06,,NORMALE,EN_COURS
3793,OF202503793,294,25,100,0,0,2025-01-07,2025-02-01,,,BASSE,EN_ATTENTE
3794,OF202503794,141,318,259,259,30,2025-05-15,2025-06-03,2025-05-15,2025-05-21,NORMALE,TERMINE
3795,OF202503795,233,81,239,239,15,2025-12-01,2025-12-15,2025-12-01,2025-12-10,NORMALE,TERMINE
3796,OF202503796,238,211,320,320,28,2026-03-13,2026-04-09,2026-03-14,2026-03-24,NORMALE,TERMINE
3797,OF202503797,93,163,229,0,0,2026-03-24,2026-04-22,2026-03-25,,NORMALE,EN_COURS
3798,OF202503798,61,112,60,60,4,2025-08-01,2025-08-10,2025-08-03,2025-08-17,NORMALE,TERMINE
3799,OF202503799,178,303,198,0,0,2026-02-12,2026-02-26,2026-02-15,,NORMALE,EN_COURS
3800,OF202503800,82,37,488,488,53,2025-11-30,2025-12-30,2025-11-30,2025-12-23,HAUTE,TERMINE
3801,OF202503801,291,446,162,162,10,2026-05-26,2026-06-09,2026-05-27,2026-06-24,HAUTE,TERMINE
3802,OF202503802,101,165,431,431,21,2025-06-29,2025-07-13,2025-07-02,2025-08-02,BASSE,TERMINE
3803,OF202503803,261,34,264,264,22,2026-03-24,2026-04-09,2026-03-26,2026-04-26,BASSE,TERMINE
3804,OF202503804,255,350,297,297,30,2026-02-21,2026-03-23,2026-02-23,2026-03-28,NORMALE,TERMINE
3805,OF202503805,203,222,221,221,6,2025-10-14,2025-11-13,2025-10-16,2025-10-21,NORMALE,TERMINE
3806,OF202503806,300,114,441,0,0,2025-12-06,2025-12-22,2025-12-09,,HAUTE,EN_COURS
3807,OF202503807,2,496,203,203,21,2026-09-18,2026-10-06,2026-09-20,2026-09-24,NORMALE,TERMINE
3808,OF202503808,280,50,213,213,24,2026-02-22,2026-03-23,2026-02-22,2026-03-21,NORMALE,TERMINE
3809,OF202503809,200,44,434,434,39,2025-07-07,2025-07-26,2025-07-09,2025-07-13,NORMALE,TERMINE
3810,OF202503810,53,224,10,0,0,2026-10-07,2026-10-30,,,NORMALE,EN_ATTENTE
3811,OF202503811,84,169,181,181,17,2025-06-28,2025-07-04,2025-06-29,2025-07-27,HAUTE,TERMINE
3812,OF202503812,115,303,354,0,0,2025-10-16,2025-10-27,,,NORMALE,EN_ATTENTE
3813,OF202503813,196,108,175,175,11,2025-04-09,2025-05-09,2025-04-11,2025-04-30,NORMALE,TERMINE
3814,OF202503814,242,404,77,0,0,2026-11-21,2026-12-13,,,NORMALE,EN_ATTENTE
3815,OF202503815,169,149,316,0,0,2025-09-04,2025-09-30,2025-09-06,,NORMALE,EN_COURS
3816,OF202503816,115,484,179,179,14,2026-05-28,2026-06-27,2026-05-30,2026-06-20,BASSE,TERMINE
3817,OF202503817,35,58,188,188,6,2026-10-23,2026-11-15,2026-10-25,2026-11-01,NORMALE,TERMINE
3818,OF202503818,243,455,302,0,0,2025-02-15,2025-02-20,,,BASSE,EN_ATTENTE
3819,OF202503819,281,51,304,304,8,2026-04-14,2026-04-24,2026-04-14,2026-04-22,NORMALE,TERMINE
3820,OF202503820,217,202,299,0,0,2026-07-10,2026-08-01,2026-07-10,,BASSE,EN_COURS
3821,OF202503821,28,336,394,394,41,2025-11-26,2025-12-18,2025-11-29,2025-12-21,NORMALE,TERMINE
3822,OF202503822,232,331,195,0,0,2026-09-24,2026-10-12,,,NORMALE,EN_ATTENTE
3823,OF202503823,188,418,354,354,10,2025-10-25,2025-11-08,2025-10-27,2025-11-04,NORMALE,TERMINE
3824,OF202503824,154,271,160,0,0,2025-04-02,2025-04-21,,,NORMALE,EN_ATTENTE
3825,OF202503825,96,294,174,174,11,2025-10-05,2025-10-26,2025-10-05,2025-11-05,BASSE,TERMINE
3826,OF202503826,227,215,201,0,0,2025-11-15,2025-11-21,2025-11-17,,HAUTE,EN_COURS
3827,OF202503827,62,21,437,437,51,2026-04-04,2026-05-01,2026-04-07,2026-04-09,NORMALE,TERMINE
3828,OF202503828,227,352,449,449,39,2026-11-30,2026-12-15,2026-11-30,2027-01-03,HAUTE,TERMINE
3829,OF202503829,142,115,61,0,0,2025-06-25,2025-07-24,2025-06-27,,NORMALE,EN_COURS
3830,OF202503830,285,112,407,0,0,2026-01-04,2026-01-25,2026-01-06,,NORMALE,EN_COURS
3831,OF202503831,276,173,364,364,12,2026-02-24,2026-03-17,2026-02-25,2026-03-29,NORMALE,TERMINE
3832,OF202503832,57,442,353,0,0,2025-09-15,2025-10-07,2025-09-15,,NORMALE,EN_COURS
3833,OF202503833,223,39,264,264,9,2026-03-11,2026-03-17,2026-03-11,2026-03-16,NORMALE,TERMINE
3834,OF202503834,116,443,23,23,2,2026-10-01,2026-10-28,2026-10-03,2026-10-17,NORMALE,TERMINE
3835,OF202503835,197,343,115,0,0,2025-09-25,2025-10-17,2025-09-27,,NORMALE,EN_COURS
3836,OF202503836,100,375,112,112,11,2025-07-29,2025-08-16,2025-07-31,2025-08-21,NORMALE,TERMINE
3837,OF202503837,138,319,286,286,5,2026-04-30,2026-05-25,2026-05-03,2026-06-01,NORMALE,TERMINE
3838,OF202503838,288,14,447,447,19,2026-11-29,2026-12-04,2026-11-29,2026-12-27,NORMALE,TERMINE
3839,OF202503839,243,455,116,116,4,2025-07-26,2025-08-01,2025-07-28,2025-08-07,BASSE,TERMINE
3840,OF202503840,42,68,398,0,0,2025-04-11,2025-04-18,,,NORMALE,EN_ATTENTE
3841,OF202503841,251,327,135,135,9,2026-06-07,2026-06-25,2026-06-07,2026-07-08,NORMALE,TERMINE
3842,OF202503842,36,132,387,387,41,2025-02-21,2025-03-22,2025-02-22,2025-03-03,HAUTE,TERMINE
3843,OF202503843,157,67,376,376,30,2025-09-02,2025-10-02,2025-09-04,2025-09-10,NORMALE,TERMINE
3844,OF202503844,264,418,222,222,6,2025-09-19,2025-10-10,2025-09-21,2025-10-09,NORMALE,TERMINE
3845,OF202503845,18,262,184,0,0,2026-09-30,2026-10-21,,,NORMALE,ANNULE
3846,OF202503846,9,102,105,105,4,2026-06-08,2026-06-20,2026-06-09,2026-06-17,BASSE,TERMINE
3847,OF202503847,50,170,419,0,0,2026-11-01,2026-11-30,,,HAUTE,EN_ATTENTE
3848,OF202503848,115,458,263,263,12,2026-05-20,2026-06-13,2026-05-22,2026-05-31,HAUTE,TERMINE
3849,OF202503849,115,480,388,388,35,2026-11-15,2026-12-03,2026-11-16,2026-11-30,NORMALE,TERMINE
3850,OF202503850,47,269,187,0,0,2026-06-18,2026-06-24,2026-06-19,,NORMALE,EN_COURS
3851,OF202503851,210,271,51,0,0,2026-10-06,2026-10-19,2026-10-07,,HAUTE,EN_COURS
3852,OF202503852,250,440,216,216,24,2025-06-29,2025-07-04,2025-06-29,2025-07-16,BASSE,TERMINE
3853,OF202503853,5,297,273,0,0,2025-05-21,2025-05-27,,,HAUTE,EN_ATTENTE
3854,OF202503854,68,311,346,0,0,2026-01-22,2026-02-07,,,NORMALE,EN_ATTENTE
3855,OF202503855,146,402,88,88,7,2026-08-12,2026-08-19,2026-08-12,2026-09-10,NORMALE,TERMINE
3856,OF202503856,171,374,132,132,14,2025-10-05,2025-10-16,2025-10-08,2025-10-27,HAUTE,TERMINE
3857,OF202503857,297,358,298,0,0,2025-03-26,2025-04-24,,,HAUTE,EN_ATTENTE
3858,OF202503858,270,448,313,313,34,2025-09-20,2025-10-04,2025-09-22,2025-10-16,NORMALE,TERMINE
3859,OF202503859,299,267,190,190,20,2025-10-29,2025-11-15,2025-10-30,2025-11-24,NORMALE,TERMINE
3860,OF202503860,29,272,166,166,17,2025-05-09,2025-06-02,2025-05-09,2025-05-28,NORMALE,TERMINE
3861,OF202503861,211,172,491,491,14,2025-09-27,2025-10-26,2025-09-30,2025-10-12,NORMALE,TERMINE
3862,OF202503862,146,402,420,0,0,2026-01-07,2026-01-25,2026-01-09,,NORMALE,EN_COURS
3863,OF202503863,265,33,91,91,5,2025-11-21,2025-11-28,2025-11-24,2025-12-05,NORMALE,TERMINE
3864,OF202503864,9,102,52,52,1,2026-05-03,2026-05-23,2026-05-05,2026-05-12,NORMALE,TERMINE
3865,OF202503865,51,300,326,326,13,2026-05-27,2026-06-09,2026-05-29,2026-06-17,NORMALE,TERMINE
3866,OF202503866,110,264,77,77,3,2026-03-28,2026-04-23,2026-03-28,2026-04-13,BASSE,TERMINE
3867,OF202503867,78,209,172,0,0,2025-01-02,2025-01-27,2025-01-03,,HAUTE,EN_COURS
3868,OF202503868,270,295,157,0,0,2026-05-02,2026-05-09,2026-05-03,,HAUTE,EN_COURS
3869,OF202503869,118,142,162,162,6,2025-03-12,2025-04-03,2025-03-15,2025-03-28,HAUTE,TERMINE
3870,OF202503870,245,198,229,229,25,2025-08-30,2025-09-07,2025-08-31,2025-09-23,HAUTE,TERMINE
3871,OF202503871,286,315,499,499,36,2026-01-17,2026-01-25,2026-01-17,2026-01-22,NORMALE,TERMINE
3872,OF202503872,272,107,192,0,0,2026-11-30,2026-12-20,,,NORMALE,ANNULE
3873,OF202503873,92,252,54,54,6,2026-06-25,2026-07-17,2026-06-27,2026-07-25,HAUTE,TERMINE
3874,OF202503874,190,473,277,0,0,2025-12-21,2026-01-17,,,HAUTE,EN_ATTENTE
3875,OF202503875,260,136,419,419,31,2026-09-09,2026-10-01,2026-09-11,2026-09-19,BASSE,TERMINE
3876,OF202503876,255,387,409,409,15,2026-10-20,2026-10-23,2026-10-23,2026-11-02,NORMALE,TERMINE
3877,OF202503877,164,182,106,0,0,2025-10-18,2025-11-08,2025-10-21,,NORMALE,EN_COURS
3878,OF202503878,51,477,148,148,7,2025-02-21,2025-03-22,2025-02-22,2025-03-03,NORMALE,TERMINE
3879,OF202503879,142,115,438,438,37,2025-02-02,2025-03-04,2025-02-02,2025-02-26,BASSE,TERMINE
3880,OF202503880,236,266,78,0,0,2025-10-28,2025-11-20,,,HAUTE,EN_ATTENTE
3881,OF202503881,117,194,350,350,15,2026-05-25,2026-06-21,2026-05-26,2026-06-08,NORMALE,TERMINE
3882,OF202503882,258,75,482,482,53,2026-05-13,2026-05-19,2026-05-14,2026-05-20,NORMALE,TERMINE
3883,OF202503883,86,465,492,492,17,2026-08-26,2026-09-11,2026-08-26,2026-09-01,NORMALE,TERMINE
3884,OF202503884,58,307,347,0,0,2025-07-03,2025-07-21,,,NORMALE,ANNULE
3885,OF202503885,84,341,100,0,0,2025-02-08,2025-02-25,2025-02-11,,NORMALE,EN_COURS
3886,OF202503886,293,177,286,0,0,2025-08-04,2025-08-09,2025-08-04,,NORMALE,EN_COURS
3887,OF202503887,290,345,64,64,7,2026-03-13,2026-03-28,2026-03-15,2026-04-14,NORMALE,TERMINE
3888,OF202503888,55,227,20,0,0,2025-05-28,2025-06-14,,,NORMALE,EN_ATTENTE
3889,OF202503889,225,127,74,0,0,2025-08-16,2025-08-22,,,NORMALE,EN_ATTENTE
3890,OF202503890,200,44,57,0,0,2025-01-26,2025-01-30,2025-01-26,,NORMALE,EN_COURS
3891,OF202503891,111,97,188,188,14,2026-04-28,2026-05-28,2026-04-30,2026-05-10,NORMALE,TERMINE
3892,OF202503892,244,345,418,0,0,2026-04-07,2026-04-30,2026-04-07,,NORMALE,EN_COURS
3893,OF202503893,280,445,48,48,1,2026-02-02,2026-02-12,2026-02-02,2026-03-08,NORMALE,TERMINE
3894,OF202503894,90,156,109,109,3,2026-05-01,2026-05-08,2026-05-03,2026-06-01,HAUTE,TERMINE
3895,OF202503895,72,88,396,396,13,2025-03-30,2025-04-03,2025-03-31,2025-04-16,NORMALE,TERMINE
3896,OF202503896,226,288,242,0,0,2026-11-21,2026-12-03,2026-11-22,,NORMALE,EN_COURS
3897,OF202503897,180,401,91,91,10,2025-11-30,2025-12-12,2025-12-03,2025-12-15,HAUTE,TERMINE
3898,OF202503898,143,458,231,0,0,2026-09-09,2026-09-14,2026-09-11,,NORMALE,EN_COURS
3899,OF202503899,190,191,37,37,2,2025-07-31,2025-08-15,2025-08-02,2025-08-12,BASSE,TERMINE
3900,OF202503900,145,434,91,91,9,2025-09-19,2025-10-05,2025-09-22,2025-10-08,NORMALE,TERMINE
3901,OF202503901,65,208,209,209,13,2025-03-17,2025-04-04,2025-03-19,2025-04-11,NORMALE,TERMINE
3902,OF202503902,7,214,181,181,16,2025-06-20,2025-07-17,2025-06-21,2025-07-04,BASSE,TERMINE
3903,OF202503903,88,98,143,0,0,2025-05-31,2025-06-14,2025-06-02,,NORMALE,EN_COURS
3904,OF202503904,231,43,52,0,0,2026-09-25,2026-10-24,2026-09-28,,NORMALE,EN_COURS
3905,OF202503905,21,333,271,0,0,2026-09-30,2026-10-18,2026-10-01,,NORMALE,EN_COURS
3906,OF202503906,36,101,204,204,22,2025-12-18,2025-12-28,2025-12-20,2025-12-28,HAUTE,TERMINE
3907,OF202503907,50,170,12,0,0,2025-04-06,2025-04-20,2025-04-06,,HAUTE,EN_COURS
3908,OF202503908,134,461,413,413,30,2025-03-04,2025-03-29,2025-03-07,2025-04-04,NORMALE,TERMINE
3909,OF202503909,272,107,199,0,0,2025-12-27,2026-01-15,2025-12-28,,NORMALE,EN_COURS
3910,OF202503910,219,328,239,0,0,2026-01-18,2026-02-14,2026-01-21,,NORMALE,EN_COURS
3911,OF202503911,295,494,143,143,5,2025-05-17,2025-05-31,2025-05-19,2025-06-20,NORMALE,TERMINE
3912,OF202503912,298,223,119,119,8,2026-01-29,2026-02-17,2026-01-30,2026-02-28,NORMALE,TERMINE
3913,OF202503913,207,495,354,354,31,2026-06-25,2026-07-08,2026-06-25,2026-07-25,NORMALE,TERMINE
3914,OF202503914,232,337,102,102,7,2025-11-22,2025-12-02,2025-11-22,2025-12-21,NORMALE,TERMINE
3915,OF202503915,171,374,234,234,7,2026-06-19,2026-07-13,2026-06-21,2026-07-05,NORMALE,TERMINE
3916,OF202503916,114,28,46,46,2,2026-10-24,2026-11-18,2026-10-25,2026-11-12,NORMALE,TERMINE
3917,OF202503917,111,97,14,14,1,2025-05-31,2025-06-26,2025-06-02,2025-07-02,HAUTE,TERMINE
3918,OF202503918,198,299,296,0,0,2026-05-13,2026-05-27,2026-05-16,,NORMALE,EN_COURS
3919,OF202503919,29,272,298,0,0,2025-09-09,2025-09-24,2025-09-09,,HAUTE,EN_COURS
3920,OF202503920,114,28,218,0,0,2025-10-08,2025-11-05,,,NORMALE,EN_ATTENTE
3921,OF202503921,56,425,346,0,0,2025-10-23,2025-10-28,2025-10-23,,NORMALE,EN_COURS
3922,OF202503922,109,371,17,17,1,2026-02-01,2026-02-22,2026-02-02,2026-02-10,NORMALE,TERMINE
3923,OF202503923,269,392,56,0,0,2026-04-13,2026-04-18,2026-04-14,,HAUTE,EN_COURS
3924,OF202503924,18,262,326,326,33,2026-04-16,2026-04-22,2026-04-18,2026-05-04,NORMALE,TERMINE
3925,OF202503925,30,248,253,253,25,2025-08-10,2025-09-02,2025-08-10,2025-08-28,NORMALE,TERMINE
3926,OF202503926,74,241,168,0,0,2026-02-28,2026-03-04,2026-02-28,,HAUTE,EN_COURS
3927,OF202503927,23,93,476,0,0,2026-10-30,2026-11-28,,,NORMALE,ANNULE
3928,OF202503928,227,352,362,0,0,2026-04-19,2026-04-23,2026-04-19,,HAUTE,EN_COURS
3929,OF202503929,263,3,362,0,0,2026-02-12,2026-02-27,,,NORMALE,EN_ATTENTE
3930,OF202503930,37,249,476,0,0,2025-12-13,2026-01-10,2025-12-14,,HAUTE,EN_COURS
3931,OF202503931,233,81,20,0,0,2025-04-13,2025-04-16,,,HAUTE,EN_ATTENTE
3932,OF202503932,77,73,369,0,0,2026-02-10,2026-03-02,,,HAUTE,EN_ATTENTE
3933,OF202503933,112,220,28,0,0,2025-05-05,2025-06-03,2025-05-05,,NORMALE,EN_COURS
3934,OF202503934,280,50,414,414,40,2025-10-03,2025-10-29,2025-10-03,2025-10-08,NORMALE,TERMINE
3935,OF202503935,238,423,441,441,35,2025-03-08,2025-03-12,2025-03-08,2025-03-22,BASSE,TERMINE
3936,OF202503936,41,124,227,227,7,2025-08-23,2025-09-21,2025-08-24,2025-09-14,BASSE,TERMINE
3937,OF202503937,78,460,405,0,0,2025-05-19,2025-06-09,,,NORMALE,EN_ATTENTE
3938,OF202503938,169,274,238,238,25,2025-05-30,2025-06-05,2025-05-30,2025-07-02,HAUTE,TERMINE
3939,OF202503939,11,466,139,139,7,2025-11-05,2025-12-03,2025-11-08,2025-11-20,NORMALE,TERMINE
3940,OF202503940,81,304,376,376,19,2025-03-27,2025-04-26,2025-03-28,2025-04-30,HAUTE,TERMINE
3941,OF202503941,135,83,186,0,0,2026-09-25,2026-10-24,2026-09-27,,NORMALE,EN_COURS
3942,OF202503942,2,496,343,0,0,2025-05-22,2025-06-07,2025-05-23,,BASSE,EN_COURS
3943,OF202503943,126,332,247,0,0,2026-10-07,2026-10-20,2026-10-09,,HAUTE,EN_COURS
3944,OF202503944,258,75,361,361,7,2025-07-18,2025-07-25,2025-07-18,2025-07-27,HAUTE,TERMINE
3945,OF202503945,47,372,76,0,0,2025-01-15,2025-01-25,2025-01-15,,NORMALE,EN_COURS
3946,OF202503946,269,313,412,412,44,2026-04-19,2026-04-30,2026-04-21,2026-05-10,NORMALE,TERMINE
3947,OF202503947,92,488,265,265,29,2025-07-19,2025-08-10,2025-07-19,2025-07-25,NORMALE,TERMINE
3948,OF202503948,154,380,478,0,0,2026-01-31,2026-02-16,2026-02-03,,NORMALE,EN_COURS
3949,OF202503949,230,470,333,0,0,2025-06-10,2025-07-08,2025-06-13,,NORMALE,EN_COURS
3950,OF202503950,160,210,141,141,14,2026-05-20,2026-05-26,2026-05-23,2026-06-03,NORMALE,TERMINE
3951,OF202503951,168,464,174,0,0,2026-10-16,2026-11-04,2026-10-18,,NORMALE,EN_COURS
3952,OF202503952,156,498,494,0,0,2025-05-01,2025-05-11,2025-05-04,,NORMALE,EN_COURS
3953,OF202503953,57,185,267,0,0,2026-08-19,2026-08-28,2026-08-20,,HAUTE,EN_COURS
3954,OF202503954,267,181,410,410,23,2025-06-27,2025-07-25,2025-06-30,2025-07-26,HAUTE,TERMINE
3955,OF202503955,165,139,158,158,12,2025-05-12,2025-05-30,2025-05-14,2025-06-10,NORMALE,TERMINE
3956,OF202503956,149,500,150,150,13,2026-10-26,2026-10-30,2026-10-27,2026-11-28,NORMALE,TERMINE
3957,OF202503957,15,86,129,129,13,2026-01-29,2026-02-14,2026-01-31,2026-02-27,NORMALE,TERMINE
3958,OF202503958,289,139,293,0,0,2026-07-21,2026-07-29,2026-07-22,,BASSE,EN_COURS
3959,OF202503959,70,191,380,0,0,2025-09-08,2025-09-17,2025-09-10,,BASSE,EN_COURS
3960,OF202503960,199,323,77,77,4,2026-06-21,2026-07-13,2026-06-24,2026-07-22,HAUTE,TERMINE
3961,OF202503961,248,78,86,0,0,2026-11-12,2026-11-15,2026-11-13,,BASSE,EN_COURS
3962,OF202503962,281,1,335,0,0,2026-04-23,2026-05-16,,,NORMALE,EN_ATTENTE
3963,OF202503963,204,43,197,197,5,2026-11-20,2026-12-07,2026-11-23,2026-11-25,HAUTE,TERMINE
3964,OF202503964,160,210,393,0,0,2026-06-26,2026-07-02,,,HAUTE,EN_ATTENTE
3965,OF202503965,195,329,322,0,0,2025-10-07,2025-10-15,2025-10-07,,NORMALE,EN_COURS
3966,OF202503966,58,193,480,480,46,2026-02-19,2026-03-04,2026-02-19,2026-03-14,BASSE,TERMINE
3967,OF202503967,193,85,336,336,21,2026-01-09,2026-01-12,2026-01-11,2026-02-11,NORMALE,TERMINE
3968,OF202503968,71,308,29,29,0,2026-11-03,2026-11-25,2026-11-03,2026-11-09,NORMALE,TERMINE
3969,OF202503969,297,358,81,0,0,2026-04-16,2026-05-04,2026-04-17,,HAUTE,EN_COURS
3970,OF202503970,71,308,299,299,18,2025-10-24,2025-10-31,2025-10-27,2025-11-18,NORMALE,TERMINE
3971,OF202503971,97,437,205,205,13,2025-07-22,2025-07-30,2025-07-25,2025-08-21,NORMALE,TERMINE
3972,OF202503972,116,324,392,0,0,2025-03-04,2025-03-21,,,NORMALE,EN_ATTENTE
3973,OF202503973,174,403,446,446,20,2026-05-03,2026-05-08,2026-05-05,2026-05-11,NORMALE,TERMINE
3974,OF202503974,96,232,313,313,37,2025-08-15,2025-08-18,2025-08-18,2025-09-10,NORMALE,TERMINE
3975,OF202503975,132,459,111,111,12,2026-06-03,2026-06-29,2026-06-04,2026-07-04,NORMALE,TERMINE
3976,OF202503976,260,136,380,380,19,2025-05-18,2025-06-12,2025-05-20,2025-06-21,NORMALE,TERMINE
3977,OF202503977,27,192,142,142,15,2025-09-10,2025-09-30,2025-09-12,2025-09-30,NORMALE,TERMINE
3978,OF202503978,69,361,166,166,12,2025-12-08,2026-01-06,2025-12-11,2026-01-11,HAUTE,TERMINE
3979,OF202503979,279,99,184,0,0,2025-12-20,2026-01-14,2025-12-22,,NORMALE,EN_COURS
3980,OF202503980,14,185,67,0,0,2025-11-04,2025-11-27,2025-11-07,,HAUTE,EN_COURS
3981,OF202503981,61,90,238,238,9,2026-06-24,2026-07-07,2026-06-26,2026-07-10,NORMALE,TERMINE
3982,OF202503982,17,355,204,204,7,2026-01-29,2026-02-05,2026-02-01,2026-02-22,NORMALE,TERMINE
3983,OF202503983,111,97,484,484,26,2025-01-09,2025-01-13,2025-01-10,2025-02-03,NORMALE,TERMINE
3984,OF202503984,180,401,103,103,4,2026-10-17,2026-10-31,2026-10-20,2026-11-13,BASSE,TERMINE
3985,OF202503985,250,79,90,0,0,2025-11-15,2025-11-29,,,NORMALE,EN_ATTENTE
3986,OF202503986,272,303,58,58,1,2025-04-30,2025-05-05,2025-05-03,2025-05-16,HAUTE,TERMINE
3987,OF202503987,122,444,82,0,0,2025-10-29,2025-11-27,2025-10-30,,HAUTE,EN_COURS
3988,OF202503988,64,181,168,0,0,2025-11-15,2025-11-25,,,NORMALE,EN_ATTENTE
3989,OF202503989,284,234,244,244,21,2025-03-12,2025-03-22,2025-03-14,2025-04-16,NORMALE,TERMINE
3990,OF202503990,111,97,358,358,19,2026-08-22,2026-08-27,2026-08-22,2026-09-25,NORMALE,TERMINE
3991,OF202503991,143,458,475,0,0,2026-05-11,2026-05-20,2026-05-14,,HAUTE,EN_COURS
3992,OF202503992,144,89,73,73,6,2026-03-17,2026-03-22,2026-03-18,2026-03-22,NORMALE,TERMINE
3993,OF202503993,73,294,370,370,32,2026-05-03,2026-05-23,2026-05-05,2026-05-12,NORMALE,TERMINE
3994,OF202503994,242,292,213,0,0,2026-11-05,2026-11-22,2026-11-06,,NORMALE,EN_COURS
3995,OF202503995,25,15,191,191,15,2025-02-06,2025-03-07,2025-02-09,2025-02-23,NORMALE,TERMINE
3996,OF202503996,54,369,385,385,20,2026-07-14,2026-07-27,2026-07-17,2026-08-04,HAUTE,TERMINE
3997,OF202503997,141,318,302,0,0,2025-08-31,2025-09-09,,,NORMALE,EN_ATTENTE
3998,OF202503998,51,300,336,0,0,2026-07-09,2026-07-22,,,NORMALE,EN_ATTENTE
3999,OF202503999,160,210,74,0,0,2025-04-12,2025-05-01,2025-04-12,,NORMALE,EN_COURS
4000,OF202504000,202,435,376,376,13,2025-09-09,2025-10-06,2025-09-12,2025-09-21,NORMALE,TERMINE
4001,OF202504001,190,399,97,0,0,2025-05-29,2025-06-20,,,NORMALE,EN_ATTENTE
4002,OF202504002,46,229,112,112,11,2025-03-05,2025-04-03,2025-03-08,2025-04-02,NORMALE,TERMINE
4003,OF202504003,264,236,271,0,0,2025-10-24,2025-11-17,,,NORMALE,EN_ATTENTE
4004,OF202504004,165,146,25,0,0,2025-01-05,2025-01-22,2025-01-07,,BASSE,EN_COURS
4005,OF202504005,173,439,240,240,20,2026-05-16,2026-06-03,2026-05-18,2026-05-24,BASSE,TERMINE
4006,OF202504006,151,453,415,415,17,2025-12-21,2026-01-20,2025-12-21,2026-01-11,NORMALE,TERMINE
4007,OF202504007,206,125,197,0,0,2025-08-16,2025-09-15,2025-08-17,,HAUTE,EN_COURS
4008,OF202504008,222,472,190,0,0,2026-04-20,2026-05-15,,,NORMALE,EN_ATTENTE
4009,OF202504009,259,27,39,39,2,2025-07-11,2025-08-09,2025-07-13,2025-07-16,HAUTE,TERMINE
4010,OF202504010,196,175,304,304,21,2026-10-19,2026-11-12,2026-10-21,2026-10-24,BASSE,TERMINE
4011,OF202504011,185,171,225,225,12,2026-06-10,2026-07-02,2026-06-13,2026-06-26,BASSE,TERMINE
4012,OF202504012,108,37,264,0,0,2025-10-05,2025-11-04,2025-10-05,,BASSE,EN_COURS
4013,OF202504013,133,95,355,0,0,2025-09-24,2025-10-03,2025-09-27,,NORMALE,EN_COURS
4014,OF202504014,267,181,308,308,33,2026-02-02,2026-02-06,2026-02-02,2026-02-07,NORMALE,TERMINE
4015,OF202504015,283,72,64,0,0,2026-02-01,2026-02-24,,,NORMALE,EN_ATTENTE
4016,OF202504016,111,97,307,307,8,2026-10-09,2026-11-01,2026-10-10,2026-10-29,NORMALE,TERMINE
4017,OF202504017,49,216,498,498,40,2026-09-18,2026-10-08,2026-09-21,2026-10-21,BASSE,TERMINE
4018,OF202504018,50,170,278,0,0,2025-03-17,2025-04-03,2025-03-19,,HAUTE,EN_COURS
4019,OF202504019,234,205,26,26,2,2026-06-17,2026-07-03,2026-06-20,2026-07-13,HAUTE,TERMINE
4020,OF202504020,65,208,410,410,29,2025-03-30,2025-04-12,2025-03-31,2025-04-25,NORMALE,TERMINE
4021,OF202504021,116,324,436,436,43,2026-02-18,2026-03-20,2026-02-21,2026-03-05,BASSE,TERMINE
4022,OF202504022,42,68,115,115,5,2025-03-27,2025-04-26,2025-03-30,2025-04-29,NORMALE,TERMINE
4023,OF202504023,126,332,416,0,0,2026-05-16,2026-06-09,2026-05-19,,HAUTE,EN_COURS
4024,OF202504024,94,422,136,136,3,2026-05-19,2026-06-04,2026-05-21,2026-05-26,NORMALE,TERMINE
4025,OF202504025,266,250,227,0,0,2026-10-04,2026-10-31,2026-10-06,,NORMALE,EN_COURS
4026,OF202504026,57,207,96,0,0,2026-04-26,2026-05-02,2026-04-28,,HAUTE,EN_COURS
4027,OF202504027,129,491,283,283,9,2025-04-06,2025-05-06,2025-04-07,2025-04-20,NORMALE,TERMINE
4028,OF202504028,171,374,16,0,0,2026-04-30,2026-05-12,2026-05-03,,NORMALE,EN_COURS
4029,OF202504029,259,27,391,0,0,2025-10-30,2025-11-15,2025-11-01,,NORMALE,EN_COURS
4030,OF202504030,156,498,443,443,42,2026-05-16,2026-05-25,2026-05-17,2026-05-24,HAUTE,TERMINE
4031,OF202504031,169,488,260,0,0,2026-04-28,2026-05-09,2026-04-28,,NORMALE,EN_COURS
4032,OF202504032,180,401,43,0,0,2025-08-01,2025-08-13,2025-08-04,,HAUTE,EN_COURS
4033,OF202504033,192,51,175,175,16,2026-03-05,2026-03-27,2026-03-08,2026-04-01,NORMALE,TERMINE
4034,OF202504034,280,445,462,462,13,2026-05-19,2026-05-24,2026-05-20,2026-06-02,NORMALE,TERMINE
4035,OF202504035,174,403,366,366,37,2026-10-18,2026-10-28,2026-10-20,2026-11-19,NORMALE,TERMINE
4036,OF202504036,14,185,469,0,0,2025-05-19,2025-06-10,2025-05-22,,NORMALE,EN_COURS
4037,OF202504037,216,451,90,0,0,2025-02-13,2025-03-01,2025-02-16,,NORMALE,EN_COURS
4038,OF202504038,26,465,119,0,0,2026-01-20,2026-02-06,2026-01-23,,NORMALE,EN_COURS
4039,OF202504039,233,442,451,0,0,2026-12-02,2026-12-22,2026-12-04,,HAUTE,EN_COURS
4040,OF202504040,104,340,400,400,10,2025-04-25,2025-05-14,2025-04-26,2025-05-22,NORMALE,TERMINE
4041,OF202504041,7,214,28,28,2,2026-09-30,2026-10-26,2026-10-01,2026-10-15,BASSE,TERMINE
4042,OF202504042,262,128,480,480,55,2026-05-13,2026-05-22,2026-05-14,2026-06-13,NORMALE,TERMINE
4043,OF202504043,28,290,213,0,0,2026-02-09,2026-02-21,,,HAUTE,EN_ATTENTE
4044,OF202504044,224,65,487,0,0,2025-10-01,2025-10-19,,,BASSE,EN_ATTENTE
4045,OF202504045,261,34,249,249,26,2026-06-23,2026-07-13,2026-06-25,2026-07-09,NORMALE,TERMINE
4046,OF202504046,252,206,53,53,5,2025-04-12,2025-04-24,2025-04-12,2025-05-01,NORMALE,TERMINE
4047,OF202504047,151,453,37,0,0,2026-01-20,2026-02-10,,,BASSE,EN_ATTENTE
4048,OF202504048,91,424,191,191,6,2025-04-09,2025-04-12,2025-04-10,2025-05-14,NORMALE,TERMINE
4049,OF202504049,253,351,287,0,0,2026-11-08,2026-11-30,2026-11-10,,BASSE,EN_COURS
4050,OF202504050,75,176,207,0,0,2025-12-05,2025-12-09,,,HAUTE,EN_ATTENTE
4051,OF202504051,117,194,143,143,5,2025-04-07,2025-04-13,2025-04-09,2025-05-06,BASSE,TERMINE
4052,OF202504052,227,352,422,0,0,2025-08-17,2025-08-26,2025-08-19,,HAUTE,EN_COURS
4053,OF202504053,92,488,233,0,0,2025-02-24,2025-03-06,2025-02-27,,NORMALE,EN_COURS
4054,OF202504054,37,249,492,492,45,2026-10-10,2026-11-03,2026-10-11,2026-11-08,NORMALE,TERMINE
4055,OF202504055,245,198,277,0,0,2026-03-11,2026-03-31,2026-03-14,,NORMALE,EN_COURS
4056,OF202504056,204,41,239,0,0,2026-02-26,2026-03-16,,,NORMALE,EN_ATTENTE
4057,OF202504057,193,85,448,0,0,2025-07-20,2025-08-02,,,NORMALE,EN_ATTENTE
4058,OF202504058,154,359,153,153,14,2025-08-21,2025-09-20,2025-08-21,2025-09-06,HAUTE,TERMINE
4059,OF202504059,263,452,295,0,0,2026-10-19,2026-11-09,2026-10-21,,BASSE,EN_COURS
4060,OF202504060,126,332,35,0,0,2025-02-02,2025-02-21,2025-02-04,,BASSE,EN_COURS
4061,OF202504061,296,118,25,0,0,2025-06-29,2025-07-10,2025-06-29,,BASSE,EN_COURS
4062,OF202504062,231,43,103,0,0,2025-09-07,2025-10-05,2025-09-10,,NORMALE,EN_COURS
4063,OF202504063,128,1,334,0,0,2025-06-02,2025-06-14,,,NORMALE,EN_ATTENTE
4064,OF202504064,33,184,420,420,43,2026-06-09,2026-06-30,2026-06-12,2026-07-11,NORMALE,TERMINE
4065,OF202504065,84,169,250,250,8,2026-09-13,2026-10-13,2026-09-15,2026-10-11,NORMALE,TERMINE
4066,OF202504066,91,424,79,0,0,2026-05-23,2026-06-03,,,HAUTE,EN_ATTENTE
4067,OF202504067,278,151,54,0,0,2026-05-07,2026-06-03,,,NORMALE,EN_ATTENTE
4068,OF202504068,173,11,300,300,10,2026-03-08,2026-03-18,2026-03-08,2026-03-20,NORMALE,TERMINE
4069,OF202504069,31,226,328,328,26,2026-03-06,2026-03-31,2026-03-08,2026-03-13,NORMALE,TERMINE
4070,OF202504070,201,474,257,257,22,2025-02-22,2025-03-10,2025-02-24,2025-03-28,NORMALE,TERMINE
4071,OF202504071,222,472,443,0,0,2025-08-08,2025-08-25,2025-08-10,,NORMALE,EN_COURS
4072,OF202504072,230,470,247,0,0,2025-05-06,2025-05-14,,,BASSE,EN_ATTENTE
4073,OF202504073,34,326,319,319,30,2025-03-30,2025-04-17,2025-04-02,2025-04-27,NORMALE,TERMINE
4074,OF202504074,1,427,97,97,3,2026-10-25,2026-11-11,2026-10-28,2026-11-23,HAUTE,TERMINE
4075,OF202504075,142,134,444,0,0,2025-10-25,2025-11-03,2025-10-25,,NORMALE,EN_COURS
4076,OF202504076,6,120,336,336,36,2025-02-10,2025-02-26,2025-02-12,2025-02-28,NORMALE,TERMINE
4077,OF202504077,175,499,347,0,0,2026-07-08,2026-07-24,2026-07-10,,NORMALE,EN_COURS
4078,OF202504078,262,174,109,109,8,2025-07-02,2025-07-05,2025-07-03,2025-07-30,NORMALE,TERMINE
4079,OF202504079,86,465,266,266,15,2026-04-28,2026-05-01,2026-04-29,2026-05-18,BASSE,TERMINE
4080,OF202504080,252,206,257,257,20,2026-01-31,2026-02-13,2026-02-01,2026-02-05,NORMALE,TERMINE
4081,OF202504081,134,461,268,0,0,2025-04-25,2025-05-05,2025-04-26,,HAUTE,EN_COURS
4082,OF202504082,77,73,19,0,0,2025-09-22,2025-09-27,2025-09-23,,NORMALE,EN_COURS
4083,OF202504083,84,341,364,0,0,2026-01-18,2026-02-13,2026-01-18,,NORMALE,EN_COURS
4084,OF202504084,293,330,388,388,11,2026-10-25,2026-11-17,2026-10-28,2026-11-06,NORMALE,TERMINE
4085,OF202504085,292,84,100,100,6,2025-05-29,2025-06-26,2025-05-31,2025-06-18,NORMALE,TERMINE
4086,OF202504086,2,496,358,0,0,2026-05-30,2026-06-03,,,HAUTE,ANNULE
4087,OF202504087,247,87,171,0,0,2026-06-23,2026-07-20,,,HAUTE,EN_ATTENTE
4088,OF202504088,271,462,345,0,0,2026-08-25,2026-09-04,2026-08-28,,NORMALE,EN_COURS
4089,OF202504089,245,198,413,413,29,2026-10-18,2026-10-28,2026-10-19,2026-10-30,NORMALE,TERMINE
4090,OF202504090,101,165,117,117,9,2026-07-19,2026-08-14,2026-07-22,2026-08-09,NORMALE,TERMINE
4091,OF202504091,272,107,239,0,0,2025-08-04,2025-08-24,2025-08-07,,HAUTE,EN_COURS
4092,OF202504092,276,173,102,102,7,2025-05-26,2025-06-05,2025-05-28,2025-06-01,NORMALE,TERMINE
4093,OF202504093,121,421,385,385,30,2026-10-09,2026-10-23,2026-10-10,2026-10-17,NORMALE,TERMINE
4094,OF202504094,268,9,482,0,0,2026-09-04,2026-09-19,2026-09-04,,NORMALE,EN_COURS
4095,OF202504095,101,69,475,475,35,2026-09-24,2026-10-20,2026-09-26,2026-09-30,HAUTE,TERMINE
4096,OF202504096,238,211,349,0,0,2026-10-09,2026-10-25,,,HAUTE,ANNULE
4097,OF202504097,95,319,235,235,22,2026-04-13,2026-05-09,2026-04-16,2026-05-13,NORMALE,TERMINE
4098,OF202504098,212,464,318,318,7,2026-05-09,2026-05-14,2026-05-09,2026-06-02,NORMALE,TERMINE
4099,OF202504099,296,253,496,0,0,2026-08-11,2026-09-01,2026-08-12,,NORMALE,EN_COURS
4100,OF202504100,112,220,153,0,0,2025-02-13,2025-03-09,2025-02-16,,NORMALE,EN_COURS
4101,OF202504101,81,304,373,0,0,2025-08-30,2025-09-09,,,HAUTE,EN_ATTENTE
4102,OF202504102,78,460,265,0,0,2025-07-12,2025-07-27,,,NORMALE,ANNULE
4103,OF202504103,180,401,320,320,18,2025-04-24,2025-05-16,2025-04-27,2025-05-23,NORMALE,TERMINE
4104,OF202504104,109,293,131,131,8,2026-01-09,2026-01-27,2026-01-10,2026-01-22,HAUTE,TERMINE
4105,OF202504105,105,322,85,85,1,2026-02-11,2026-03-07,2026-02-13,2026-02-17,NORMALE,TERMINE
4106,OF202504106,72,88,374,374,29,2025-12-30,2026-01-18,2025-12-30,2026-01-04,NORMALE,TERMINE
4107,OF202504107,262,174,368,368,36,2026-08-06,2026-08-14,2026-08-08,2026-08-31,NORMALE,TERMINE
4108,OF202504108,161,64,146,146,13,2026-09-24,2026-09-27,2026-09-26,2026-10-15,HAUTE,TERMINE
4109,OF202504109,115,185,149,149,14,2025-08-20,2025-09-18,2025-08-22,2025-09-24,NORMALE,TERMINE
4110,OF202504110,121,421,210,210,14,2025-04-13,2025-05-08,2025-04-13,2025-05-03,NORMALE,TERMINE
4111,OF202504111,294,422,86,86,9,2025-06-14,2025-06-21,2025-06-17,2025-06-28,NORMALE,TERMINE
4112,OF202504112,194,84,133,133,9,2025-08-31,2025-09-04,2025-08-31,2025-09-09,NORMALE,TERMINE
4113,OF202504113,70,191,448,448,48,2026-05-03,2026-06-01,2026-05-06,2026-06-02,NORMALE,TERMINE
4114,OF202504114,241,322,448,448,23,2026-07-05,2026-07-30,2026-07-05,2026-08-07,NORMALE,TERMINE
4115,OF202504115,130,193,342,0,0,2026-09-01,2026-09-25,2026-09-01,,NORMALE,EN_COURS
4116,OF202504116,60,385,89,89,1,2025-02-08,2025-02-26,2025-02-10,2025-03-12,BASSE,TERMINE
4117,OF202504117,13,217,326,326,23,2026-12-02,2026-12-07,2026-12-04,2026-12-18,NORMALE,TERMINE
4118,OF202504118,178,500,467,467,21,2026-11-09,2026-11-17,2026-11-10,2026-12-11,BASSE,TERMINE
4119,OF202504119,164,192,118,118,11,2025-07-05,2025-07-12,2025-07-05,2025-07-19,NORMALE,TERMINE
4120,OF202504120,275,497,328,0,0,2026-08-09,2026-08-30,2026-08-11,,HAUTE,EN_COURS
4121,OF202504121,44,490,111,111,3,2025-08-02,2025-08-06,2025-08-03,2025-08-24,NORMALE,TERMINE
4122,OF202504122,223,430,256,0,0,2025-01-14,2025-01-28,2025-01-17,,BASSE,EN_COURS
4123,OF202504123,190,381,430,0,0,2025-08-02,2025-08-18,,,NORMALE,EN_ATTENTE
4124,OF202504124,58,350,275,275,27,2026-05-12,2026-05-24,2026-05-12,2026-06-08,NORMALE,TERMINE
4125,OF202504125,58,37,22,22,1,2026-01-20,2026-02-10,2026-01-21,2026-02-20,HAUTE,TERMINE
4126,OF202504126,36,204,465,0,0,2026-06-16,2026-07-07,2026-06-19,,NORMALE,EN_COURS
4127,OF202504127,70,191,292,0,0,2025-10-21,2025-10-25,,,NORMALE,EN_ATTENTE
4128,OF202504128,185,171,174,0,0,2026-01-28,2026-02-27,,,NORMALE,EN_ATTENTE
4129,OF202504129,27,301,302,302,13,2025-04-09,2025-04-16,2025-04-12,2025-04-15,NORMALE,TERMINE
4130,OF202504130,280,445,225,225,26,2025-11-30,2025-12-11,2025-11-30,2025-12-22,NORMALE,TERMINE
4131,OF202504131,140,8,493,493,13,2026-03-15,2026-03-29,2026-03-17,2026-04-03,NORMALE,TERMINE
4132,OF202504132,96,488,36,36,2,2026-01-17,2026-01-28,2026-01-20,2026-01-31,NORMALE,TERMINE
4133,OF202504133,19,129,24,0,0,2025-02-18,2025-03-19,2025-02-20,,HAUTE,EN_COURS
4134,OF202504134,201,474,149,149,3,2026-10-04,2026-10-19,2026-10-04,2026-10-20,BASSE,TERMINE
4135,OF202504135,50,103,354,354,21,2025-08-15,2025-08-28,2025-08-15,2025-09-02,BASSE,TERMINE
4136,OF202504136,192,289,434,434,9,2026-01-04,2026-01-07,2026-01-06,2026-01-28,HAUTE,TERMINE
4137,OF202504137,262,153,229,229,23,2025-12-04,2025-12-22,2025-12-05,2026-01-04,NORMALE,TERMINE
4138,OF202504138,294,422,484,0,0,2026-09-09,2026-09-21,,,NORMALE,ANNULE
4139,OF202504139,250,282,300,0,0,2026-08-31,2026-09-04,2026-09-01,,HAUTE,EN_COURS
4140,OF202504140,167,221,407,0,0,2026-08-04,2026-08-30,,,NORMALE,EN_ATTENTE
4141,OF202504141,199,323,243,243,6,2026-03-09,2026-04-06,2026-03-11,2026-03-29,HAUTE,TERMINE
4142,OF202504142,158,103,96,0,0,2025-03-24,2025-03-30,2025-03-24,,NORMALE,EN_COURS
4143,OF202504143,298,223,400,0,0,2026-11-21,2026-11-28,,,NORMALE,EN_ATTENTE
4144,OF202504144,121,421,487,487,51,2026-07-20,2026-07-26,2026-07-21,2026-08-24,BASSE,TERMINE
4145,OF202504145,128,1,134,134,6,2025-04-11,2025-04-22,2025-04-13,2025-04-21,BASSE,TERMINE
4146,OF202504146,274,8,419,0,0,2025-07-20,2025-08-15,2025-07-21,,NORMALE,EN_COURS
4147,OF202504147,264,238,196,0,0,2026-03-03,2026-03-16,2026-03-06,,HAUTE,EN_COURS
4148,OF202504148,283,72,392,392,9,2026-11-06,2026-11-19,2026-11-06,2026-11-12,NORMALE,TERMINE
4149,OF202504149,185,298,120,120,12,2026-07-12,2026-07-18,2026-07-14,2026-08-01,NORMALE,TERMINE
4150,OF202504150,28,290,360,360,26,2026-07-11,2026-08-05,2026-07-13,2026-07-30,NORMALE,TERMINE
4151,OF202504151,287,433,327,0,0,2025-10-08,2025-10-30,,,NORMALE,EN_ATTENTE
4152,OF202504152,55,416,456,456,22,2025-04-28,2025-05-12,2025-04-28,2025-06-02,BASSE,TERMINE
4153,OF202504153,219,328,314,0,0,2025-12-16,2025-12-27,,,NORMALE,EN_ATTENTE
4154,OF202504154,57,246,437,0,0,2026-02-21,2026-03-07,,,HAUTE,EN_ATTENTE
4155,OF202504155,213,370,284,284,27,2026-07-21,2026-08-04,2026-07-23,2026-08-22,NORMALE,TERMINE
4156,OF202504156,171,374,214,214,13,2025-08-14,2025-09-01,2025-08-17,2025-09-01,NORMALE,TERMINE
4157,OF202504157,181,7,154,0,0,2025-05-16,2025-05-26,2025-05-16,,NORMALE,EN_COURS
4158,OF202504158,220,100,147,0,0,2026-06-07,2026-07-07,2026-06-09,,NORMALE,EN_COURS
4159,OF202504159,56,425,92,0,0,2026-07-16,2026-08-04,,,NORMALE,EN_ATTENTE
4160,OF202504160,120,217,491,0,0,2025-03-03,2025-03-27,2025-03-05,,NORMALE,EN_COURS
4161,OF202504161,106,148,332,0,0,2025-07-24,2025-07-29,,,NORMALE,EN_ATTENTE
4162,OF202504162,101,165,494,494,34,2026-03-31,2026-04-03,2026-04-01,2026-04-20,NORMALE,TERMINE
4163,OF202504163,244,104,435,0,0,2026-08-15,2026-09-12,2026-08-16,,NORMALE,EN_COURS
4164,OF202504164,229,406,327,327,26,2025-04-23,2025-05-11,2025-04-26,2025-04-30,NORMALE,TERMINE
4165,OF202504165,209,300,277,0,0,2026-07-14,2026-07-27,2026-07-16,,HAUTE,EN_COURS
4166,OF202504166,101,69,170,0,0,2026-11-29,2026-12-23,2026-12-02,,NORMALE,EN_COURS
4167,OF202504167,156,454,150,150,12,2025-01-29,2025-02-28,2025-02-01,2025-02-09,NORMALE,TERMINE
4168,OF202504168,78,460,218,0,0,2025-12-16,2026-01-02,,,NORMALE,EN_ATTENTE
4169,OF202504169,249,231,134,0,0,2025-10-24,2025-11-04,2025-10-25,,NORMALE,EN_COURS
4170,OF202504170,169,70,171,0,0,2025-09-24,2025-10-07,,,HAUTE,EN_ATTENTE
4171,OF202504171,161,64,74,74,2,2025-10-24,2025-10-30,2025-10-26,2025-11-27,BASSE,TERMINE
4172,OF202504172,222,472,44,0,0,2026-03-13,2026-04-12,2026-03-13,,NORMALE,EN_COURS
4173,OF202504173,232,2,204,204,10,2025-09-15,2025-10-07,2025-09-15,2025-09-29,NORMALE,TERMINE
4174,OF202504174,109,293,441,441,24,2025-07-03,2025-07-06,2025-07-03,2025-08-03,BASSE,TERMINE
4175,OF202504175,49,216,204,204,13,2025-11-02,2025-11-07,2025-11-04,2025-12-05,NORMALE,TERMINE
4176,OF202504176,97,437,148,148,6,2025-01-08,2025-02-03,2025-01-08,2025-01-19,BASSE,TERMINE
4177,OF202504177,252,206,66,0,0,2026-08-11,2026-08-25,,,HAUTE,EN_ATTENTE
4178,OF202504178,247,447,472,0,0,2025-12-20,2025-12-26,,,BASSE,EN_ATTENTE
4179,OF202504179,160,310,363,0,0,2026-10-30,2026-11-13,,,NORMALE,EN_ATTENTE
4180,OF202504180,168,287,449,449,48,2025-08-06,2025-08-21,2025-08-06,2025-09-10,NORMALE,TERMINE
4181,OF202504181,90,156,454,454,49,2026-06-14,2026-06-18,2026-06-16,2026-06-26,HAUTE,TERMINE
4182,OF202504182,266,250,281,0,0,2025-05-24,2025-06-23,2025-05-27,,NORMALE,EN_COURS
4183,OF202504183,87,287,314,314,6,2026-09-11,2026-09-15,2026-09-14,2026-10-15,HAUTE,TERMINE
4184,OF202504184,160,397,130,0,0,2025-01-23,2025-02-16,2025-01-23,,NORMALE,EN_COURS
4185,OF202504185,194,84,73,0,0,2026-11-22,2026-12-14,2026-11-22,,NORMALE,EN_COURS
4186,OF202504186,262,100,118,118,9,2025-02-24,2025-02-27,2025-02-25,2025-03-16,NORMALE,TERMINE
4187,OF202504187,194,84,243,243,16,2025-07-07,2025-07-15,2025-07-08,2025-08-06,HAUTE,TERMINE
4188,OF202504188,219,360,435,435,10,2025-08-01,2025-08-08,2025-08-04,2025-09-03,HAUTE,TERMINE
4189,OF202504189,300,114,117,0,0,2025-12-02,2025-12-31,2025-12-03,,NORMALE,EN_COURS
4190,OF202504190,85,384,197,197,22,2025-09-24,2025-10-15,2025-09-25,2025-09-30,NORMALE,TERMINE
4191,OF202504191,177,54,464,0,0,2025-07-14,2025-08-10,,,NORMALE,ANNULE
4192,OF202504192,157,67,187,0,0,2026-09-22,2026-10-13,,,NORMALE,EN_ATTENTE
4193,OF202504193,223,273,204,0,0,2025-03-05,2025-03-30,,,HAUTE,EN_ATTENTE
4194,OF202504194,14,185,15,0,0,2025-11-18,2025-11-23,2025-11-20,,NORMALE,EN_COURS
4195,OF202504195,125,31,56,56,2,2025-03-12,2025-04-03,2025-03-12,2025-04-08,NORMALE,TERMINE
4196,OF202504196,188,225,338,0,0,2025-06-10,2025-07-05,2025-06-12,,HAUTE,EN_COURS
4197,OF202504197,148,291,75,75,2,2026-07-07,2026-08-03,2026-07-08,2026-07-17,HAUTE,TERMINE
4198,OF202504198,133,141,477,0,0,2026-09-23,2026-10-02,2026-09-25,,NORMALE,EN_COURS
4199,OF202504199,294,146,299,0,0,2025-06-21,2025-06-28,2025-06-23,,BASSE,EN_COURS
4200,OF202504200,33,238,174,174,11,2025-06-30,2025-07-22,2025-07-02,2025-07-24,BASSE,TERMINE
4201,OF202504201,182,382,273,0,0,2026-06-10,2026-07-04,2026-06-12,,HAUTE,EN_COURS
4202,OF202504202,224,65,218,218,8,2026-03-10,2026-03-24,2026-03-13,2026-03-16,NORMALE,TERMINE
4203,OF202504203,2,496,135,0,0,2025-08-18,2025-09-10,2025-08-21,,NORMALE,EN_COURS
4204,OF202504204,183,149,144,144,13,2025-07-02,2025-07-07,2025-07-04,2025-07-16,NORMALE,TERMINE
4205,OF202504205,110,444,407,407,31,2025-12-06,2026-01-02,2025-12-09,2025-12-20,NORMALE,TERMINE
4206,OF202504206,270,295,112,112,3,2026-07-30,2026-08-24,2026-07-31,2026-08-15,BASSE,TERMINE
4207,OF202504207,147,335,490,0,0,2025-12-16,2026-01-10,,,BASSE,EN_ATTENTE
4208,OF202504208,128,1,42,0,0,2026-05-17,2026-05-26,2026-05-19,,HAUTE,EN_COURS
4209,OF202504209,195,344,412,412,18,2026-03-19,2026-04-08,2026-03-20,2026-04-16,HAUTE,TERMINE
4210,OF202504210,53,193,466,466,51,2025-04-18,2025-04-21,2025-04-18,2025-05-14,NORMALE,TERMINE
4211,OF202504211,20,431,101,0,0,2025-04-16,2025-05-11,2025-04-17,,HAUTE,EN_COURS
4212,OF202504212,108,158,59,0,0,2026-03-04,2026-03-26,,,HAUTE,ANNULE
4213,OF202504213,263,3,191,0,0,2025-09-23,2025-09-29,,,HAUTE,EN_ATTENTE
4214,OF202504214,135,83,128,128,15,2026-10-05,2026-10-12,2026-10-08,2026-11-02,NORMALE,TERMINE
4215,OF202504215,66,154,475,0,0,2026-05-02,2026-05-08,2026-05-04,,NORMALE,EN_COURS
4216,OF202504216,19,129,211,0,0,2026-05-16,2026-06-05,2026-05-19,,NORMALE,EN_COURS
4217,OF202504217,253,351,357,357,28,2025-05-08,2025-05-31,2025-05-10,2025-06-06,BASSE,TERMINE
4218,OF202504218,107,246,110,110,5,2025-06-29,2025-07-24,2025-07-02,2025-07-10,NORMALE,TERMINE
4219,OF202504219,138,223,108,108,2,2026-02-01,2026-03-02,2026-02-02,2026-02-08,HAUTE,TERMINE
4220,OF202504220,175,419,100,0,0,2025-07-25,2025-08-19,,,NORMALE,EN_ATTENTE
4221,OF202504221,281,58,80,0,0,2026-04-10,2026-04-30,2026-04-13,,NORMALE,EN_COURS
4222,OF202504222,224,65,103,103,2,2025-08-09,2025-08-22,2025-08-12,2025-08-23,HAUTE,TERMINE
4223,OF202504223,299,99,325,0,0,2026-07-01,2026-07-17,,,NORMALE,EN_ATTENTE
4224,OF202504224,261,34,256,256,19,2026-07-29,2026-08-14,2026-08-01,2026-09-02,NORMALE,TERMINE
4225,OF202504225,201,474,301,301,35,2026-10-24,2026-10-30,2026-10-26,2026-11-15,BASSE,TERMINE
4226,OF202504226,236,266,347,0,0,2025-03-27,2025-04-18,2025-03-27,,HAUTE,EN_COURS
4227,OF202504227,19,129,67,0,0,2026-05-22,2026-06-21,2026-05-24,,NORMALE,EN_COURS
4228,OF202504228,267,181,481,481,19,2026-04-09,2026-04-18,2026-04-11,2026-04-20,BASSE,TERMINE
4229,OF202504229,243,455,313,0,0,2026-09-12,2026-09-27,,,NORMALE,EN_ATTENTE
4230,OF202504230,210,233,488,488,13,2026-06-30,2026-07-14,2026-07-02,2026-07-11,NORMALE,TERMINE
4231,OF202504231,198,299,353,353,31,2026-02-19,2026-03-05,2026-02-19,2026-03-05,HAUTE,TERMINE
4232,OF202504232,130,453,488,488,48,2026-02-17,2026-03-15,2026-02-19,2026-03-15,NORMALE,TERMINE
4233,OF202504233,103,147,263,0,0,2025-03-09,2025-04-02,,,NORMALE,EN_ATTENTE
4234,OF202504234,24,112,405,405,24,2025-05-28,2025-06-14,2025-05-30,2025-06-20,BASSE,TERMINE
4235,OF202504235,286,315,321,321,14,2025-07-13,2025-07-26,2025-07-15,2025-07-24,NORMALE,TERMINE
4236,OF202504236,83,120,403,0,0,2025-12-08,2025-12-16,,,NORMALE,EN_ATTENTE
4237,OF202504237,52,94,487,0,0,2026-07-16,2026-08-01,2026-07-16,,BASSE,EN_COURS
4238,OF202504238,218,38,397,397,9,2026-10-02,2026-10-21,2026-10-02,2026-10-24,NORMALE,TERMINE
4239,OF202504239,140,28,378,378,12,2026-09-26,2026-10-17,2026-09-26,2026-10-11,BASSE,TERMINE
4240,OF202504240,155,47,40,0,0,2026-07-26,2026-08-09,2026-07-26,,NORMALE,EN_COURS
4241,OF202504241,41,150,149,149,6,2025-06-15,2025-07-07,2025-06-18,2025-07-19,NORMALE,TERMINE
4242,OF202504242,213,441,421,0,0,2026-02-26,2026-03-10,,,HAUTE,EN_ATTENTE
4243,OF202504243,232,13,122,0,0,2026-08-12,2026-09-07,2026-08-13,,NORMALE,EN_COURS
4244,OF202504244,147,335,213,0,0,2025-01-14,2025-02-13,2025-01-16,,BASSE,EN_COURS
4245,OF202504245,65,208,242,0,0,2025-10-17,2025-11-11,,,BASSE,EN_ATTENTE
4246,OF202504246,142,115,302,0,0,2026-02-14,2026-03-05,2026-02-16,,NORMALE,EN_COURS
4247,OF202504247,96,243,231,231,17,2026-05-31,2026-06-30,2026-06-01,2026-06-05,BASSE,TERMINE
4248,OF202504248,281,347,167,167,7,2026-01-29,2026-02-13,2026-01-29,2026-03-04,HAUTE,TERMINE
4249,OF202504249,82,420,421,421,34,2026-05-15,2026-05-18,2026-05-16,2026-05-20,HAUTE,TERMINE
4250,OF202504250,240,190,193,193,5,2025-04-14,2025-05-13,2025-04-16,2025-05-08,NORMALE,TERMINE
4251,OF202504251,241,213,235,235,9,2025-02-26,2025-03-05,2025-02-28,2025-03-31,NORMALE,TERMINE
4252,OF202504252,256,225,167,0,0,2026-10-25,2026-11-04,,,NORMALE,EN_ATTENTE
4253,OF202504253,240,409,102,102,7,2026-01-12,2026-01-21,2026-01-15,2026-01-19,NORMALE,TERMINE
4254,OF202504254,19,129,22,0,0,2025-01-08,2025-01-17,2025-01-09,,NORMALE,EN_COURS
4255,OF202504255,173,206,149,149,16,2026-04-01,2026-04-28,2026-04-03,2026-05-05,NORMALE,TERMINE
4256,OF202504256,98,251,56,0,0,2026-09-02,2026-09-18,,,HAUTE,EN_ATTENTE
4257,OF202504257,258,75,394,394,33,2025-11-05,2025-11-13,2025-11-06,2025-11-23,BASSE,TERMINE
4258,OF202504258,102,407,19,0,0,2026-08-31,2026-09-29,2026-08-31,,BASSE,EN_COURS
4259,OF202504259,106,148,48,48,2,2025-12-31,2026-01-29,2026-01-03,2026-01-25,HAUTE,TERMINE
4260,OF202504260,195,344,166,166,4,2026-03-05,2026-03-30,2026-03-06,2026-03-20,NORMALE,TERMINE
4261,OF202504261,155,305,337,0,0,2025-05-19,2025-05-28,2025-05-20,,NORMALE,EN_COURS
4262,OF202504262,167,221,174,174,14,2025-07-11,2025-08-09,2025-07-14,2025-08-09,NORMALE,TERMINE
4263,OF202504263,109,371,234,234,9,2026-04-13,2026-04-26,2026-04-14,2026-05-08,NORMALE,TERMINE
4264,OF202504264,91,424,359,359,22,2026-02-01,2026-02-13,2026-02-01,2026-03-08,NORMALE,TERMINE
4265,OF202504265,46,80,412,0,0,2026-10-19,2026-10-24,2026-10-21,,NORMALE,EN_COURS
4266,OF202504266,144,89,245,0,0,2026-05-31,2026-06-09,2026-05-31,,NORMALE,EN_COURS
4267,OF202504267,232,331,82,0,0,2026-05-25,2026-06-17,,,NORMALE,EN_ATTENTE
4268,OF202504268,11,105,139,139,7,2025-04-15,2025-05-15,2025-04-15,2025-05-11,NORMALE,TERMINE
4269,OF202504269,195,344,488,0,0,2025-11-01,2025-11-09,2025-11-04,,BASSE,EN_COURS
4270,OF202504270,79,391,494,0,0,2025-09-25,2025-10-19,2025-09-27,,BASSE,EN_COURS
4271,OF202504271,146,402,341,0,0,2026-05-08,2026-05-30,2026-05-11,,NORMALE,EN_COURS
4272,OF202504272,246,376,484,0,0,2025-07-10,2025-07-25,2025-07-13,,NORMALE,EN_COURS
4273,OF202504273,100,19,129,129,10,2025-07-31,2025-08-10,2025-08-01,2025-08-20,HAUTE,TERMINE
4274,OF202504274,288,14,10,10,1,2025-06-25,2025-07-18,2025-06-28,2025-07-21,NORMALE,TERMINE
4275,OF202504275,62,21,154,0,0,2026-10-01,2026-10-07,,,BASSE,EN_ATTENTE
4276,OF202504276,277,155,191,0,0,2026-03-09,2026-03-15,,,NORMALE,EN_ATTENTE
4277,OF202504277,213,370,308,308,7,2025-12-01,2025-12-26,2025-12-02,2025-12-18,NORMALE,TERMINE
4278,OF202504278,215,278,266,266,16,2026-04-15,2026-05-06,2026-04-17,2026-05-12,NORMALE,TERMINE
4279,OF202504279,158,419,477,0,0,2026-01-25,2026-02-09,,,HAUTE,EN_ATTENTE
4280,OF202504280,36,204,107,107,12,2025-06-11,2025-07-07,2025-06-13,2025-07-16,NORMALE,TERMINE
4281,OF202504281,271,462,417,417,10,2025-02-14,2025-03-02,2025-02-14,2025-02-25,NORMALE,TERMINE
4282,OF202504282,114,55,387,387,13,2025-03-14,2025-03-19,2025-03-15,2025-03-20,BASSE,TERMINE
4283,OF202504283,109,293,472,472,36,2025-08-28,2025-09-27,2025-08-30,2025-09-22,NORMALE,TERMINE
4284,OF202504284,170,66,330,330,11,2025-06-07,2025-06-11,2025-06-10,2025-06-16,HAUTE,TERMINE
4285,OF202504285,24,425,293,0,0,2025-06-03,2025-06-13,2025-06-04,,NORMALE,EN_COURS
4286,OF202504286,296,270,64,64,6,2025-05-03,2025-05-13,2025-05-06,2025-06-01,NORMALE,TERMINE
4287,OF202504287,125,418,249,249,14,2026-02-04,2026-02-21,2026-02-05,2026-02-16,NORMALE,TERMINE
4288,OF202504288,283,72,206,0,0,2026-02-22,2026-03-07,2026-02-22,,NORMALE,EN_COURS
4289,OF202504289,156,498,202,202,4,2025-12-13,2025-12-30,2025-12-15,2025-12-24,NORMALE,TERMINE
4290,OF202504290,207,135,43,43,3,2025-11-13,2025-12-07,2025-11-15,2025-12-13,NORMALE,TERMINE
4291,OF202504291,64,316,35,35,1,2025-06-27,2025-07-26,2025-06-27,2025-07-04,NORMALE,TERMINE
4292,OF202504292,3,122,309,0,0,2025-05-03,2025-05-15,2025-05-03,,NORMALE,EN_COURS
4293,OF202504293,297,71,334,334,36,2026-03-25,2026-04-15,2026-03-28,2026-04-06,HAUTE,TERMINE
4294,OF202504294,11,336,242,0,0,2025-10-14,2025-11-04,2025-10-16,,HAUTE,EN_COURS
4295,OF202504295,28,336,97,0,0,2026-03-28,2026-04-03,2026-03-29,,NORMALE,EN_COURS
4296,OF202504296,293,177,497,0,0,2026-10-28,2026-11-08,,,NORMALE,EN_ATTENTE
4297,OF202504297,58,428,203,203,7,2026-08-30,2026-09-08,2026-09-02,2026-09-29,HAUTE,TERMINE
4298,OF202504298,30,248,466,0,0,2026-11-02,2026-11-25,,,HAUTE,ANNULE
4299,OF202504299,220,127,110,0,0,2026-05-17,2026-05-20,,,NORMALE,EN_ATTENTE
4300,OF202504300,164,262,29,29,1,2025-09-06,2025-09-24,2025-09-09,2025-10-10,NORMALE,TERMINE
4301,OF202504301,213,441,177,177,9,2025-05-12,2025-05-26,2025-05-13,2025-06-02,HAUTE,TERMINE
4302,OF202504302,221,106,419,0,0,2025-05-02,2025-05-18,2025-05-04,,NORMALE,EN_COURS
4303,OF202504303,143,458,422,422,37,2026-05-06,2026-05-12,2026-05-07,2026-05-16,NORMALE,TERMINE
4304,OF202504304,31,226,436,436,23,2026-09-11,2026-10-04,2026-09-11,2026-10-16,BASSE,TERMINE
4305,OF202504305,175,499,198,0,0,2026-06-23,2026-06-28,,,HAUTE,EN_ATTENTE
4306,OF202504306,62,21,77,0,0,2025-07-15,2025-08-11,,,NORMALE,EN_ATTENTE
4307,OF202504307,190,135,313,313,24,2026-02-11,2026-03-02,2026-02-12,2026-03-04,NORMALE,TERMINE
4308,OF202504308,50,170,444,0,0,2025-05-24,2025-06-18,,,NORMALE,ANNULE
4309,OF202504309,125,418,214,214,5,2026-05-23,2026-06-21,2026-05-26,2026-06-09,NORMALE,TERMINE
4310,OF202504310,232,2,247,0,0,2026-06-26,2026-07-19,2026-06-28,,NORMALE,EN_COURS
4311,OF202504311,240,409,447,0,0,2026-09-23,2026-10-02,,,NORMALE,ANNULE
4312,OF202504312,273,203,237,0,0,2025-02-16,2025-03-02,2025-02-16,,NORMALE,EN_COURS
4313,OF202504313,7,214,331,331,12,2026-07-23,2026-07-26,2026-07-24,2026-08-13,BASSE,TERMINE
4314,OF202504314,49,216,162,0,0,2026-06-08,2026-06-16,,,HAUTE,EN_ATTENTE
4315,OF202504315,160,210,129,129,7,2025-01-22,2025-02-02,2025-01-24,2025-02-05,NORMALE,TERMINE
4316,OF202504316,238,467,417,417,20,2025-12-02,2025-12-23,2025-12-05,2025-12-14,NORMALE,TERMINE
4317,OF202504317,9,102,224,224,10,2026-06-23,2026-07-19,2026-06-24,2026-07-05,NORMALE,TERMINE
4318,OF202504318,4,36,55,0,0,2026-11-14,2026-11-19,2026-11-15,,NORMALE,EN_COURS
4319,OF202504319,23,93,449,0,0,2026-02-04,2026-02-09,,,NORMALE,EN_ATTENTE
4320,OF202504320,245,198,208,0,0,2026-02-16,2026-03-08,2026-02-18,,BASSE,EN_COURS
4321,OF202504321,212,325,476,476,38,2025-05-19,2025-06-16,2025-05-19,2025-06-22,NORMALE,TERMINE
4322,OF202504322,251,232,480,480,28,2025-03-14,2025-04-02,2025-03-14,2025-04-05,NORMALE,TERMINE
4323,OF202504323,202,435,140,0,0,2025-09-20,2025-09-24,,,NORMALE,EN_ATTENTE
4324,OF202504324,168,200,168,168,4,2026-05-26,2026-06-22,2026-05-29,2026-06-05,BASSE,TERMINE
4325,OF202504325,114,55,216,216,4,2025-06-06,2025-06-09,2025-06-06,2025-06-24,NORMALE,TERMINE
4326,OF202504326,140,315,66,66,2,2026-05-04,2026-05-30,2026-05-05,2026-06-05,NORMALE,TERMINE
4327,OF202504327,15,37,209,209,21,2026-03-10,2026-04-08,2026-03-13,2026-03-22,NORMALE,TERMINE
4328,OF202504328,69,361,412,412,22,2026-07-23,2026-08-13,2026-07-24,2026-08-23,NORMALE,TERMINE
4329,OF202504329,129,491,36,36,3,2025-11-09,2025-11-27,2025-11-09,2025-12-08,NORMALE,TERMINE
4330,OF202504330,188,374,421,421,24,2025-06-12,2025-07-11,2025-06-15,2025-06-27,NORMALE,TERMINE
4331,OF202504331,178,207,61,61,3,2026-11-28,2026-12-14,2026-11-30,2026-12-15,NORMALE,TERMINE
4332,OF202504332,235,140,493,0,0,2025-04-25,2025-04-30,2025-04-25,,NORMALE,EN_COURS
4333,OF202504333,72,88,277,277,20,2026-11-04,2026-11-07,2026-11-06,2026-11-29,HAUTE,TERMINE
4334,OF202504334,291,446,261,261,29,2026-10-09,2026-10-30,2026-10-10,2026-11-08,NORMALE,TERMINE
4335,OF202504335,210,101,80,0,0,2025-12-20,2026-01-06,2025-12-23,,BASSE,EN_COURS
4336,OF202504336,41,183,443,0,0,2025-09-01,2025-09-10,,,NORMALE,EN_ATTENTE
4337,OF202504337,178,468,272,272,19,2026-10-24,2026-11-04,2026-10-24,2026-11-24,NORMALE,TERMINE
4338,OF202504338,34,326,335,335,7,2026-06-13,2026-07-09,2026-06-14,2026-07-12,NORMALE,TERMINE
4339,OF202504339,130,112,313,0,0,2026-09-10,2026-10-10,2026-09-13,,HAUTE,EN_COURS
4340,OF202504340,277,155,73,0,0,2025-01-04,2025-01-09,2025-01-05,,NORMALE,EN_COURS
4341,OF202504341,113,486,121,121,2,2025-01-10,2025-01-31,2025-01-10,2025-01-23,NORMALE,TERMINE
4342,OF202504342,127,187,186,186,20,2026-07-22,2026-08-03,2026-07-22,2026-07-30,BASSE,TERMINE
4343,OF202504343,22,218,85,85,7,2025-12-27,2026-01-13,2025-12-30,2026-01-02,NORMALE,TERMINE
4344,OF202504344,24,328,359,0,0,2026-04-18,2026-05-14,2026-04-18,,HAUTE,EN_COURS
4345,OF202504345,139,164,44,0,0,2026-09-02,2026-09-29,2026-09-02,,NORMALE,EN_COURS
4346,OF202504346,265,33,146,146,4,2026-06-28,2026-07-25,2026-06-29,2026-07-15,NORMALE,TERMINE
4347,OF202504347,213,370,498,498,13,2026-04-01,2026-04-25,2026-04-04,2026-05-04,HAUTE,TERMINE
4348,OF202504348,235,140,482,0,0,2026-11-29,2026-12-20,2026-12-01,,NORMALE,EN_COURS
4349,OF202504349,93,367,149,149,11,2026-07-08,2026-07-31,2026-07-11,2026-08-11,NORMALE,TERMINE
4350,OF202504350,46,362,80,80,5,2025-09-22,2025-10-05,2025-09-23,2025-10-22,HAUTE,TERMINE
4351,OF202504351,242,160,421,0,0,2026-04-29,2026-05-12,2026-05-01,,NORMALE,EN_COURS
4352,OF202504352,21,333,441,441,31,2026-07-02,2026-07-07,2026-07-05,2026-07-21,NORMALE,TERMINE
4353,OF202504353,189,18,67,0,0,2026-08-14,2026-08-23,,,BASSE,EN_ATTENTE
4354,OF202504354,270,448,439,0,0,2025-03-24,2025-04-05,,,BASSE,EN_ATTENTE
4355,OF202504355,87,287,329,0,0,2026-11-04,2026-12-02,,,NORMALE,EN_ATTENTE
4356,OF202504356,276,173,392,0,0,2025-06-28,2025-07-18,2025-06-28,,BASSE,EN_COURS
4357,OF202504357,160,210,253,0,0,2026-06-30,2026-07-16,2026-07-01,,HAUTE,EN_COURS
4358,OF202504358,184,321,220,220,9,2026-11-11,2026-11-19,2026-11-14,2026-12-15,HAUTE,TERMINE
4359,OF202504359,25,15,161,0,0,2025-11-14,2025-11-29,2025-11-16,,NORMALE,EN_COURS
4360,OF202504360,128,1,492,492,56,2025-02-13,2025-03-15,2025-02-15,2025-02-27,BASSE,TERMINE
4361,OF202504361,199,323,377,0,0,2026-11-13,2026-11-22,,,NORMALE,EN_ATTENTE
4362,OF202504362,30,248,327,327,21,2025-03-19,2025-04-13,2025-03-21,2025-04-05,HAUTE,TERMINE
4363,OF202504363,35,58,70,0,0,2025-04-05,2025-05-02,,,NORMALE,EN_ATTENTE
4364,OF202504364,21,333,383,383,22,2025-06-16,2025-06-29,2025-06-19,2025-07-13,NORMALE,TERMINE
4365,OF202504365,36,101,314,0,0,2025-02-04,2025-02-11,,,NORMALE,ANNULE
4366,OF202504366,270,295,450,0,0,2026-08-28,2026-09-22,2026-08-30,,NORMALE,EN_COURS
4367,OF202504367,192,51,141,0,0,2025-11-01,2025-11-12,,,HAUTE,EN_ATTENTE
4368,OF202504368,38,46,403,403,46,2026-01-27,2026-02-20,2026-01-28,2026-02-02,NORMALE,TERMINE
4369,OF202504369,192,389,200,200,7,2026-03-21,2026-03-28,2026-03-22,2026-03-26,HAUTE,TERMINE
4370,OF202504370,231,342,481,481,18,2026-07-29,2026-08-07,2026-07-29,2026-08-13,HAUTE,TERMINE
4371,OF202504371,15,67,372,372,42,2026-02-06,2026-03-03,2026-02-06,2026-03-13,NORMALE,TERMINE
4372,OF202504372,234,192,88,0,0,2025-10-13,2025-11-01,,,NORMALE,EN_ATTENTE
4373,OF202504373,99,35,482,0,0,2026-05-09,2026-05-23,2026-05-12,,NORMALE,EN_COURS
4374,OF202504374,252,206,202,202,20,2026-02-02,2026-03-04,2026-02-04,2026-02-13,NORMALE,TERMINE
4375,OF202504375,142,115,154,0,0,2025-06-09,2025-06-25,,,NORMALE,ANNULE
4376,OF202504376,288,14,253,253,13,2026-10-11,2026-10-23,2026-10-14,2026-11-10,NORMALE,TERMINE
4377,OF202504377,174,403,163,163,5,2026-01-11,2026-01-16,2026-01-12,2026-01-24,NORMALE,TERMINE
4378,OF202504378,291,446,75,0,0,2026-10-31,2026-11-22,2026-11-02,,NORMALE,EN_COURS
4379,OF202504379,47,215,276,0,0,2026-05-18,2026-05-27,2026-05-20,,HAUTE,EN_COURS
4380,OF202504380,56,363,211,211,10,2025-09-04,2025-09-15,2025-09-04,2025-09-17,NORMALE,TERMINE
4381,OF202504381,245,198,218,218,20,2025-07-21,2025-08-11,2025-07-24,2025-08-16,NORMALE,TERMINE
4382,OF202504382,10,70,446,0,0,2025-07-03,2025-07-21,,,NORMALE,EN_ATTENTE
4383,OF202504383,250,440,351,0,0,2026-07-07,2026-07-26,,,BASSE,ANNULE
4384,OF202504384,268,241,410,0,0,2025-10-17,2025-11-12,2025-10-18,,NORMALE,EN_COURS
4385,OF202504385,5,166,430,430,16,2025-11-29,2025-12-17,2025-12-01,2025-12-16,HAUTE,TERMINE
4386,OF202504386,36,487,179,0,0,2025-04-05,2025-04-25,2025-04-08,,NORMALE,EN_COURS
4387,OF202504387,163,26,42,0,0,2025-10-28,2025-11-02,2025-10-29,,HAUTE,EN_COURS
4388,OF202504388,267,181,440,440,41,2026-05-11,2026-06-02,2026-05-11,2026-06-02,NORMALE,TERMINE
4389,OF202504389,221,489,65,65,3,2026-10-17,2026-10-28,2026-10-20,2026-11-17,NORMALE,TERMINE
4390,OF202504390,28,290,387,387,23,2025-12-25,2026-01-15,2025-12-26,2026-01-18,NORMALE,TERMINE
4391,OF202504391,19,129,181,0,0,2026-01-14,2026-02-08,,,NORMALE,ANNULE
4392,OF202504392,85,76,78,0,0,2025-09-27,2025-10-12,2025-09-29,,HAUTE,EN_COURS
4393,OF202504393,172,85,317,317,20,2026-01-05,2026-01-30,2026-01-08,2026-01-27,BASSE,TERMINE
4394,OF202504394,101,165,81,0,0,2025-01-06,2025-02-04,,,NORMALE,EN_ATTENTE
4395,OF202504395,93,163,73,73,1,2025-03-26,2025-04-04,2025-03-26,2025-04-16,NORMALE,TERMINE
4396,OF202504396,74,48,36,36,4,2025-02-02,2025-02-28,2025-02-04,2025-02-21,NORMALE,TERMINE
4397,OF202504397,162,257,136,0,0,2025-10-25,2025-11-18,2025-10-26,,NORMALE,EN_COURS
4398,OF202504398,77,73,106,0,0,2025-05-11,2025-06-04,2025-05-11,,NORMALE,EN_COURS
4399,OF202504399,282,121,381,381,30,2025-09-26,2025-10-18,2025-09-27,2025-10-12,NORMALE,TERMINE
4400,OF202504400,6,283,426,0,0,2026-05-25,2026-06-03,2026-05-26,,NORMALE,EN_COURS
4401,OF202504401,296,253,397,397,12,2025-12-09,2025-12-25,2025-12-10,2025-12-29,NORMALE,TERMINE
4402,OF202504402,98,251,478,0,0,2025-11-03,2025-11-18,,,HAUTE,EN_ATTENTE
4403,OF202504403,269,313,324,0,0,2025-01-30,2025-02-21,2025-01-30,,NORMALE,EN_COURS
4404,OF202504404,195,344,162,162,16,2026-04-24,2026-05-13,2026-04-25,2026-04-30,HAUTE,TERMINE
4405,OF202504405,76,497,378,378,44,2025-12-06,2025-12-25,2025-12-09,2025-12-16,NORMALE,TERMINE
4406,OF202504406,138,409,134,0,0,2025-03-26,2025-04-02,2025-03-28,,BASSE,EN_COURS
4407,OF202504407,72,88,166,166,11,2026-08-23,2026-09-02,2026-08-23,2026-09-15,HAUTE,TERMINE
4408,OF202504408,41,150,394,0,0,2025-03-17,2025-03-30,,,HAUTE,EN_ATTENTE
4409,OF202504409,50,103,50,50,2,2025-08-04,2025-08-19,2025-08-06,2025-08-10,NORMALE,TERMINE
4410,OF202504410,56,425,127,127,9,2026-05-16,2026-05-19,2026-05-16,2026-06-14,HAUTE,TERMINE
4411,OF202504411,232,337,37,37,4,2025-02-17,2025-02-26,2025-02-18,2025-02-27,HAUTE,TERMINE
4412,OF202504412,221,106,456,456,16,2026-04-21,2026-05-10,2026-04-23,2026-05-03,NORMALE,TERMINE
4413,OF202504413,240,409,149,149,3,2026-10-14,2026-10-24,2026-10-14,2026-11-12,NORMALE,TERMINE
4414,OF202504414,107,246,487,0,0,2026-11-11,2026-12-09,2026-11-13,,NORMALE,EN_COURS
4415,OF202504415,132,306,465,465,25,2026-05-08,2026-05-18,2026-05-08,2026-06-05,NORMALE,TERMINE
4416,OF202504416,176,178,390,0,0,2025-10-12,2025-11-08,,,NORMALE,EN_ATTENTE
4417,OF202504417,175,499,86,0,0,2025-05-22,2025-06-02,,,NORMALE,ANNULE
4418,OF202504418,106,148,460,460,54,2025-03-23,2025-03-30,2025-03-25,2025-04-27,NORMALE,TERMINE
4419,OF202504419,257,271,325,325,22,2025-06-22,2025-07-17,2025-06-23,2025-06-27,HAUTE,TERMINE
4420,OF202504420,62,21,403,0,0,2025-12-04,2025-12-21,,,BASSE,EN_ATTENTE
4421,OF202504421,11,358,244,244,25,2026-05-26,2026-06-24,2026-05-27,2026-06-26,BASSE,TERMINE
4422,OF202504422,130,484,386,386,11,2026-04-26,2026-05-09,2026-04-29,2026-05-03,NORMALE,TERMINE
4423,OF202504423,57,202,222,222,7,2026-06-24,2026-07-23,2026-06-27,2026-07-05,NORMALE,TERMINE
4424,OF202504424,22,80,161,0,0,2025-11-21,2025-12-13,2025-11-24,,NORMALE,EN_COURS
4425,OF202504425,119,320,200,0,0,2026-06-10,2026-06-19,,,NORMALE,ANNULE
4426,OF202504426,51,300,448,448,40,2025-12-21,2026-01-10,2025-12-23,2026-01-11,HAUTE,TERMINE
4427,OF202504427,70,191,421,0,0,2026-04-30,2026-05-14,2026-04-30,,HAUTE,EN_COURS
4428,OF202504428,96,266,209,209,4,2025-11-10,2025-11-18,2025-11-10,2025-12-08,NORMALE,TERMINE
4429,OF202504429,121,421,274,274,17,2026-07-15,2026-07-18,2026-07-18,2026-07-27,BASSE,TERMINE
4430,OF202504430,213,441,203,203,18,2026-10-27,2026-11-18,2026-10-29,2026-11-19,NORMALE,TERMINE
4431,OF202504431,2,496,332,332,20,2025-10-01,2025-10-11,2025-10-02,2025-10-17,NORMALE,TERMINE
4432,OF202504432,97,437,465,465,52,2025-03-21,2025-04-20,2025-03-21,2025-04-23,HAUTE,TERMINE
4433,OF202504433,261,34,12,0,0,2025-02-11,2025-03-03,,,HAUTE,EN_ATTENTE
4434,OF202504434,72,88,130,0,0,2025-05-15,2025-06-10,,,HAUTE,EN_ATTENTE
4435,OF202504435,86,36,377,377,29,2026-01-03,2026-01-18,2026-01-03,2026-01-24,NORMALE,TERMINE
4436,OF202504436,16,413,238,238,6,2025-04-30,2025-05-29,2025-04-30,2025-06-01,HAUTE,TERMINE
4437,OF202504437,241,322,432,0,0,2025-12-27,2026-01-17,2025-12-27,,NORMALE,EN_COURS
4438,OF202504438,63,480,210,0,0,2026-03-05,2026-03-18,2026-03-05,,HAUTE,EN_COURS
4439,OF202504439,207,495,29,29,1,2025-07-07,2025-07-24,2025-07-08,2025-07-15,NORMALE,TERMINE
4440,OF202504440,123,446,362,0,0,2025-11-09,2025-12-09,,,HAUTE,ANNULE
4441,OF202504441,175,137,112,0,0,2025-05-10,2025-06-05,2025-05-13,,BASSE,EN_COURS
4442,OF202504442,32,485,442,442,44,2025-10-09,2025-10-14,2025-10-12,2025-11-02,NORMALE,TERMINE
4443,OF202504443,161,64,222,222,18,2026-01-23,2026-02-09,2026-01-26,2026-02-21,NORMALE,TERMINE
4444,OF202504444,131,372,152,152,3,2025-06-19,2025-07-14,2025-06-21,2025-06-24,BASSE,TERMINE
4445,OF202504445,7,214,237,0,0,2025-09-27,2025-10-06,2025-09-30,,BASSE,EN_COURS
4446,OF202504446,262,153,398,398,46,2026-05-02,2026-05-12,2026-05-03,2026-05-13,HAUTE,TERMINE
4447,OF202504447,76,175,360,360,24,2026-07-10,2026-08-04,2026-07-11,2026-07-22,BASSE,TERMINE
4448,OF202504448,85,76,130,130,7,2025-10-03,2025-10-16,2025-10-03,2025-10-11,NORMALE,TERMINE
4449,OF202504449,61,369,285,285,6,2026-03-08,2026-04-06,2026-03-11,2026-03-15,NORMALE,TERMINE
4450,OF202504450,26,20,54,0,0,2025-05-06,2025-05-25,,,NORMALE,EN_ATTENTE
4451,OF202504451,196,108,321,321,37,2025-09-02,2025-09-24,2025-09-03,2025-09-27,NORMALE,TERMINE
4452,OF202504452,155,47,311,0,0,2026-10-20,2026-11-13,2026-10-23,,HAUTE,EN_COURS
4453,OF202504453,116,324,187,0,0,2026-10-11,2026-10-25,,,BASSE,ANNULE
4454,OF202504454,270,295,199,199,10,2026-05-26,2026-06-22,2026-05-28,2026-06-14,NORMALE,TERMINE
4455,OF202504455,109,293,386,386,9,2026-07-19,2026-07-26,2026-07-20,2026-08-08,NORMALE,TERMINE
4456,OF202504456,276,173,487,0,0,2026-10-16,2026-10-29,2026-10-16,,NORMALE,EN_COURS
4457,OF202504457,54,360,135,0,0,2026-06-03,2026-06-17,2026-06-05,,NORMALE,EN_COURS
4458,OF202504458,56,425,496,0,0,2026-02-17,2026-03-15,2026-02-19,,NORMALE,EN_COURS
4459,OF202504459,166,240,424,0,0,2026-04-05,2026-04-15,,,NORMALE,EN_ATTENTE
4460,OF202504460,118,142,226,226,12,2026-01-06,2026-01-15,2026-01-09,2026-01-12,HAUTE,TERMINE
4461,OF202504461,290,345,129,0,0,2025-03-22,2025-04-14,,,NORMALE,EN_ATTENTE
4462,OF202504462,20,288,341,0,0,2026-10-26,2026-11-13,2026-10-29,,NORMALE,EN_COURS
4463,OF202504463,161,64,316,316,28,2026-09-13,2026-10-08,2026-09-13,2026-10-01,BASSE,TERMINE
4464,OF202504464,154,168,208,208,12,2025-01-11,2025-02-02,2025-01-13,2025-01-28,NORMALE,TERMINE
4465,OF202504465,52,49,105,105,3,2026-07-18,2026-08-08,2026-07-19,2026-08-19,BASSE,TERMINE
4466,OF202504466,9,102,122,0,0,2026-01-05,2026-01-25,2026-01-06,,NORMALE,EN_COURS
4467,OF202504467,12,182,363,0,0,2026-01-22,2026-01-31,2026-01-22,,BASSE,EN_COURS
4468,OF202504468,135,83,306,306,26,2025-04-07,2025-04-26,2025-04-10,2025-04-15,NORMALE,TERMINE
4469,OF202504469,164,347,138,0,0,2025-11-21,2025-12-15,2025-11-23,,NORMALE,EN_COURS
4470,OF202504470,196,175,24,24,2,2026-03-03,2026-03-31,2026-03-04,2026-03-18,HAUTE,TERMINE
4471,OF202504471,271,462,436,0,0,2025-12-25,2026-01-14,,,HAUTE,EN_ATTENTE
4472,OF202504472,31,226,498,0,0,2025-09-09,2025-09-20,2025-09-11,,NORMALE,EN_COURS
4473,OF202504473,50,103,129,129,3,2025-10-25,2025-11-14,2025-10-26,2025-11-28,NORMALE,TERMINE
4474,OF202504474,96,237,241,241,5,2026-03-30,2026-04-18,2026-03-31,2026-04-13,HAUTE,TERMINE
4475,OF202504475,299,431,491,491,42,2026-05-29,2026-06-03,2026-05-29,2026-06-15,HAUTE,TERMINE
4476,OF202504476,45,356,13,13,0,2025-08-20,2025-09-01,2025-08-20,2025-08-30,HAUTE,TERMINE
4477,OF202504477,252,206,173,173,11,2026-04-11,2026-05-08,2026-04-13,2026-04-19,NORMALE,TERMINE
4478,OF202504478,34,326,415,415,42,2025-03-05,2025-03-08,2025-03-05,2025-04-07,HAUTE,TERMINE
4479,OF202504479,117,194,336,0,0,2025-06-22,2025-07-18,,,NORMALE,EN_ATTENTE
4480,OF202504480,61,119,140,140,14,2025-01-09,2025-01-14,2025-01-09,2025-02-06,NORMALE,TERMINE
4481,OF202504481,127,187,295,0,0,2025-03-21,2025-04-11,,,NORMALE,EN_ATTENTE
4482,OF202504482,77,492,146,146,9,2025-10-23,2025-11-02,2025-10-26,2025-11-19,BASSE,TERMINE
4483,OF202504483,148,364,480,0,0,2025-11-14,2025-11-30,2025-11-14,,NORMALE,EN_COURS
4484,OF202504484,192,389,110,110,10,2025-07-31,2025-08-15,2025-08-02,2025-08-24,NORMALE,TERMINE
4485,OF202504485,159,347,332,332,21,2026-08-28,2026-09-03,2026-08-30,2026-09-18,BASSE,TERMINE
4486,OF202504486,61,399,395,0,0,2025-01-16,2025-02-15,2025-01-17,,NORMALE,EN_COURS
4487,OF202504487,115,282,202,202,13,2025-12-22,2026-01-07,2025-12-22,2026-01-14,NORMALE,TERMINE
4488,OF202504488,298,223,203,203,18,2026-02-17,2026-03-05,2026-02-17,2026-03-06,HAUTE,TERMINE
4489,OF202504489,294,422,244,244,25,2026-04-09,2026-05-03,2026-04-09,2026-05-05,NORMALE,TERMINE
4490,OF202504490,218,38,415,0,0,2025-10-31,2025-11-20,2025-11-03,,BASSE,EN_COURS
4491,OF202504491,191,162,317,317,13,2026-04-21,2026-05-09,2026-04-24,2026-05-11,BASSE,TERMINE
4492,OF202504492,260,136,27,0,0,2026-02-26,2026-03-17,,,NORMALE,EN_ATTENTE
4493,OF202504493,69,361,253,253,11,2025-08-29,2025-09-27,2025-08-30,2025-09-21,NORMALE,TERMINE
4494,OF202504494,240,409,378,378,26,2025-06-29,2025-07-15,2025-07-02,2025-07-21,BASSE,TERMINE
4495,OF202504495,173,241,429,0,0,2026-07-12,2026-07-26,,,NORMALE,EN_ATTENTE
4496,OF202504496,134,461,194,0,0,2025-06-09,2025-06-14,,,NORMALE,EN_ATTENTE
4497,OF202504497,236,266,11,0,0,2026-10-16,2026-10-29,,,NORMALE,EN_ATTENTE
4498,OF202504498,264,429,95,95,11,2026-10-06,2026-10-25,2026-10-06,2026-10-16,NORMALE,TERMINE
4499,OF202504499,81,304,428,0,0,2026-05-27,2026-06-11,2026-05-28,,NORMALE,EN_COURS
4500,OF202504500,29,10,234,234,20,2026-09-05,2026-10-01,2026-09-05,2026-10-06,NORMALE,TERMINE
4501,OF202504501,6,224,342,0,0,2025-03-27,2025-04-10,,,NORMALE,EN_ATTENTE
4502,OF202504502,145,434,50,50,5,2026-07-31,2026-08-29,2026-08-03,2026-08-14,NORMALE,TERMINE
4503,OF202504503,233,81,156,156,5,2026-07-09,2026-08-04,2026-07-12,2026-07-29,BASSE,TERMINE
4504,OF202504504,226,288,171,0,0,2026-08-23,2026-09-07,2026-08-24,,NORMALE,EN_COURS
4505,OF202504505,132,306,380,380,23,2025-02-18,2025-03-12,2025-02-20,2025-02-26,NORMALE,TERMINE
4506,OF202504506,73,294,15,0,0,2026-06-02,2026-06-24,,,HAUTE,ANNULE
4507,OF202504507,195,329,52,52,5,2025-09-10,2025-09-17,2025-09-10,2025-09-26,NORMALE,TERMINE
4508,OF202504508,204,228,453,453,30,2026-09-27,2026-10-02,2026-09-30,2026-10-05,HAUTE,TERMINE
4509,OF202504509,4,145,303,303,30,2026-09-05,2026-09-13,2026-09-05,2026-09-25,NORMALE,TERMINE
4510,OF202504510,265,167,21,21,0,2025-06-03,2025-06-11,2025-06-03,2025-06-15,NORMALE,TERMINE
4511,OF202504511,285,314,27,27,2,2025-07-15,2025-07-27,2025-07-18,2025-07-23,HAUTE,TERMINE
4512,OF202504512,47,256,257,0,0,2025-09-20,2025-09-25,2025-09-22,,HAUTE,EN_COURS
4513,OF202504513,209,449,177,177,7,2025-03-29,2025-04-26,2025-03-30,2025-05-03,NORMALE,TERMINE
4514,OF202504514,106,148,416,0,0,2025-11-05,2025-12-01,2025-11-05,,HAUTE,EN_COURS
4515,OF202504515,179,352,363,363,25,2025-07-21,2025-08-05,2025-07-22,2025-08-02,HAUTE,TERMINE
4516,OF202504516,158,275,238,0,0,2025-10-29,2025-11-09,2025-10-30,,HAUTE,EN_COURS
4517,OF202504517,167,221,343,343,19,2025-01-02,2025-01-07,2025-01-02,2025-01-20,NORMALE,TERMINE
4518,OF202504518,204,140,343,343,34,2026-03-22,2026-04-13,2026-03-25,2026-04-23,NORMALE,TERMINE
4519,OF202504519,246,376,443,443,44,2025-08-01,2025-08-12,2025-08-01,2025-08-15,HAUTE,TERMINE
4520,OF202504520,77,492,489,489,49,2026-03-20,2026-03-31,2026-03-20,2026-04-15,NORMALE,TERMINE
4521,OF202504521,111,97,352,352,33,2025-09-29,2025-10-08,2025-10-01,2025-10-27,NORMALE,TERMINE
4522,OF202504522,267,181,490,0,0,2025-08-02,2025-08-24,,,BASSE,EN_ATTENTE
4523,OF202504523,79,438,60,60,1,2025-07-29,2025-08-05,2025-08-01,2025-08-05,NORMALE,TERMINE
4524,OF202504524,154,168,498,498,35,2025-10-14,2025-11-10,2025-10-15,2025-11-18,NORMALE,TERMINE
4525,OF202504525,242,404,60,0,0,2026-08-13,2026-09-10,,,NORMALE,EN_ATTENTE
4526,OF202504526,82,347,320,0,0,2025-04-08,2025-04-23,,,HAUTE,EN_ATTENTE
4527,OF202504527,109,293,87,87,4,2026-11-06,2026-11-16,2026-11-09,2026-11-15,NORMALE,TERMINE
4528,OF202504528,113,75,260,260,12,2025-05-03,2025-05-09,2025-05-04,2025-05-30,NORMALE,TERMINE
4529,OF202504529,294,422,390,0,0,2025-08-05,2025-08-08,,,NORMALE,EN_ATTENTE
4530,OF202504530,14,185,282,0,0,2025-04-26,2025-05-15,2025-04-27,,NORMALE,EN_COURS
4531,OF202504531,88,98,302,0,0,2025-04-02,2025-04-20,2025-04-05,,NORMALE,EN_COURS
4532,OF202504532,205,69,14,14,0,2026-05-19,2026-06-10,2026-05-19,2026-05-27,NORMALE,TERMINE
4533,OF202504533,77,73,177,0,0,2026-08-02,2026-08-08,2026-08-03,,BASSE,EN_COURS
4534,OF202504534,108,158,136,0,0,2025-12-27,2026-01-12,2025-12-28,,BASSE,EN_COURS
4535,OF202504535,279,461,169,169,7,2025-12-29,2026-01-23,2025-12-29,2026-01-27,HAUTE,TERMINE
4536,OF202504536,15,310,238,0,0,2026-11-13,2026-12-01,2026-11-13,,NORMALE,EN_COURS
4537,OF202504537,220,296,285,0,0,2025-06-27,2025-07-02,2025-06-28,,NORMALE,EN_COURS
4538,OF202504538,149,278,479,0,0,2025-04-10,2025-04-25,2025-04-11,,HAUTE,EN_COURS
4539,OF202504539,193,85,277,277,29,2026-03-18,2026-04-17,2026-03-20,2026-04-12,HAUTE,TERMINE
4540,OF202504540,225,48,121,0,0,2025-05-23,2025-05-30,,,NORMALE,EN_ATTENTE
4541,OF202504541,130,88,455,455,32,2026-07-24,2026-08-19,2026-07-25,2026-08-10,HAUTE,TERMINE
4542,OF202504542,41,150,185,0,0,2025-05-20,2025-06-08,2025-05-23,,HAUTE,EN_COURS
4543,OF202504543,278,151,152,152,4,2025-09-22,2025-10-09,2025-09-24,2025-10-19,NORMALE,TERMINE
4544,OF202504544,218,38,11,0,0,2025-12-19,2026-01-05,2025-12-21,,NORMALE,EN_COURS
4545,OF202504545,18,262,189,189,6,2025-08-11,2025-08-19,2025-08-12,2025-09-05,HAUTE,TERMINE
4546,OF202504546,154,359,152,152,17,2026-01-19,2026-01-25,2026-01-21,2026-02-03,NORMALE,TERMINE
4547,OF202504547,282,373,424,424,31,2025-09-28,2025-10-16,2025-09-29,2025-10-25,NORMALE,TERMINE
4548,OF202504548,62,21,229,229,20,2026-03-10,2026-03-18,2026-03-12,2026-04-09,HAUTE,TERMINE
4549,OF202504549,54,380,23,23,2,2025-11-04,2025-11-13,2025-11-07,2025-11-23,HAUTE,TERMINE
4550,OF202504550,133,486,253,253,29,2025-06-18,2025-06-30,2025-06-20,2025-07-11,NORMALE,TERMINE
4551,OF202504551,220,66,456,0,0,2026-11-26,2026-12-06,2026-11-26,,BASSE,EN_COURS
4552,OF202504552,166,484,36,36,1,2026-07-28,2026-08-27,2026-07-28,2026-08-18,HAUTE,TERMINE
4553,OF202504553,243,455,103,103,3,2025-06-25,2025-06-29,2025-06-26,2025-07-11,NORMALE,TERMINE
4554,OF202504554,59,91,150,150,6,2025-05-28,2025-06-06,2025-05-30,2025-06-23,NORMALE,TERMINE
4555,OF202504555,290,276,260,0,0,2026-08-18,2026-08-25,2026-08-18,,NORMALE,EN_COURS
4556,OF202504556,86,465,354,0,0,2025-06-21,2025-06-29,,,HAUTE,EN_ATTENTE
4557,OF202504557,246,376,302,302,29,2026-08-08,2026-09-06,2026-08-09,2026-08-23,NORMALE,TERMINE
4558,OF202504558,129,11,128,0,0,2025-07-02,2025-07-31,2025-07-03,,NORMALE,EN_COURS
4559,OF202504559,154,168,249,249,10,2026-04-30,2026-05-23,2026-04-30,2026-05-05,BASSE,TERMINE
4560,OF202504560,274,8,35,35,1,2026-01-24,2026-02-13,2026-01-26,2026-02-02,NORMALE,TERMINE
4561,OF202504561,7,214,355,355,40,2025-02-21,2025-03-13,2025-02-23,2025-03-01,HAUTE,TERMINE
4562,OF202504562,44,420,271,0,0,2026-03-03,2026-03-18,2026-03-03,,NORMALE,EN_COURS
4563,OF202504563,12,182,153,0,0,2025-04-23,2025-04-29,,,NORMALE,ANNULE
4564,OF202504564,227,215,41,0,0,2025-08-29,2025-09-13,2025-08-31,,NORMALE,EN_COURS
4565,OF202504565,257,387,366,366,11,2025-12-19,2026-01-10,2025-12-19,2026-01-17,NORMALE,TERMINE
4566,OF202504566,162,386,276,276,9,2025-07-28,2025-08-08,2025-07-29,2025-08-24,NORMALE,TERMINE
4567,OF202504567,289,366,348,348,18,2026-03-13,2026-04-05,2026-03-16,2026-03-20,NORMALE,TERMINE
4568,OF202504568,95,482,314,314,31,2025-11-28,2025-12-26,2025-12-01,2025-12-05,BASSE,TERMINE
4569,OF202504569,155,388,36,36,3,2025-02-15,2025-03-04,2025-02-15,2025-03-11,NORMALE,TERMINE
4570,OF202504570,25,15,427,0,0,2025-08-17,2025-08-31,2025-08-18,,NORMALE,EN_COURS
4571,OF202504571,59,91,500,0,0,2025-12-13,2026-01-09,2025-12-13,,NORMALE,EN_COURS
4572,OF202504572,191,162,288,288,29,2026-10-24,2026-11-09,2026-10-27,2026-11-05,NORMALE,TERMINE
4573,OF202504573,57,356,287,287,7,2026-04-23,2026-04-27,2026-04-26,2026-05-01,NORMALE,TERMINE
4574,OF202504574,156,454,67,67,3,2026-06-19,2026-07-16,2026-06-21,2026-07-13,BASSE,TERMINE
4575,OF202504575,59,91,353,353,14,2026-08-18,2026-08-31,2026-08-18,2026-09-07,NORMALE,TERMINE
4576,OF202504576,202,435,71,0,0,2025-10-13,2025-10-23,2025-10-13,,NORMALE,EN_COURS
4577,OF202504577,112,220,401,401,29,2025-01-01,2025-01-26,2025-01-01,2025-01-24,HAUTE,TERMINE
4578,OF202504578,60,385,294,0,0,2025-06-18,2025-06-26,,,NORMALE,EN_ATTENTE
4579,OF202504579,141,318,405,0,0,2025-09-29,2025-10-20,2025-10-01,,NORMALE,EN_COURS
4580,OF202504580,42,68,344,344,40,2026-11-11,2026-11-24,2026-11-13,2026-11-18,NORMALE,TERMINE
4581,OF202504581,58,186,306,0,0,2026-07-26,2026-08-23,2026-07-26,,NORMALE,EN_COURS
4582,OF202504582,110,146,283,0,0,2026-09-01,2026-09-10,2026-09-01,,NORMALE,EN_COURS
4583,OF202504583,146,402,459,0,0,2025-03-13,2025-03-17,,,HAUTE,EN_ATTENTE
4584,OF202504584,3,122,286,286,32,2025-04-06,2025-04-28,2025-04-07,2025-04-17,NORMALE,TERMINE
4585,OF202504585,98,251,398,0,0,2025-06-22,2025-07-07,2025-06-25,,NORMALE,EN_COURS
4586,OF202504586,148,291,131,131,7,2025-02-19,2025-03-08,2025-02-21,2025-02-24,NORMALE,TERMINE
4587,OF202504587,295,494,152,0,0,2025-01-22,2025-02-10,,,BASSE,EN_ATTENTE
4588,OF202504588,60,385,304,0,0,2025-04-18,2025-05-05,2025-04-21,,HAUTE,EN_COURS
4589,OF202504589,190,57,176,0,0,2026-09-12,2026-09-20,,,NORMALE,EN_ATTENTE
4590,OF202504590,14,185,158,0,0,2026-08-17,2026-08-28,2026-08-19,,NORMALE,EN_COURS
4591,OF202504591,183,149,196,196,21,2026-03-22,2026-04-06,2026-03-24,2026-04-04,HAUTE,TERMINE
4592,OF202504592,126,332,64,64,4,2025-06-01,2025-06-28,2025-06-04,2025-06-22,BASSE,TERMINE
4593,OF202504593,64,4,332,332,27,2026-07-26,2026-08-25,2026-07-29,2026-08-22,BASSE,TERMINE
4594,OF202504594,123,98,30,0,0,2026-10-06,2026-11-04,,,NORMALE,EN_ATTENTE
4595,OF202504595,112,220,71,71,3,2026-04-21,2026-05-17,2026-04-24,2026-04-30,NORMALE,TERMINE
4596,OF202504596,89,176,68,0,0,2025-03-28,2025-04-20,2025-03-28,,NORMALE,EN_COURS
4597,OF202504597,85,384,195,195,23,2025-04-08,2025-04-28,2025-04-08,2025-04-27,HAUTE,TERMINE
4598,OF202504598,137,473,232,0,0,2025-01-20,2025-01-24,,,NORMALE,EN_ATTENTE
4599,OF202504599,131,109,237,237,9,2026-02-26,2026-03-11,2026-03-01,2026-03-05,NORMALE,TERMINE
4600,OF202504600,132,459,418,418,33,2026-03-28,2026-04-18,2026-03-30,2026-04-04,NORMALE,TERMINE
4601,OF202504601,33,184,19,19,1,2025-03-10,2025-04-08,2025-03-12,2025-03-15,BASSE,TERMINE
4602,OF202504602,11,180,169,0,0,2026-08-09,2026-08-25,2026-08-10,,NORMALE,EN_COURS
4603,OF202504603,192,51,136,136,13,2026-07-19,2026-08-17,2026-07-22,2026-08-19,NORMALE,TERMINE
4604,OF202504604,112,220,390,390,13,2026-02-16,2026-03-06,2026-02-18,2026-03-15,NORMALE,TERMINE
4605,OF202504605,132,459,133,0,0,2025-04-17,2025-05-16,2025-04-19,,BASSE,EN_COURS
4606,OF202504606,247,447,481,481,57,2025-12-22,2026-01-19,2025-12-22,2025-12-30,HAUTE,TERMINE
4607,OF202504607,143,458,234,234,12,2026-07-18,2026-07-28,2026-07-21,2026-07-30,NORMALE,TERMINE
4608,OF202504608,216,397,301,301,29,2025-05-23,2025-05-30,2025-05-26,2025-05-31,BASSE,TERMINE
4609,OF202504609,215,223,320,0,0,2026-10-24,2026-11-03,2026-10-26,,BASSE,EN_COURS
4610,OF202504610,93,367,332,0,0,2026-04-04,2026-04-12,,,NORMALE,EN_ATTENTE
4611,OF202504611,214,184,469,0,0,2025-07-28,2025-08-04,2025-07-31,,HAUTE,EN_COURS
4612,OF202504612,51,300,490,0,0,2025-05-20,2025-06-18,2025-05-23,,NORMALE,EN_COURS
4613,OF202504613,3,111,440,440,37,2026-07-19,2026-07-26,2026-07-20,2026-07-30,BASSE,TERMINE
4614,OF202504614,68,311,479,0,0,2026-12-02,2026-12-12,,,NORMALE,EN_ATTENTE
4615,OF202504615,23,395,214,214,20,2026-04-28,2026-05-24,2026-04-30,2026-05-03,BASSE,TERMINE
4616,OF202504616,49,216,49,0,0,2025-12-15,2025-12-30,2025-12-17,,HAUTE,EN_COURS
4617,OF202504617,260,136,496,0,0,2026-07-23,2026-08-09,2026-07-25,,NORMALE,EN_COURS
4618,OF202504618,99,35,488,488,37,2025-08-31,2025-09-10,2025-09-03,2025-09-14,NORMALE,TERMINE
4619,OF202504619,57,185,488,0,0,2026-08-25,2026-09-10,2026-08-27,,NORMALE,EN_COURS
4620,OF202504620,187,237,109,109,2,2026-10-28,2026-11-19,2026-10-29,2026-11-24,NORMALE,TERMINE
4621,OF202504621,68,311,292,0,0,2026-06-10,2026-06-14,,,NORMALE,EN_ATTENTE
4622,OF202504622,239,408,52,0,0,2025-12-09,2025-12-22,,,HAUTE,EN_ATTENTE
4623,OF202504623,251,327,54,0,0,2025-05-18,2025-06-15,,,NORMALE,ANNULE
4624,OF202504624,189,18,107,0,0,2025-07-19,2025-07-31,2025-07-19,,NORMALE,EN_COURS
4625,OF202504625,40,450,471,471,26,2025-11-08,2025-11-19,2025-11-10,2025-12-03,HAUTE,TERMINE
4626,OF202504626,243,455,396,396,24,2026-01-21,2026-01-28,2026-01-23,2026-02-01,BASSE,TERMINE
4627,OF202504627,53,59,32,32,3,2025-08-22,2025-09-03,2025-08-24,2025-09-18,NORMALE,TERMINE
4628,OF202504628,138,69,184,184,21,2026-01-25,2026-02-08,2026-01-26,2026-02-05,BASSE,TERMINE
4629,OF202504629,25,15,76,0,0,2025-08-25,2025-09-11,2025-08-25,,BASSE,EN_COURS
4630,OF202504630,207,495,348,0,0,2025-07-17,2025-08-12,2025-07-19,,BASSE,EN_COURS
4631,OF202504631,44,437,330,330,17,2025-06-13,2025-06-18,2025-06-13,2025-06-20,NORMALE,TERMINE
4632,OF202504632,83,357,416,416,10,2026-09-23,2026-10-17,2026-09-24,2026-10-21,HAUTE,TERMINE
4633,OF202504633,242,292,334,334,37,2025-04-30,2025-05-26,2025-04-30,2025-05-20,HAUTE,TERMINE
4634,OF202504634,126,332,454,0,0,2025-04-28,2025-05-01,,,HAUTE,EN_ATTENTE
4635,OF202504635,135,280,105,0,0,2026-10-26,2026-10-30,,,NORMALE,EN_ATTENTE
4636,OF202504636,160,310,283,283,6,2026-02-15,2026-03-12,2026-02-17,2026-02-22,BASSE,TERMINE
4637,OF202504637,281,453,361,361,35,2026-10-11,2026-10-19,2026-10-12,2026-10-30,NORMALE,TERMINE
4638,OF202504638,272,107,387,387,38,2026-09-07,2026-09-10,2026-09-08,2026-09-22,BASSE,TERMINE
4639,OF202504639,93,348,453,0,0,2025-01-23,2025-02-10,2025-01-26,,NORMALE,EN_COURS
4640,OF202504640,224,65,171,171,13,2025-11-16,2025-11-25,2025-11-18,2025-12-21,NORMALE,TERMINE
4641,OF202504641,85,76,47,0,0,2025-06-20,2025-07-20,2025-06-22,,NORMALE,EN_COURS
4642,OF202504642,176,178,370,0,0,2026-11-28,2026-12-28,2026-11-28,,NORMALE,EN_COURS
4643,OF202504643,40,450,357,0,0,2026-04-22,2026-05-12,,,NORMALE,EN_ATTENTE
4644,OF202504644,62,21,375,0,0,2025-09-30,2025-10-24,,,NORMALE,EN_ATTENTE
4645,OF202504645,139,164,351,0,0,2025-11-06,2025-11-26,2025-11-08,,NORMALE,EN_COURS
4646,OF202504646,269,313,327,327,29,2025-11-14,2025-11-26,2025-11-16,2025-11-21,NORMALE,TERMINE
4647,OF202504647,91,424,327,327,18,2026-08-24,2026-08-29,2026-08-26,2026-09-02,NORMALE,TERMINE
4648,OF202504648,29,272,306,0,0,2025-03-29,2025-04-09,,,NORMALE,EN_ATTENTE
4649,OF202504649,120,487,412,412,47,2025-10-16,2025-11-09,2025-10-19,2025-10-24,NORMALE,TERMINE
4650,OF202504650,68,311,145,145,7,2026-01-11,2026-02-06,2026-01-12,2026-02-13,NORMALE,TERMINE
4651,OF202504651,293,177,439,439,29,2025-01-11,2025-02-09,2025-01-14,2025-02-10,NORMALE,TERMINE
4652,OF202504652,112,220,245,245,19,2026-07-30,2026-08-02,2026-07-31,2026-08-31,BASSE,TERMINE
4653,OF202504653,110,138,36,36,1,2026-05-06,2026-05-19,2026-05-07,2026-05-29,NORMALE,TERMINE
4654,OF202504654,45,130,488,488,50,2026-12-02,2026-12-23,2026-12-02,2026-12-23,HAUTE,TERMINE
4655,OF202504655,108,158,266,0,0,2025-11-07,2025-11-27,,,NORMALE,EN_ATTENTE
4656,OF202504656,165,182,270,0,0,2025-05-02,2025-05-16,,,HAUTE,EN_ATTENTE
4657,OF202504657,49,216,267,0,0,2025-12-08,2025-12-23,2025-12-11,,HAUTE,EN_COURS
4658,OF202504658,83,120,395,395,36,2026-02-07,2026-02-15,2026-02-10,2026-03-12,BASSE,TERMINE
4659,OF202504659,159,347,500,500,53,2025-11-09,2025-11-20,2025-11-11,2025-11-27,NORMALE,TERMINE
4660,OF202504660,180,401,313,313,26,2026-09-09,2026-09-26,2026-09-11,2026-09-20,BASSE,TERMINE
4661,OF202504661,36,204,134,0,0,2026-07-12,2026-07-23,2026-07-14,,NORMALE,EN_COURS
4662,OF202504662,167,269,74,0,0,2026-11-03,2026-11-10,2026-11-04,,HAUTE,EN_COURS
4663,OF202504663,38,46,75,75,5,2025-02-24,2025-03-10,2025-02-25,2025-03-02,NORMALE,TERMINE
4664,OF202504664,267,181,87,0,0,2026-11-01,2026-11-09,,,NORMALE,EN_ATTENTE
4665,OF202504665,78,209,168,0,0,2025-03-12,2025-04-09,2025-03-15,,BASSE,EN_COURS
4666,OF202504666,219,328,33,33,2,2026-11-28,2026-12-13,2026-11-29,2026-12-25,NORMALE,TERMINE
4667,OF202504667,283,72,158,0,0,2025-03-03,2025-03-27,2025-03-03,,NORMALE,EN_COURS
4668,OF202504668,4,322,259,259,22,2025-08-15,2025-08-28,2025-08-17,2025-09-07,NORMALE,TERMINE
4669,OF202504669,95,482,312,312,9,2025-01-19,2025-02-14,2025-01-19,2025-01-28,NORMALE,TERMINE
4670,OF202504670,187,237,92,92,11,2025-12-13,2025-12-23,2025-12-15,2026-01-08,HAUTE,TERMINE
4671,OF202504671,222,472,248,0,0,2025-03-05,2025-03-21,2025-03-08,,NORMALE,EN_COURS
4672,OF202504672,169,493,117,117,4,2026-10-07,2026-10-12,2026-10-09,2026-10-28,NORMALE,TERMINE
4673,OF202504673,62,21,420,420,9,2025-12-05,2026-01-01,2025-12-08,2025-12-15,NORMALE,TERMINE
4674,OF202504674,178,202,61,0,0,2026-02-11,2026-03-11,2026-02-13,,NORMALE,EN_COURS
4675,OF202504675,181,86,483,0,0,2026-09-03,2026-09-15,,,NORMALE,EN_ATTENTE
4676,OF202504676,189,18,116,0,0,2026-02-06,2026-02-10,2026-02-09,,NORMALE,EN_COURS
4677,OF202504677,82,83,410,0,0,2026-08-16,2026-09-06,,,NORMALE,ANNULE
4678,OF202504678,103,147,334,334,19,2026-07-27,2026-08-22,2026-07-30,2026-08-29,NORMALE,TERMINE
4679,OF202504679,297,71,357,0,0,2025-12-15,2026-01-11,,,NORMALE,EN_ATTENTE
4680,OF202504680,93,348,110,0,0,2025-02-02,2025-02-15,2025-02-03,,NORMALE,EN_COURS
4681,OF202504681,109,371,494,0,0,2025-04-08,2025-04-24,,,NORMALE,EN_ATTENTE
4682,OF202504682,120,351,92,92,2,2026-05-24,2026-06-04,2026-05-25,2026-06-26,NORMALE,TERMINE
4683,OF202504683,179,31,421,0,0,2025-01-05,2025-01-22,2025-01-06,,NORMALE,EN_COURS
4684,OF202504684,227,352,52,52,1,2025-02-18,2025-03-01,2025-02-20,2025-03-13,NORMALE,TERMINE
4685,OF202504685,179,416,452,452,43,2025-09-29,2025-10-07,2025-10-01,2025-10-21,NORMALE,TERMINE
4686,OF202504686,268,196,403,403,8,2025-11-11,2025-11-29,2025-11-11,2025-11-24,NORMALE,TERMINE
4687,OF202504687,263,452,398,398,35,2025-12-24,2026-01-23,2025-12-24,2026-01-08,NORMALE,TERMINE
4688,OF202504688,206,125,340,0,0,2025-07-24,2025-08-10,,,HAUTE,EN_ATTENTE
4689,OF202504689,299,99,278,278,24,2025-10-16,2025-11-09,2025-10-16,2025-10-30,NORMALE,TERMINE
4690,OF202504690,207,135,364,0,0,2026-08-19,2026-08-31,2026-08-22,,NORMALE,EN_COURS
4691,OF202504691,52,165,424,0,0,2026-08-14,2026-08-22,,,NORMALE,EN_ATTENTE
4692,OF202504692,257,163,204,0,0,2026-05-18,2026-06-16,,,BASSE,EN_ATTENTE
4693,OF202504693,234,205,408,0,0,2026-04-01,2026-04-12,,,NORMALE,EN_ATTENTE
4694,OF202504694,209,397,294,0,0,2025-12-18,2026-01-16,2025-12-21,,BASSE,EN_COURS
4695,OF202504695,106,148,213,0,0,2025-03-11,2025-04-03,,,NORMALE,EN_ATTENTE
4696,OF202504696,59,91,198,0,0,2026-08-25,2026-09-22,,,NORMALE,ANNULE
4697,OF202504697,191,162,70,0,0,2026-03-17,2026-04-05,2026-03-20,,BASSE,EN_COURS
4698,OF202504698,155,388,336,336,17,2025-09-11,2025-09-22,2025-09-12,2025-09-21,NORMALE,TERMINE
4699,OF202504699,6,69,346,346,10,2026-07-25,2026-08-13,2026-07-26,2026-08-21,HAUTE,TERMINE
4700,OF202504700,138,308,49,49,1,2025-02-24,2025-03-01,2025-02-24,2025-03-24,HAUTE,TERMINE
4701,OF202504701,42,68,368,368,24,2026-07-28,2026-08-02,2026-07-30,2026-08-23,NORMALE,TERMINE
4702,OF202504702,224,65,150,0,0,2025-05-13,2025-05-22,,,BASSE,ANNULE
4703,OF202504703,257,33,141,0,0,2025-11-26,2025-12-24,2025-11-27,,HAUTE,EN_COURS
4704,OF202504704,135,280,22,22,1,2026-05-26,2026-05-30,2026-05-27,2026-06-14,NORMALE,TERMINE
4705,OF202504705,186,241,365,0,0,2025-10-23,2025-10-31,2025-10-25,,HAUTE,EN_COURS
4706,OF202504706,141,318,41,41,2,2025-06-26,2025-07-11,2025-06-26,2025-07-21,NORMALE,TERMINE
4707,OF202504707,150,456,77,77,5,2025-01-02,2025-01-20,2025-01-03,2025-01-25,NORMALE,TERMINE
4708,OF202504708,68,311,277,277,29,2026-10-26,2026-11-12,2026-10-26,2026-11-16,NORMALE,TERMINE
4709,OF202504709,124,114,385,385,24,2025-10-11,2025-10-25,2025-10-12,2025-11-03,NORMALE,TERMINE
4710,OF202504710,185,171,344,344,24,2025-01-21,2025-02-15,2025-01-22,2025-02-25,NORMALE,TERMINE
4711,OF202504711,165,210,33,33,0,2025-05-22,2025-06-11,2025-05-24,2025-06-04,NORMALE,TERMINE
4712,OF202504712,79,438,77,77,8,2026-11-06,2026-11-21,2026-11-08,2026-11-30,NORMALE,TERMINE
4713,OF202504713,56,425,38,38,1,2025-09-28,2025-10-10,2025-10-01,2025-10-13,NORMALE,TERMINE
4714,OF202504714,121,421,467,467,51,2026-10-16,2026-10-19,2026-10-19,2026-10-21,HAUTE,TERMINE
4715,OF202504715,67,242,500,500,41,2026-12-01,2026-12-04,2026-12-01,2026-12-27,HAUTE,TERMINE
4716,OF202504716,242,404,384,0,0,2026-07-20,2026-07-27,,,NORMALE,EN_ATTENTE
4717,OF202504717,138,227,12,0,0,2026-09-17,2026-09-24,2026-09-18,,NORMALE,EN_COURS
4718,OF202504718,93,163,62,0,0,2026-02-13,2026-03-07,,,NORMALE,EN_ATTENTE
4719,OF202504719,11,112,284,284,31,2025-08-11,2025-09-07,2025-08-12,2025-09-07,NORMALE,TERMINE
4720,OF202504720,117,194,142,142,13,2025-05-22,2025-06-02,2025-05-22,2025-06-24,NORMALE,TERMINE
4721,OF202504721,201,474,488,488,46,2026-10-22,2026-11-15,2026-10-22,2026-11-04,NORMALE,TERMINE
4722,OF202504722,300,338,353,353,13,2025-06-18,2025-06-27,2025-06-19,2025-06-27,NORMALE,TERMINE
4723,OF202504723,155,388,71,71,1,2026-09-09,2026-09-30,2026-09-12,2026-09-16,BASSE,TERMINE
4724,OF202504724,49,216,474,0,0,2025-04-24,2025-05-04,2025-04-25,,BASSE,EN_COURS
4725,OF202504725,229,406,101,101,8,2025-03-24,2025-04-20,2025-03-26,2025-04-09,NORMALE,TERMINE
4726,OF202504726,155,305,24,24,2,2025-02-22,2025-03-24,2025-02-24,2025-03-15,HAUTE,TERMINE
4727,OF202504727,253,351,99,99,2,2026-11-05,2026-11-18,2026-11-08,2026-11-16,HAUTE,TERMINE
4728,OF202504728,252,206,341,341,40,2025-02-23,2025-03-14,2025-02-24,2025-03-25,NORMALE,TERMINE
4729,OF202504729,138,455,394,0,0,2025-02-23,2025-03-10,2025-02-23,,NORMALE,EN_COURS
4730,OF202504730,282,121,259,0,0,2025-09-07,2025-09-23,,,BASSE,EN_ATTENTE
4731,OF202504731,196,175,192,192,13,2026-08-19,2026-09-07,2026-08-22,2026-09-21,BASSE,TERMINE
4732,OF202504732,48,479,249,249,29,2025-08-28,2025-09-07,2025-08-29,2025-09-12,NORMALE,TERMINE
4733,OF202504733,257,116,29,29,2,2025-07-08,2025-07-18,2025-07-10,2025-08-07,BASSE,TERMINE
4734,OF202504734,168,234,435,435,35,2026-04-15,2026-04-30,2026-04-15,2026-05-20,NORMALE,TERMINE
4735,OF202504735,238,467,390,390,32,2026-11-24,2026-11-28,2026-11-27,2026-12-18,HAUTE,TERMINE
4736,OF202504736,80,224,418,418,19,2026-09-21,2026-10-05,2026-09-22,2026-10-01,BASSE,TERMINE
4737,OF202504737,69,361,240,0,0,2025-09-09,2025-09-26,2025-09-10,,HAUTE,EN_COURS
4738,OF202504738,28,290,435,435,22,2025-01-24,2025-01-29,2025-01-24,2025-02-12,NORMALE,TERMINE
4739,OF202504739,170,412,456,456,14,2025-10-29,2025-11-16,2025-10-30,2025-11-14,NORMALE,TERMINE
4740,OF202504740,215,246,143,143,13,2026-09-12,2026-10-10,2026-09-12,2026-10-12,BASSE,TERMINE
4741,OF202504741,64,377,275,0,0,2026-06-12,2026-06-16,2026-06-13,,NORMALE,EN_COURS
4742,OF202504742,10,70,304,0,0,2025-05-19,2025-05-29,,,BASSE,ANNULE
4743,OF202504743,1,427,71,71,3,2026-07-01,2026-07-19,2026-07-01,2026-07-30,NORMALE,TERMINE
4744,OF202504744,161,64,330,0,0,2025-07-18,2025-07-22,,,HAUTE,ANNULE
4745,OF202504745,118,142,115,0,0,2025-04-18,2025-05-17,2025-04-19,,NORMALE,EN_COURS
4746,OF202504746,226,288,302,0,0,2026-01-14,2026-02-11,,,BASSE,EN_ATTENTE
4747,OF202504747,15,427,273,273,22,2026-10-04,2026-11-03,2026-10-04,2026-11-02,NORMALE,TERMINE
4748,OF202504748,256,225,246,246,19,2025-08-22,2025-08-29,2025-08-23,2025-09-16,BASSE,TERMINE
4749,OF202504749,247,447,474,0,0,2026-06-19,2026-06-29,,,NORMALE,EN_ATTENTE
4750,OF202504750,295,494,58,0,0,2026-10-07,2026-10-11,2026-10-10,,BASSE,EN_COURS
4751,OF202504751,92,6,245,0,0,2026-07-30,2026-08-15,2026-07-31,,NORMALE,EN_COURS
4752,OF202504752,21,333,306,306,18,2025-03-11,2025-04-01,2025-03-13,2025-04-02,BASSE,TERMINE
4753,OF202504753,21,333,495,495,53,2026-07-05,2026-07-31,2026-07-08,2026-08-06,NORMALE,TERMINE
4754,OF202504754,132,459,71,71,2,2026-07-13,2026-07-27,2026-07-13,2026-07-19,NORMALE,TERMINE
4755,OF202504755,135,83,175,175,16,2025-12-09,2025-12-26,2025-12-10,2025-12-14,BASSE,TERMINE
4756,OF202504756,259,27,267,267,8,2025-11-05,2025-11-13,2025-11-06,2025-11-10,HAUTE,TERMINE
4757,OF202504757,244,499,258,0,0,2026-01-17,2026-01-25,,,NORMALE,ANNULE
4758,OF202504758,59,91,408,408,43,2026-11-14,2026-11-21,2026-11-15,2026-11-21,HAUTE,TERMINE
4759,OF202504759,137,179,206,0,0,2025-08-28,2025-09-17,2025-08-29,,NORMALE,EN_COURS
4760,OF202504760,214,250,308,308,20,2026-03-26,2026-04-02,2026-03-29,2026-04-14,NORMALE,TERMINE
4761,OF202504761,293,330,369,369,40,2025-11-05,2025-11-20,2025-11-07,2025-11-30,NORMALE,TERMINE
4762,OF202504762,147,335,128,128,10,2025-09-23,2025-10-18,2025-09-26,2025-10-23,NORMALE,TERMINE
4763,OF202504763,259,27,397,0,0,2026-02-15,2026-03-15,,,NORMALE,EN_ATTENTE
4764,OF202504764,82,330,264,0,0,2026-05-07,2026-06-03,,,HAUTE,EN_ATTENTE
4765,OF202504765,99,398,397,397,38,2026-09-04,2026-09-07,2026-09-04,2026-09-11,NORMALE,TERMINE
4766,OF202504766,12,182,286,286,17,2025-08-31,2025-09-06,2025-09-01,2025-09-28,NORMALE,TERMINE
4767,OF202504767,245,198,357,0,0,2025-02-18,2025-02-27,,,NORMALE,EN_ATTENTE
4768,OF202504768,94,103,55,0,0,2026-10-02,2026-10-11,2026-10-03,,NORMALE,EN_COURS
4769,OF202504769,77,73,342,342,29,2025-10-26,2025-11-25,2025-10-28,2025-11-08,BASSE,TERMINE
4770,OF202504770,180,401,494,494,39,2025-06-14,2025-07-01,2025-06-17,2025-07-11,BASSE,TERMINE
4771,OF202504771,90,156,356,0,0,2026-04-16,2026-05-15,2026-04-16,,NORMALE,EN_COURS
4772,OF202504772,234,205,295,0,0,2026-02-01,2026-02-18,,,BASSE,EN_ATTENTE
4773,OF202504773,292,415,454,454,19,2025-01-06,2025-01-30,2025-01-09,2025-01-14,NORMALE,TERMINE
4774,OF202504774,220,327,107,0,0,2026-04-09,2026-04-24,,,BASSE,ANNULE
4775,OF202504775,44,442,378,378,8,2026-09-12,2026-10-12,2026-09-13,2026-10-16,NORMALE,TERMINE
4776,OF202504776,253,351,100,100,2,2026-05-28,2026-06-02,2026-05-29,2026-07-02,NORMALE,TERMINE
4777,OF202504777,83,357,375,0,0,2026-07-23,2026-07-29,2026-07-25,,NORMALE,EN_COURS
4778,OF202504778,223,420,472,0,0,2026-02-03,2026-02-11,,,HAUTE,EN_ATTENTE
4779,OF202504779,88,98,321,321,10,2025-07-24,2025-08-02,2025-07-26,2025-08-11,NORMALE,TERMINE
4780,OF202504780,260,236,103,0,0,2026-07-09,2026-07-17,2026-07-11,,NORMALE,EN_COURS
4781,OF202504781,15,389,191,191,8,2025-05-16,2025-05-20,2025-05-16,2025-05-29,BASSE,TERMINE
4782,OF202504782,24,304,266,0,0,2026-10-28,2026-11-03,,,NORMALE,ANNULE
4783,OF202504783,79,438,347,347,14,2026-03-05,2026-03-21,2026-03-08,2026-03-26,NORMALE,TERMINE
4784,OF202504784,99,35,146,146,17,2025-02-21,2025-03-15,2025-02-22,2025-03-26,NORMALE,TERMINE
4785,OF202504785,180,401,465,0,0,2026-11-30,2026-12-20,2026-12-02,,NORMALE,EN_COURS
4786,OF202504786,272,107,375,0,0,2026-09-02,2026-09-28,2026-09-05,,NORMALE,EN_COURS
4787,OF202504787,254,304,61,61,5,2026-07-24,2026-08-05,2026-07-26,2026-07-31,BASSE,TERMINE
4788,OF202504788,2,496,189,0,0,2025-09-13,2025-10-11,,,NORMALE,ANNULE
4789,OF202504789,263,94,30,0,0,2026-01-18,2026-02-02,,,NORMALE,EN_ATTENTE
4790,OF202504790,277,155,422,422,19,2026-08-19,2026-09-18,2026-08-20,2026-09-15,NORMALE,TERMINE
4791,OF202504791,51,300,99,99,3,2026-07-16,2026-08-02,2026-07-19,2026-07-26,NORMALE,TERMINE
4792,OF202504792,174,403,174,174,14,2025-02-18,2025-02-25,2025-02-19,2025-03-05,NORMALE,TERMINE
4793,OF202504793,61,112,253,253,12,2025-06-22,2025-07-06,2025-06-24,2025-07-25,HAUTE,TERMINE
4794,OF202504794,292,436,16,0,0,2025-09-11,2025-10-05,2025-09-11,,NORMALE,EN_COURS
4795,OF202504795,232,331,410,410,17,2026-03-15,2026-04-02,2026-03-18,2026-03-24,NORMALE,TERMINE
4796,OF202504796,193,85,298,298,8,2025-01-12,2025-01-29,2025-01-14,2025-02-14,NORMALE,TERMINE
4797,OF202504797,104,312,396,396,32,2026-05-10,2026-06-01,2026-05-12,2026-05-15,HAUTE,TERMINE
4798,OF202504798,297,71,79,79,4,2025-06-23,2025-07-15,2025-06-23,2025-07-13,NORMALE,TERMINE
4799,OF202504799,273,104,334,0,0,2026-11-15,2026-12-12,2026-11-17,,HAUTE,EN_COURS
4800,OF202504800,156,498,314,0,0,2025-03-23,2025-04-14,,,NORMALE,EN_ATTENTE
4801,OF202504801,186,206,176,0,0,2026-06-20,2026-07-01,2026-06-22,,NORMALE,EN_COURS
4802,OF202504802,37,439,285,285,17,2025-08-18,2025-09-16,2025-08-20,2025-09-14,NORMALE,TERMINE
4803,OF202504803,69,361,192,192,9,2025-03-07,2025-03-12,2025-03-10,2025-04-05,NORMALE,TERMINE
4804,OF202504804,262,174,483,0,0,2026-07-08,2026-08-03,2026-07-08,,NORMALE,EN_COURS
4805,OF202504805,180,401,13,0,0,2026-11-08,2026-12-06,2026-11-10,,HAUTE,EN_COURS
4806,OF202504806,118,142,201,201,7,2026-09-13,2026-09-22,2026-09-13,2026-10-02,HAUTE,TERMINE
4807,OF202504807,34,326,177,177,19,2026-02-11,2026-02-20,2026-02-11,2026-03-12,NORMALE,TERMINE
4808,OF202504808,229,406,181,0,0,2025-02-21,2025-03-12,,,HAUTE,EN_ATTENTE
4809,OF202504809,275,497,426,0,0,2025-11-24,2025-12-03,2025-11-27,,NORMALE,EN_COURS
4810,OF202504810,245,198,335,335,9,2025-02-14,2025-03-08,2025-02-17,2025-03-01,NORMALE,TERMINE
4811,OF202504811,295,494,293,0,0,2026-04-02,2026-04-14,,,BASSE,ANNULE
4812,OF202504812,156,498,253,0,0,2026-10-18,2026-11-04,2026-10-20,,HAUTE,EN_COURS
4813,OF202504813,151,453,482,482,11,2026-11-30,2026-12-17,2026-11-30,2026-12-17,BASSE,TERMINE
4814,OF202504814,176,451,107,107,6,2025-11-16,2025-12-06,2025-11-18,2025-12-18,NORMALE,TERMINE
4815,OF202504815,119,199,167,167,9,2025-03-26,2025-03-31,2025-03-28,2025-04-13,NORMALE,TERMINE
4816,OF202504816,243,455,338,0,0,2025-12-19,2026-01-17,,,HAUTE,EN_ATTENTE
4817,OF202504817,197,343,329,0,0,2026-08-02,2026-08-22,2026-08-02,,BASSE,EN_COURS
4818,OF202504818,277,155,423,423,32,2026-08-25,2026-09-01,2026-08-25,2026-08-31,HAUTE,TERMINE
4819,OF202504819,131,372,378,0,0,2025-10-12,2025-11-06,2025-10-15,,HAUTE,EN_COURS
4820,OF202504820,21,333,168,0,0,2026-08-01,2026-08-28,,,NORMALE,ANNULE
4821,OF202504821,103,147,365,0,0,2026-07-06,2026-07-15,2026-07-07,,NORMALE,EN_COURS
4822,OF202504822,116,324,137,137,6,2026-10-29,2026-11-05,2026-10-31,2026-11-30,NORMALE,TERMINE
4823,OF202504823,167,221,332,332,37,2025-06-28,2025-07-24,2025-06-28,2025-08-02,BASSE,TERMINE
4824,OF202504824,202,277,265,265,20,2026-09-18,2026-10-05,2026-09-18,2026-09-24,NORMALE,TERMINE
4825,OF202504825,11,84,10,10,0,2025-02-10,2025-02-13,2025-02-11,2025-03-15,BASSE,TERMINE
4826,OF202504826,215,215,297,297,13,2025-01-14,2025-02-02,2025-01-17,2025-02-13,HAUTE,TERMINE
4827,OF202504827,298,223,498,0,0,2026-05-22,2026-06-16,2026-05-25,,BASSE,EN_COURS
4828,OF202504828,212,362,321,0,0,2025-10-30,2025-11-26,,,BASSE,EN_ATTENTE
4829,OF202504829,83,357,78,0,0,2026-08-11,2026-08-17,,,HAUTE,EN_ATTENTE
4830,OF202504830,186,111,309,0,0,2025-06-10,2025-06-28,2025-06-10,,NORMALE,EN_COURS
4831,OF202504831,238,423,202,202,19,2025-06-21,2025-07-03,2025-06-22,2025-07-15,BASSE,TERMINE
4832,OF202504832,98,251,352,352,31,2025-02-19,2025-03-18,2025-02-22,2025-03-24,HAUTE,TERMINE
4833,OF202504833,60,385,160,160,6,2025-11-12,2025-11-27,2025-11-12,2025-12-04,BASSE,TERMINE
4834,OF202504834,287,133,390,0,0,2025-11-28,2025-12-01,2025-12-01,,HAUTE,EN_COURS
4835,OF202504835,281,409,485,485,51,2025-05-16,2025-05-25,2025-05-17,2025-05-24,NORMALE,TERMINE
4836,OF202504836,116,443,62,62,1,2026-05-17,2026-05-29,2026-05-17,2026-06-11,NORMALE,TERMINE
4837,OF202504837,114,55,204,0,0,2025-10-14,2025-11-03,2025-10-17,,NORMALE,EN_COURS
4838,OF202504838,197,343,377,377,31,2026-04-10,2026-05-04,2026-04-11,2026-05-15,HAUTE,TERMINE
4839,OF202504839,228,390,158,0,0,2026-10-02,2026-10-31,,,NORMALE,EN_ATTENTE
4840,OF202504840,212,317,192,192,6,2026-11-03,2026-11-27,2026-11-03,2026-11-10,NORMALE,TERMINE
4841,OF202504841,291,446,376,0,0,2026-08-27,2026-09-10,2026-08-28,,NORMALE,EN_COURS
4842,OF202504842,165,105,197,197,15,2025-08-31,2025-09-03,2025-08-31,2025-09-29,NORMALE,TERMINE
4843,OF202504843,187,237,182,182,10,2026-10-01,2026-10-31,2026-10-03,2026-10-14,NORMALE,TERMINE
4844,OF202504844,291,446,486,0,0,2025-03-14,2025-03-17,2025-03-15,,HAUTE,EN_COURS
4845,OF202504845,20,343,351,351,15,2026-05-03,2026-05-06,2026-05-06,2026-05-10,NORMALE,TERMINE
4846,OF202504846,220,12,44,44,2,2025-05-25,2025-05-31,2025-05-25,2025-05-31,BASSE,TERMINE
4847,OF202504847,278,151,51,51,3,2025-02-11,2025-02-15,2025-02-13,2025-03-05,NORMALE,TERMINE
4848,OF202504848,154,271,372,0,0,2026-03-20,2026-04-14,2026-03-23,,BASSE,EN_COURS
4849,OF202504849,73,294,392,0,0,2026-10-21,2026-11-03,2026-10-23,,HAUTE,EN_COURS
4850,OF202504850,146,402,451,451,42,2026-01-27,2026-02-14,2026-01-28,2026-02-20,HAUTE,TERMINE
4851,OF202504851,111,97,248,248,21,2025-01-10,2025-02-08,2025-01-13,2025-01-23,NORMALE,TERMINE
4852,OF202504852,253,351,278,278,18,2025-07-12,2025-08-01,2025-07-14,2025-07-19,NORMALE,TERMINE
4853,OF202504853,187,63,21,0,0,2025-02-10,2025-02-22,,,NORMALE,EN_ATTENTE
4854,OF202504854,267,181,238,238,10,2026-02-05,2026-02-12,2026-02-08,2026-03-10,NORMALE,TERMINE
4855,OF202504855,88,98,245,0,0,2025-11-11,2025-11-20,2025-11-12,,NORMALE,EN_COURS
4856,OF202504856,80,224,75,75,7,2025-12-12,2025-12-16,2025-12-15,2026-01-13,HAUTE,TERMINE
4857,OF202504857,156,454,358,358,16,2025-05-21,2025-05-31,2025-05-21,2025-05-28,BASSE,TERMINE
4858,OF202504858,211,172,408,408,32,2025-01-31,2025-02-10,2025-01-31,2025-03-02,NORMALE,TERMINE
4859,OF202504859,168,399,287,0,0,2025-11-19,2025-12-14,2025-11-20,,BASSE,EN_COURS
4860,OF202504860,32,247,32,32,3,2025-05-04,2025-05-29,2025-05-04,2025-05-17,HAUTE,TERMINE
4861,OF202504861,111,97,308,0,0,2026-07-07,2026-07-11,,,NORMALE,EN_ATTENTE
4862,OF202504862,298,223,306,306,28,2026-02-23,2026-03-20,2026-02-23,2026-03-01,HAUTE,TERMINE
4863,OF202504863,247,377,210,210,7,2026-01-18,2026-01-31,2026-01-20,2026-01-27,NORMALE,TERMINE
4864,OF202504864,95,482,249,249,24,2025-12-10,2025-12-24,2025-12-13,2026-01-10,NORMALE,TERMINE
4865,OF202504865,151,453,263,0,0,2026-05-21,2026-06-03,,,NORMALE,ANNULE
4866,OF202504866,12,182,194,194,12,2025-05-14,2025-06-08,2025-05-17,2025-06-14,HAUTE,TERMINE
4867,OF202504867,144,89,98,98,7,2025-04-03,2025-04-19,2025-04-06,2025-04-09,NORMALE,TERMINE
4868,OF202504868,182,382,150,0,0,2026-09-16,2026-10-06,2026-09-19,,NORMALE,EN_COURS
4869,OF202504869,39,483,478,0,0,2025-08-16,2025-09-09,2025-08-18,,HAUTE,EN_COURS
4870,OF202504870,234,205,100,100,4,2025-09-17,2025-09-21,2025-09-19,2025-10-10,NORMALE,TERMINE
4871,OF202504871,197,343,44,0,0,2026-05-18,2026-05-31,2026-05-20,,NORMALE,EN_COURS
4872,OF202504872,105,119,162,162,4,2026-05-10,2026-05-27,2026-05-13,2026-05-21,NORMALE,TERMINE
4873,OF202504873,223,273,83,0,0,2026-04-10,2026-05-08,,,NORMALE,ANNULE
4874,OF202504874,221,284,417,0,0,2026-02-02,2026-03-04,2026-02-02,,NORMALE,EN_COURS
4875,OF202504875,177,286,135,0,0,2026-05-19,2026-06-15,2026-05-21,,HAUTE,EN_COURS
4876,OF202504876,271,462,356,356,27,2026-10-20,2026-11-01,2026-10-21,2026-11-24,NORMALE,TERMINE
4877,OF202504877,103,296,329,329,17,2025-01-22,2025-02-08,2025-01-24,2025-01-27,NORMALE,TERMINE
4878,OF202504878,41,124,405,405,28,2025-12-28,2026-01-11,2025-12-28,2026-01-03,NORMALE,TERMINE
4879,OF202504879,154,168,396,396,12,2026-09-13,2026-10-13,2026-09-16,2026-10-16,NORMALE,TERMINE
4880,OF202504880,191,162,267,0,0,2026-03-25,2026-04-23,,,HAUTE,EN_ATTENTE
4881,OF202504881,65,208,383,383,12,2025-07-10,2025-07-26,2025-07-11,2025-08-04,NORMALE,TERMINE
4882,OF202504882,208,94,40,40,4,2026-02-04,2026-02-08,2026-02-06,2026-03-01,NORMALE,TERMINE
4883,OF202504883,36,101,256,256,11,2026-03-04,2026-03-26,2026-03-04,2026-03-19,NORMALE,TERMINE
4884,OF202504884,171,374,413,413,42,2025-05-09,2025-06-04,2025-05-09,2025-06-02,BASSE,TERMINE
4885,OF202504885,153,219,364,0,0,2025-05-15,2025-06-08,,,NORMALE,EN_ATTENTE
4886,OF202504886,127,187,491,491,26,2026-05-01,2026-05-29,2026-05-02,2026-05-10,HAUTE,TERMINE
4887,OF202504887,232,331,490,490,57,2025-07-05,2025-07-15,2025-07-05,2025-08-04,HAUTE,TERMINE
4888,OF202504888,154,168,499,0,0,2025-07-29,2025-08-03,2025-08-01,,NORMALE,EN_COURS
4889,OF202504889,71,308,153,153,4,2026-02-09,2026-02-18,2026-02-09,2026-03-11,NORMALE,TERMINE
4890,OF202504890,198,299,299,299,6,2026-07-05,2026-07-23,2026-07-06,2026-07-21,NORMALE,TERMINE
4891,OF202504891,164,163,107,107,12,2025-04-22,2025-05-12,2025-04-22,2025-05-04,NORMALE,TERMINE
4892,OF202504892,77,492,500,0,0,2026-08-15,2026-09-05,2026-08-18,,NORMALE,EN_COURS
4893,OF202504893,99,398,343,343,7,2025-01-22,2025-02-04,2025-01-24,2025-02-18,NORMALE,TERMINE
4894,OF202504894,211,172,342,342,11,2026-07-24,2026-08-22,2026-07-27,2026-08-20,NORMALE,TERMINE
4895,OF202504895,139,164,107,107,12,2025-04-01,2025-04-13,2025-04-03,2025-05-04,NORMALE,TERMINE
4896,OF202504896,120,406,14,14,0,2026-04-25,2026-05-24,2026-04-26,2026-05-24,NORMALE,TERMINE
4897,OF202504897,226,334,275,275,10,2025-10-11,2025-10-24,2025-10-13,2025-10-17,NORMALE,TERMINE
4898,OF202504898,83,357,361,361,42,2025-01-06,2025-01-13,2025-01-06,2025-01-28,BASSE,TERMINE
4899,OF202504899,217,202,100,100,9,2026-04-05,2026-04-26,2026-04-06,2026-05-04,HAUTE,TERMINE
4900,OF202504900,146,402,490,490,31,2025-05-06,2025-05-31,2025-05-06,2025-05-23,NORMALE,TERMINE
4901,OF202504901,153,219,445,0,0,2026-07-25,2026-08-03,,,NORMALE,EN_ATTENTE
4902,OF202504902,8,400,112,0,0,2026-05-17,2026-05-23,2026-05-17,,NORMALE,EN_COURS
4903,OF202504903,266,250,382,0,0,2025-12-21,2026-01-01,2025-12-22,,NORMALE,EN_COURS
4904,OF202504904,118,142,362,0,0,2025-09-22,2025-10-13,,,NORMALE,ANNULE
4905,OF202504905,234,192,224,0,0,2026-06-17,2026-07-09,,,BASSE,ANNULE
4906,OF202504906,261,34,444,0,0,2025-08-15,2025-08-28,2025-08-15,,BASSE,EN_COURS
4907,OF202504907,95,319,343,343,14,2026-02-10,2026-03-05,2026-02-10,2026-02-21,NORMALE,TERMINE
4908,OF202504908,131,372,254,254,22,2025-01-10,2025-01-23,2025-01-13,2025-02-12,NORMALE,TERMINE
4909,OF202504909,252,206,52,0,0,2026-12-01,2026-12-24,,,HAUTE,EN_ATTENTE
4910,OF202504910,83,120,334,0,0,2025-06-03,2025-06-12,,,NORMALE,EN_ATTENTE
4911,OF202504911,144,89,106,0,0,2025-08-20,2025-09-13,,,BASSE,ANNULE
4912,OF202504912,280,445,200,200,5,2025-08-04,2025-08-18,2025-08-04,2025-09-03,NORMALE,TERMINE
4913,OF202504913,50,170,288,288,22,2025-07-23,2025-08-07,2025-07-26,2025-08-10,NORMALE,TERMINE
4914,OF202504914,97,437,384,384,29,2026-09-30,2026-10-12,2026-09-30,2026-10-24,NORMALE,TERMINE
4915,OF202504915,278,151,122,122,6,2026-10-21,2026-11-02,2026-10-23,2026-11-20,HAUTE,TERMINE
4916,OF202504916,165,134,264,264,13,2026-05-25,2026-06-03,2026-05-28,2026-06-26,NORMALE,TERMINE
4917,OF202504917,160,217,341,341,20,2026-07-11,2026-07-30,2026-07-14,2026-07-19,HAUTE,TERMINE
4918,OF202504918,215,215,104,0,0,2026-06-09,2026-07-07,2026-06-09,,NORMALE,EN_COURS
4919,OF202504919,42,68,204,0,0,2026-06-07,2026-06-15,2026-06-09,,NORMALE,EN_COURS
4920,OF202504920,238,423,142,0,0,2026-11-14,2026-12-05,,,NORMALE,EN_ATTENTE
4921,OF202504921,59,91,143,143,12,2025-02-02,2025-03-04,2025-02-05,2025-02-18,BASSE,TERMINE
4922,OF202504922,253,351,485,0,0,2026-03-11,2026-03-29,2026-03-13,,BASSE,EN_COURS
4923,OF202504923,9,102,61,0,0,2025-07-25,2025-08-13,2025-07-26,,NORMALE,EN_COURS
4924,OF202504924,134,461,120,120,12,2025-08-15,2025-08-27,2025-08-17,2025-09-02,NORMALE,TERMINE
4925,OF202504925,56,425,370,370,37,2025-08-07,2025-09-06,2025-08-07,2025-08-31,HAUTE,TERMINE
4926,OF202504926,154,380,228,228,21,2026-04-04,2026-04-20,2026-04-06,2026-04-30,NORMALE,TERMINE
4927,OF202504927,43,110,359,0,0,2025-08-12,2025-08-22,2025-08-14,,BASSE,EN_COURS
4928,OF202504928,133,95,306,0,0,2026-01-29,2026-02-19,2026-01-30,,NORMALE,EN_COURS
4929,OF202504929,261,34,324,0,0,2025-04-14,2025-05-12,2025-04-16,,HAUTE,EN_COURS
4930,OF202504930,115,498,183,183,4,2026-10-17,2026-11-09,2026-10-18,2026-11-10,NORMALE,TERMINE
4931,OF202504931,116,324,210,210,18,2026-11-07,2026-11-26,2026-11-10,2026-11-26,HAUTE,TERMINE
4932,OF202504932,135,280,279,279,18,2026-04-07,2026-04-16,2026-04-08,2026-04-12,NORMALE,TERMINE
4933,OF202504933,273,104,139,0,0,2025-09-15,2025-10-14,,,NORMALE,ANNULE
4934,OF202504934,59,91,492,0,0,2026-11-17,2026-11-22,2026-11-20,,NORMALE,EN_COURS
4935,OF202504935,30,126,294,0,0,2026-11-21,2026-12-08,2026-11-23,,NORMALE,EN_COURS
4936,OF202504936,11,189,43,43,4,2026-08-20,2026-09-17,2026-08-22,2026-09-16,HAUTE,TERMINE
4937,OF202504937,274,193,72,72,2,2026-05-08,2026-05-20,2026-05-09,2026-05-25,HAUTE,TERMINE
4938,OF202504938,68,311,161,161,5,2026-01-02,2026-01-07,2026-01-03,2026-02-02,NORMALE,TERMINE
4939,OF202504939,169,458,299,299,19,2026-10-21,2026-11-17,2026-10-22,2026-11-15,NORMALE,TERMINE
4940,OF202504940,287,117,241,0,0,2026-12-01,2026-12-12,,,NORMALE,EN_ATTENTE
4941,OF202504941,115,490,69,0,0,2025-02-07,2025-02-10,,,NORMALE,EN_ATTENTE
4942,OF202504942,160,217,398,0,0,2025-05-04,2025-06-03,2025-05-05,,HAUTE,EN_COURS
4943,OF202504943,278,151,304,0,0,2026-10-18,2026-11-04,2026-10-19,,NORMALE,EN_COURS
4944,OF202504944,205,417,181,181,13,2025-02-23,2025-03-14,2025-02-23,2025-02-28,HAUTE,TERMINE
4945,OF202504945,224,65,356,356,31,2025-05-13,2025-06-08,2025-05-15,2025-06-13,NORMALE,TERMINE
4946,OF202504946,10,70,435,0,0,2026-02-01,2026-02-12,2026-02-02,,NORMALE,EN_COURS
4947,OF202504947,271,462,444,0,0,2026-05-28,2026-06-08,2026-05-31,,NORMALE,EN_COURS
4948,OF202504948,204,334,419,419,49,2026-03-05,2026-03-17,2026-03-07,2026-03-12,NORMALE,TERMINE
4949,OF202504949,42,68,27,0,0,2025-12-25,2026-01-16,2025-12-26,,NORMALE,EN_COURS
4950,OF202504950,256,161,83,83,3,2025-08-20,2025-09-02,2025-08-21,2025-09-06,HAUTE,TERMINE
4951,OF202504951,108,158,498,0,0,2026-06-15,2026-07-13,,,NORMALE,EN_ATTENTE
4952,OF202504952,274,207,62,0,0,2026-03-19,2026-03-27,,,NORMALE,EN_ATTENTE
4953,OF202504953,260,236,164,164,16,2026-05-31,2026-06-18,2026-05-31,2026-06-28,NORMALE,TERMINE
4954,OF202504954,292,231,202,0,0,2026-08-11,2026-09-02,2026-08-13,,HAUTE,EN_COURS
4955,OF202504955,264,133,455,0,0,2026-10-08,2026-10-22,,,NORMALE,ANNULE
4956,OF202504956,208,388,226,0,0,2026-05-31,2026-06-13,,,NORMALE,EN_ATTENTE
4957,OF202504957,284,234,279,279,9,2026-09-10,2026-09-23,2026-09-11,2026-10-08,NORMALE,TERMINE
4958,OF202504958,231,342,31,31,0,2025-08-21,2025-09-13,2025-08-24,2025-09-24,NORMALE,TERMINE
4959,OF202504959,293,177,136,0,0,2026-07-09,2026-08-03,,,NORMALE,EN_ATTENTE
4960,OF202504960,204,64,460,460,49,2026-10-20,2026-11-17,2026-10-22,2026-10-29,NORMALE,TERMINE
4961,OF202504961,97,437,278,278,7,2025-01-09,2025-02-02,2025-01-10,2025-01-28,NORMALE,TERMINE
4962,OF202504962,38,46,20,0,0,2026-04-13,2026-04-25,2026-04-16,,BASSE,EN_COURS
4963,OF202504963,60,385,182,0,0,2025-11-06,2025-11-19,,,NORMALE,EN_ATTENTE
4964,OF202504964,194,84,207,207,15,2025-08-03,2025-08-18,2025-08-04,2025-08-30,NORMALE,TERMINE
4965,OF202504965,59,91,347,347,8,2025-05-24,2025-06-01,2025-05-25,2025-06-25,HAUTE,TERMINE
4966,OF202504966,146,402,314,0,0,2026-08-08,2026-08-28,,,NORMALE,EN_ATTENTE
4967,OF202504967,96,487,238,0,0,2026-07-31,2026-08-25,,,NORMALE,EN_ATTENTE
4968,OF202504968,111,97,57,57,5,2025-06-28,2025-07-08,2025-06-29,2025-07-13,BASSE,TERMINE
4969,OF202504969,292,437,263,263,5,2026-10-07,2026-10-25,2026-10-09,2026-10-31,NORMALE,TERMINE
4970,OF202504970,92,488,327,0,0,2025-05-13,2025-06-04,,,NORMALE,EN_ATTENTE
4971,OF202504971,80,186,17,0,0,2025-10-20,2025-11-02,,,NORMALE,EN_ATTENTE
4972,OF202504972,243,455,465,465,23,2025-11-26,2025-11-30,2025-11-29,2025-12-23,NORMALE,TERMINE
4973,OF202504973,41,124,285,0,0,2025-05-18,2025-05-27,,,NORMALE,ANNULE
4974,OF202504974,211,172,289,289,12,2025-06-01,2025-06-28,2025-06-04,2025-06-23,NORMALE,TERMINE
4975,OF202504975,123,295,360,0,0,2025-08-12,2025-08-22,,,HAUTE,EN_ATTENTE
4976,OF202504976,288,14,393,393,35,2026-04-12,2026-05-08,2026-04-13,2026-05-17,BASSE,TERMINE
4977,OF202504977,36,204,265,265,12,2026-11-21,2026-12-07,2026-11-21,2026-12-15,HAUTE,TERMINE
4978,OF202504978,187,237,173,0,0,2026-07-03,2026-07-09,,,NORMALE,EN_ATTENTE
4979,OF202504979,259,27,368,368,40,2026-09-17,2026-10-09,2026-09-19,2026-10-13,HAUTE,TERMINE
4980,OF202504980,297,71,390,0,0,2026-09-28,2026-10-16,2026-09-30,,NORMALE,EN_COURS
4981,OF202504981,268,241,31,0,0,2025-03-07,2025-04-04,2025-03-07,,NORMALE,EN_COURS
4982,OF202504982,287,433,480,480,16,2025-01-08,2025-01-26,2025-01-09,2025-01-20,NORMALE,TERMINE
4983,OF202504983,73,294,275,0,0,2025-08-31,2025-09-28,2025-08-31,,NORMALE,EN_COURS
4984,OF202504984,47,335,73,73,7,2025-01-07,2025-01-26,2025-01-08,2025-01-21,NORMALE,TERMINE
4985,OF202504985,138,136,159,0,0,2025-05-22,2025-06-02,2025-05-24,,NORMALE,EN_COURS
4986,OF202504986,48,268,253,253,19,2026-05-27,2026-05-31,2026-05-28,2026-06-07,NORMALE,TERMINE
4987,OF202504987,260,136,201,0,0,2026-03-26,2026-03-31,,,NORMALE,EN_ATTENTE
4988,OF202504988,48,144,313,0,0,2026-04-01,2026-04-28,2026-04-02,,NORMALE,EN_COURS
4989,OF202504989,123,167,392,392,21,2025-06-06,2025-07-06,2025-06-08,2025-06-15,HAUTE,TERMINE
4990,OF202504990,165,326,38,38,3,2026-01-21,2026-02-17,2026-01-22,2026-02-08,NORMALE,TERMINE
4991,OF202504991,151,453,249,249,21,2026-04-25,2026-05-23,2026-04-28,2026-05-26,BASSE,TERMINE
4992,OF202504992,277,155,228,0,0,2026-10-11,2026-10-31,,,NORMALE,EN_ATTENTE
4993,OF202504993,225,229,74,0,0,2025-01-21,2025-02-02,2025-01-22,,BASSE,EN_COURS
4994,OF202504994,253,351,55,55,1,2025-03-01,2025-03-06,2025-03-03,2025-03-08,NORMALE,TERMINE
4995,OF202504995,15,284,481,481,11,2026-08-30,2026-09-22,2026-08-31,2026-09-10,HAUTE,TERMINE
4996,OF202504996,177,54,92,0,0,2025-11-29,2025-12-05,,,NORMALE,EN_ATTENTE
4997,OF202504997,164,479,268,0,0,2026-06-11,2026-06-14,2026-06-11,,NORMALE,EN_COURS
4998,OF202504998,159,347,150,150,15,2026-03-05,2026-03-26,2026-03-05,2026-03-21,NORMALE,TERMINE
4999,OF202504999,260,236,181,181,20,2026-11-05,2026-11-10,2026-11-08,2026-12-03,NORMALE,TERMINE
5000,OF202505000,133,141,255,255,18,2025-08-04,2025-09-02,2025-08-04,2025-09-06,NORMALE,TERMINE
